#Cloudy 17.00 models results grids
# O/H: 6.9 - 9.1, log N/O: -2.0 - 0.0, log U: -4.0 - -1.5
# SED: POPSTAR, Chabrier IMF, age = 1 Myr
# Plane-parallel geometry
#
12+log(O/H)     	 log(N/O)        	 log(U)          	 OII_3727        	 NeIII_3868      	 OIII_4363       	 HeI_4471        	 HeII_4686       	 OIII_5007       	 NII_5755        	 HeI_5876        	 SIII_6312       	 NII_6584        	 HeI_6678        	 SII_6717,31     	 ArIII_7135      	 OII_7325        	 SIII_9069      	source
6.9000 -2.0000 -4.0000 0.3448 0.0107 0.0000 0.0234 0.0000 0.0103 0.0000 0.0599 0.0000 0.0053 0.0169 0.0997 0.0053 0.0077 0.0061	HII
6.9000 -2.0000 -3.7500 0.3953 0.0167 0.0000 0.0229 0.0000 0.0331 0.0000 0.0586 0.0000 0.0055 0.0165 0.0842 0.0060 0.0095 0.0088	HII
6.9000 -2.0000 -3.5000 0.4159 0.0249 0.0014 0.0224 0.0000 0.0934 0.0000 0.0573 0.0014 0.0051 0.0161 0.0682 0.0068 0.0108 0.0120	HII
6.9000 -2.0000 -3.2500 0.3796 0.0351 0.0036 0.0219 0.0000 0.2115 0.0000 0.0561 0.0020 0.0042 0.0158 0.0527 0.0077 0.0105 0.0155	HII
6.9000 -2.0000 -3.0000 0.2988 0.0469 0.0072 0.0215 0.0000 0.3747 0.0000 0.0550 0.0027 0.0031 0.0154 0.0392 0.0085 0.0087 0.0188	HII
6.9000 -2.0000 -2.7500 0.2134 0.0599 0.0120 0.0211 0.0000 0.5505 0.0000 0.0542 0.0034 0.0021 0.0151 0.0284 0.0092 0.0056 0.0214	HII
6.9000 -2.0000 -2.5000 0.1469 0.0742 0.0179 0.0208 0.0000 0.7221 0.0000 0.0534 0.0040 0.0014 0.0149 0.0205 0.0095 0.0040 0.0230	HII
6.9000 -2.0000 -2.2500 0.1018 0.0897 0.0248 0.0205 0.0000 0.8867 0.0000 0.0528 0.0044 0.0000 0.0147 0.0147 0.0094 0.0014 0.0232	HII
6.9000 -2.0000 -2.0000 0.0730 0.1060 0.0328 0.0203 0.0000 1.0458 0.0000 0.0524 0.0046 0.0000 0.0145 0.0110 0.0088 0.0010 0.0222	HII
6.9000 -2.0000 -1.7500 0.0545 0.1228 0.0417 0.0201 0.0000 1.1986 0.0000 0.0521 0.0044 0.0000 0.0144 0.0084 0.0077 0.0000 0.0201	HII
6.9000 -2.0000 -1.5000 0.0423 0.1396 0.0513 0.0199 0.0010 1.3444 0.0000 0.0517 0.0041 0.0000 0.0142 0.0068 0.0066 0.0000 0.0174	HII
7.0000 -2.0000 -4.0000 0.4312 0.0084 0.0000 0.0234 0.0000 0.0128 0.0000 0.0599 0.0000 0.0067 0.0169 0.1251 0.0066 0.0095 0.0076	HII
7.0000 -2.0000 -3.7500 0.4942 0.0131 0.0000 0.0229 0.0000 0.0413 0.0000 0.0586 0.0012 0.0069 0.0165 0.1058 0.0075 0.0117 0.0110	HII
7.0000 -2.0000 -3.5000 0.5202 0.0196 0.0017 0.0224 0.0000 0.1162 0.0000 0.0573 0.0018 0.0064 0.0161 0.0855 0.0085 0.0134 0.0151	HII
7.0000 -2.0000 -3.2500 0.4751 0.0276 0.0044 0.0219 0.0000 0.2634 0.0000 0.0562 0.0025 0.0053 0.0158 0.0661 0.0096 0.0131 0.0194	HII
7.0000 -2.0000 -3.0000 0.3741 0.0368 0.0089 0.0215 0.0000 0.4666 0.0000 0.0551 0.0034 0.0039 0.0154 0.0492 0.0106 0.0109 0.0235	HII
7.0000 -2.0000 -2.7500 0.2673 0.0470 0.0148 0.0212 0.0000 0.6850 0.0000 0.0543 0.0042 0.0026 0.0152 0.0357 0.0115 0.0081 0.0268	HII
7.0000 -2.0000 -2.5000 0.1841 0.0581 0.0220 0.0209 0.0000 0.8976 0.0000 0.0535 0.0050 0.0018 0.0149 0.0256 0.0119 0.0051 0.0288	HII
7.0000 -2.0000 -2.2500 0.1276 0.0700 0.0303 0.0206 0.0000 1.1003 0.0000 0.0530 0.0055 0.0012 0.0147 0.0186 0.0118 0.0017 0.0291	HII
7.0000 -2.0000 -2.0000 0.0913 0.0825 0.0399 0.0204 0.0000 1.2944 0.0000 0.0526 0.0056 0.0000 0.0146 0.0138 0.0109 0.0013 0.0277	HII
7.0000 -2.0000 -1.7500 0.0681 0.0952 0.0503 0.0202 0.0000 1.4793 0.0000 0.0523 0.0054 0.0000 0.0144 0.0107 0.0097 0.0000 0.0250	HII
7.0000 -2.0000 -1.5000 0.0527 0.1079 0.0616 0.0200 0.0000 1.6549 0.0000 0.0520 0.0050 0.0000 0.0143 0.0085 0.0082 0.0000 0.0217	HII
7.1000 -2.0000 -4.0000 0.5387 0.0105 0.0000 0.0234 0.0000 0.0160 0.0000 0.0599 0.0000 0.0084 0.0169 0.1569 0.0083 0.0117 0.0095	HII
7.1000 -2.0000 -3.7500 0.6176 0.0163 0.0000 0.0229 0.0000 0.0513 0.0000 0.0587 0.0014 0.0086 0.0165 0.1327 0.0094 0.0146 0.0138	HII
7.1000 -2.0000 -3.5000 0.6501 0.0244 0.0021 0.0224 0.0000 0.1446 0.0000 0.0574 0.0022 0.0081 0.0162 0.1074 0.0107 0.0167 0.0189	HII
7.1000 -2.0000 -3.2500 0.5940 0.0344 0.0054 0.0220 0.0000 0.3278 0.0000 0.0562 0.0031 0.0067 0.0158 0.0830 0.0120 0.0164 0.0243	HII
7.1000 -2.0000 -3.0000 0.4682 0.0458 0.0109 0.0216 0.0000 0.5809 0.0000 0.0552 0.0042 0.0048 0.0155 0.0618 0.0133 0.0137 0.0295	HII
7.1000 -2.0000 -2.7500 0.3348 0.0585 0.0182 0.0212 0.0000 0.8532 0.0000 0.0544 0.0053 0.0033 0.0152 0.0448 0.0144 0.0102 0.0336	HII
7.1000 -2.0000 -2.5000 0.2306 0.0723 0.0271 0.0209 0.0000 1.1180 0.0000 0.0537 0.0062 0.0022 0.0150 0.0322 0.0149 0.0073 0.0360	HII
7.1000 -2.0000 -2.2500 0.1599 0.0871 0.0374 0.0206 0.0000 1.3708 0.0000 0.0531 0.0068 0.0015 0.0148 0.0233 0.0147 0.0045 0.0364	HII
7.1000 -2.0000 -2.0000 0.1144 0.1027 0.0491 0.0204 0.0000 1.6134 0.0000 0.0527 0.0070 0.0011 0.0146 0.0173 0.0137 0.0016 0.0347	HII
7.1000 -2.0000 -1.7500 0.0853 0.1187 0.0622 0.0202 0.0000 1.8462 0.0000 0.0524 0.0068 0.0000 0.0145 0.0133 0.0121 0.0012 0.0314	HII
7.1000 -2.0000 -1.5000 0.0662 0.1347 0.0765 0.0200 0.0000 2.0697 0.0000 0.0521 0.0062 0.0000 0.0143 0.0107 0.0104 0.0000 0.0272	HII
7.2000 -2.0000 -4.0000 0.6705 0.0129 0.0000 0.0234 0.0000 0.0198 0.0000 0.0599 0.0011 0.0105 0.0169 0.1964 0.0082 0.0145 0.0119	HII
7.2000 -2.0000 -3.7500 0.7687 0.0202 0.0000 0.0229 0.0000 0.0635 0.0000 0.0587 0.0018 0.0108 0.0166 0.1661 0.0094 0.0181 0.0172	HII
7.2000 -2.0000 -3.5000 0.8092 0.0301 0.0025 0.0225 0.0000 0.1788 0.0000 0.0574 0.0027 0.0101 0.0162 0.1345 0.0106 0.0206 0.0236	HII
7.2000 -2.0000 -3.2500 0.7400 0.0425 0.0066 0.0220 0.0000 0.4054 0.0000 0.0563 0.0039 0.0083 0.0158 0.1039 0.0119 0.0201 0.0304	HII
7.2000 -2.0000 -3.0000 0.5837 0.0566 0.0133 0.0216 0.0000 0.7181 0.0000 0.0553 0.0052 0.0061 0.0155 0.0772 0.0132 0.0168 0.0368	HII
7.2000 -2.0000 -2.7500 0.4178 0.0721 0.0221 0.0213 0.0000 1.0539 0.0000 0.0545 0.0065 0.0042 0.0152 0.0560 0.0142 0.0127 0.0419	HII
7.2000 -2.0000 -2.5000 0.2878 0.0888 0.0327 0.0210 0.0000 1.3788 0.0000 0.0539 0.0076 0.0028 0.0150 0.0403 0.0148 0.0091 0.0450	HII
7.2000 -2.0000 -2.2500 0.1995 0.1067 0.0449 0.0207 0.0000 1.6866 0.0000 0.0534 0.0084 0.0019 0.0148 0.0291 0.0146 0.0056 0.0454	HII
7.2000 -2.0000 -2.0000 0.1426 0.1254 0.0586 0.0206 0.0000 1.9796 0.0000 0.0530 0.0086 0.0014 0.0147 0.0216 0.0136 0.0040 0.0432	HII
7.2000 -2.0000 -1.7500 0.1061 0.1443 0.0737 0.0204 0.0000 2.2586 0.0000 0.0527 0.0082 0.0010 0.0146 0.0166 0.0120 0.0015 0.0390	HII
7.2000 -2.0000 -1.5000 0.0821 0.1633 0.0901 0.0202 0.0000 2.5246 0.0000 0.0524 0.0075 0.0000 0.0144 0.0133 0.0102 0.0012 0.0337	HII
7.3000 -2.0000 -4.0000 0.8313 0.0156 0.0000 0.0234 0.0000 0.0243 0.0000 0.0598 0.0014 0.0131 0.0169 0.2450 0.0128 0.0179 0.0148	HII
7.3000 -2.0000 -3.7500 0.9526 0.0245 0.0000 0.0229 0.0000 0.0779 0.0000 0.0587 0.0022 0.0135 0.0166 0.2073 0.0147 0.0223 0.0215	HII
7.3000 -2.0000 -3.5000 1.0032 0.0368 0.0031 0.0225 0.0000 0.2194 0.0000 0.0575 0.0034 0.0127 0.0162 0.1679 0.0166 0.0254 0.0295	HII
7.3000 -2.0000 -3.2500 0.9187 0.0520 0.0079 0.0220 0.0000 0.4974 0.0000 0.0564 0.0048 0.0105 0.0159 0.1297 0.0187 0.0249 0.0379	HII
7.3000 -2.0000 -3.0000 0.7254 0.0692 0.0160 0.0217 0.0000 0.8813 0.0000 0.0555 0.0063 0.0077 0.0156 0.0964 0.0206 0.0208 0.0458	HII
7.3000 -2.0000 -2.7500 0.5197 0.0880 0.0264 0.0214 0.0000 1.2927 0.0000 0.0547 0.0079 0.0052 0.0153 0.0699 0.0223 0.0156 0.0522	HII
7.3000 -2.0000 -2.5000 0.3582 0.1083 0.0388 0.0211 0.0000 1.6877 0.0000 0.0541 0.0093 0.0035 0.0151 0.0501 0.0231 0.0113 0.0560	HII
7.3000 -2.0000 -2.2500 0.2481 0.1295 0.0530 0.0209 0.0000 2.0588 0.0000 0.0537 0.0102 0.0024 0.0149 0.0363 0.0228 0.0081 0.0565	HII
7.3000 -2.0000 -2.0000 0.1771 0.1515 0.0687 0.0207 0.0000 2.4080 0.0000 0.0533 0.0104 0.0017 0.0148 0.0268 0.0213 0.0051 0.0537	HII
7.3000 -2.0000 -1.7500 0.1315 0.1736 0.0859 0.0205 0.0000 2.7384 0.0000 0.0531 0.0100 0.0013 0.0147 0.0206 0.0188 0.0028 0.0483	HII
7.3000 -2.0000 -1.5000 0.1014 0.1956 0.1041 0.0204 0.0000 3.0507 0.0000 0.0528 0.0090 0.0000 0.0146 0.0165 0.0160 0.0014 0.0417	HII
7.4000 -2.0000 -4.0000 1.0263 0.0189 0.0000 0.0234 0.0000 0.0297 0.0000 0.0598 0.0017 0.0163 0.0169 0.3051 0.0126 0.0219 0.0184	HII
7.4000 -2.0000 -3.7500 1.1756 0.0297 0.0011 0.0229 0.0000 0.0950 0.0000 0.0587 0.0027 0.0168 0.0166 0.2584 0.0144 0.0272 0.0267	HII
7.4000 -2.0000 -3.5000 1.2384 0.0447 0.0037 0.0225 0.0000 0.2676 0.0000 0.0576 0.0041 0.0158 0.0162 0.2093 0.0164 0.0309 0.0366	HII
7.4000 -2.0000 -3.2500 1.1351 0.0632 0.0095 0.0221 0.0000 0.6067 0.0000 0.0566 0.0058 0.0131 0.0159 0.1617 0.0184 0.0304 0.0471	HII
7.4000 -2.0000 -3.0000 0.8980 0.0841 0.0189 0.0217 0.0000 1.0750 0.0000 0.0557 0.0077 0.0096 0.0156 0.1201 0.0203 0.0254 0.0568	HII
7.4000 -2.0000 -2.7500 0.6437 0.1068 0.0312 0.0214 0.0000 1.5748 0.0000 0.0550 0.0096 0.0066 0.0154 0.0870 0.0219 0.0191 0.0647	HII
7.4000 -2.0000 -2.5000 0.4438 0.1308 0.0455 0.0212 0.0000 2.0509 0.0000 0.0544 0.0112 0.0044 0.0152 0.0624 0.0227 0.0137 0.0694	HII
7.4000 -2.0000 -2.2500 0.3072 0.1559 0.0617 0.0210 0.0000 2.4937 0.0000 0.0540 0.0123 0.0030 0.0150 0.0450 0.0224 0.0098 0.0699	HII
7.4000 -2.0000 -2.0000 0.2190 0.1814 0.0793 0.0209 0.0000 2.9055 0.0000 0.0537 0.0125 0.0021 0.0149 0.0333 0.0209 0.0062 0.0664	HII
7.4000 -2.0000 -1.7500 0.1623 0.2069 0.0983 0.0207 0.0000 3.2919 0.0000 0.0535 0.0119 0.0016 0.0148 0.0256 0.0185 0.0046 0.0597	HII
7.4000 -2.0000 -1.5000 0.1249 0.2321 0.1186 0.0205 0.0000 3.6567 0.0000 0.0532 0.0108 0.0012 0.0147 0.0203 0.0158 0.0017 0.0514	HII
7.5000 -2.0000 -4.0000 1.2577 0.0226 0.0000 0.0233 0.0000 0.0359 0.0000 0.0597 0.0020 0.0202 0.0169 0.3789 0.0196 0.0265 0.0228	HII
7.5000 -2.0000 -3.7500 1.4410 0.0357 0.0013 0.0229 0.0000 0.1150 0.0000 0.0587 0.0033 0.0208 0.0166 0.3210 0.0225 0.0329 0.0331	HII
7.5000 -2.0000 -3.5000 1.5182 0.0538 0.0043 0.0225 0.0000 0.3238 0.0000 0.0577 0.0050 0.0197 0.0163 0.2600 0.0255 0.0374 0.0453	HII
7.5000 -2.0000 -3.2500 1.3930 0.0762 0.0111 0.0222 0.0000 0.7338 0.0000 0.0567 0.0070 0.0164 0.0160 0.2009 0.0286 0.0367 0.0582	HII
7.5000 -2.0000 -3.0000 1.1033 0.1013 0.0221 0.0218 0.0000 1.2988 0.0000 0.0559 0.0093 0.0120 0.0157 0.1492 0.0316 0.0306 0.0702	HII
7.5000 -2.0000 -2.7500 0.7922 0.1282 0.0361 0.0216 0.0000 1.8999 0.0000 0.0552 0.0115 0.0082 0.0155 0.1080 0.0340 0.0231 0.0797	HII
7.5000 -2.0000 -2.5000 0.5464 0.1564 0.0523 0.0213 0.0000 2.4671 0.0000 0.0547 0.0134 0.0055 0.0153 0.0774 0.0352 0.0165 0.0854	HII
7.5000 -2.0000 -2.2500 0.3779 0.1853 0.0703 0.0212 0.0000 2.9877 0.0000 0.0544 0.0146 0.0038 0.0151 0.0559 0.0347 0.0117 0.0861	HII
7.5000 -2.0000 -2.0000 0.2690 0.2145 0.0897 0.0210 0.0000 3.4679 0.0000 0.0541 0.0148 0.0027 0.0150 0.0412 0.0324 0.0086 0.0816	HII
7.5000 -2.0000 -1.7500 0.1989 0.2435 0.1104 0.0209 0.0000 3.9147 0.0000 0.0539 0.0141 0.0020 0.0150 0.0315 0.0287 0.0055 0.0732	HII
7.5000 -2.0000 -1.5000 0.1529 0.2722 0.1323 0.0207 0.0000 4.3359 0.0000 0.0537 0.0127 0.0015 0.0149 0.0250 0.0245 0.0044 0.0629	HII
7.6000 -2.0000 -3.7500 1.7552 0.0426 0.0016 0.0230 0.0000 0.1382 0.0000 0.0588 0.0040 0.0257 0.0166 0.3980 0.0220 0.0395 0.0408	HII
7.6000 -2.0000 -3.5000 1.8488 0.0643 0.0050 0.0226 0.0000 0.3887 0.0000 0.0578 0.0060 0.0244 0.0163 0.3225 0.0250 0.0447 0.0559	HII
7.6000 -2.0000 -3.2500 1.6968 0.0910 0.0127 0.0222 0.0000 0.8793 0.0000 0.0569 0.0084 0.0204 0.0160 0.2490 0.0280 0.0438 0.0717	HII
7.6000 -2.0000 -3.0000 1.3463 0.1207 0.0252 0.0219 0.0000 1.5539 0.0000 0.0561 0.0111 0.0150 0.0158 0.1847 0.0308 0.0367 0.0862	HII
7.6000 -2.0000 -2.7500 0.9675 0.1521 0.0410 0.0217 0.0000 2.2666 0.0000 0.0555 0.0136 0.0103 0.0156 0.1336 0.0330 0.0277 0.0977	HII
7.6000 -2.0000 -2.5000 0.6676 0.1844 0.0589 0.0215 0.0000 2.9336 0.0000 0.0551 0.0158 0.0069 0.0154 0.0956 0.0342 0.0199 0.1044	HII
7.6000 -2.0000 -2.2500 0.4616 0.2173 0.0783 0.0213 0.0000 3.5375 0.0000 0.0547 0.0171 0.0047 0.0153 0.0689 0.0337 0.0142 0.1051	HII
7.6000 -2.0000 -2.2500 0.4616 0.2173 0.0783 0.0213 0.0000 3.5375 0.0000 0.0547 0.0171 0.0047 0.0153 0.0689 0.0337 0.0142 0.1051	HII
7.6000 -2.0000 -2.0000 0.3281 0.2502 0.0991 0.0212 0.0000 4.0893 0.0000 0.0545 0.0172 0.0033 0.0152 0.0508 0.0314 0.0103 0.0996	HII
7.6000 -2.0000 -1.7500 0.2423 0.2828 0.1213 0.0211 0.0000 4.6022 0.0000 0.0543 0.0164 0.0024 0.0151 0.0387 0.0278 0.0078 0.0893	HII
7.6000 -2.0000 -1.5000 0.1858 0.3151 0.1447 0.0209 0.0000 5.0844 0.0000 0.0541 0.0148 0.0019 0.0150 0.0308 0.0238 0.0052 0.0766	HII
7.6000 -2.0000 -4.0000 1.5334 0.0269 0.0000 0.0233 0.0000 0.0433 0.0000 0.0597 0.0025 0.0250 0.0169 0.4693 0.0191 0.0318 0.0281	HII
7.7000 -2.0000 -4.0000 1.8463 0.0316 0.0000 0.0233 0.0000 0.0517 0.0000 0.0597 0.0030 0.0307 0.0169 0.5776 0.0295 0.0374 0.0345	HII
7.7000 -2.0000 -3.7500 2.1113 0.0501 0.0018 0.0230 0.0000 0.1640 0.0000 0.0589 0.0047 0.0316 0.0166 0.4905 0.0339 0.0465 0.0500	HII
7.7000 -2.0000 -3.5000 2.2226 0.0758 0.0056 0.0226 0.0000 0.4601 0.0000 0.0580 0.0071 0.0301 0.0163 0.3976 0.0384 0.0526 0.0684	HII
7.7000 -2.0000 -3.2500 2.0409 0.1071 0.0143 0.0223 0.0000 1.0384 0.0000 0.0571 0.0100 0.0251 0.0161 0.3069 0.0430 0.0514 0.0875	HII
7.7000 -2.0000 -3.0000 1.6217 0.1415 0.0280 0.0220 0.0000 1.8303 0.0000 0.0564 0.0130 0.0186 0.0159 0.2276 0.0471 0.0431 0.1049	HII
7.7000 -2.0000 -2.7500 1.1676 0.1773 0.0451 0.0218 0.0000 2.6608 0.0000 0.0558 0.0158 0.0128 0.0157 0.1644 0.0504 0.0325 0.1185	HII
7.7000 -2.0000 -2.5000 0.8068 0.2137 0.0642 0.0216 0.0000 3.4310 0.0000 0.0554 0.0182 0.0086 0.0155 0.1175 0.0521 0.0233 0.1264	HII
7.7000 -2.0000 -2.2500 0.5579 0.2502 0.0847 0.0215 0.0000 4.1215 0.0000 0.0551 0.0196 0.0058 0.0154 0.0846 0.0512 0.0167 0.1271	HII
7.7000 -2.0000 -2.0000 0.3962 0.2866 0.1063 0.0214 0.0000 4.7458 0.0000 0.0549 0.0198 0.0041 0.0153 0.0622 0.0478 0.0122 0.1204	HII
7.7000 -2.0000 -1.7500 0.2923 0.3229 0.1296 0.0212 0.0000 5.3288 0.0000 0.0547 0.0187 0.0030 0.0152 0.0473 0.0424 0.0091 0.1079	HII
7.7000 -2.0000 -1.5000 0.2240 0.3590 0.1543 0.0211 0.0000 5.8808 0.0000 0.0545 0.0169 0.0023 0.0152 0.0375 0.0363 0.0061 0.0925	HII
7.8000 -2.0000 -4.0000 2.1983 0.0366 0.0000 0.0233 0.0000 0.0613 0.0000 0.0597 0.0035 0.0374 0.0169 0.7064 0.0284 0.0435 0.0420	HII
7.8000 -2.0000 -3.7500 2.5104 0.0582 0.0020 0.0230 0.0000 0.1923 0.0000 0.0590 0.0056 0.0385 0.0167 0.6016 0.0327 0.0537 0.0607	HII
7.8000 -2.0000 -3.5000 2.6395 0.0881 0.0062 0.0227 0.0000 0.5369 0.0000 0.0581 0.0083 0.0367 0.0164 0.4878 0.0371 0.0606 0.0830	HII
7.8000 -2.0000 -3.2500 2.4238 0.1241 0.0156 0.0224 0.0000 1.2081 0.0000 0.0573 0.0115 0.0308 0.0162 0.3763 0.0413 0.0592 0.1059	HII
7.8000 -2.0000 -3.0000 1.9282 0.1631 0.0302 0.0221 0.0000 2.1208 0.0000 0.0567 0.0149 0.0229 0.0159 0.2787 0.0451 0.0496 0.1265	HII
7.8000 -2.0000 -2.7500 1.3923 0.2030 0.0481 0.0219 0.0000 3.0718 0.0000 0.0562 0.0180 0.0157 0.0158 0.2010 0.0481 0.0375 0.1424	HII
7.8000 -2.0000 -2.5000 0.9634 0.2429 0.0678 0.0218 0.0000 3.9429 0.0000 0.0558 0.0205 0.0106 0.0156 0.1435 0.0495 0.0270 0.1513	HII
7.8000 -2.0000 -2.2500 0.6668 0.2828 0.0887 0.0216 0.0000 4.7218 0.0000 0.0555 0.0220 0.0072 0.0155 0.1030 0.0487 0.0194 0.1519	HII
7.8000 -2.0000 -2.0000 0.4737 0.3225 0.1109 0.0215 0.0000 5.4230 0.0000 0.0553 0.0222 0.0050 0.0154 0.0757 0.0454 0.0142 0.1439	HII
7.8000 -2.0000 -1.7500 0.3493 0.3623 0.1346 0.0214 0.0000 6.0758 0.0000 0.0551 0.0211 0.0037 0.0154 0.0576 0.0404 0.0106 0.1291	HII
7.8000 -2.0000 -1.5000 0.2677 0.4026 0.1603 0.0213 0.0000 6.7035 0.0000 0.0549 0.0190 0.0028 0.0153 0.0455 0.0346 0.0083 0.1108	HII
7.9000 -2.0000 -4.0000 2.5532 0.0414 0.0000 0.0233 0.0000 0.0704 0.0000 0.0598 0.0040 0.0449 0.0169 0.8543 0.0430 0.0486 0.0504	HII
7.9000 -2.0000 -3.7500 2.9159 0.0660 0.0021 0.0231 0.0000 0.2201 0.0000 0.0591 0.0063 0.0464 0.0167 0.7292 0.0494 0.0600 0.0729	HII
7.9000 -2.0000 -3.5000 3.0652 0.0999 0.0065 0.0228 0.0000 0.6120 0.0000 0.0583 0.0095 0.0443 0.0165 0.5922 0.0560 0.0676 0.0994	HII
7.9000 -2.0000 -3.2500 2.8172 0.1403 0.0162 0.0225 0.0000 1.3712 0.0000 0.0576 0.0130 0.0374 0.0162 0.4568 0.0621 0.0661 0.1266	HII
7.9000 -2.0000 -3.0000 2.2475 0.1833 0.0311 0.0222 0.0000 2.3988 0.0000 0.0570 0.0166 0.0278 0.0160 0.3381 0.0675 0.0555 0.1505	HII
7.9000 -2.0000 -2.7500 1.6281 0.2264 0.0490 0.0221 0.0000 3.4593 0.0000 0.0565 0.0199 0.0192 0.0159 0.2436 0.0716 0.0422 0.1686	HII
7.9000 -2.0000 -2.5000 1.1308 0.2692 0.0685 0.0219 0.0000 4.4271 0.0000 0.0561 0.0226 0.0129 0.0158 0.1736 0.0735 0.0306 0.1787	HII
7.9000 -2.0000 -2.2500 0.7845 0.3118 0.0892 0.0218 0.0000 5.2865 0.0000 0.0559 0.0241 0.0087 0.0157 0.1246 0.0723 0.0220 0.1791	HII
7.9000 -2.0000 -2.0000 0.5581 0.3544 0.1113 0.0217 0.0000 6.0666 0.0000 0.0557 0.0243 0.0061 0.0156 0.0914 0.0676 0.0160 0.1696	HII
7.9000 -2.0000 -1.7500 0.4119 0.3977 0.1351 0.0216 0.0000 6.7983 0.0000 0.0555 0.0231 0.0045 0.0155 0.0695 0.0602 0.0122 0.1525	HII
7.9000 -2.0000 -1.5000 0.3160 0.4423 0.1613 0.0215 0.0000 7.5088 0.0000 0.0554 0.0210 0.0034 0.0155 0.0548 0.0518 0.0095 0.1313	HII
8.0000 -2.0000 -4.0000 2.9042 0.0459 0.0000 0.0233 0.0000 0.0792 0.0000 0.0598 0.0044 0.0533 0.0169 1.0218 0.0404 0.0527 0.0597	HII
8.0000 -2.0000 -3.7500 3.3226 0.0734 0.0021 0.0231 0.0000 0.2472 0.0000 0.0593 0.0071 0.0552 0.0168 0.8758 0.0466 0.0653 0.0864	HII
8.0000 -2.0000 -3.5000 3.4897 0.1108 0.0066 0.0229 0.0000 0.6830 0.0010 0.0586 0.0105 0.0529 0.0165 0.7122 0.0527 0.0734 0.1177	HII
8.0000 -2.0000 -3.2500 3.2074 0.1549 0.0161 0.0226 0.0000 1.5202 0.0000 0.0579 0.0143 0.0448 0.0163 0.5494 0.0582 0.0715 0.1492	HII
8.0000 -2.0000 -3.0000 2.5677 0.2009 0.0306 0.0224 0.0000 2.6467 0.0000 0.0573 0.0181 0.0335 0.0161 0.4061 0.0629 0.0604 0.1766	HII
8.0000 -2.0000 -2.7500 1.8699 0.2464 0.0478 0.0222 0.0000 3.8071 0.0000 0.0568 0.0215 0.0232 0.0160 0.2923 0.0663 0.0462 0.1970	HII
8.0000 -2.0000 -2.5000 1.3057 0.2912 0.0666 0.0220 0.0000 4.8636 0.0000 0.0565 0.0241 0.0156 0.0159 0.2083 0.0679 0.0337 0.2083	HII
8.0000 -2.0000 -2.2500 0.9093 0.3357 0.0864 0.0219 0.0000 5.7983 0.0000 0.0562 0.0257 0.0106 0.0158 0.1494 0.0668 0.0245 0.2085	HII
8.0000 -2.0000 -2.0000 0.6488 0.3812 0.1079 0.0218 0.0000 6.6547 0.0000 0.0561 0.0259 0.0074 0.0157 0.1095 0.0626 0.0179 0.1976	HII
8.0000 -2.0000 -1.7500 0.4798 0.4279 0.1313 0.0217 0.0000 7.4681 0.0000 0.0559 0.0248 0.0054 0.0157 0.0832 0.0560 0.0137 0.1780	HII
8.0000 -2.0000 -1.5000 0.3687 0.4767 0.1574 0.0216 0.0000 8.2694 0.0000 0.0558 0.0227 0.0041 0.0156 0.0657 0.0484 0.0108 0.1537	HII
8.1000 -2.0000 -4.0000 3.1519 0.0485 0.0000 0.0234 0.0000 0.0853 0.0000 0.0599 0.0047 0.0616 0.0170 1.1934 0.0588 0.0533 0.0689	HII
8.1000 -2.0000 -3.7500 3.6271 0.0780 0.0020 0.0232 0.0000 0.2661 0.0011 0.0595 0.0075 0.0641 0.0168 1.0296 0.0680 0.0667 0.1000	HII
8.1000 -2.0000 -3.5000 3.8232 0.1180 0.0062 0.0229 0.0000 0.7336 0.0011 0.0588 0.0111 0.0618 0.0166 0.8408 0.0768 0.0754 0.1362	HII
8.1000 -2.0000 -3.2500 3.5288 0.1647 0.0150 0.0227 0.0000 1.6262 0.0010 0.0582 0.0151 0.0526 0.0164 0.6498 0.0847 0.0739 0.1724	HII
8.1000 -2.0000 -3.0000 2.8435 0.2124 0.0282 0.0225 0.0000 2.8214 0.0000 0.0576 0.0189 0.0396 0.0163 0.4805 0.0909 0.0629 0.2032	HII
8.1000 -2.0000 -2.7500 2.0896 0.2591 0.0440 0.0223 0.0000 4.0553 0.0000 0.0572 0.0223 0.0276 0.0161 0.3459 0.0955 0.0487 0.2260	HII
8.1000 -2.0000 -2.5000 1.4709 0.3049 0.0612 0.0222 0.0000 5.1829 0.0000 0.0568 0.0250 0.0186 0.0160 0.2466 0.0975 0.0360 0.2385	HII
8.1000 -2.0000 -2.2500 1.0311 0.3507 0.0797 0.0221 0.0000 6.1877 0.0000 0.0566 0.0266 0.0127 0.0159 0.1769 0.0960 0.0263 0.2387	HII
8.1000 -2.0000 -2.0000 0.7391 0.3979 0.0997 0.0220 0.0000 7.1138 0.0000 0.0564 0.0269 0.0089 0.0159 0.1298 0.0904 0.0195 0.2266	HII
8.1000 -2.0000 -1.7500 0.5486 0.4477 0.1221 0.0219 0.0000 8.0080 0.0000 0.0563 0.0259 0.0065 0.0158 0.0986 0.0813 0.0150 0.2047	HII
8.1000 -2.0000 -1.5000 0.4228 0.5006 0.1475 0.0218 0.0000 8.9019 0.0000 0.0562 0.0239 0.0049 0.0157 0.0779 0.0706 0.0117 0.1774	HII
8.2000 -2.0000 -4.0000 3.2628 0.0477 0.0000 0.0233 0.0000 0.0868 0.0000 0.0598 0.0047 0.0691 0.0170 1.3582 0.0523 0.0507 0.0771	HII
8.2000 -2.0000 -3.7500 3.8005 0.0780 0.0018 0.0232 0.0000 0.2727 0.0011 0.0595 0.0076 0.0726 0.0169 1.1844 0.0609 0.0643 0.1125	HII
8.2000 -2.0000 -3.5000 4.0417 0.1192 0.0054 0.0230 0.0000 0.7531 0.0011 0.0589 0.0113 0.0705 0.0167 0.9744 0.0690 0.0736 0.1540	HII
8.2000 -2.0000 -3.2500 3.7577 0.1667 0.0130 0.0228 0.0000 1.6668 0.0011 0.0584 0.0153 0.0606 0.0165 0.7553 0.0759 0.0727 0.1948	HII
8.2000 -2.0000 -3.0000 3.0584 0.2147 0.0243 0.0226 0.0000 2.8895 0.0000 0.0579 0.0190 0.0461 0.0164 0.5592 0.0811 0.0627 0.2290	HII
8.2000 -2.0000 -2.7500 2.2743 0.2612 0.0378 0.0224 0.0000 4.1593 0.0000 0.0575 0.0222 0.0324 0.0162 0.4028 0.0848 0.0495 0.2541	HII
8.2000 -2.0000 -2.5000 1.6188 0.3067 0.0528 0.0223 0.0000 5.3291 0.0000 0.0572 0.0248 0.0220 0.0161 0.2873 0.0866 0.0372 0.2681	HII
8.2000 -2.0000 -2.2500 1.1447 0.3527 0.0691 0.0222 0.0000 6.3841 0.0000 0.0570 0.0265 0.0150 0.0161 0.2064 0.0854 0.0275 0.2690	HII
8.2000 -2.0000 -2.0000 0.8260 0.4006 0.0871 0.0221 0.0000 7.3655 0.0000 0.0568 0.0270 0.0105 0.0160 0.1515 0.0809 0.0207 0.2564	HII
8.2000 -2.0000 -1.7500 0.6160 0.4520 0.1074 0.0221 0.0000 8.3252 0.0000 0.0567 0.0262 0.0076 0.0159 0.1153 0.0734 0.0159 0.2328	HII
8.2000 -2.0000 -1.5000 0.4767 0.5078 0.1309 0.0220 0.0000 9.3036 0.0000 0.0566 0.0245 0.0058 0.0159 0.0911 0.0642 0.0128 0.2030	HII
8.3000 -2.0000 -4.0000 3.0187 0.0406 0.0000 0.0230 0.0000 0.0781 0.0000 0.0593 0.0041 0.0724 0.0168 1.4542 0.0685 0.0408 0.0804	HII
8.3000 -2.0000 -3.7500 3.6201 0.0687 0.0013 0.0230 0.0000 0.2506 0.0000 0.0593 0.0068 0.0776 0.0168 1.2962 0.0813 0.0541 0.1194	HII
8.3000 -2.0000 -3.5000 3.9484 0.1081 0.0040 0.0229 0.0000 0.7050 0.0011 0.0589 0.0104 0.0768 0.0167 1.0839 0.0934 0.0641 0.1658	HII
8.3000 -2.0000 -3.2500 3.7507 0.1541 0.0098 0.0228 0.0000 1.5798 0.0010 0.0585 0.0143 0.0672 0.0166 0.8486 0.1032 0.0652 0.2112	HII
8.3000 -2.0000 -3.0000 3.1147 0.2005 0.0185 0.0226 0.0000 2.7641 0.0000 0.0582 0.0177 0.0519 0.0165 0.6313 0.1102 0.0577 0.2490	HII
8.3000 -2.0000 -2.7500 2.3590 0.2451 0.0291 0.0225 0.0000 4.0099 0.0000 0.0578 0.0207 0.0369 0.0164 0.4558 0.1151 0.0467 0.2766	HII
8.3000 -2.0000 -2.5000 1.7084 0.2889 0.0411 0.0224 0.0000 5.1771 0.0000 0.0576 0.0232 0.0253 0.0163 0.3259 0.1176 0.0360 0.2927	HII
8.3000 -2.0000 -2.2500 1.2241 0.3334 0.0544 0.0223 0.0000 6.2433 0.0000 0.0574 0.0249 0.0173 0.0162 0.2345 0.1167 0.0272 0.2953	HII
8.3000 -2.0000 -2.0000 0.8919 0.3804 0.0693 0.0223 0.0000 7.2493 0.0000 0.0573 0.0257 0.0122 0.0161 0.1726 0.1115 0.0208 0.2836	HII
8.3000 -2.0000 -1.7500 0.6704 0.4313 0.0864 0.0222 0.0000 8.2416 0.0000 0.0571 0.0253 0.0089 0.0161 0.1314 0.1023 0.0164 0.2598	HII
8.3000 -2.0000 -1.5000 0.5220 0.4881 0.1068 0.0221 0.0000 9.2762 0.0000 0.0570 0.0240 0.0068 0.0160 0.1042 0.0905 0.0132 0.2287	HII
8.4000 -2.0000 -4.0000 2.5833 0.0318 0.0000 0.0227 0.0000 0.0659 0.0000 0.0587 0.0033 0.0723 0.0167 1.4883 0.0541 0.0294 0.0805	HII
8.4000 -2.0000 -3.7500 3.2433 0.0568 0.0000 0.0229 0.0000 0.2189 0.0000 0.0590 0.0058 0.0798 0.0168 1.3691 0.0660 0.0416 0.1228	HII
8.4000 -2.0000 -3.5000 3.6709 0.0931 0.0028 0.0229 0.0000 0.6326 0.0000 0.0589 0.0091 0.0811 0.0167 1.1722 0.0774 0.0519 0.1741	HII
8.4000 -2.0000 -3.2500 3.5848 0.1361 0.0069 0.0228 0.0000 1.4418 0.0000 0.0587 0.0127 0.0725 0.0166 0.9306 0.0864 0.0549 0.2243	HII
8.4000 -2.0000 -3.0000 3.0499 0.1797 0.0132 0.0227 0.0000 2.5505 0.0000 0.0584 0.0159 0.0570 0.0166 0.6975 0.0925 0.0504 0.2656	HII
8.4000 -2.0000 -2.7500 2.3628 0.2215 0.0210 0.0226 0.0000 3.7378 0.0000 0.0581 0.0186 0.0411 0.0165 0.5059 0.0965 0.0420 0.2958	HII
8.4000 -2.0000 -2.5000 1.7433 0.2626 0.0301 0.0225 0.0000 4.8707 0.0000 0.0580 0.0209 0.0285 0.0164 0.3629 0.0988 0.0332 0.3141	HII
8.4000 -2.0000 -2.2500 1.2688 0.3044 0.0404 0.0225 0.0000 5.9214 0.0000 0.0578 0.0226 0.0196 0.0163 0.2619 0.0986 0.0258 0.3186	HII
8.4000 -2.0000 -2.0000 0.9358 0.3491 0.0522 0.0224 0.0000 6.9265 0.0000 0.0577 0.0235 0.0139 0.0163 0.1933 0.0950 0.0201 0.3083	HII
8.4000 -2.0000 -1.7500 0.7104 0.3979 0.0660 0.0223 0.0000 7.9282 0.0000 0.0576 0.0235 0.0101 0.0162 0.1476 0.0881 0.0160 0.2847	HII
8.4000 -2.0000 -1.5000 0.5573 0.4535 0.0826 0.0223 0.0000 8.9886 0.0000 0.0575 0.0227 0.0077 0.0162 0.1174 0.0789 0.0131 0.2529	HII
8.5000 -2.0000 -4.0000 1.7911 0.0173 0.0000 0.0223 0.0000 0.0412 0.0000 0.0578 0.0021 0.0635 0.0164 1.3368 0.0596 0.0156 0.0728	HII
8.5000 -2.0000 -3.7500 2.4492 0.0343 0.0000 0.0226 0.0000 0.1468 0.0000 0.0585 0.0040 0.0738 0.0166 1.2969 0.0767 0.0250 0.1160	HII
8.5000 -2.0000 -3.5000 3.0156 0.0624 0.0014 0.0227 0.0000 0.4584 0.0000 0.0587 0.0069 0.0791 0.0167 1.1619 0.0941 0.0350 0.1715	HII
8.5000 -2.0000 -3.2500 3.1573 0.0989 0.0039 0.0228 0.0000 1.1179 0.0000 0.0587 0.0102 0.0738 0.0167 0.9498 0.1081 0.0404 0.2277	HII
8.5000 -2.0000 -3.0000 2.8366 0.1380 0.0078 0.0227 0.0000 2.0757 0.0000 0.0586 0.0131 0.0600 0.0166 0.7233 0.1175 0.0396 0.2738	HII
8.5000 -2.0000 -2.7500 2.2863 0.1762 0.0128 0.0227 0.0000 3.1419 0.0000 0.0585 0.0155 0.0442 0.0166 0.5283 0.1232 0.0350 0.3071	HII
8.5000 -2.0000 -2.5000 1.7371 0.2140 0.0190 0.0226 0.0000 4.1942 0.0000 0.0584 0.0175 0.0311 0.0165 0.3805 0.1269 0.0288 0.3287	HII
8.5000 -2.0000 -2.2500 1.2905 0.2529 0.0262 0.0226 0.0000 5.2004 0.0000 0.0583 0.0193 0.0216 0.0165 0.2756 0.1283 0.0231 0.3379	HII
8.5000 -2.0000 -2.0000 0.9651 0.2943 0.0346 0.0225 0.0000 6.1723 0.0000 0.0582 0.0204 0.0153 0.0165 0.2040 0.1262 0.0185 0.3330	HII
8.5000 -2.0000 -1.7500 0.7389 0.3397 0.0446 0.0225 0.0000 7.1507 0.0000 0.0581 0.0210 0.0112 0.0164 0.1562 0.1199 0.0150 0.3141	HII
8.5000 -2.0000 -1.5000 0.5832 0.3911 0.0569 0.0224 0.0000 8.1885 0.0000 0.0580 0.0208 0.0085 0.0164 0.1246 0.1100 0.0124 0.2847	HII
8.6000 -2.0000 -4.0000 1.0604 0.0063 0.0000 0.0217 0.0000 0.0188 0.0000 0.0566 0.0012 0.0506 0.0161 1.0828 0.0379 0.0057 0.0617	HII
8.6000 -2.0000 -3.7500 1.6066 0.0142 0.0000 0.0223 0.0000 0.0731 0.0000 0.0579 0.0025 0.0626 0.0165 1.1147 0.0519 0.0122 0.1031	HII
8.6000 -2.0000 -3.5000 2.2558 0.0304 0.0000 0.0226 0.0000 0.2602 0.0000 0.0585 0.0048 0.0723 0.0167 1.0664 0.0683 0.0203 0.1626	HII
8.6000 -2.0000 -3.2500 2.6845 0.0564 0.0017 0.0227 0.0000 0.7241 0.0000 0.0587 0.0078 0.0725 0.0167 0.9178 0.0831 0.0277 0.2279	HII
8.6000 -2.0000 -3.0000 2.6283 0.0874 0.0039 0.0227 0.0000 1.4796 0.0000 0.0587 0.0105 0.0614 0.0167 0.7138 0.0926 0.0301 0.2810	HII
8.6000 -2.0000 -2.7500 2.2537 0.1200 0.0069 0.0227 0.0000 2.3830 0.0000 0.0587 0.0126 0.0464 0.0167 0.5254 0.0980 0.0286 0.3178	HII
8.6000 -2.0000 -2.5000 1.7863 0.1536 0.0106 0.0227 0.0000 3.3204 0.0000 0.0587 0.0144 0.0330 0.0167 0.3785 0.1015 0.0249 0.3426	HII
8.6000 -2.0000 -2.2500 1.3614 0.1889 0.0151 0.0227 0.0000 4.2472 0.0000 0.0587 0.0159 0.0231 0.0166 0.2738 0.1040 0.0206 0.3574	HII
8.6000 -2.0000 -2.0000 1.0314 0.2267 0.0205 0.0227 0.0000 5.1645 0.0000 0.0587 0.0173 0.0163 0.0166 0.2024 0.1051 0.0168 0.3614	HII
8.6000 -2.0000 -1.7500 0.7932 0.2678 0.0271 0.0226 0.0000 6.0881 0.0000 0.0586 0.0183 0.0119 0.0166 0.1550 0.1037 0.0138 0.3525	HII
8.6000 -2.0000 -1.5000 0.6262 0.3139 0.0353 0.0226 0.0000 7.0650 0.0000 0.0586 0.0189 0.0090 0.0166 0.1235 0.0994 0.0115 0.3313	HII
8.7000 -2.0000 -4.0000 0.4724 0.0018 0.0000 0.0213 0.0000 0.0069 0.0000 0.0559 0.0000 0.0343 0.0160 0.7586 0.0331 0.0000 0.0461	HII
8.7000 -2.0000 -3.7500 0.7841 0.0044 0.0000 0.0221 0.0000 0.0284 0.0000 0.0577 0.0011 0.0446 0.0165 0.8265 0.0476 0.0016 0.0794	HII
8.7000 -2.0000 -3.5000 1.3019 0.0114 0.0000 0.0225 0.0000 0.1209 0.0000 0.0586 0.0025 0.0569 0.0167 0.8630 0.0687 0.0082 0.1361	HII
8.7000 -2.0000 -3.2500 1.8821 0.0262 0.0000 0.0227 0.0000 0.4115 0.0000 0.0589 0.0051 0.0637 0.0168 0.8117 0.0926 0.0145 0.2103	HII
8.7000 -2.0000 -3.0000 2.1401 0.0478 0.0017 0.0227 0.0000 0.9685 0.0000 0.0590 0.0077 0.0583 0.0168 0.6690 0.1102 0.0191 0.2758	HII
8.7000 -2.0000 -2.7500 2.0099 0.0719 0.0033 0.0228 0.0000 1.6847 0.0000 0.0591 0.0097 0.0457 0.0168 0.5033 0.1194 0.0203 0.3190	HII
8.7000 -2.0000 -2.5000 1.7001 0.0984 0.0053 0.0228 0.0000 2.4642 0.0000 0.0591 0.0111 0.0332 0.0168 0.3655 0.1245 0.0191 0.3466	HII
8.7000 -2.0000 -2.2500 1.3569 0.1277 0.0079 0.0228 0.0000 3.2696 0.0000 0.0592 0.0124 0.0234 0.0168 0.2648 0.1286 0.0168 0.3650	HII
8.7000 -2.0000 -2.0000 1.0566 0.1605 0.0112 0.0228 0.0000 4.0972 0.0000 0.0592 0.0137 0.0166 0.0168 0.1957 0.1322 0.0142 0.3757	HII
8.7000 -2.0000 -1.7500 0.8262 0.1972 0.0153 0.0228 0.0000 4.9546 0.0000 0.0591 0.0149 0.0121 0.0168 0.1497 0.1345 0.0121 0.3766	HII
8.7000 -2.0000 -1.5000 0.6558 0.2381 0.0205 0.0227 0.0000 5.8656 0.0000 0.0591 0.0159 0.0091 0.0167 0.1193 0.1339 0.0103 0.3658	HII
8.8000 -2.0000 -4.0000 0.1907 0.0000 0.0000 0.0210 0.0000 0.0025 0.0000 0.0555 0.0000 0.0220 0.0158 0.5035 0.0175 0.0000 0.0333	HII
8.8000 -2.0000 -3.7500 0.3395 0.0013 0.0000 0.0220 0.0000 0.0101 0.0000 0.0577 0.0000 0.0297 0.0165 0.5755 0.0260 0.0000 0.0583	HII
8.8000 -2.0000 -3.5000 0.6310 0.0036 0.0000 0.0225 0.0000 0.0483 0.0000 0.0589 0.0011 0.0405 0.0168 0.6428 0.0399 0.0011 0.1054	HII
8.8000 -2.0000 -3.2500 1.1306 0.0105 0.0000 0.0227 0.0000 0.2091 0.0000 0.0592 0.0028 0.0512 0.0169 0.6711 0.0604 0.0052 0.1817	HII
8.8000 -2.0000 -3.0000 1.5792 0.0235 0.0000 0.0228 0.0000 0.5932 0.0000 0.0593 0.0052 0.0522 0.0169 0.6053 0.0796 0.0106 0.2617	HII
8.8000 -2.0000 -2.7500 1.6874 0.0397 0.0015 0.0228 0.0000 1.1396 0.0000 0.0594 0.0071 0.0434 0.0169 0.4751 0.0903 0.0133 0.3157	HII
8.8000 -2.0000 -2.5000 1.5540 0.0577 0.0025 0.0229 0.0000 1.7512 0.0000 0.0595 0.0085 0.0324 0.0169 0.3503 0.0953 0.0142 0.3470	HII
8.8000 -2.0000 -2.2500 1.3206 0.0789 0.0040 0.0229 0.0000 2.4078 0.0000 0.0596 0.0096 0.0232 0.0169 0.2548 0.0986 0.0135 0.3670	HII
8.8000 -2.0000 -2.0000 1.0745 0.1046 0.0058 0.0229 0.0000 3.1147 0.0000 0.0596 0.0106 0.0164 0.0169 0.1881 0.1021 0.0120 0.3814	HII
8.8000 -2.0000 -1.7500 0.8620 0.1352 0.0083 0.0229 0.0000 3.8786 0.0000 0.0596 0.0118 0.0119 0.0169 0.1437 0.1059 0.0105 0.3900	HII
8.8000 -2.0000 -1.5000 0.6940 0.1708 0.0115 0.0228 0.0000 4.7131 0.0000 0.0596 0.0129 0.0090 0.0169 0.1144 0.1087 0.0091 0.3896	HII
8.9000 -2.0000 -4.0000 0.0482 0.0000 0.0000 0.0180 0.0000 0.0013 0.0000 0.0479 0.0000 0.0100 0.0138 0.1940 0.0106 0.0000 0.0218	HII
8.9000 -2.0000 -3.7500 0.0674 0.0000 0.0000 0.0199 0.0000 0.0045 0.0000 0.0528 0.0000 0.0117 0.0152 0.1919 0.0145 0.0000 0.0362	HII
8.9000 -2.0000 -3.5000 0.1587 0.0000 0.0000 0.0220 0.0000 0.0099 0.0000 0.0581 0.0000 0.0196 0.0166 0.3392 0.0244 0.0000 0.0570	HII
8.9000 -2.0000 -3.2500 0.3589 0.0018 0.0000 0.0224 0.0000 0.0574 0.0000 0.0591 0.0000 0.0287 0.0169 0.4050 0.0427 0.0000 0.1128	HII
8.9000 -2.0000 -3.0000 0.7022 0.0058 0.0000 0.0226 0.0000 0.2302 0.0000 0.0593 0.0020 0.0360 0.0169 0.4334 0.0685 0.0011 0.1952	HII
8.9000 -2.0000 -2.7500 0.9974 0.0127 0.0000 0.0228 0.0000 0.5497 0.0000 0.0595 0.0037 0.0351 0.0169 0.3859 0.0895 0.0044 0.2671	HII
8.9000 -2.0000 -2.5000 1.1143 0.0207 0.0000 0.0228 0.0000 0.9356 0.0000 0.0596 0.0050 0.0287 0.0170 0.3026 0.1007 0.0061 0.3107	HII
8.9000 -2.0000 -2.2500 1.0923 0.0303 0.0013 0.0229 0.0000 1.3594 0.0000 0.0598 0.0060 0.0216 0.0170 0.2257 0.1066 0.0082 0.3357	HII
8.9000 -2.0000 -2.0000 0.9923 0.0430 0.0021 0.0229 0.0000 1.8374 0.0000 0.0599 0.0069 0.0157 0.0170 0.1677 0.1114 0.0086 0.3529	HII
8.9000 -2.0000 -1.7500 0.8574 0.0609 0.0031 0.0229 0.0000 2.3931 0.0000 0.0600 0.0077 0.0114 0.0170 0.1277 0.1169 0.0082 0.3670	HII
8.9000 -2.0000 -1.5000 0.7199 0.0855 0.0046 0.0229 0.0000 3.0408 0.0000 0.0600 0.0087 0.0086 0.0170 0.1011 0.1231 0.0075 0.3770	HII
9.0000 -2.0000 -4.0000 0.0049 0.0000 0.0000 0.0097 0.0000 0.0000 0.0000 0.0259 0.0000 0.0024 0.0074 0.0510 0.0019 0.0000 0.0057	HII
9.0000 -2.0000 -3.7500 0.0092 0.0000 0.0000 0.0108 0.0000 0.0000 0.0000 0.0286 0.0000 0.0034 0.0082 0.0607 0.0031 0.0000 0.0111	HII
9.0000 -2.0000 -3.5000 0.0244 0.0000 0.0000 0.0115 0.0000 0.0029 0.0000 0.0305 0.0000 0.0055 0.0087 0.0823 0.0061 0.0000 0.0241	HII
9.0000 -2.0000 -3.2500 0.0904 0.0000 0.0000 0.0202 0.0000 0.0221 0.0000 0.0535 0.0000 0.0123 0.0154 0.1529 0.0170 0.0000 0.0731	HII
9.0000 -2.0000 -3.0000 0.1421 0.0000 0.0000 0.0220 0.0000 0.0406 0.0000 0.0583 0.0000 0.0161 0.0166 0.2096 0.0226 0.0000 0.0954	HII
9.0000 -2.0000 -2.7500 0.3147 0.0017 0.0000 0.0224 0.0000 0.1432 0.0000 0.0589 0.0000 0.0211 0.0168 0.2384 0.0391 0.0000 0.1687	HII
9.0000 -2.0000 -2.5000 0.5433 0.0036 0.0000 0.0226 0.0000 0.3113 0.0000 0.0593 0.0020 0.0224 0.0169 0.2278 0.0548 0.0000 0.2374	HII
9.0000 -2.0000 -2.2500 0.7868 0.0058 0.0000 0.0227 0.0000 0.5086 0.0000 0.0596 0.0032 0.0203 0.0169 0.1929 0.0669 0.0016 0.2890	HII
9.0000 -2.0000 -2.0000 1.0249 0.0082 0.0000 0.0228 0.0000 0.7098 0.0000 0.0598 0.0045 0.0166 0.0170 0.1539 0.0761 0.0055 0.3268	HII
9.0000 -2.0000 -1.7500 1.1560 0.0111 0.0000 0.0228 0.0000 0.9415 0.0000 0.0600 0.0056 0.0127 0.0170 0.1190 0.0813 0.0086 0.3469	HII
9.0000 -2.0000 -1.5000 1.1493 0.0162 0.0011 0.0228 0.0000 1.2493 0.0000 0.0600 0.0063 0.0094 0.0170 0.0924 0.0841 0.0098 0.3555	HII
9.1000 -2.0000 -4.0000 0.0000 0.0000 0.0000 0.0078 0.0000 0.0000 0.0000 0.0210 0.0000 0.0000 0.0060 0.0095 0.0000 0.0000 0.0012	HII
9.1000 -2.0000 -3.7500 0.0000 0.0000 0.0000 0.0091 0.0000 0.0000 0.0000 0.0242 0.0000 0.0000 0.0069 0.0126 0.0000 0.0000 0.0026	HII
9.1000 -2.0000 -3.5000 0.0000 0.0000 0.0000 0.0100 0.0000 0.0000 0.0000 0.0268 0.0000 0.0011 0.0076 0.0186 0.0015 0.0000 0.0060	HII
9.1000 -2.0000 -3.2500 0.0066 0.0000 0.0000 0.0107 0.0000 0.0015 0.0000 0.0284 0.0000 0.0026 0.0081 0.0358 0.0042 0.0000 0.0173	HII
9.1000 -2.0000 -3.0000 0.0502 0.0000 0.0000 0.0158 0.0000 0.0189 0.0000 0.0421 0.0000 0.0076 0.0123 0.0886 0.0163 0.0000 0.0647	HII
9.1000 -2.0000 -2.7500 0.0983 0.0000 0.0000 0.0207 0.0000 0.0677 0.0000 0.0549 0.0000 0.0087 0.0158 0.0960 0.0286 0.0000 0.1179	HII
9.1000 -2.0000 -2.5000 0.1272 0.0000 0.0000 0.0222 0.0000 0.0619 0.0000 0.0589 0.0000 0.0117 0.0168 0.1188 0.0328 0.0000 0.1353	HII
9.1000 -2.0000 -2.2500 0.3470 0.0000 0.0000 0.0224 0.0000 0.1263 0.0000 0.0592 0.0012 0.0155 0.0168 0.1402 0.0551 0.0000 0.2152	HII
9.1000 -2.0000 -2.0000 0.7108 0.0012 0.0000 0.0226 0.0000 0.1927 0.0000 0.0595 0.0025 0.0162 0.0169 0.1351 0.0778 0.0011 0.2899	HII
9.1000 -2.0000 -1.7500 0.0168 0.0014 0.0000 0.0169 0.0000 0.1778 0.0000 0.0448 0.0000 0.0000 0.0130 0.0074 0.0201 0.0000 0.0940	HII
9.1000 -2.0000 -1.5000 0.0076 0.0015 0.0000 0.0138 0.0000 0.1537 0.0000 0.0362 0.0000 0.0000 0.0103 0.0032 0.0155 0.0000 0.0726	HII
6.9000 -1.8750 -4.0000 0.3448 0.0107 0.0000 0.0234 0.0000 0.0103 0.0000 0.0599 0.0000 0.0071 0.0169 0.0997 0.0053 0.0077 0.0061	HII
6.9000 -1.8750 -3.7500 0.3953 0.0167 0.0000 0.0229 0.0000 0.0331 0.0000 0.0586 0.0000 0.0073 0.0165 0.0842 0.0060 0.0095 0.0088	HII
6.9000 -1.8750 -3.5000 0.4159 0.0249 0.0014 0.0224 0.0000 0.0934 0.0000 0.0573 0.0014 0.0069 0.0161 0.0682 0.0068 0.0108 0.0120	HII
6.9000 -1.8750 -3.2500 0.3796 0.0351 0.0036 0.0219 0.0000 0.2115 0.0000 0.0561 0.0020 0.0056 0.0158 0.0527 0.0077 0.0105 0.0155	HII
6.9000 -1.8750 -3.0000 0.2988 0.0469 0.0072 0.0215 0.0000 0.3747 0.0000 0.0550 0.0027 0.0041 0.0154 0.0392 0.0085 0.0087 0.0188	HII
6.9000 -1.8750 -2.7500 0.2134 0.0599 0.0120 0.0211 0.0000 0.5505 0.0000 0.0542 0.0034 0.0028 0.0151 0.0284 0.0092 0.0056 0.0214	HII
6.9000 -1.8750 -2.5000 0.1469 0.0742 0.0179 0.0208 0.0000 0.7221 0.0000 0.0534 0.0040 0.0019 0.0149 0.0205 0.0095 0.0040 0.0230	HII
6.9000 -1.8750 -2.2500 0.1018 0.0897 0.0248 0.0205 0.0000 0.8867 0.0000 0.0528 0.0044 0.0013 0.0147 0.0147 0.0094 0.0014 0.0232	HII
6.9000 -1.8750 -2.0000 0.0730 0.1060 0.0328 0.0203 0.0000 1.0458 0.0000 0.0524 0.0046 0.0000 0.0145 0.0110 0.0088 0.0010 0.0222	HII
6.9000 -1.8750 -1.7500 0.0545 0.1228 0.0417 0.0201 0.0000 1.1985 0.0000 0.0521 0.0044 0.0000 0.0144 0.0084 0.0077 0.0000 0.0201	HII
6.9000 -1.8750 -1.5000 0.0423 0.1396 0.0513 0.0199 0.0010 1.3444 0.0000 0.0517 0.0041 0.0000 0.0142 0.0068 0.0066 0.0000 0.0174	HII
7.0000 -1.8750 -4.0000 0.4312 0.0084 0.0000 0.0234 0.0000 0.0128 0.0000 0.0599 0.0000 0.0089 0.0169 0.1251 0.0066 0.0095 0.0076	HII
7.0000 -1.8750 -3.7500 0.4942 0.0131 0.0000 0.0229 0.0000 0.0412 0.0000 0.0586 0.0012 0.0092 0.0165 0.1058 0.0075 0.0117 0.0110	HII
7.0000 -1.8750 -3.5000 0.5201 0.0196 0.0017 0.0224 0.0000 0.1162 0.0000 0.0573 0.0018 0.0086 0.0161 0.0855 0.0085 0.0134 0.0151	HII
7.0000 -1.8750 -3.2500 0.4751 0.0276 0.0044 0.0219 0.0000 0.2634 0.0000 0.0562 0.0025 0.0071 0.0158 0.0661 0.0096 0.0131 0.0194	HII
7.0000 -1.8750 -3.0000 0.3741 0.0368 0.0089 0.0215 0.0000 0.4666 0.0000 0.0551 0.0034 0.0051 0.0154 0.0492 0.0106 0.0109 0.0235	HII
7.0000 -1.8750 -2.7500 0.2673 0.0470 0.0148 0.0212 0.0000 0.6850 0.0000 0.0543 0.0042 0.0035 0.0152 0.0357 0.0115 0.0081 0.0268	HII
7.0000 -1.8750 -2.5000 0.1841 0.0581 0.0220 0.0209 0.0000 0.8976 0.0000 0.0535 0.0050 0.0024 0.0149 0.0256 0.0119 0.0051 0.0288	HII
7.0000 -1.8750 -2.2500 0.1276 0.0700 0.0303 0.0206 0.0000 1.1003 0.0000 0.0530 0.0055 0.0016 0.0147 0.0186 0.0118 0.0017 0.0291	HII
7.0000 -1.8750 -2.0000 0.0913 0.0825 0.0399 0.0204 0.0000 1.2944 0.0000 0.0526 0.0056 0.0012 0.0146 0.0138 0.0109 0.0013 0.0277	HII
7.0000 -1.8750 -1.7500 0.0681 0.0952 0.0503 0.0202 0.0000 1.4792 0.0000 0.0523 0.0054 0.0000 0.0144 0.0107 0.0097 0.0000 0.0250	HII
7.0000 -1.8750 -1.5000 0.0527 0.1079 0.0616 0.0200 0.0000 1.6548 0.0000 0.0520 0.0050 0.0000 0.0143 0.0084 0.0082 0.0000 0.0217	HII
7.1000 -1.8750 -4.0000 0.5387 0.0105 0.0000 0.0234 0.0000 0.0160 0.0000 0.0599 0.0000 0.0112 0.0169 0.1569 0.0083 0.0117 0.0095	HII
7.1000 -1.8750 -3.7500 0.6176 0.0163 0.0000 0.0229 0.0000 0.0513 0.0000 0.0587 0.0014 0.0115 0.0165 0.1327 0.0094 0.0146 0.0138	HII
7.1000 -1.8750 -3.5000 0.6499 0.0244 0.0021 0.0224 0.0000 0.1446 0.0000 0.0574 0.0022 0.0108 0.0162 0.1074 0.0107 0.0167 0.0189	HII
7.1000 -1.8750 -3.2500 0.5940 0.0344 0.0054 0.0220 0.0000 0.3278 0.0000 0.0562 0.0031 0.0089 0.0158 0.0830 0.0120 0.0164 0.0243	HII
7.1000 -1.8750 -3.0000 0.4682 0.0458 0.0109 0.0216 0.0000 0.5809 0.0000 0.0552 0.0042 0.0065 0.0155 0.0618 0.0133 0.0137 0.0295	HII
7.1000 -1.8750 -2.7500 0.3348 0.0585 0.0182 0.0212 0.0000 0.8532 0.0000 0.0544 0.0053 0.0044 0.0152 0.0448 0.0144 0.0102 0.0336	HII
7.1000 -1.8750 -2.5000 0.2306 0.0723 0.0271 0.0209 0.0000 1.1180 0.0000 0.0537 0.0062 0.0030 0.0150 0.0322 0.0149 0.0073 0.0360	HII
7.1000 -1.8750 -2.2500 0.1599 0.0871 0.0374 0.0206 0.0000 1.3708 0.0000 0.0531 0.0068 0.0020 0.0148 0.0233 0.0147 0.0045 0.0364	HII
7.1000 -1.8750 -2.0000 0.1144 0.1027 0.0491 0.0204 0.0000 1.6133 0.0000 0.0527 0.0070 0.0015 0.0146 0.0173 0.0137 0.0016 0.0347	HII
7.1000 -1.8750 -1.7500 0.0853 0.1186 0.0622 0.0202 0.0000 1.8461 0.0000 0.0524 0.0068 0.0011 0.0145 0.0133 0.0121 0.0012 0.0314	HII
7.1000 -1.8750 -1.5000 0.0662 0.1347 0.0765 0.0200 0.0000 2.0695 0.0000 0.0521 0.0062 0.0000 0.0143 0.0107 0.0104 0.0000 0.0272	HII
7.2000 -1.8750 -4.0000 0.6704 0.0129 0.0000 0.0234 0.0000 0.0198 0.0000 0.0599 0.0011 0.0140 0.0169 0.1964 0.0082 0.0145 0.0119	HII
7.2000 -1.8750 -3.7500 0.7687 0.0202 0.0000 0.0229 0.0000 0.0635 0.0000 0.0587 0.0018 0.0144 0.0166 0.1661 0.0094 0.0181 0.0172	HII
7.2000 -1.8750 -3.5000 0.8091 0.0301 0.0025 0.0225 0.0000 0.1788 0.0000 0.0574 0.0027 0.0135 0.0162 0.1345 0.0106 0.0206 0.0236	HII
7.2000 -1.8750 -3.2500 0.7400 0.0425 0.0066 0.0220 0.0000 0.4054 0.0000 0.0563 0.0039 0.0111 0.0158 0.1039 0.0119 0.0201 0.0304	HII
7.2000 -1.8750 -3.0000 0.5837 0.0566 0.0133 0.0216 0.0000 0.7181 0.0000 0.0553 0.0052 0.0081 0.0155 0.0772 0.0132 0.0168 0.0368	HII
7.2000 -1.8750 -2.7500 0.4178 0.0721 0.0221 0.0213 0.0000 1.0539 0.0000 0.0545 0.0065 0.0055 0.0152 0.0560 0.0142 0.0127 0.0419	HII
7.2000 -1.8750 -2.5000 0.2878 0.0888 0.0327 0.0210 0.0000 1.3787 0.0000 0.0539 0.0076 0.0037 0.0150 0.0403 0.0148 0.0091 0.0450	HII
7.2000 -1.8750 -2.2500 0.1995 0.1067 0.0448 0.0207 0.0000 1.6865 0.0000 0.0534 0.0084 0.0026 0.0148 0.0291 0.0146 0.0056 0.0454	HII
7.2000 -1.8750 -2.0000 0.1426 0.1253 0.0586 0.0206 0.0000 1.9795 0.0000 0.0530 0.0086 0.0018 0.0147 0.0216 0.0136 0.0040 0.0432	HII
7.2000 -1.8750 -1.7500 0.1061 0.1443 0.0737 0.0204 0.0000 2.2584 0.0000 0.0527 0.0082 0.0014 0.0146 0.0166 0.0120 0.0015 0.0390	HII
7.2000 -1.8750 -1.5000 0.0821 0.1632 0.0901 0.0202 0.0000 2.5243 0.0000 0.0524 0.0075 0.0011 0.0144 0.0133 0.0102 0.0012 0.0337	HII
7.3000 -1.8750 -4.0000 0.8312 0.0156 0.0000 0.0234 0.0000 0.0243 0.0000 0.0598 0.0014 0.0175 0.0169 0.2449 0.0128 0.0179 0.0148	HII
7.3000 -1.8750 -3.7500 0.9525 0.0245 0.0000 0.0229 0.0000 0.0778 0.0000 0.0587 0.0022 0.0179 0.0166 0.2073 0.0147 0.0223 0.0215	HII
7.3000 -1.8750 -3.5000 1.0031 0.0368 0.0031 0.0225 0.0000 0.2193 0.0000 0.0575 0.0034 0.0169 0.0162 0.1679 0.0166 0.0253 0.0294	HII
7.3000 -1.8750 -3.2500 0.9187 0.0520 0.0079 0.0220 0.0000 0.4974 0.0000 0.0564 0.0048 0.0140 0.0159 0.1297 0.0187 0.0249 0.0379	HII
7.3000 -1.8750 -3.0000 0.7254 0.0692 0.0160 0.0217 0.0000 0.8812 0.0000 0.0555 0.0063 0.0102 0.0156 0.0964 0.0206 0.0208 0.0458	HII
7.3000 -1.8750 -2.7500 0.5196 0.0880 0.0264 0.0214 0.0000 1.2926 0.0000 0.0547 0.0079 0.0070 0.0153 0.0699 0.0223 0.0156 0.0522	HII
7.3000 -1.8750 -2.5000 0.3582 0.1082 0.0388 0.0211 0.0000 1.6876 0.0000 0.0541 0.0093 0.0047 0.0151 0.0501 0.0231 0.0113 0.0560	HII
7.3000 -1.8750 -2.2500 0.2481 0.1295 0.0530 0.0209 0.0000 2.0587 0.0000 0.0537 0.0102 0.0032 0.0149 0.0363 0.0228 0.0081 0.0565	HII
7.3000 -1.8750 -2.0000 0.1770 0.1515 0.0687 0.0207 0.0000 2.4078 0.0000 0.0533 0.0104 0.0023 0.0148 0.0268 0.0213 0.0051 0.0537	HII
7.3000 -1.8750 -1.7500 0.1315 0.1736 0.0858 0.0205 0.0000 2.7381 0.0000 0.0531 0.0100 0.0017 0.0147 0.0206 0.0188 0.0028 0.0483	HII
7.3000 -1.8750 -1.5000 0.1014 0.1956 0.1041 0.0204 0.0000 3.0504 0.0000 0.0528 0.0090 0.0013 0.0146 0.0165 0.0160 0.0014 0.0417	HII
7.4000 -1.8750 -4.0000 1.0258 0.0188 0.0000 0.0234 0.0000 0.0296 0.0000 0.0598 0.0017 0.0218 0.0169 0.3051 0.0126 0.0219 0.0184	HII
7.4000 -1.8750 -3.7500 1.1754 0.0297 0.0011 0.0229 0.0000 0.0950 0.0000 0.0587 0.0027 0.0223 0.0166 0.2584 0.0144 0.0272 0.0267	HII
7.4000 -1.8750 -3.5000 1.2383 0.0447 0.0037 0.0225 0.0000 0.2675 0.0000 0.0576 0.0041 0.0211 0.0162 0.2092 0.0164 0.0309 0.0366	HII
7.4000 -1.8750 -3.2500 1.1350 0.0632 0.0095 0.0221 0.0000 0.6066 0.0000 0.0566 0.0058 0.0175 0.0159 0.1617 0.0184 0.0303 0.0471	HII
7.4000 -1.8750 -3.0000 0.8979 0.0841 0.0189 0.0217 0.0000 1.0749 0.0000 0.0557 0.0077 0.0128 0.0156 0.1201 0.0203 0.0254 0.0568	HII
7.4000 -1.8750 -2.7500 0.6437 0.1068 0.0312 0.0214 0.0000 1.5747 0.0000 0.0550 0.0096 0.0088 0.0154 0.0870 0.0219 0.0191 0.0647	HII
7.4000 -1.8750 -2.5000 0.4438 0.1308 0.0455 0.0212 0.0000 2.0508 0.0000 0.0544 0.0112 0.0059 0.0152 0.0624 0.0227 0.0137 0.0694	HII
7.4000 -1.8750 -2.2500 0.3072 0.1559 0.0616 0.0210 0.0000 2.4935 0.0000 0.0540 0.0123 0.0040 0.0150 0.0450 0.0224 0.0098 0.0699	HII
7.4000 -1.8750 -2.0000 0.2190 0.1814 0.0793 0.0209 0.0000 2.9052 0.0000 0.0537 0.0125 0.0029 0.0149 0.0333 0.0209 0.0062 0.0664	HII
7.4000 -1.8750 -1.7500 0.1623 0.2069 0.0983 0.0207 0.0000 3.2916 0.0000 0.0535 0.0119 0.0021 0.0148 0.0256 0.0185 0.0046 0.0597	HII
7.4000 -1.8750 -1.5000 0.1249 0.2321 0.1186 0.0205 0.0000 3.6562 0.0000 0.0532 0.0108 0.0016 0.0147 0.0203 0.0158 0.0017 0.0514	HII
7.6000 -1.8750 -4.0000 1.5329 0.0269 0.0000 0.0233 0.0000 0.0433 0.0000 0.0597 0.0025 0.0333 0.0169 0.4693 0.0191 0.0318 0.0281	HII
7.6000 -1.8750 -3.7500 1.7546 0.0426 0.0016 0.0230 0.0000 0.1382 0.0000 0.0588 0.0040 0.0343 0.0166 0.3979 0.0220 0.0395 0.0408	HII
7.6000 -1.8750 -3.5000 1.8482 0.0643 0.0050 0.0226 0.0000 0.3886 0.0000 0.0578 0.0060 0.0326 0.0163 0.3224 0.0250 0.0447 0.0559	HII
7.6000 -1.8750 -3.2500 1.6964 0.0910 0.0127 0.0222 0.0000 0.8790 0.0000 0.0569 0.0084 0.0271 0.0160 0.2489 0.0280 0.0438 0.0717	HII
7.6000 -1.8750 -3.0000 1.3459 0.1207 0.0252 0.0219 0.0000 1.5535 0.0000 0.0561 0.0111 0.0200 0.0158 0.1847 0.0308 0.0367 0.0862	HII
7.6000 -1.8750 -2.7500 0.9674 0.1520 0.0410 0.0217 0.0000 2.2663 0.0000 0.0555 0.0136 0.0137 0.0156 0.1336 0.0330 0.0277 0.0976	HII
7.6000 -1.8750 -2.5000 0.6675 0.1844 0.0589 0.0215 0.0000 2.9332 0.0000 0.0551 0.0158 0.0092 0.0154 0.0956 0.0342 0.0199 0.1044	HII
7.6000 -1.8750 -2.2500 0.4616 0.2173 0.0783 0.0213 0.0000 3.5370 0.0000 0.0547 0.0171 0.0063 0.0153 0.0689 0.0337 0.0142 0.1051	HII
7.6000 -1.8750 -2.0000 0.3281 0.2501 0.0991 0.0212 0.0000 4.0888 0.0000 0.0545 0.0172 0.0044 0.0152 0.0508 0.0314 0.0103 0.0996	HII
7.6000 -1.8750 -1.7500 0.2422 0.2827 0.1212 0.0211 0.0000 4.6014 0.0000 0.0543 0.0164 0.0033 0.0151 0.0387 0.0278 0.0078 0.0893	HII
7.6000 -1.8750 -1.5000 0.1858 0.3150 0.1447 0.0209 0.0000 5.0838 0.0000 0.0541 0.0148 0.0025 0.0150 0.0308 0.0238 0.0052 0.0766	HII
7.7000 -1.8750 -4.0000 1.8456 0.0316 0.0000 0.0233 0.0000 0.0516 0.0000 0.0597 0.0030 0.0409 0.0169 0.5775 0.0295 0.0374 0.0345	HII
7.7000 -1.8750 -3.7500 2.1104 0.0501 0.0018 0.0230 0.0000 0.1640 0.0000 0.0589 0.0047 0.0421 0.0166 0.4905 0.0338 0.0464 0.0500	HII
7.7000 -1.8750 -3.5000 2.2211 0.0757 0.0056 0.0226 0.0000 0.4597 0.0000 0.0580 0.0071 0.0401 0.0163 0.3975 0.0384 0.0524 0.0683	HII
7.7000 -1.8750 -3.2500 2.0404 0.1070 0.0143 0.0223 0.0000 1.0380 0.0000 0.0571 0.0099 0.0335 0.0161 0.3068 0.0430 0.0514 0.0875	HII
7.7000 -1.8750 -3.0000 1.6212 0.1415 0.0280 0.0220 0.0000 1.8298 0.0000 0.0564 0.0130 0.0248 0.0159 0.2276 0.0471 0.0431 0.1049	HII
7.7000 -1.8750 -2.7500 1.1675 0.1772 0.0451 0.0218 0.0000 2.6603 0.0000 0.0558 0.0158 0.0170 0.0157 0.1644 0.0504 0.0325 0.1185	HII
7.7000 -1.8750 -2.5000 0.8066 0.2136 0.0642 0.0216 0.0000 3.4304 0.0000 0.0554 0.0182 0.0114 0.0155 0.1175 0.0521 0.0233 0.1264	HII
7.7000 -1.8750 -2.2500 0.5578 0.2502 0.0846 0.0215 0.0000 4.1208 0.0000 0.0551 0.0196 0.0078 0.0154 0.0846 0.0512 0.0167 0.1271	HII
7.7000 -1.8750 -2.0000 0.3962 0.2866 0.1063 0.0214 0.0000 4.7452 0.0000 0.0549 0.0197 0.0055 0.0153 0.0622 0.0478 0.0122 0.1204	HII
7.7000 -1.8750 -1.7500 0.2923 0.3228 0.1295 0.0212 0.0000 5.3278 0.0000 0.0547 0.0187 0.0040 0.0152 0.0473 0.0424 0.0091 0.1079	HII
7.7000 -1.8750 -1.5000 0.2240 0.3589 0.1543 0.0211 0.0000 5.8802 0.0000 0.0545 0.0169 0.0031 0.0152 0.0375 0.0363 0.0061 0.0925	HII
7.8000 -1.8750 -4.0000 2.1970 0.0366 0.0000 0.0233 0.0000 0.0613 0.0000 0.0597 0.0035 0.0498 0.0169 0.7062 0.0284 0.0434 0.0420	HII
7.8000 -1.8750 -3.7500 2.5079 0.0582 0.0020 0.0230 0.0000 0.1921 0.0010 0.0590 0.0055 0.0514 0.0167 0.6014 0.0327 0.0537 0.0607	HII
7.8000 -1.8750 -3.5000 2.6380 0.0880 0.0062 0.0227 0.0000 0.5366 0.0011 0.0581 0.0083 0.0490 0.0164 0.4876 0.0371 0.0605 0.0830	HII
7.8000 -1.8750 -3.2500 2.4229 0.1240 0.0155 0.0224 0.0000 1.2076 0.0000 0.0573 0.0115 0.0411 0.0162 0.3763 0.0413 0.0592 0.1059	HII
7.8000 -1.8750 -3.0000 1.9290 0.1631 0.0302 0.0221 0.0000 2.1212 0.0000 0.0567 0.0149 0.0305 0.0159 0.2787 0.0451 0.0496 0.1266	HII
7.8000 -1.8750 -2.7500 1.3920 0.2030 0.0481 0.0219 0.0000 3.0711 0.0000 0.0562 0.0180 0.0210 0.0158 0.2010 0.0481 0.0375 0.1424	HII
7.8000 -1.8750 -2.5000 0.9632 0.2429 0.0677 0.0218 0.0000 3.9420 0.0000 0.0558 0.0205 0.0141 0.0156 0.1435 0.0495 0.0270 0.1513	HII
7.8000 -1.8750 -2.2500 0.6667 0.2828 0.0887 0.0216 0.0000 4.7209 0.0000 0.0555 0.0220 0.0096 0.0155 0.1030 0.0487 0.0193 0.1519	HII
7.8000 -1.8750 -2.0000 0.4736 0.3225 0.1109 0.0215 0.0000 5.4223 0.0000 0.0553 0.0222 0.0067 0.0154 0.0757 0.0454 0.0142 0.1439	HII
7.8000 -1.8750 -1.7500 0.3493 0.3623 0.1346 0.0214 0.0000 6.0756 0.0000 0.0551 0.0211 0.0049 0.0154 0.0576 0.0404 0.0106 0.1291	HII
7.8000 -1.8750 -1.5000 0.2677 0.4025 0.1602 0.0213 0.0000 6.7023 0.0000 0.0549 0.0190 0.0038 0.0153 0.0455 0.0346 0.0083 0.1108	HII
7.9000 -1.8750 -4.0000 2.5511 0.0414 0.0000 0.0233 0.0000 0.0704 0.0010 0.0598 0.0040 0.0599 0.0169 0.8540 0.0429 0.0486 0.0504	HII
7.9000 -1.8750 -3.7500 2.9127 0.0660 0.0021 0.0231 0.0000 0.2199 0.0012 0.0591 0.0063 0.0619 0.0167 0.7290 0.0494 0.0599 0.0728	HII
7.9000 -1.8750 -3.5000 3.0629 0.0998 0.0065 0.0228 0.0000 0.6115 0.0012 0.0583 0.0094 0.0591 0.0165 0.5920 0.0559 0.0676 0.0994	HII
7.9000 -1.8750 -3.2500 2.8155 0.1402 0.0162 0.0225 0.0000 1.3704 0.0011 0.0576 0.0130 0.0498 0.0162 0.4567 0.0621 0.0660 0.1265	HII
7.9000 -1.8750 -3.0000 2.2464 0.1832 0.0310 0.0222 0.0000 2.3976 0.0000 0.0570 0.0166 0.0371 0.0160 0.3379 0.0675 0.0555 0.1505	HII
7.9000 -1.8750 -2.7500 1.6275 0.2263 0.0489 0.0221 0.0000 3.4581 0.0000 0.0565 0.0199 0.0256 0.0159 0.2435 0.0716 0.0422 0.1686	HII
7.9000 -1.8750 -2.5000 1.1304 0.2691 0.0685 0.0219 0.0000 4.4258 0.0000 0.0561 0.0225 0.0172 0.0158 0.1736 0.0735 0.0306 0.1787	HII
7.9000 -1.8750 -2.2500 0.7843 0.3117 0.0892 0.0218 0.0000 5.2852 0.0000 0.0559 0.0241 0.0117 0.0157 0.1245 0.0723 0.0220 0.1791	HII
7.9000 -1.8750 -2.0000 0.5581 0.3543 0.1113 0.0217 0.0000 6.0653 0.0000 0.0557 0.0242 0.0082 0.0156 0.0914 0.0675 0.0160 0.1696	HII
7.9000 -1.8750 -1.7500 0.4119 0.3976 0.1350 0.0216 0.0000 6.7969 0.0000 0.0555 0.0231 0.0060 0.0155 0.0694 0.0602 0.0122 0.1525	HII
7.9000 -1.8750 -1.5000 0.3159 0.4422 0.1612 0.0215 0.0000 7.5068 0.0000 0.0554 0.0210 0.0046 0.0155 0.0548 0.0518 0.0095 0.1313	HII
8.0000 -1.8750 -4.0000 2.9006 0.0458 0.0000 0.0233 0.0000 0.0792 0.0011 0.0598 0.0044 0.0711 0.0169 1.0215 0.0404 0.0526 0.0597	HII
8.0000 -1.8750 -3.7500 3.3185 0.0733 0.0021 0.0231 0.0000 0.2469 0.0013 0.0593 0.0071 0.0736 0.0168 0.8753 0.0465 0.0651 0.0863	HII
8.0000 -1.8750 -3.5000 3.4877 0.1107 0.0066 0.0229 0.0000 0.6826 0.0014 0.0586 0.0105 0.0705 0.0165 0.7119 0.0526 0.0734 0.1177	HII
8.0000 -1.8750 -3.2500 3.2046 0.1547 0.0161 0.0226 0.0000 1.5188 0.0013 0.0579 0.0143 0.0597 0.0163 0.5492 0.0582 0.0715 0.1491	HII
8.0000 -1.8750 -3.0000 2.5660 0.2008 0.0305 0.0224 0.0000 2.6449 0.0010 0.0573 0.0181 0.0447 0.0161 0.4060 0.0628 0.0604 0.1766	HII
8.0000 -1.8750 -2.7500 1.8692 0.2462 0.0478 0.0222 0.0000 3.8055 0.0000 0.0568 0.0215 0.0309 0.0160 0.2923 0.0663 0.0462 0.1970	HII
8.0000 -1.8750 -2.5000 1.3052 0.2911 0.0665 0.0220 0.0000 4.8615 0.0000 0.0565 0.0241 0.0208 0.0159 0.2083 0.0679 0.0337 0.2082	HII
8.0000 -1.8750 -2.2500 0.9090 0.3357 0.0864 0.0219 0.0000 5.7972 0.0000 0.0562 0.0257 0.0141 0.0158 0.1494 0.0668 0.0245 0.2085	HII
8.0000 -1.8750 -2.0000 0.6486 0.3810 0.1078 0.0218 0.0000 6.6529 0.0000 0.0561 0.0259 0.0099 0.0157 0.1095 0.0626 0.0179 0.1976	HII
8.0000 -1.8750 -1.7500 0.4796 0.4277 0.1312 0.0217 0.0000 7.4660 0.0000 0.0559 0.0248 0.0072 0.0157 0.0832 0.0560 0.0137 0.1780	HII
8.0000 -1.8750 -1.5000 0.3685 0.4766 0.1574 0.0216 0.0000 8.2676 0.0000 0.0558 0.0227 0.0055 0.0156 0.0657 0.0484 0.0108 0.1537	HII
8.1000 -1.8750 -4.0000 3.1473 0.0484 0.0000 0.0234 0.0000 0.0852 0.0012 0.0599 0.0047 0.0821 0.0170 1.1927 0.0588 0.0533 0.0688	HII
8.1000 -1.8750 -3.7500 3.6194 0.0778 0.0020 0.0232 0.0000 0.2655 0.0014 0.0595 0.0075 0.0854 0.0168 1.0286 0.0679 0.0666 0.0998	HII
8.1000 -1.8750 -3.5000 3.8183 0.1179 0.0062 0.0229 0.0000 0.7326 0.0015 0.0588 0.0111 0.0823 0.0166 0.8403 0.0768 0.0752 0.1361	HII
8.1000 -1.8750 -3.2500 3.5253 0.1645 0.0150 0.0227 0.0000 1.6244 0.0014 0.0582 0.0151 0.0701 0.0164 0.6495 0.0846 0.0737 0.1723	HII
8.1000 -1.8750 -3.0000 2.8407 0.2122 0.0282 0.0225 0.0000 2.8186 0.0011 0.0576 0.0189 0.0528 0.0163 0.4803 0.0909 0.0628 0.2031	HII
8.1000 -1.8750 -2.7500 2.0883 0.2589 0.0439 0.0223 0.0000 4.0526 0.0000 0.0572 0.0223 0.0368 0.0161 0.3458 0.0954 0.0487 0.2259	HII
8.1000 -1.8750 -2.5000 1.4700 0.3046 0.0611 0.0222 0.0000 5.1791 0.0000 0.0568 0.0249 0.0248 0.0160 0.2465 0.0975 0.0360 0.2384	HII
8.1000 -1.8750 -2.2500 1.0307 0.3505 0.0796 0.0221 0.0000 6.1852 0.0000 0.0566 0.0266 0.0169 0.0159 0.1769 0.0960 0.0263 0.2386	HII
8.1000 -1.8750 -2.0000 0.7388 0.3977 0.0997 0.0220 0.0000 7.1115 0.0000 0.0564 0.0269 0.0118 0.0159 0.1298 0.0903 0.0195 0.2266	HII
8.1000 -1.8750 -1.7500 0.5485 0.4475 0.1220 0.0219 0.0000 8.0056 0.0000 0.0563 0.0259 0.0086 0.0158 0.0986 0.0813 0.0150 0.2047	HII
8.1000 -1.8750 -1.5000 0.4227 0.5005 0.1474 0.0218 0.0000 8.8997 0.0000 0.0562 0.0239 0.0066 0.0157 0.0779 0.0706 0.0117 0.1774	HII
8.2000 -1.8750 -4.0000 3.2557 0.0476 0.0000 0.0233 0.0000 0.0866 0.0012 0.0598 0.0047 0.0921 0.0170 1.3568 0.0522 0.0504 0.0770	HII
8.2000 -1.8750 -3.7500 3.7915 0.0778 0.0017 0.0232 0.0000 0.2720 0.0014 0.0595 0.0076 0.0967 0.0169 1.1832 0.0608 0.0641 0.1124	HII
8.2000 -1.8750 -3.5000 4.0336 0.1190 0.0054 0.0230 0.0000 0.7515 0.0015 0.0589 0.0113 0.0940 0.0167 0.9735 0.0690 0.0733 0.1538	HII
8.2000 -1.8750 -3.2500 3.7520 0.1664 0.0130 0.0228 0.0000 1.6643 0.0014 0.0584 0.0153 0.0808 0.0165 0.7548 0.0758 0.0727 0.1946	HII
8.2000 -1.8750 -3.0000 3.0553 0.2145 0.0242 0.0226 0.0000 2.8869 0.0012 0.0579 0.0190 0.0614 0.0164 0.5589 0.0811 0.0627 0.2289	HII
8.2000 -1.8750 -2.7500 2.2726 0.2609 0.0378 0.0224 0.0000 4.1557 0.0000 0.0575 0.0222 0.0431 0.0162 0.4026 0.0848 0.0495 0.2540	HII
8.2000 -1.8750 -2.5000 1.6176 0.3064 0.0527 0.0223 0.0000 5.3251 0.0000 0.0572 0.0248 0.0293 0.0161 0.2873 0.0865 0.0371 0.2680	HII
8.2000 -1.8750 -2.2500 1.1440 0.3524 0.0690 0.0222 0.0000 6.3804 0.0000 0.0570 0.0265 0.0199 0.0161 0.2064 0.0854 0.0274 0.2689	HII
8.2000 -1.8750 -2.0000 0.8256 0.4004 0.0870 0.0221 0.0000 7.3622 0.0000 0.0568 0.0270 0.0140 0.0160 0.1515 0.0809 0.0206 0.2563	HII
8.2000 -1.8750 -1.7500 0.6158 0.4518 0.1074 0.0221 0.0000 8.3230 0.0000 0.0567 0.0262 0.0102 0.0159 0.1152 0.0733 0.0159 0.2327	HII
8.2000 -1.8750 -1.5000 0.4765 0.5076 0.1309 0.0220 0.0000 9.3001 0.0000 0.0566 0.0245 0.0077 0.0159 0.0911 0.0642 0.0128 0.2029	HII
8.3000 -1.8750 -4.0000 3.0092 0.0404 0.0000 0.0230 0.0000 0.0779 0.0011 0.0593 0.0041 0.0964 0.0168 1.4520 0.0684 0.0406 0.0802	HII
8.3000 -1.8750 -3.7500 3.6100 0.0685 0.0013 0.0230 0.0000 0.2499 0.0013 0.0593 0.0068 0.1033 0.0168 1.2945 0.0812 0.0538 0.1192	HII
8.3000 -1.8750 -3.5000 3.9389 0.1078 0.0040 0.0229 0.0000 0.7032 0.0014 0.0590 0.0104 0.1023 0.0167 1.0827 0.0932 0.0638 0.1656	HII
8.3000 -1.8750 -3.2500 3.7429 0.1537 0.0098 0.0228 0.0000 1.5764 0.0014 0.0585 0.0142 0.0895 0.0166 0.8477 0.1030 0.0650 0.2110	HII
8.3000 -1.8750 -3.0000 3.1097 0.2002 0.0185 0.0226 0.0000 2.7598 0.0011 0.0582 0.0177 0.0692 0.0165 0.6308 0.1101 0.0576 0.2488	HII
8.3000 -1.8750 -2.7500 2.3562 0.2447 0.0290 0.0225 0.0000 4.0052 0.0000 0.0578 0.0207 0.0492 0.0164 0.4556 0.1150 0.0465 0.2764	HII
8.3000 -1.8750 -2.5000 1.7067 0.2886 0.0410 0.0224 0.0000 5.1725 0.0000 0.0576 0.0232 0.0337 0.0163 0.3257 0.1175 0.0359 0.2925	HII
8.3000 -1.8750 -2.2500 1.2231 0.3331 0.0543 0.0223 0.0000 6.2390 0.0000 0.0574 0.0249 0.0231 0.0162 0.2345 0.1167 0.0272 0.2952	HII
8.3000 -1.8750 -2.0000 0.8913 0.3801 0.0692 0.0223 0.0000 7.2450 0.0000 0.0573 0.0256 0.0162 0.0161 0.1726 0.1115 0.0208 0.2835	HII
8.3000 -1.8750 -1.7500 0.6700 0.4310 0.0864 0.0222 0.0000 8.2376 0.0000 0.0571 0.0253 0.0118 0.0161 0.1314 0.1022 0.0164 0.2597	HII
8.3000 -1.8750 -1.5000 0.5218 0.4879 0.1067 0.0221 0.0000 9.2728 0.0000 0.0570 0.0240 0.0090 0.0160 0.1042 0.0905 0.0132 0.2286	HII
8.4000 -1.8750 -4.0000 2.5736 0.0317 0.0000 0.0227 0.0000 0.0656 0.0000 0.0587 0.0033 0.0962 0.0167 1.4856 0.0540 0.0292 0.0803	HII
8.4000 -1.8750 -3.7500 3.2320 0.0566 0.0000 0.0229 0.0000 0.2181 0.0011 0.0590 0.0057 0.1062 0.0168 1.3669 0.0659 0.0414 0.1226	HII
8.4000 -1.8750 -3.5000 3.6594 0.0928 0.0028 0.0229 0.0000 0.6305 0.0013 0.0589 0.0091 0.1079 0.0167 1.1707 0.0773 0.0517 0.1737	HII
8.4000 -1.8750 -3.2500 3.5749 0.1358 0.0069 0.0228 0.0000 1.4382 0.0012 0.0587 0.0127 0.0965 0.0166 0.9294 0.0862 0.0546 0.2240	HII
8.4000 -1.8750 -3.0000 3.0427 0.1793 0.0132 0.0227 0.0000 2.5452 0.0011 0.0584 0.0158 0.0760 0.0166 0.6968 0.0923 0.0502 0.2653	HII
8.4000 -1.8750 -2.7500 2.3586 0.2211 0.0210 0.0226 0.0000 3.7318 0.0000 0.0582 0.0186 0.0548 0.0165 0.5055 0.0964 0.0418 0.2955	HII
8.4000 -1.8750 -2.5000 1.7419 0.2623 0.0301 0.0225 0.0000 4.8656 0.0000 0.0580 0.0209 0.0380 0.0164 0.3627 0.0987 0.0332 0.3139	HII
8.4000 -1.8750 -2.2500 1.2674 0.3041 0.0403 0.0225 0.0000 5.9157 0.0000 0.0578 0.0226 0.0262 0.0163 0.2617 0.0985 0.0258 0.3184	HII
8.4000 -1.8750 -2.0000 0.9350 0.3488 0.0522 0.0224 0.0000 6.9215 0.0000 0.0577 0.0235 0.0185 0.0163 0.1932 0.0950 0.0201 0.3081	HII
8.4000 -1.8750 -1.7500 0.7098 0.3976 0.0659 0.0223 0.0000 7.9230 0.0000 0.0576 0.0235 0.0135 0.0162 0.1475 0.0880 0.0159 0.2846	HII
8.4000 -1.8750 -1.5000 0.5569 0.4532 0.0825 0.0223 0.0000 8.9826 0.0000 0.0575 0.0227 0.0103 0.0162 0.1174 0.0788 0.0130 0.2528	HII
8.5000 -1.8750 -4.0000 1.7830 0.0172 0.0000 0.0223 0.0000 0.0410 0.0000 0.0578 0.0021 0.0844 0.0164 1.3337 0.0594 0.0155 0.0726	HII
8.5000 -1.8750 -3.7500 2.4372 0.0342 0.0000 0.0226 0.0000 0.1461 0.0000 0.0585 0.0040 0.0982 0.0166 1.2938 0.0765 0.0248 0.1156	HII
8.5000 -1.8750 -3.5000 3.0037 0.0621 0.0014 0.0227 0.0000 0.4567 0.0000 0.0588 0.0069 0.1052 0.0167 1.1596 0.0939 0.0347 0.1712	HII
8.5000 -1.8750 -3.2500 3.1460 0.0985 0.0038 0.0228 0.0000 1.1142 0.0000 0.0587 0.0102 0.0982 0.0167 0.9482 0.1079 0.0402 0.2273	HII
8.5000 -1.8750 -3.0000 2.8281 0.1376 0.0077 0.0227 0.0000 2.0701 0.0000 0.0586 0.0131 0.0799 0.0166 0.7223 0.1172 0.0396 0.2734	HII
8.5000 -1.8750 -2.7500 2.2813 0.1758 0.0128 0.0227 0.0000 3.1354 0.0000 0.0585 0.0155 0.0589 0.0166 0.5276 0.1230 0.0349 0.3067	HII
8.5000 -1.8750 -2.5000 1.7338 0.2136 0.0189 0.0226 0.0000 4.1875 0.0000 0.0584 0.0175 0.0414 0.0165 0.3801 0.1268 0.0287 0.3284	HII
8.5000 -1.8750 -2.2500 1.2886 0.2525 0.0261 0.0226 0.0000 5.1934 0.0000 0.0583 0.0192 0.0288 0.0165 0.2754 0.1282 0.0231 0.3377	HII
8.5000 -1.8750 -2.0000 0.9638 0.2939 0.0345 0.0225 0.0000 6.1652 0.0000 0.0582 0.0204 0.0204 0.0165 0.2038 0.1261 0.0185 0.3328	HII
8.5000 -1.8750 -1.7500 0.7381 0.3393 0.0446 0.0225 0.0000 7.1438 0.0000 0.0581 0.0209 0.0149 0.0164 0.1561 0.1198 0.0150 0.3139	HII
8.5000 -1.8750 -1.5000 0.5825 0.3907 0.0568 0.0224 0.0000 8.1809 0.0000 0.0580 0.0208 0.0114 0.0164 0.1245 0.1100 0.0124 0.2845	HII
8.6000 -1.8750 -4.0000 1.0547 0.0062 0.0000 0.0217 0.0000 0.0187 0.0000 0.0566 0.0012 0.0673 0.0161 1.0798 0.0378 0.0056 0.0615	HII
8.6000 -1.8750 -3.7500 1.5974 0.0141 0.0000 0.0223 0.0000 0.0727 0.0000 0.0579 0.0024 0.0831 0.0165 1.1117 0.0517 0.0121 0.1028	HII
8.6000 -1.8750 -3.5000 2.2428 0.0303 0.0000 0.0226 0.0000 0.2588 0.0000 0.0585 0.0048 0.0961 0.0167 1.0635 0.0681 0.0201 0.1621	HII
8.6000 -1.8750 -3.2500 2.6711 0.0561 0.0017 0.0227 0.0000 0.7209 0.0000 0.0587 0.0078 0.0965 0.0167 0.9155 0.0829 0.0274 0.2273	HII
8.6000 -1.8750 -3.0000 2.6165 0.0870 0.0039 0.0227 0.0000 1.4740 0.0000 0.0587 0.0105 0.0817 0.0167 0.7122 0.0924 0.0301 0.2803	HII
8.6000 -1.8750 -2.7500 2.2465 0.1196 0.0068 0.0227 0.0000 2.3766 0.0000 0.0587 0.0126 0.0618 0.0167 0.5246 0.0978 0.0284 0.3173	HII
8.6000 -1.8750 -2.5000 1.7799 0.1531 0.0105 0.0227 0.0000 3.3118 0.0000 0.0587 0.0143 0.0440 0.0167 0.3779 0.1013 0.0246 0.3420	HII
8.6000 -1.8750 -2.2500 1.3579 0.1884 0.0150 0.0227 0.0000 4.2387 0.0000 0.0587 0.0159 0.0307 0.0166 0.2734 0.1039 0.0206 0.3570	HII
8.6000 -1.8750 -2.0000 1.0294 0.2263 0.0205 0.0227 0.0000 5.1561 0.0000 0.0587 0.0172 0.0217 0.0166 0.2022 0.1050 0.0167 0.3610	HII
8.6000 -1.8750 -1.7500 0.7920 0.2673 0.0270 0.0226 0.0000 6.0796 0.0000 0.0586 0.0183 0.0159 0.0166 0.1548 0.1036 0.0137 0.3522	HII
8.6000 -1.8750 -1.5000 0.6253 0.3134 0.0352 0.0226 0.0000 7.0568 0.0000 0.0586 0.0188 0.0120 0.0166 0.1234 0.0993 0.0115 0.3311	HII
8.7000 -1.8750 -4.0000 0.4698 0.0017 0.0000 0.0213 0.0000 0.0069 0.0000 0.0559 0.0000 0.0456 0.0160 0.7565 0.0330 0.0000 0.0460	HII
8.7000 -1.8750 -3.7500 0.7792 0.0044 0.0000 0.0221 0.0000 0.0282 0.0000 0.0578 0.0011 0.0593 0.0165 0.8238 0.0474 0.0016 0.0791	HII
8.7000 -1.8750 -3.5000 1.2928 0.0113 0.0000 0.0225 0.0000 0.1202 0.0000 0.0586 0.0025 0.0756 0.0167 0.8599 0.0685 0.0081 0.1356	HII
8.7000 -1.8750 -3.2500 1.8699 0.0261 0.0000 0.0227 0.0000 0.4091 0.0000 0.0589 0.0050 0.0846 0.0168 0.8092 0.0923 0.0144 0.2096	HII
8.7000 -1.8750 -3.0000 2.1284 0.0475 0.0017 0.0227 0.0000 0.9639 0.0000 0.0590 0.0076 0.0775 0.0168 0.6672 0.1099 0.0189 0.2750	HII
8.7000 -1.8750 -2.7500 2.0008 0.0716 0.0033 0.0228 0.0000 1.6782 0.0000 0.0591 0.0096 0.0608 0.0168 0.5022 0.1191 0.0201 0.3183	HII
8.7000 -1.8750 -2.5000 1.6937 0.0980 0.0053 0.0228 0.0000 2.4562 0.0000 0.0591 0.0111 0.0442 0.0168 0.3648 0.1243 0.0191 0.3460	HII
8.7000 -1.8750 -2.2500 1.3526 0.1273 0.0079 0.0228 0.0000 3.2606 0.0000 0.0592 0.0124 0.0312 0.0168 0.2643 0.1284 0.0167 0.3644	HII
8.7000 -1.8750 -2.0000 1.0537 0.1601 0.0111 0.0228 0.0000 4.0873 0.0000 0.0592 0.0137 0.0221 0.0168 0.1954 0.1320 0.0142 0.3752	HII
8.7000 -1.8750 -1.7500 0.8242 0.1967 0.0153 0.0228 0.0000 4.9444 0.0000 0.0591 0.0149 0.0161 0.0168 0.1496 0.1343 0.0120 0.3762	HII
8.7000 -1.8750 -1.5000 0.6544 0.2376 0.0204 0.0227 0.0000 5.8551 0.0000 0.0591 0.0159 0.0121 0.0167 0.1191 0.1338 0.0102 0.3654	HII
8.8000 -1.8750 -4.0000 0.1897 0.0000 0.0000 0.0210 0.0000 0.0025 0.0000 0.0555 0.0000 0.0293 0.0158 0.5021 0.0175 0.0000 0.0333	HII
8.8000 -1.8750 -3.7500 0.3376 0.0012 0.0000 0.0220 0.0000 0.0100 0.0000 0.0577 0.0000 0.0395 0.0165 0.5736 0.0259 0.0000 0.0581	HII
8.8000 -1.8750 -3.5000 0.6268 0.0036 0.0000 0.0225 0.0000 0.0480 0.0000 0.0589 0.0011 0.0538 0.0168 0.6407 0.0398 0.0011 0.1050	HII
8.8000 -1.8750 -3.2500 1.1217 0.0104 0.0000 0.0227 0.0000 0.2076 0.0000 0.0592 0.0028 0.0679 0.0169 0.6685 0.0602 0.0052 0.1810	HII
8.8000 -1.8750 -3.0000 1.5679 0.0234 0.0000 0.0228 0.0000 0.5894 0.0000 0.0593 0.0051 0.0694 0.0169 0.6032 0.0793 0.0105 0.2607	HII
8.8000 -1.8750 -2.7500 1.6772 0.0394 0.0014 0.0228 0.0000 1.1333 0.0000 0.0594 0.0071 0.0577 0.0169 0.4737 0.0900 0.0132 0.3147	HII
8.8000 -1.8750 -2.5000 1.5464 0.0574 0.0025 0.0229 0.0000 1.7435 0.0000 0.0595 0.0085 0.0431 0.0169 0.3493 0.0950 0.0140 0.3461	HII
8.8000 -1.8750 -2.2500 1.3151 0.0785 0.0039 0.0229 0.0000 2.3985 0.0000 0.0596 0.0095 0.0308 0.0169 0.2541 0.0984 0.0134 0.3662	HII
8.8000 -1.8750 -2.0000 1.0708 0.1041 0.0058 0.0229 0.0000 3.1042 0.0000 0.0596 0.0106 0.0219 0.0169 0.1878 0.1019 0.0120 0.3807	HII
8.8000 -1.8750 -1.7500 0.8591 0.1347 0.0082 0.0229 0.0000 3.8673 0.0000 0.0596 0.0117 0.0159 0.0169 0.1435 0.1057 0.0105 0.3893	HII
8.8000 -1.8750 -1.5000 0.6920 0.1702 0.0114 0.0228 0.0000 4.7006 0.0000 0.0596 0.0128 0.0120 0.0169 0.1142 0.1085 0.0091 0.3890	HII
8.9000 -1.8750 -4.0000 0.0479 0.0000 0.0000 0.0180 0.0000 0.0012 0.0000 0.0479 0.0000 0.0134 0.0138 0.1934 0.0105 0.0000 0.0218	HII
8.9000 -1.8750 -3.7500 0.0671 0.0000 0.0000 0.0199 0.0000 0.0044 0.0000 0.0528 0.0000 0.0156 0.0152 0.1913 0.0144 0.0000 0.0361	HII
8.9000 -1.8750 -3.5000 0.1576 0.0000 0.0000 0.0220 0.0000 0.0098 0.0000 0.0581 0.0000 0.0260 0.0166 0.3379 0.0243 0.0000 0.0568	HII
8.9000 -1.8750 -3.2500 0.3559 0.0018 0.0000 0.0224 0.0000 0.0569 0.0000 0.0591 0.0000 0.0381 0.0169 0.4034 0.0425 0.0000 0.1124	HII
8.9000 -1.8750 -3.0000 0.6957 0.0058 0.0000 0.0226 0.0000 0.2283 0.0000 0.0593 0.0020 0.0477 0.0169 0.4314 0.0682 0.0011 0.1944	HII
8.9000 -1.8750 -2.7500 0.9888 0.0126 0.0000 0.0228 0.0000 0.5455 0.0000 0.0595 0.0036 0.0465 0.0169 0.3843 0.0891 0.0044 0.2660	HII
8.9000 -1.8750 -2.5000 1.1061 0.0206 0.0000 0.0228 0.0000 0.9293 0.0000 0.0597 0.0050 0.0381 0.0170 0.3015 0.1003 0.0060 0.3095	HII
8.9000 -1.8750 -2.2500 1.0857 0.0301 0.0013 0.0229 0.0000 1.3514 0.0000 0.0598 0.0060 0.0287 0.0170 0.2249 0.1062 0.0081 0.3346	HII
8.9000 -1.8750 -2.0000 0.9872 0.0427 0.0021 0.0229 0.0000 1.8272 0.0000 0.0599 0.0068 0.0209 0.0170 0.1672 0.1110 0.0086 0.3519	HII
8.9000 -1.8750 -1.7500 0.8537 0.0606 0.0031 0.0229 0.0000 2.3818 0.0000 0.0600 0.0077 0.0152 0.0170 0.1274 0.1165 0.0081 0.3660	HII
8.9000 -1.8750 -1.5000 0.7171 0.0850 0.0046 0.0229 0.0000 3.0282 0.0000 0.0600 0.0086 0.0114 0.0170 0.1009 0.1228 0.0074 0.3761	HII
9.0000 -1.8750 -4.0000 0.0049 0.0000 0.0000 0.0097 0.0000 0.0000 0.0000 0.0259 0.0000 0.0032 0.0074 0.0509 0.0019 0.0000 0.0057	HII
9.0000 -1.8750 -3.7500 0.0092 0.0000 0.0000 0.0108 0.0000 0.0000 0.0000 0.0286 0.0000 0.0045 0.0082 0.0605 0.0031 0.0000 0.0111	HII
9.0000 -1.8750 -3.5000 0.0242 0.0000 0.0000 0.0115 0.0000 0.0029 0.0000 0.0305 0.0000 0.0074 0.0087 0.0819 0.0061 0.0000 0.0240	HII
9.0000 -1.8750 -3.2500 0.0895 0.0000 0.0000 0.0202 0.0000 0.0219 0.0000 0.0535 0.0000 0.0163 0.0154 0.1521 0.0169 0.0000 0.0727	HII
9.0000 -1.8750 -3.0000 0.1405 0.0000 0.0000 0.0220 0.0000 0.0401 0.0000 0.0584 0.0000 0.0214 0.0167 0.2084 0.0224 0.0000 0.0949	HII
9.0000 -1.8750 -2.7500 0.3125 0.0016 0.0000 0.0224 0.0000 0.1412 0.0000 0.0589 0.0000 0.0280 0.0168 0.2374 0.0389 0.0000 0.1681	HII
9.0000 -1.8750 -2.5000 0.5366 0.0035 0.0000 0.0226 0.0000 0.3077 0.0000 0.0593 0.0019 0.0297 0.0169 0.2265 0.0544 0.0000 0.2360	HII
9.0000 -1.8750 -2.2500 0.7872 0.0058 0.0000 0.0227 0.0000 0.5018 0.0000 0.0596 0.0032 0.0270 0.0169 0.1924 0.0668 0.0016 0.2886	HII
9.0000 -1.8750 -2.0000 1.0167 0.0081 0.0000 0.0228 0.0000 0.7032 0.0000 0.0598 0.0045 0.0221 0.0170 0.1532 0.0757 0.0055 0.3253	HII
9.0000 -1.8750 -1.7500 1.1564 0.0110 0.0000 0.0228 0.0000 0.9325 0.0000 0.0600 0.0056 0.0169 0.0170 0.1188 0.0811 0.0086 0.3464	HII
9.0000 -1.8750 -1.5000 1.1568 0.0160 0.0011 0.0228 0.0000 1.2370 0.0000 0.0600 0.0063 0.0125 0.0170 0.0923 0.0841 0.0099 0.3554	HII
9.1000 -1.8750 -4.0000 0.0000 0.0000 0.0000 0.0078 0.0000 0.0000 0.0000 0.0210 0.0000 0.0000 0.0060 0.0094 0.0000 0.0000 0.0012	HII
9.1000 -1.8750 -3.7500 0.0000 0.0000 0.0000 0.0091 0.0000 0.0000 0.0000 0.0242 0.0000 0.0000 0.0069 0.0126 0.0000 0.0000 0.0026	HII
9.1000 -1.8750 -3.5000 0.0000 0.0000 0.0000 0.0100 0.0000 0.0000 0.0000 0.0268 0.0000 0.0014 0.0076 0.0186 0.0015 0.0000 0.0060	HII
9.1000 -1.8750 -3.2500 0.0065 0.0000 0.0000 0.0107 0.0000 0.0015 0.0000 0.0284 0.0000 0.0034 0.0081 0.0356 0.0042 0.0000 0.0172	HII
9.1000 -1.8750 -3.0000 0.0493 0.0000 0.0000 0.0158 0.0000 0.0187 0.0000 0.0421 0.0000 0.0100 0.0123 0.0879 0.0162 0.0000 0.0642	HII
9.1000 -1.8750 -2.7500 0.0958 0.0000 0.0000 0.0207 0.0000 0.0664 0.0000 0.0549 0.0000 0.0115 0.0158 0.0947 0.0283 0.0000 0.1166	HII
9.1000 -1.8750 -2.5000 0.1245 0.0000 0.0000 0.0222 0.0000 0.0607 0.0000 0.0589 0.0000 0.0154 0.0168 0.1179 0.0324 0.0000 0.1339	HII
9.1000 -1.8750 -2.2500 0.3409 0.0000 0.0000 0.0224 0.0000 0.1241 0.0000 0.0592 0.0011 0.0205 0.0168 0.1390 0.0545 0.0000 0.2133	HII
9.1000 -1.8750 -2.0000 0.7011 0.0011 0.0000 0.0226 0.0000 0.1896 0.0000 0.0595 0.0025 0.0214 0.0169 0.1342 0.0772 0.0011 0.2878	HII
9.1000 -1.8750 -1.7500 0.0168 0.0014 0.0000 0.0175 0.0000 0.1785 0.0000 0.0465 0.0000 0.0000 0.0134 0.0075 0.0204 0.0000 0.0961	HII
9.1000 -1.8750 -1.5000 0.0074 0.0014 0.0000 0.0136 0.0000 0.1505 0.0000 0.0359 0.0000 0.0000 0.0102 0.0031 0.0152 0.0000 0.0715	HII
7.5000 -1.7750 -4.0000 1.2571 0.0226 0.0000 0.0233 0.0000 0.0359 0.0000 0.0597 0.0020 0.0339 0.0169 0.3788 0.0196 0.0265 0.0228	HII
7.5000 -1.7750 -3.7500 1.4403 0.0357 0.0013 0.0229 0.0000 0.1149 0.0000 0.0587 0.0033 0.0349 0.0166 0.3210 0.0225 0.0329 0.0331	HII
7.5000 -1.7750 -3.5000 1.5175 0.0538 0.0043 0.0225 0.0000 0.3237 0.0000 0.0577 0.0050 0.0331 0.0163 0.2600 0.0255 0.0374 0.0453	HII
7.5000 -1.7750 -3.2500 1.3925 0.0762 0.0111 0.0222 0.0000 0.7335 0.0000 0.0567 0.0070 0.0275 0.0160 0.2009 0.0286 0.0367 0.0582	HII
7.5000 -1.7750 -3.0000 1.1031 0.1013 0.0220 0.0218 0.0000 1.2984 0.0000 0.0559 0.0093 0.0202 0.0157 0.1492 0.0316 0.0306 0.0702	HII
7.5000 -1.7750 -2.7500 0.7921 0.1281 0.0361 0.0216 0.0000 1.8995 0.0000 0.0552 0.0115 0.0138 0.0155 0.1080 0.0340 0.0231 0.0797	HII
7.5000 -1.7750 -2.5000 0.5462 0.1563 0.0523 0.0213 0.0000 2.4664 0.0000 0.0547 0.0134 0.0093 0.0153 0.0774 0.0352 0.0165 0.0854	HII
7.5000 -1.7750 -2.2500 0.3779 0.1853 0.0702 0.0212 0.0000 2.9871 0.0000 0.0544 0.0146 0.0063 0.0152 0.0559 0.0347 0.0117 0.0860	HII
7.5000 -1.7750 -2.0000 0.2690 0.2144 0.0896 0.0210 0.0000 3.4674 0.0000 0.0541 0.0148 0.0045 0.0150 0.0412 0.0324 0.0086 0.0816	HII
7.5000 -1.7750 -1.7500 0.1989 0.2434 0.1103 0.0209 0.0000 3.9137 0.0000 0.0539 0.0140 0.0033 0.0150 0.0315 0.0287 0.0055 0.0732	HII
7.5000 -1.7750 -1.5000 0.1528 0.2721 0.1323 0.0207 0.0000 4.3348 0.0000 0.0537 0.0127 0.0026 0.0149 0.0250 0.0245 0.0044 0.0629	HII
6.9000 -1.7500 -4.0000 0.3448 0.0107 0.0000 0.0234 0.0000 0.0103 0.0000 0.0599 0.0000 0.0095 0.0169 0.0997 0.0053 0.0077 0.0061	HII
6.9000 -1.7500 -3.7500 0.3953 0.0167 0.0000 0.0229 0.0000 0.0331 0.0000 0.0586 0.0000 0.0097 0.0165 0.0842 0.0060 0.0095 0.0088	HII
6.9000 -1.7500 -3.5000 0.4159 0.0249 0.0014 0.0224 0.0000 0.0934 0.0000 0.0573 0.0014 0.0091 0.0161 0.0682 0.0068 0.0108 0.0120	HII
6.9000 -1.7500 -3.2500 0.3796 0.0351 0.0036 0.0219 0.0000 0.2115 0.0000 0.0561 0.0020 0.0075 0.0158 0.0527 0.0077 0.0105 0.0155	HII
6.9000 -1.7500 -3.0000 0.2988 0.0469 0.0072 0.0215 0.0000 0.3747 0.0000 0.0550 0.0027 0.0055 0.0154 0.0392 0.0085 0.0087 0.0188	HII
6.9000 -1.7500 -2.7500 0.2134 0.0599 0.0120 0.0211 0.0000 0.5505 0.0000 0.0542 0.0034 0.0037 0.0151 0.0284 0.0092 0.0056 0.0214	HII
6.9000 -1.7500 -2.5000 0.1469 0.0742 0.0179 0.0208 0.0000 0.7221 0.0000 0.0534 0.0040 0.0025 0.0149 0.0205 0.0095 0.0040 0.0230	HII
6.9000 -1.7500 -2.2500 0.1018 0.0896 0.0248 0.0205 0.0000 0.8867 0.0000 0.0528 0.0044 0.0017 0.0147 0.0147 0.0094 0.0014 0.0232	HII
6.9000 -1.7500 -2.0000 0.0730 0.1060 0.0328 0.0203 0.0000 1.0457 0.0000 0.0524 0.0046 0.0012 0.0145 0.0110 0.0088 0.0010 0.0222	HII
6.9000 -1.7500 -1.7500 0.0544 0.1228 0.0417 0.0201 0.0000 1.1985 0.0000 0.0521 0.0044 0.0000 0.0144 0.0084 0.0077 0.0000 0.0201	HII
6.9000 -1.7500 -1.5000 0.0423 0.1396 0.0513 0.0199 0.0010 1.3442 0.0000 0.0517 0.0041 0.0000 0.0142 0.0068 0.0066 0.0000 0.0174	HII
7.0000 -1.7500 -4.0000 0.4312 0.0084 0.0000 0.0234 0.0000 0.0128 0.0000 0.0599 0.0000 0.0119 0.0169 0.1251 0.0066 0.0095 0.0076	HII
7.0000 -1.7500 -3.7500 0.4942 0.0131 0.0000 0.0229 0.0000 0.0412 0.0000 0.0586 0.0012 0.0122 0.0165 0.1058 0.0075 0.0117 0.0110	HII
7.0000 -1.7500 -3.5000 0.5200 0.0196 0.0017 0.0224 0.0000 0.1162 0.0000 0.0573 0.0018 0.0115 0.0161 0.0855 0.0085 0.0134 0.0151	HII
7.0000 -1.7500 -3.2500 0.4750 0.0276 0.0044 0.0219 0.0000 0.2634 0.0000 0.0562 0.0025 0.0094 0.0158 0.0661 0.0096 0.0131 0.0194	HII
7.0000 -1.7500 -3.0000 0.3741 0.0368 0.0089 0.0215 0.0000 0.4666 0.0000 0.0551 0.0034 0.0069 0.0155 0.0492 0.0106 0.0109 0.0235	HII
7.0000 -1.7500 -2.7500 0.2673 0.0470 0.0148 0.0212 0.0000 0.6850 0.0000 0.0543 0.0042 0.0047 0.0152 0.0357 0.0115 0.0081 0.0268	HII
7.0000 -1.7500 -2.5000 0.1840 0.0581 0.0220 0.0209 0.0000 0.8976 0.0000 0.0535 0.0050 0.0031 0.0149 0.0256 0.0119 0.0051 0.0288	HII
7.0000 -1.7500 -2.2500 0.1276 0.0700 0.0303 0.0206 0.0000 1.1003 0.0000 0.0530 0.0055 0.0022 0.0147 0.0186 0.0118 0.0017 0.0291	HII
7.0000 -1.7500 -2.0000 0.0913 0.0825 0.0398 0.0204 0.0000 1.2943 0.0000 0.0526 0.0056 0.0015 0.0146 0.0138 0.0109 0.0013 0.0277	HII
7.0000 -1.7500 -1.7500 0.0681 0.0952 0.0503 0.0202 0.0000 1.4791 0.0000 0.0523 0.0054 0.0012 0.0144 0.0107 0.0097 0.0000 0.0250	HII
7.0000 -1.7500 -1.5000 0.0527 0.1079 0.0616 0.0200 0.0000 1.6547 0.0000 0.0520 0.0050 0.0000 0.0143 0.0084 0.0082 0.0000 0.0217	HII
7.1000 -1.7500 -4.0000 0.5386 0.0105 0.0000 0.0234 0.0000 0.0160 0.0000 0.0600 0.0000 0.0149 0.0169 0.1569 0.0083 0.0117 0.0095	HII
7.1000 -1.7500 -3.7500 0.6175 0.0163 0.0000 0.0229 0.0000 0.0513 0.0000 0.0587 0.0014 0.0153 0.0165 0.1327 0.0094 0.0146 0.0138	HII
7.1000 -1.7500 -3.5000 0.6499 0.0244 0.0021 0.0224 0.0000 0.1446 0.0000 0.0574 0.0022 0.0144 0.0162 0.1074 0.0107 0.0167 0.0189	HII
7.1000 -1.7500 -3.2500 0.5939 0.0344 0.0054 0.0220 0.0000 0.3278 0.0000 0.0562 0.0031 0.0118 0.0158 0.0830 0.0120 0.0164 0.0243	HII
7.1000 -1.7500 -3.0000 0.4682 0.0458 0.0109 0.0216 0.0000 0.5808 0.0000 0.0552 0.0042 0.0086 0.0155 0.0618 0.0133 0.0137 0.0295	HII
7.1000 -1.7500 -2.7500 0.3348 0.0585 0.0182 0.0212 0.0000 0.8532 0.0000 0.0544 0.0053 0.0059 0.0152 0.0448 0.0144 0.0102 0.0336	HII
7.1000 -1.7500 -2.5000 0.2306 0.0722 0.0271 0.0209 0.0000 1.1179 0.0000 0.0537 0.0062 0.0040 0.0150 0.0322 0.0149 0.0073 0.0360	HII
7.1000 -1.7500 -2.2500 0.1599 0.0871 0.0374 0.0206 0.0000 1.3707 0.0000 0.0531 0.0068 0.0027 0.0148 0.0233 0.0147 0.0045 0.0364	HII
7.1000 -1.7500 -2.0000 0.1144 0.1027 0.0491 0.0204 0.0000 1.6132 0.0000 0.0527 0.0070 0.0019 0.0146 0.0173 0.0137 0.0016 0.0347	HII
7.1000 -1.7500 -1.7500 0.0853 0.1186 0.0622 0.0202 0.0000 1.8460 0.0000 0.0524 0.0068 0.0015 0.0145 0.0133 0.0121 0.0012 0.0314	HII
7.1000 -1.7500 -1.5000 0.0662 0.1347 0.0764 0.0200 0.0000 2.0694 0.0000 0.0521 0.0062 0.0011 0.0143 0.0107 0.0104 0.0000 0.0272	HII
7.2000 -1.7500 -4.0000 0.6703 0.0129 0.0000 0.0234 0.0000 0.0198 0.0000 0.0599 0.0011 0.0187 0.0169 0.1964 0.0082 0.0145 0.0119	HII
7.2000 -1.7500 -3.7500 0.7685 0.0202 0.0000 0.0229 0.0000 0.0635 0.0000 0.0587 0.0018 0.0192 0.0166 0.1661 0.0094 0.0181 0.0172	HII
7.2000 -1.7500 -3.5000 0.8090 0.0301 0.0025 0.0225 0.0000 0.1788 0.0000 0.0574 0.0027 0.0180 0.0162 0.1345 0.0106 0.0206 0.0236	HII
7.2000 -1.7500 -3.2500 0.7399 0.0425 0.0066 0.0220 0.0000 0.4053 0.0000 0.0563 0.0039 0.0148 0.0158 0.1039 0.0119 0.0201 0.0304	HII
7.2000 -1.7500 -3.0000 0.5836 0.0566 0.0133 0.0216 0.0000 0.7180 0.0000 0.0553 0.0052 0.0108 0.0155 0.0772 0.0132 0.0168 0.0368	HII
7.2000 -1.7500 -2.7500 0.4177 0.0720 0.0221 0.0213 0.0000 1.0538 0.0000 0.0545 0.0065 0.0074 0.0152 0.0560 0.0142 0.0127 0.0419	HII
7.2000 -1.7500 -2.5000 0.2878 0.0888 0.0327 0.0210 0.0000 1.3786 0.0000 0.0539 0.0076 0.0050 0.0150 0.0403 0.0148 0.0091 0.0450	HII
7.2000 -1.7500 -2.2500 0.1995 0.1067 0.0448 0.0207 0.0000 1.6864 0.0000 0.0534 0.0084 0.0034 0.0148 0.0291 0.0146 0.0056 0.0454	HII
7.2000 -1.7500 -2.0000 0.1426 0.1253 0.0586 0.0206 0.0000 1.9793 0.0000 0.0530 0.0086 0.0024 0.0147 0.0216 0.0136 0.0040 0.0432	HII
7.2000 -1.7500 -1.7500 0.1061 0.1443 0.0737 0.0204 0.0000 2.2582 0.0000 0.0527 0.0082 0.0018 0.0146 0.0166 0.0120 0.0015 0.0390	HII
7.2000 -1.7500 -1.5000 0.0821 0.1632 0.0900 0.0202 0.0000 2.5241 0.0000 0.0524 0.0075 0.0014 0.0144 0.0133 0.0102 0.0011 0.0337	HII
7.3000 -1.7500 -4.0000 0.8310 0.0156 0.0000 0.0234 0.0000 0.0243 0.0000 0.0598 0.0014 0.0233 0.0169 0.2449 0.0128 0.0179 0.0148	HII
7.3000 -1.7500 -3.7500 0.9523 0.0245 0.0000 0.0229 0.0000 0.0778 0.0000 0.0587 0.0022 0.0239 0.0166 0.2073 0.0147 0.0223 0.0215	HII
7.3000 -1.7500 -3.5000 1.0030 0.0368 0.0031 0.0225 0.0000 0.2193 0.0000 0.0575 0.0034 0.0225 0.0162 0.1679 0.0166 0.0253 0.0294	HII
7.3000 -1.7500 -3.2500 0.9185 0.0520 0.0079 0.0220 0.0000 0.4973 0.0000 0.0564 0.0048 0.0186 0.0159 0.1297 0.0187 0.0249 0.0379	HII
7.3000 -1.7500 -3.0000 0.7252 0.0692 0.0160 0.0217 0.0000 0.8811 0.0000 0.0555 0.0063 0.0136 0.0156 0.0964 0.0206 0.0208 0.0458	HII
7.3000 -1.7500 -2.7500 0.5196 0.0880 0.0264 0.0214 0.0000 1.2924 0.0000 0.0547 0.0079 0.0093 0.0153 0.0699 0.0223 0.0156 0.0522	HII
7.3000 -1.7500 -2.5000 0.3581 0.1082 0.0388 0.0211 0.0000 1.6875 0.0000 0.0541 0.0093 0.0063 0.0151 0.0501 0.0231 0.0113 0.0560	HII
7.3000 -1.7500 -2.2500 0.2481 0.1295 0.0530 0.0209 0.0000 2.0585 0.0000 0.0537 0.0102 0.0043 0.0149 0.0363 0.0228 0.0081 0.0565	HII
7.3000 -1.7500 -2.0000 0.1770 0.1515 0.0687 0.0207 0.0000 2.4076 0.0000 0.0533 0.0104 0.0031 0.0148 0.0268 0.0213 0.0051 0.0537	HII
7.3000 -1.7500 -1.7500 0.1315 0.1736 0.0858 0.0205 0.0000 2.7378 0.0000 0.0531 0.0100 0.0023 0.0147 0.0206 0.0188 0.0028 0.0483	HII
7.3000 -1.7500 -1.5000 0.1014 0.1956 0.1041 0.0204 0.0000 3.0500 0.0000 0.0528 0.0090 0.0018 0.0146 0.0165 0.0160 0.0014 0.0417	HII
7.4000 -1.7500 -4.0000 1.0258 0.0188 0.0000 0.0234 0.0000 0.0296 0.0000 0.0598 0.0017 0.0290 0.0169 0.3051 0.0126 0.0219 0.0184	HII
7.4000 -1.7500 -3.7500 1.1751 0.0297 0.0011 0.0229 0.0000 0.0949 0.0000 0.0587 0.0027 0.0298 0.0166 0.2583 0.0144 0.0272 0.0267	HII
7.4000 -1.7500 -3.5000 1.2379 0.0447 0.0037 0.0225 0.0000 0.2675 0.0000 0.0576 0.0041 0.0282 0.0162 0.2093 0.0164 0.0309 0.0366	HII
7.4000 -1.7500 -3.2500 1.1348 0.0632 0.0094 0.0221 0.0000 0.6065 0.0000 0.0566 0.0058 0.0233 0.0159 0.1617 0.0184 0.0303 0.0471	HII
7.4000 -1.7500 -3.0000 0.8975 0.0841 0.0189 0.0217 0.0000 1.0745 0.0000 0.0557 0.0077 0.0171 0.0156 0.1201 0.0203 0.0254 0.0568	HII
7.4000 -1.7500 -2.7500 0.6436 0.1068 0.0312 0.0214 0.0000 1.5745 0.0000 0.0550 0.0096 0.0117 0.0154 0.0870 0.0219 0.0191 0.0647	HII
7.4000 -1.7500 -2.5000 0.4437 0.1308 0.0455 0.0212 0.0000 2.0505 0.0000 0.0544 0.0112 0.0079 0.0152 0.0624 0.0227 0.0137 0.0693	HII
7.4000 -1.7500 -2.2500 0.3072 0.1558 0.0616 0.0210 0.0000 2.4932 0.0000 0.0540 0.0123 0.0054 0.0150 0.0450 0.0224 0.0098 0.0699	HII
7.4000 -1.7500 -2.0000 0.2189 0.1813 0.0793 0.0209 0.0000 2.9049 0.0000 0.0537 0.0125 0.0038 0.0149 0.0333 0.0209 0.0062 0.0664	HII
7.4000 -1.7500 -1.7500 0.1622 0.2068 0.0983 0.0207 0.0000 3.2912 0.0000 0.0535 0.0119 0.0028 0.0148 0.0256 0.0185 0.0046 0.0597	HII
7.4000 -1.7500 -1.5000 0.1249 0.2321 0.1185 0.0205 0.0000 3.6557 0.0000 0.0532 0.0108 0.0022 0.0147 0.0203 0.0158 0.0017 0.0514	HII
7.5000 -1.7500 -4.0000 1.2570 0.0226 0.0000 0.0233 0.0000 0.0359 0.0000 0.0597 0.0020 0.0360 0.0169 0.3788 0.0196 0.0265 0.0228	HII
7.5000 -1.7500 -3.7500 1.4402 0.0357 0.0013 0.0229 0.0000 0.1149 0.0000 0.0587 0.0033 0.0370 0.0166 0.3210 0.0225 0.0328 0.0331	HII
7.5000 -1.7500 -3.5000 1.5174 0.0538 0.0043 0.0225 0.0000 0.3236 0.0000 0.0577 0.0050 0.0350 0.0163 0.2600 0.0255 0.0374 0.0453	HII
7.5000 -1.7500 -3.2500 1.3923 0.0761 0.0111 0.0222 0.0000 0.7334 0.0000 0.0567 0.0070 0.0291 0.0160 0.2009 0.0286 0.0367 0.0582	HII
7.5000 -1.7500 -3.0000 1.1029 0.1012 0.0220 0.0218 0.0000 1.2983 0.0000 0.0559 0.0093 0.0214 0.0157 0.1492 0.0316 0.0306 0.0702	HII
7.5000 -1.7500 -2.7500 0.7921 0.1281 0.0361 0.0216 0.0000 1.8994 0.0000 0.0552 0.0115 0.0146 0.0155 0.1080 0.0340 0.0231 0.0797	HII
7.5000 -1.7500 -2.5000 0.5462 0.1563 0.0523 0.0213 0.0000 2.4664 0.0000 0.0547 0.0134 0.0098 0.0153 0.0774 0.0352 0.0165 0.0854	HII
7.5000 -1.7500 -2.2500 0.3779 0.1852 0.0702 0.0212 0.0000 2.9870 0.0000 0.0544 0.0146 0.0067 0.0152 0.0559 0.0347 0.0117 0.0860	HII
7.5000 -1.7500 -2.0000 0.2689 0.2144 0.0896 0.0210 0.0000 3.4671 0.0000 0.0541 0.0148 0.0048 0.0150 0.0412 0.0324 0.0086 0.0816	HII
7.5000 -1.7500 -1.7500 0.1989 0.2434 0.1103 0.0209 0.0000 3.9136 0.0000 0.0539 0.0140 0.0035 0.0150 0.0315 0.0287 0.0055 0.0732	HII
7.5000 -1.7500 -1.5000 0.1528 0.2721 0.1323 0.0207 0.0000 4.3346 0.0000 0.0537 0.0127 0.0027 0.0149 0.0250 0.0245 0.0044 0.0629	HII
7.6000 -1.7500 -4.0000 1.5322 0.0268 0.0000 0.0233 0.0000 0.0433 0.0000 0.0597 0.0025 0.0444 0.0169 0.4692 0.0191 0.0318 0.0281	HII
7.6000 -1.7500 -3.7500 1.7539 0.0425 0.0016 0.0230 0.0000 0.1381 0.0000 0.0588 0.0040 0.0457 0.0166 0.3979 0.0220 0.0395 0.0408	HII
7.6000 -1.7500 -3.5000 1.8476 0.0643 0.0050 0.0226 0.0000 0.3884 0.0010 0.0578 0.0060 0.0434 0.0163 0.3224 0.0250 0.0447 0.0559	HII
7.6000 -1.7500 -3.2500 1.6959 0.0909 0.0127 0.0222 0.0000 0.8787 0.0000 0.0569 0.0084 0.0362 0.0160 0.2489 0.0280 0.0438 0.0716	HII
7.6000 -1.7500 -3.0000 1.3457 0.1206 0.0252 0.0219 0.0000 1.5532 0.0000 0.0561 0.0111 0.0267 0.0158 0.1847 0.0308 0.0367 0.0862	HII
7.6000 -1.7500 -2.7500 0.9672 0.1520 0.0410 0.0217 0.0000 2.2658 0.0000 0.0555 0.0136 0.0183 0.0156 0.1336 0.0330 0.0276 0.0976	HII
7.6000 -1.7500 -2.5000 0.6673 0.1844 0.0588 0.0215 0.0000 2.9327 0.0000 0.0551 0.0158 0.0123 0.0154 0.0956 0.0342 0.0199 0.1044	HII
7.6000 -1.7500 -2.2500 0.4616 0.2172 0.0783 0.0213 0.0000 3.5364 0.0000 0.0547 0.0171 0.0084 0.0153 0.0689 0.0337 0.0142 0.1051	HII
7.6000 -1.7500 -2.0000 0.3281 0.2501 0.0990 0.0212 0.0000 4.0880 0.0000 0.0545 0.0172 0.0059 0.0152 0.0508 0.0314 0.0103 0.0996	HII
7.6000 -1.7500 -1.7500 0.2422 0.2827 0.1212 0.0211 0.0000 4.6007 0.0000 0.0543 0.0164 0.0043 0.0151 0.0387 0.0278 0.0078 0.0893	HII
7.6000 -1.7500 -1.5000 0.1858 0.3150 0.1446 0.0209 0.0000 5.0828 0.0000 0.0541 0.0147 0.0033 0.0150 0.0308 0.0238 0.0052 0.0766	HII
7.7000 -1.7500 -4.0000 1.8446 0.0315 0.0000 0.0233 0.0000 0.0516 0.0010 0.0597 0.0030 0.0545 0.0169 0.5773 0.0295 0.0374 0.0345	HII
7.7000 -1.7500 -3.7500 2.1090 0.0501 0.0018 0.0230 0.0000 0.1639 0.0012 0.0589 0.0047 0.0562 0.0166 0.4903 0.0338 0.0464 0.0499	HII
7.7000 -1.7500 -3.5000 2.2205 0.0757 0.0056 0.0226 0.0000 0.4596 0.0012 0.0580 0.0071 0.0534 0.0164 0.3975 0.0384 0.0524 0.0683	HII
7.7000 -1.7500 -3.2500 2.0394 0.1070 0.0143 0.0223 0.0000 1.0375 0.0011 0.0571 0.0099 0.0447 0.0161 0.3068 0.0430 0.0514 0.0875	HII
7.7000 -1.7500 -3.0000 1.6207 0.1414 0.0280 0.0220 0.0000 1.8292 0.0000 0.0564 0.0130 0.0330 0.0159 0.2275 0.0471 0.0431 0.1049	HII
7.7000 -1.7500 -2.7500 1.1672 0.1772 0.0451 0.0218 0.0000 2.6596 0.0000 0.0558 0.0158 0.0227 0.0157 0.1643 0.0504 0.0325 0.1185	HII
7.7000 -1.7500 -2.5000 0.8064 0.2136 0.0641 0.0216 0.0000 3.4296 0.0000 0.0554 0.0182 0.0152 0.0155 0.1175 0.0520 0.0233 0.1263	HII
7.7000 -1.7500 -2.2500 0.5577 0.2501 0.0846 0.0215 0.0000 4.1199 0.0000 0.0551 0.0196 0.0104 0.0154 0.0844 0.0512 0.0167 0.1271	HII
7.7000 -1.7500 -2.0000 0.3961 0.2865 0.1063 0.0214 0.0000 4.7444 0.0000 0.0549 0.0197 0.0073 0.0153 0.0622 0.0478 0.0122 0.1203	HII
7.7000 -1.7500 -1.7500 0.2922 0.3228 0.1294 0.0212 0.0000 5.3266 0.0000 0.0547 0.0187 0.0054 0.0152 0.0473 0.0424 0.0091 0.1078	HII
7.7000 -1.7500 -1.5000 0.2240 0.3589 0.1542 0.0211 0.0000 5.8792 0.0000 0.0545 0.0169 0.0041 0.0152 0.0375 0.0363 0.0061 0.0925	HII
7.8000 -1.7500 -4.0000 2.1954 0.0366 0.0000 0.0233 0.0000 0.0612 0.0012 0.0597 0.0035 0.0664 0.0169 0.7060 0.0284 0.0433 0.0420	HII
7.8000 -1.7500 -3.7500 2.5075 0.0582 0.0020 0.0230 0.0000 0.1921 0.0014 0.0590 0.0055 0.0685 0.0167 0.6012 0.0327 0.0537 0.0607	HII
7.8000 -1.7500 -3.5000 2.6360 0.0879 0.0062 0.0227 0.0000 0.5362 0.0014 0.0581 0.0083 0.0653 0.0164 0.4876 0.0371 0.0605 0.0829	HII
7.8000 -1.7500 -3.2500 2.4213 0.1239 0.0155 0.0224 0.0000 1.2067 0.0013 0.0573 0.0115 0.0548 0.0162 0.3761 0.0413 0.0590 0.1059	HII
7.8000 -1.7500 -3.0000 1.9282 0.1630 0.0302 0.0221 0.0000 2.1202 0.0010 0.0567 0.0149 0.0406 0.0159 0.2786 0.0451 0.0496 0.1265	HII
7.8000 -1.7500 -2.7500 1.3911 0.2028 0.0480 0.0219 0.0000 3.0688 0.0000 0.0562 0.0180 0.0280 0.0158 0.2010 0.0481 0.0374 0.1423	HII
7.8000 -1.7500 -2.5000 0.9629 0.2428 0.0677 0.0218 0.0000 3.9408 0.0000 0.0558 0.0205 0.0188 0.0156 0.1434 0.0495 0.0270 0.1513	HII
7.8000 -1.7500 -2.2500 0.6666 0.2827 0.0887 0.0216 0.0000 4.7202 0.0000 0.0555 0.0220 0.0127 0.0155 0.1030 0.0487 0.0193 0.1519	HII
7.8000 -1.7500 -2.0000 0.4735 0.3223 0.1108 0.0215 0.0000 5.4207 0.0000 0.0553 0.0222 0.0089 0.0154 0.0757 0.0454 0.0142 0.1439	HII
7.8000 -1.7500 -1.7500 0.3492 0.3622 0.1345 0.0214 0.0000 6.0741 0.0000 0.0551 0.0211 0.0066 0.0154 0.0576 0.0404 0.0106 0.1291	HII
7.8000 -1.7500 -1.5000 0.2676 0.4024 0.1602 0.0213 0.0000 6.7007 0.0000 0.0549 0.0190 0.0050 0.0153 0.0455 0.0346 0.0083 0.1108	HII
7.9000 -1.7500 -4.0000 2.5497 0.0414 0.0000 0.0233 0.0000 0.0703 0.0014 0.0598 0.0040 0.0798 0.0169 0.8537 0.0429 0.0486 0.0504	HII
7.9000 -1.7500 -3.7500 2.9095 0.0659 0.0021 0.0231 0.0000 0.2197 0.0016 0.0591 0.0063 0.0824 0.0167 0.7288 0.0493 0.0597 0.0728	HII
7.9000 -1.7500 -3.5000 3.0592 0.0996 0.0065 0.0228 0.0000 0.6108 0.0016 0.0583 0.0094 0.0788 0.0165 0.5917 0.0559 0.0675 0.0993	HII
7.9000 -1.7500 -3.2500 2.8132 0.1401 0.0161 0.0225 0.0000 1.3692 0.0015 0.0576 0.0130 0.0664 0.0162 0.4566 0.0621 0.0659 0.1264	HII
7.9000 -1.7500 -3.0000 2.2450 0.1830 0.0310 0.0223 0.0000 2.3961 0.0012 0.0570 0.0166 0.0495 0.0160 0.3379 0.0675 0.0555 0.1504	HII
7.9000 -1.7500 -2.7500 1.6267 0.2262 0.0489 0.0221 0.0000 3.4565 0.0000 0.0565 0.0199 0.0341 0.0159 0.2434 0.0715 0.0422 0.1685	HII
7.9000 -1.7500 -2.5000 1.1300 0.2690 0.0684 0.0219 0.0000 4.4240 0.0000 0.0561 0.0225 0.0229 0.0158 0.1736 0.0735 0.0306 0.1786	HII
7.9000 -1.7500 -2.2500 0.7841 0.3115 0.0891 0.0218 0.0000 5.2833 0.0000 0.0559 0.0241 0.0155 0.0157 0.1245 0.0722 0.0220 0.1790	HII
7.9000 -1.7500 -2.0000 0.5578 0.3542 0.1112 0.0217 0.0000 6.0634 0.0000 0.0557 0.0242 0.0109 0.0156 0.0914 0.0675 0.0160 0.1696	HII
7.9000 -1.7500 -1.7500 0.4117 0.3975 0.1350 0.0216 0.0000 6.7951 0.0000 0.0555 0.0231 0.0080 0.0155 0.0694 0.0602 0.0122 0.1525	HII
7.9000 -1.7500 -1.5000 0.3159 0.4421 0.1611 0.0215 0.0000 7.5048 0.0000 0.0554 0.0210 0.0061 0.0155 0.0548 0.0518 0.0095 0.1313	HII
8.0000 -1.7500 -4.0000 2.8958 0.0458 0.0000 0.0233 0.0000 0.0790 0.0015 0.0598 0.0044 0.0947 0.0169 1.0206 0.0404 0.0524 0.0596	HII
8.0000 -1.7500 -3.7500 3.3133 0.0732 0.0021 0.0231 0.0000 0.2465 0.0017 0.0593 0.0071 0.0981 0.0168 0.8748 0.0465 0.0650 0.0863	HII
8.0000 -1.7500 -3.5000 3.4827 0.1106 0.0066 0.0229 0.0000 0.6816 0.0018 0.0586 0.0105 0.0940 0.0165 0.7116 0.0526 0.0732 0.1176	HII
8.0000 -1.7500 -3.2500 3.2011 0.1545 0.0161 0.0226 0.0000 1.5170 0.0017 0.0579 0.0143 0.0796 0.0163 0.5489 0.0581 0.0714 0.1490	HII
8.0000 -1.7500 -3.0000 2.5641 0.2006 0.0305 0.0224 0.0000 2.6431 0.0013 0.0573 0.0181 0.0596 0.0161 0.4059 0.0628 0.0603 0.1765	HII
8.0000 -1.7500 -2.7500 1.8677 0.2460 0.0477 0.0222 0.0000 3.8026 0.0000 0.0568 0.0214 0.0412 0.0160 0.2921 0.0663 0.0460 0.1969	HII
8.0000 -1.7500 -2.5000 1.3045 0.2909 0.0665 0.0220 0.0000 4.8589 0.0000 0.0565 0.0241 0.0277 0.0159 0.2082 0.0679 0.0337 0.2082	HII
8.0000 -1.7500 -2.2500 0.9086 0.3355 0.0863 0.0219 0.0000 5.7944 0.0000 0.0562 0.0257 0.0188 0.0158 0.1493 0.0667 0.0245 0.2084	HII
8.0000 -1.7500 -2.0000 0.6483 0.3809 0.1077 0.0218 0.0000 6.6505 0.0000 0.0561 0.0259 0.0132 0.0157 0.1095 0.0626 0.0179 0.1976	HII
8.0000 -1.7500 -1.7500 0.4794 0.4276 0.1312 0.0217 0.0000 7.4638 0.0000 0.0559 0.0248 0.0096 0.0157 0.0832 0.0560 0.0137 0.1780	HII
8.0000 -1.7500 -1.5000 0.3685 0.4764 0.1573 0.0216 0.0000 8.2658 0.0000 0.0558 0.0227 0.0073 0.0156 0.0657 0.0484 0.0108 0.1537	HII
8.1000 -1.7500 -4.0000 3.1408 0.0483 0.0000 0.0234 0.0000 0.0850 0.0016 0.0600 0.0047 0.1094 0.0170 1.1915 0.0587 0.0532 0.0688	HII
8.1000 -1.7500 -3.7500 3.6128 0.0777 0.0020 0.0232 0.0000 0.2651 0.0019 0.0595 0.0075 0.1138 0.0168 1.0278 0.0678 0.0663 0.0997	HII
8.1000 -1.7500 -3.5000 3.8112 0.1177 0.0062 0.0229 0.0000 0.7312 0.0020 0.0588 0.0111 0.1096 0.0166 0.8397 0.0767 0.0751 0.1360	HII
8.1000 -1.7500 -3.2500 3.5198 0.1642 0.0150 0.0227 0.0000 1.6219 0.0018 0.0582 0.0151 0.0935 0.0164 0.6491 0.0845 0.0737 0.1721	HII
8.1000 -1.7500 -3.0000 2.8376 0.2119 0.0281 0.0225 0.0000 2.8153 0.0015 0.0576 0.0189 0.0704 0.0163 0.4800 0.0908 0.0627 0.2030	HII
8.1000 -1.7500 -2.7500 2.0864 0.2586 0.0439 0.0223 0.0000 4.0491 0.0011 0.0572 0.0222 0.0491 0.0161 0.3456 0.0954 0.0487 0.2258	HII
8.1000 -1.7500 -2.5000 1.4692 0.3044 0.0611 0.0222 0.0000 5.1764 0.0000 0.0568 0.0249 0.0331 0.0160 0.2464 0.0975 0.0360 0.2383	HII
8.1000 -1.7500 -2.2500 1.0302 0.3503 0.0795 0.0221 0.0000 6.1819 0.0000 0.0566 0.0265 0.0225 0.0159 0.1768 0.0960 0.0263 0.2386	HII
8.1000 -1.7500 -2.0000 0.7385 0.3975 0.0996 0.0220 0.0000 7.1083 0.0000 0.0564 0.0268 0.0157 0.0159 0.1297 0.0903 0.0195 0.2265	HII
8.1000 -1.7500 -1.7500 0.5483 0.4473 0.1220 0.0219 0.0000 8.0026 0.0000 0.0563 0.0259 0.0115 0.0158 0.0985 0.0813 0.0150 0.2047	HII
8.1000 -1.7500 -1.5000 0.4225 0.5003 0.1473 0.0218 0.0000 8.8967 0.0000 0.0562 0.0239 0.0087 0.0157 0.0779 0.0706 0.0117 0.1774	HII
8.2000 -1.7500 -4.0000 3.2465 0.0475 0.0000 0.0233 0.0000 0.0864 0.0016 0.0598 0.0047 0.1226 0.0170 1.3552 0.0522 0.0502 0.0768	HII
8.2000 -1.7500 -3.7500 3.7815 0.0776 0.0017 0.0232 0.0000 0.2713 0.0019 0.0595 0.0075 0.1288 0.0169 1.1817 0.0607 0.0638 0.1122	HII
8.2000 -1.7500 -3.5000 4.0234 0.1187 0.0054 0.0230 0.0000 0.7496 0.0020 0.0590 0.0113 0.1251 0.0167 0.9723 0.0689 0.0732 0.1536	HII
8.2000 -1.7500 -3.2500 3.7446 0.1661 0.0129 0.0228 0.0000 1.6609 0.0019 0.0584 0.0152 0.1076 0.0165 0.7542 0.0757 0.0724 0.1944	HII
8.2000 -1.7500 -3.0000 3.0505 0.2141 0.0242 0.0226 0.0000 2.8825 0.0015 0.0579 0.0189 0.0819 0.0164 0.5586 0.0810 0.0624 0.2287	HII
8.2000 -1.7500 -2.7500 2.2700 0.2606 0.0377 0.0224 0.0000 4.1510 0.0012 0.0575 0.0222 0.0575 0.0162 0.4024 0.0847 0.0493 0.2538	HII
8.2000 -1.7500 -2.5000 1.6160 0.3061 0.0527 0.0223 0.0000 5.3205 0.0000 0.0572 0.0248 0.0390 0.0161 0.2871 0.0865 0.0370 0.2678	HII
8.2000 -1.7500 -2.2500 1.1431 0.3521 0.0690 0.0222 0.0000 6.3759 0.0000 0.0570 0.0265 0.0266 0.0161 0.2062 0.0854 0.0274 0.2688	HII
8.2000 -1.7500 -2.0000 0.8250 0.4001 0.0869 0.0221 0.0000 7.3574 0.0000 0.0568 0.0269 0.0186 0.0160 0.1515 0.0808 0.0206 0.2562	HII
8.2000 -1.7500 -1.7500 0.6154 0.4516 0.1073 0.0221 0.0000 8.3190 0.0000 0.0567 0.0262 0.0136 0.0159 0.1151 0.0733 0.0159 0.2327	HII
8.2000 -1.7500 -1.5000 0.4762 0.5074 0.1307 0.0220 0.0000 9.2963 0.0000 0.0566 0.0244 0.0103 0.0159 0.0911 0.0642 0.0128 0.2029	HII
8.3000 -1.7500 -4.0000 2.9981 0.0403 0.0000 0.0230 0.0000 0.0776 0.0014 0.0593 0.0041 0.1282 0.0168 1.4496 0.0683 0.0404 0.0800	HII
8.3000 -1.7500 -3.7500 3.5969 0.0682 0.0013 0.0230 0.0000 0.2490 0.0017 0.0593 0.0068 0.1374 0.0168 1.2924 0.0810 0.0536 0.1190	HII
8.3000 -1.7500 -3.5000 3.9249 0.1074 0.0040 0.0229 0.0000 0.7007 0.0019 0.0590 0.0104 0.1361 0.0167 1.0810 0.0930 0.0635 0.1652	HII
8.3000 -1.7500 -3.2500 3.7332 0.1533 0.0098 0.0228 0.0000 1.5725 0.0018 0.0585 0.0142 0.1192 0.0166 0.8467 0.1029 0.0646 0.2107	HII
8.3000 -1.7500 -3.0000 3.1023 0.1997 0.0184 0.0226 0.0000 2.7540 0.0015 0.0582 0.0176 0.0921 0.0165 0.6301 0.1100 0.0574 0.2485	HII
8.3000 -1.7500 -2.7500 2.3524 0.2443 0.0289 0.0225 0.0000 3.9991 0.0012 0.0578 0.0207 0.0655 0.0164 0.4552 0.1149 0.0465 0.2761	HII
8.3000 -1.7500 -2.5000 1.7047 0.2882 0.0409 0.0224 0.0000 5.1666 0.0000 0.0576 0.0232 0.0449 0.0163 0.3256 0.1174 0.0359 0.2923	HII
8.3000 -1.7500 -2.2500 1.2219 0.3327 0.0542 0.0223 0.0000 6.2331 0.0000 0.0574 0.0249 0.0307 0.0162 0.2343 0.1166 0.0272 0.2950	HII
8.3000 -1.7500 -2.0000 0.8905 0.3798 0.0691 0.0223 0.0000 7.2394 0.0000 0.0573 0.0256 0.0216 0.0161 0.1724 0.1114 0.0208 0.2834	HII
8.3000 -1.7500 -1.7500 0.6695 0.4307 0.0863 0.0222 0.0000 8.2323 0.0000 0.0572 0.0252 0.0158 0.0161 0.1314 0.1022 0.0163 0.2596	HII
8.3000 -1.7500 -1.5000 0.5213 0.4875 0.1066 0.0221 0.0000 9.2674 0.0000 0.0570 0.0240 0.0120 0.0160 0.1042 0.0905 0.0131 0.2285	HII
8.4000 -1.7500 -4.0000 2.5595 0.0316 0.0000 0.0227 0.0000 0.0653 0.0011 0.0587 0.0032 0.1279 0.0167 1.4818 0.0538 0.0291 0.0801	HII
8.4000 -1.7500 -3.7500 3.2161 0.0563 0.0000 0.0229 0.0000 0.2171 0.0014 0.0590 0.0057 0.1412 0.0168 1.3637 0.0657 0.0411 0.1222	HII
8.4000 -1.7500 -3.5000 3.6427 0.0923 0.0027 0.0229 0.0000 0.6278 0.0017 0.0589 0.0090 0.1435 0.0167 1.1682 0.0771 0.0514 0.1733	HII
8.4000 -1.7500 -3.2500 3.5607 0.1352 0.0069 0.0228 0.0000 1.4327 0.0016 0.0587 0.0126 0.1284 0.0166 0.9278 0.0860 0.0544 0.2235	HII
8.4000 -1.7500 -3.0000 3.0349 0.1788 0.0131 0.0227 0.0000 2.5383 0.0014 0.0584 0.0158 0.1012 0.0166 0.6959 0.0922 0.0500 0.2649	HII
8.4000 -1.7500 -2.7500 2.3533 0.2206 0.0209 0.0226 0.0000 3.7241 0.0011 0.0582 0.0185 0.0730 0.0165 0.5049 0.0963 0.0418 0.2952	HII
8.4000 -1.7500 -2.5000 1.7379 0.2617 0.0300 0.0225 0.0000 4.8570 0.0000 0.0580 0.0208 0.0506 0.0164 0.3622 0.0986 0.0331 0.3136	HII
8.4000 -1.7500 -2.2500 1.2657 0.3036 0.0402 0.0225 0.0000 5.9083 0.0000 0.0578 0.0225 0.0349 0.0163 0.2615 0.0984 0.0258 0.3181	HII
8.4000 -1.7500 -2.0000 0.9339 0.3483 0.0521 0.0224 0.0000 6.9140 0.0000 0.0577 0.0235 0.0246 0.0163 0.1930 0.0949 0.0201 0.3079	HII
8.4000 -1.7500 -1.7500 0.7091 0.3972 0.0658 0.0223 0.0000 7.9161 0.0000 0.0576 0.0234 0.0180 0.0162 0.1474 0.0880 0.0159 0.2844	HII
8.4000 -1.7500 -1.5000 0.5564 0.4528 0.0824 0.0223 0.0000 8.9773 0.0000 0.0575 0.0226 0.0137 0.0162 0.1172 0.0788 0.0130 0.2527	HII
8.5000 -1.7500 -4.0000 1.7717 0.0171 0.0000 0.0223 0.0000 0.0407 0.0000 0.0578 0.0021 0.1121 0.0164 1.3296 0.0592 0.0155 0.0723	HII
8.5000 -1.7500 -3.7500 2.4222 0.0340 0.0000 0.0226 0.0000 0.1453 0.0000 0.0585 0.0040 0.1305 0.0167 1.2899 0.0762 0.0245 0.1152	HII
8.5000 -1.7500 -3.5000 2.9863 0.0618 0.0014 0.0227 0.0000 0.4541 0.0012 0.0588 0.0069 0.1398 0.0167 1.1565 0.0936 0.0345 0.1706	HII
8.5000 -1.7500 -3.2500 3.1304 0.0980 0.0038 0.0228 0.0000 1.1088 0.0013 0.0587 0.0101 0.1306 0.0167 0.9459 0.1076 0.0400 0.2267	HII
8.5000 -1.7500 -3.0000 2.8167 0.1370 0.0077 0.0227 0.0000 2.0626 0.0012 0.0586 0.0130 0.1063 0.0166 0.7209 0.1170 0.0394 0.2728	HII
8.5000 -1.7500 -2.7500 2.2741 0.1752 0.0127 0.0227 0.0000 3.1265 0.0010 0.0585 0.0154 0.0784 0.0166 0.5268 0.1228 0.0347 0.3062	HII
8.5000 -1.7500 -2.5000 1.7298 0.2131 0.0188 0.0226 0.0000 4.1784 0.0000 0.0584 0.0175 0.0551 0.0165 0.3796 0.1266 0.0287 0.3279	HII
8.5000 -1.7500 -2.2500 1.2859 0.2520 0.0260 0.0226 0.0000 5.1840 0.0000 0.0583 0.0192 0.0383 0.0165 0.2750 0.1281 0.0230 0.3373	HII
8.5000 -1.7500 -2.0000 0.9621 0.2934 0.0344 0.0225 0.0000 6.1561 0.0000 0.0582 0.0204 0.0271 0.0165 0.2036 0.1260 0.0184 0.3325	HII
8.5000 -1.7500 -1.7500 0.7371 0.3388 0.0444 0.0225 0.0000 7.1348 0.0000 0.0581 0.0209 0.0199 0.0164 0.1560 0.1197 0.0150 0.3136	HII
8.5000 -1.7500 -1.5000 0.5817 0.3902 0.0567 0.0224 0.0000 8.1726 0.0000 0.0580 0.0207 0.0152 0.0164 0.1244 0.1099 0.0124 0.2844	HII
8.6000 -1.7500 -4.0000 1.0471 0.0062 0.0000 0.0217 0.0000 0.0186 0.0000 0.0566 0.0011 0.0893 0.0161 1.0760 0.0377 0.0056 0.0613	HII
8.6000 -1.7500 -3.7500 1.5853 0.0140 0.0000 0.0223 0.0000 0.0722 0.0000 0.0579 0.0024 0.1104 0.0165 1.1073 0.0515 0.0120 0.1024	HII
8.6000 -1.7500 -3.5000 2.2258 0.0300 0.0000 0.0226 0.0000 0.2569 0.0000 0.0585 0.0047 0.1276 0.0167 1.0595 0.0678 0.0200 0.1614	HII
8.6000 -1.7500 -3.2500 2.6546 0.0557 0.0017 0.0227 0.0000 0.7167 0.0000 0.0587 0.0077 0.1282 0.0167 0.9126 0.0826 0.0272 0.2266	HII
8.6000 -1.7500 -3.0000 2.6037 0.0865 0.0039 0.0227 0.0000 1.4673 0.0000 0.0587 0.0104 0.1087 0.0167 0.7106 0.0921 0.0298 0.2796	HII
8.6000 -1.7500 -2.7500 2.2366 0.1190 0.0068 0.0227 0.0000 2.3678 0.0000 0.0587 0.0125 0.0823 0.0167 0.5234 0.0976 0.0282 0.3166	HII
8.6000 -1.7500 -2.5000 1.7740 0.1525 0.0105 0.0227 0.0000 3.3018 0.0000 0.0587 0.0143 0.0586 0.0167 0.3772 0.1011 0.0245 0.3414	HII
8.6000 -1.7500 -2.2500 1.3539 0.1878 0.0149 0.0227 0.0000 4.2277 0.0000 0.0587 0.0158 0.0409 0.0166 0.2729 0.1037 0.0203 0.3564	HII
8.6000 -1.7500 -2.0000 1.0267 0.2257 0.0204 0.0227 0.0000 5.1448 0.0000 0.0587 0.0172 0.0289 0.0166 0.2019 0.1049 0.0167 0.3606	HII
8.6000 -1.7500 -1.7500 0.7901 0.2666 0.0269 0.0226 0.0000 6.0658 0.0000 0.0586 0.0182 0.0211 0.0166 0.1546 0.1035 0.0137 0.3517	HII
8.6000 -1.7500 -1.5000 0.6240 0.3128 0.0351 0.0226 0.0000 7.0453 0.0000 0.0586 0.0188 0.0160 0.0166 0.1232 0.0992 0.0115 0.3308	HII
8.7000 -1.7500 -4.0000 0.4665 0.0017 0.0000 0.0213 0.0000 0.0069 0.0000 0.0560 0.0000 0.0606 0.0160 0.7537 0.0329 0.0000 0.0458	HII
8.7000 -1.7500 -3.7500 0.7730 0.0044 0.0000 0.0221 0.0000 0.0280 0.0000 0.0578 0.0011 0.0787 0.0165 0.8205 0.0472 0.0016 0.0788	HII
8.7000 -1.7500 -3.5000 1.2791 0.0112 0.0000 0.0225 0.0000 0.1190 0.0000 0.0586 0.0025 0.1002 0.0167 0.8555 0.0681 0.0081 0.1348	HII
8.7000 -1.7500 -3.2500 1.8538 0.0258 0.0000 0.0227 0.0000 0.4060 0.0000 0.0589 0.0050 0.1123 0.0168 0.8057 0.0918 0.0142 0.2087	HII
8.7000 -1.7500 -3.0000 2.1131 0.0471 0.0017 0.0227 0.0000 0.9579 0.0000 0.0590 0.0076 0.1029 0.0168 0.6648 0.1095 0.0188 0.2740	HII
8.7000 -1.7500 -2.7500 1.9887 0.0711 0.0032 0.0228 0.0000 1.6695 0.0000 0.0591 0.0095 0.0808 0.0168 0.5007 0.1187 0.0200 0.3173	HII
8.7000 -1.7500 -2.5000 1.6853 0.0974 0.0052 0.0228 0.0000 2.4457 0.0000 0.0591 0.0110 0.0588 0.0168 0.3638 0.1239 0.0189 0.3451	HII
8.7000 -1.7500 -2.2500 1.3463 0.1267 0.0078 0.0228 0.0000 3.2486 0.0000 0.0592 0.0123 0.0415 0.0168 0.2637 0.1280 0.0167 0.3636	HII
8.7000 -1.7500 -2.0000 1.0501 0.1595 0.0111 0.0228 0.0000 4.0750 0.0000 0.0592 0.0136 0.0294 0.0168 0.1950 0.1318 0.0142 0.3745	HII
8.7000 -1.7500 -1.7500 0.8216 0.1960 0.0152 0.0228 0.0000 4.9309 0.0000 0.0591 0.0148 0.0214 0.0168 0.1492 0.1340 0.0120 0.3756	HII
8.7000 -1.7500 -1.5000 0.6525 0.2369 0.0204 0.0227 0.0000 5.8410 0.0000 0.0591 0.0158 0.0162 0.0167 0.1189 0.1336 0.0102 0.3649	HII
8.8000 -1.7500 -4.0000 0.1884 0.0000 0.0000 0.0210 0.0000 0.0024 0.0000 0.0555 0.0000 0.0389 0.0158 0.5004 0.0174 0.0000 0.0332	HII
8.8000 -1.7500 -3.7500 0.3350 0.0012 0.0000 0.0219 0.0000 0.0100 0.0000 0.0577 0.0000 0.0524 0.0165 0.5713 0.0258 0.0000 0.0579	HII
8.8000 -1.7500 -3.5000 0.6205 0.0036 0.0000 0.0225 0.0000 0.0475 0.0000 0.0589 0.0011 0.0713 0.0168 0.6373 0.0395 0.0010 0.1045	HII
8.8000 -1.7500 -3.2500 1.1097 0.0103 0.0000 0.0227 0.0000 0.2055 0.0000 0.0592 0.0027 0.0901 0.0169 0.6650 0.0598 0.0051 0.1800	HII
8.8000 -1.7500 -3.0000 1.5526 0.0231 0.0000 0.0228 0.0000 0.5845 0.0000 0.0593 0.0051 0.0920 0.0169 0.6002 0.0789 0.0103 0.2595	HII
8.8000 -1.7500 -2.7500 1.6638 0.0391 0.0014 0.0228 0.0000 1.1255 0.0000 0.0594 0.0070 0.0766 0.0169 0.4718 0.0895 0.0130 0.3135	HII
8.8000 -1.7500 -2.5000 1.5359 0.0569 0.0025 0.0229 0.0000 1.7331 0.0000 0.0595 0.0084 0.0573 0.0169 0.3480 0.0946 0.0138 0.3450	HII
8.8000 -1.7500 -2.2500 1.3077 0.0780 0.0039 0.0229 0.0000 2.3861 0.0000 0.0596 0.0095 0.0410 0.0169 0.2534 0.0980 0.0132 0.3651	HII
8.8000 -1.7500 -2.0000 1.0656 0.1036 0.0058 0.0229 0.0000 3.0903 0.0000 0.0596 0.0105 0.0291 0.0169 0.1872 0.1016 0.0120 0.3797	HII
8.8000 -1.7500 -1.7500 0.8556 0.1340 0.0082 0.0229 0.0000 3.8521 0.0000 0.0596 0.0117 0.0211 0.0169 0.1431 0.1054 0.0103 0.3884	HII
8.8000 -1.7500 -1.5000 0.6896 0.1696 0.0114 0.0228 0.0000 4.6857 0.0000 0.0596 0.0128 0.0159 0.0169 0.1139 0.1083 0.0091 0.3883	HII
8.9000 -1.7500 -4.0000 0.0475 0.0000 0.0000 0.0180 0.0000 0.0012 0.0000 0.0480 0.0000 0.0177 0.0138 0.1927 0.0105 0.0000 0.0217	HII
8.9000 -1.7500 -3.7500 0.0665 0.0000 0.0000 0.0199 0.0000 0.0044 0.0000 0.0528 0.0000 0.0207 0.0152 0.1904 0.0144 0.0000 0.0359	HII
8.9000 -1.7500 -3.5000 0.1562 0.0000 0.0000 0.0220 0.0000 0.0098 0.0000 0.0581 0.0000 0.0345 0.0166 0.3365 0.0242 0.0000 0.0565	HII
8.9000 -1.7500 -3.2500 0.3520 0.0018 0.0000 0.0224 0.0000 0.0563 0.0000 0.0591 0.0000 0.0505 0.0169 0.4011 0.0422 0.0000 0.1117	HII
8.9000 -1.7500 -3.0000 0.6875 0.0057 0.0000 0.0226 0.0000 0.2257 0.0000 0.0594 0.0020 0.0632 0.0169 0.4288 0.0677 0.0011 0.1932	HII
8.9000 -1.7500 -2.7500 0.9771 0.0124 0.0000 0.0228 0.0000 0.5397 0.0000 0.0595 0.0036 0.0617 0.0169 0.3820 0.0885 0.0042 0.2645	HII
8.9000 -1.7500 -2.5000 1.0951 0.0203 0.0000 0.0228 0.0000 0.9208 0.0000 0.0597 0.0049 0.0506 0.0170 0.2998 0.0997 0.0059 0.3080	HII
8.9000 -1.7500 -2.2500 1.0770 0.0298 0.0013 0.0229 0.0000 1.3407 0.0000 0.0598 0.0059 0.0381 0.0170 0.2240 0.1057 0.0081 0.3332	HII
8.9000 -1.7500 -2.0000 0.9803 0.0423 0.0020 0.0229 0.0000 1.8141 0.0000 0.0600 0.0068 0.0277 0.0170 0.1665 0.1105 0.0085 0.3505	HII
8.9000 -1.7500 -1.7500 0.8488 0.0601 0.0031 0.0229 0.0000 2.3669 0.0000 0.0600 0.0076 0.0202 0.0170 0.1269 0.1160 0.0081 0.3648	HII
8.9000 -1.7500 -1.5000 0.7135 0.0845 0.0045 0.0229 0.0000 3.0115 0.0000 0.0600 0.0086 0.0151 0.0170 0.1005 0.1223 0.0073 0.3750	HII
9.0000 -1.7500 -4.0000 0.0048 0.0000 0.0000 0.0097 0.0000 0.0000 0.0000 0.0259 0.0000 0.0043 0.0074 0.0507 0.0019 0.0000 0.0057	HII
9.0000 -1.7500 -3.7500 0.0090 0.0000 0.0000 0.0108 0.0000 0.0000 0.0000 0.0286 0.0000 0.0059 0.0082 0.0602 0.0031 0.0000 0.0110	HII
9.0000 -1.7500 -3.5000 0.0239 0.0000 0.0000 0.0115 0.0000 0.0028 0.0000 0.0305 0.0000 0.0098 0.0087 0.0815 0.0061 0.0000 0.0239	HII
9.0000 -1.7500 -3.2500 0.0880 0.0000 0.0000 0.0202 0.0000 0.0216 0.0000 0.0536 0.0000 0.0215 0.0154 0.1508 0.0167 0.0000 0.0722	HII
9.0000 -1.7500 -3.0000 0.1385 0.0000 0.0000 0.0220 0.0000 0.0395 0.0000 0.0584 0.0000 0.0283 0.0167 0.2070 0.0223 0.0000 0.0942	HII
9.0000 -1.7500 -2.7500 0.3071 0.0016 0.0000 0.0224 0.0000 0.1390 0.0000 0.0590 0.0000 0.0371 0.0168 0.2355 0.0385 0.0000 0.1667	HII
9.0000 -1.7500 -2.5000 0.5281 0.0034 0.0000 0.0226 0.0000 0.3030 0.0000 0.0593 0.0019 0.0392 0.0169 0.2247 0.0539 0.0000 0.2341	HII
9.0000 -1.7500 -2.2500 0.7799 0.0057 0.0000 0.0227 0.0000 0.4948 0.0000 0.0596 0.0032 0.0358 0.0170 0.1913 0.0664 0.0015 0.2871	HII
9.0000 -1.7500 -2.0000 1.0106 0.0080 0.0000 0.0228 0.0000 0.6940 0.0000 0.0598 0.0045 0.0293 0.0170 0.1525 0.0753 0.0053 0.3240	HII
9.0000 -1.7500 -1.7500 1.1467 0.0109 0.0000 0.0228 0.0000 0.9221 0.0000 0.0600 0.0055 0.0224 0.0170 0.1181 0.0806 0.0086 0.3445	HII
9.0000 -1.7500 -1.5000 1.1502 0.0158 0.0011 0.0228 0.0000 1.2240 0.0000 0.0600 0.0062 0.0166 0.0170 0.0918 0.0836 0.0098 0.3536	HII
9.1000 -1.7500 -4.0000 0.0000 0.0000 0.0000 0.0078 0.0000 0.0000 0.0000 0.0210 0.0000 0.0000 0.0060 0.0094 0.0000 0.0000 0.0012	HII
9.1000 -1.7500 -3.7500 0.0000 0.0000 0.0000 0.0091 0.0000 0.0000 0.0000 0.0242 0.0000 0.0011 0.0069 0.0126 0.0000 0.0000 0.0026	HII
9.1000 -1.7500 -3.5000 0.0000 0.0000 0.0000 0.0100 0.0000 0.0000 0.0000 0.0268 0.0000 0.0019 0.0076 0.0184 0.0015 0.0000 0.0059	HII
9.1000 -1.7500 -3.2500 0.0064 0.0000 0.0000 0.0107 0.0000 0.0015 0.0000 0.0284 0.0000 0.0045 0.0081 0.0352 0.0041 0.0000 0.0171	HII
9.1000 -1.7500 -3.0000 0.0482 0.0000 0.0000 0.0158 0.0000 0.0183 0.0000 0.0421 0.0000 0.0132 0.0123 0.0868 0.0160 0.0000 0.0636	HII
9.1000 -1.7500 -2.7500 0.0949 0.0000 0.0000 0.0207 0.0000 0.0661 0.0000 0.0548 0.0000 0.0152 0.0157 0.0940 0.0281 0.0000 0.1160	HII
9.1000 -1.7500 -2.5000 0.1215 0.0000 0.0000 0.0223 0.0000 0.0594 0.0000 0.0590 0.0000 0.0203 0.0168 0.1159 0.0320 0.0000 0.1326	HII
9.1000 -1.7500 -2.2500 0.3328 0.0000 0.0000 0.0224 0.0000 0.1211 0.0000 0.0592 0.0011 0.0270 0.0168 0.1375 0.0538 0.0000 0.2108	HII
9.1000 -1.7500 -2.0000 0.6940 0.0011 0.0000 0.0226 0.0000 0.1844 0.0000 0.0595 0.0025 0.0284 0.0169 0.1333 0.0766 0.0011 0.2859	HII
9.1000 -1.7500 -1.7500 0.0158 0.0013 0.0000 0.0165 0.0000 0.1698 0.0000 0.0439 0.0000 0.0010 0.0127 0.0071 0.0193 0.0000 0.0909	HII
9.1000 -1.7500 -1.5000 0.0071 0.0014 0.0000 0.0136 0.0000 0.1464 0.0000 0.0359 0.0000 0.0000 0.0102 0.0031 0.0149 0.0000 0.0704	HII
7.0000 -1.6750 -4.0000 0.4312 0.0084 0.0000 0.0234 0.0000 0.0128 0.0000 0.0599 0.0000 0.0142 0.0169 0.1251 0.0066 0.0095 0.0076	HII
7.0000 -1.6750 -3.7500 0.4942 0.0131 0.0000 0.0229 0.0000 0.0412 0.0000 0.0586 0.0012 0.0145 0.0165 0.1058 0.0075 0.0117 0.0110	HII
7.0000 -1.6750 -3.5000 0.5200 0.0196 0.0017 0.0224 0.0000 0.1162 0.0000 0.0573 0.0018 0.0136 0.0161 0.0855 0.0085 0.0134 0.0151	HII
7.0000 -1.6750 -3.2500 0.4750 0.0276 0.0044 0.0219 0.0000 0.2634 0.0000 0.0562 0.0025 0.0112 0.0158 0.0661 0.0096 0.0131 0.0194	HII
7.0000 -1.6750 -3.0000 0.3741 0.0368 0.0089 0.0215 0.0000 0.4665 0.0000 0.0551 0.0034 0.0082 0.0154 0.0492 0.0106 0.0109 0.0235	HII
7.0000 -1.6750 -2.7500 0.2673 0.0470 0.0148 0.0212 0.0000 0.6850 0.0000 0.0543 0.0042 0.0056 0.0152 0.0357 0.0115 0.0081 0.0268	HII
7.0000 -1.6750 -2.5000 0.1840 0.0581 0.0220 0.0209 0.0000 0.8976 0.0000 0.0535 0.0050 0.0037 0.0149 0.0256 0.0119 0.0051 0.0288	HII
7.0000 -1.6750 -2.2500 0.1276 0.0700 0.0303 0.0206 0.0000 1.1002 0.0000 0.0530 0.0055 0.0026 0.0147 0.0186 0.0118 0.0017 0.0291	HII
7.0000 -1.6750 -2.0000 0.0913 0.0825 0.0398 0.0204 0.0000 1.2942 0.0000 0.0526 0.0056 0.0018 0.0146 0.0138 0.0109 0.0013 0.0277	HII
7.0000 -1.6750 -1.7500 0.0681 0.0952 0.0503 0.0202 0.0000 1.4790 0.0000 0.0523 0.0054 0.0014 0.0144 0.0107 0.0097 0.0000 0.0250	HII
7.0000 -1.6750 -1.5000 0.0527 0.1079 0.0615 0.0200 0.0000 1.6546 0.0000 0.0520 0.0050 0.0011 0.0143 0.0084 0.0082 0.0000 0.0217	HII
6.9000 -1.6250 -4.0000 0.3448 0.0107 0.0000 0.0234 0.0000 0.0103 0.0000 0.0599 0.0000 0.0127 0.0169 0.0997 0.0053 0.0077 0.0061	HII
6.9000 -1.6250 -3.7500 0.3952 0.0167 0.0000 0.0229 0.0000 0.0331 0.0000 0.0586 0.0000 0.0130 0.0165 0.0842 0.0060 0.0095 0.0088	HII
6.9000 -1.6250 -3.5000 0.4159 0.0249 0.0014 0.0224 0.0000 0.0933 0.0000 0.0573 0.0014 0.0122 0.0161 0.0682 0.0068 0.0108 0.0120	HII
6.9000 -1.6250 -3.2500 0.3796 0.0351 0.0036 0.0219 0.0000 0.2115 0.0000 0.0561 0.0020 0.0100 0.0158 0.0527 0.0077 0.0105 0.0155	HII
6.9000 -1.6250 -3.0000 0.2988 0.0469 0.0072 0.0215 0.0000 0.3747 0.0000 0.0550 0.0027 0.0073 0.0154 0.0392 0.0085 0.0087 0.0188	HII
6.9000 -1.6250 -2.7500 0.2134 0.0599 0.0120 0.0211 0.0000 0.5504 0.0000 0.0542 0.0034 0.0050 0.0151 0.0284 0.0092 0.0056 0.0214	HII
6.9000 -1.6250 -2.5000 0.1469 0.0742 0.0179 0.0208 0.0000 0.7220 0.0000 0.0534 0.0040 0.0033 0.0149 0.0205 0.0095 0.0040 0.0230	HII
6.9000 -1.6250 -2.2500 0.1018 0.0896 0.0248 0.0205 0.0000 0.8866 0.0000 0.0528 0.0044 0.0023 0.0147 0.0147 0.0094 0.0014 0.0232	HII
6.9000 -1.6250 -2.0000 0.0730 0.1060 0.0328 0.0203 0.0000 1.0457 0.0000 0.0524 0.0046 0.0016 0.0145 0.0110 0.0088 0.0010 0.0222	HII
6.9000 -1.6250 -1.7500 0.0544 0.1228 0.0417 0.0201 0.0000 1.1984 0.0000 0.0521 0.0044 0.0012 0.0144 0.0084 0.0077 0.0000 0.0201	HII
6.9000 -1.6250 -1.5000 0.0423 0.1396 0.0513 0.0199 0.0010 1.3442 0.0000 0.0517 0.0041 0.0000 0.0142 0.0068 0.0066 0.0000 0.0174	HII
7.1000 -1.6250 -4.0000 0.5386 0.0105 0.0000 0.0234 0.0000 0.0160 0.0000 0.0600 0.0000 0.0199 0.0169 0.1569 0.0083 0.0117 0.0095	HII
7.1000 -1.6250 -3.7500 0.6174 0.0163 0.0000 0.0229 0.0000 0.0513 0.0000 0.0587 0.0014 0.0204 0.0165 0.1327 0.0094 0.0146 0.0138	HII
7.1000 -1.6250 -3.5000 0.6498 0.0244 0.0021 0.0224 0.0000 0.1446 0.0000 0.0574 0.0022 0.0192 0.0162 0.1074 0.0107 0.0167 0.0189	HII
7.1000 -1.6250 -3.2500 0.5938 0.0344 0.0054 0.0220 0.0000 0.3277 0.0000 0.0562 0.0031 0.0158 0.0158 0.0830 0.0120 0.0164 0.0243	HII
7.1000 -1.6250 -3.0000 0.4681 0.0458 0.0109 0.0216 0.0000 0.5808 0.0000 0.0552 0.0042 0.0115 0.0155 0.0618 0.0133 0.0137 0.0295	HII
7.1000 -1.6250 -2.7500 0.3348 0.0584 0.0182 0.0212 0.0000 0.8531 0.0000 0.0544 0.0053 0.0078 0.0152 0.0448 0.0144 0.0102 0.0336	HII
7.1000 -1.6250 -2.5000 0.2306 0.0722 0.0271 0.0209 0.0000 1.1179 0.0000 0.0537 0.0062 0.0053 0.0150 0.0322 0.0149 0.0073 0.0360	HII
7.1000 -1.6250 -2.2500 0.1599 0.0871 0.0374 0.0206 0.0000 1.3706 0.0000 0.0531 0.0068 0.0036 0.0148 0.0233 0.0147 0.0045 0.0364	HII
7.1000 -1.6250 -2.0000 0.1144 0.1026 0.0491 0.0204 0.0000 1.6131 0.0000 0.0527 0.0070 0.0026 0.0146 0.0173 0.0137 0.0016 0.0347	HII
7.1000 -1.6250 -1.7500 0.0853 0.1186 0.0622 0.0202 0.0000 1.8458 0.0000 0.0524 0.0068 0.0019 0.0145 0.0133 0.0121 0.0012 0.0314	HII
7.1000 -1.6250 -1.5000 0.0662 0.1347 0.0764 0.0200 0.0000 2.0691 0.0000 0.0521 0.0062 0.0015 0.0143 0.0107 0.0104 0.0000 0.0272	HII
7.2000 -1.6250 -4.0000 0.6702 0.0129 0.0000 0.0234 0.0000 0.0198 0.0000 0.0599 0.0011 0.0249 0.0169 0.1964 0.0082 0.0145 0.0119	HII
7.2000 -1.6250 -3.7500 0.7683 0.0202 0.0000 0.0229 0.0000 0.0634 0.0000 0.0587 0.0018 0.0255 0.0166 0.1661 0.0094 0.0181 0.0172	HII
7.2000 -1.6250 -3.5000 0.8089 0.0301 0.0025 0.0225 0.0000 0.1788 0.0000 0.0574 0.0027 0.0240 0.0162 0.1344 0.0106 0.0206 0.0236	HII
7.2000 -1.6250 -3.2500 0.7398 0.0425 0.0066 0.0220 0.0000 0.4053 0.0000 0.0563 0.0039 0.0198 0.0158 0.1039 0.0119 0.0201 0.0304	HII
7.2000 -1.6250 -3.0000 0.5835 0.0565 0.0133 0.0216 0.0000 0.7180 0.0000 0.0553 0.0052 0.0144 0.0155 0.0772 0.0132 0.0168 0.0368	HII
7.2000 -1.6250 -2.7500 0.4176 0.0720 0.0221 0.0213 0.0000 1.0537 0.0000 0.0545 0.0065 0.0099 0.0152 0.0560 0.0142 0.0127 0.0419	HII
7.2000 -1.6250 -2.5000 0.2877 0.0888 0.0326 0.0210 0.0000 1.3785 0.0000 0.0539 0.0076 0.0066 0.0150 0.0403 0.0148 0.0091 0.0450	HII
7.2000 -1.6250 -2.2500 0.1995 0.1067 0.0448 0.0207 0.0000 1.6863 0.0000 0.0534 0.0084 0.0046 0.0148 0.0291 0.0146 0.0056 0.0454	HII
7.2000 -1.6250 -2.0000 0.1426 0.1253 0.0586 0.0206 0.0000 1.9791 0.0000 0.0530 0.0086 0.0032 0.0147 0.0216 0.0136 0.0040 0.0432	HII
7.2000 -1.6250 -1.7500 0.1061 0.1442 0.0737 0.0204 0.0000 2.2579 0.0000 0.0527 0.0082 0.0024 0.0146 0.0166 0.0120 0.0015 0.0390	HII
7.2000 -1.6250 -1.5000 0.0821 0.1632 0.0900 0.0202 0.0000 2.5237 0.0000 0.0524 0.0075 0.0019 0.0144 0.0133 0.0102 0.0011 0.0337	HII
7.3000 -1.6250 -4.0000 0.8308 0.0156 0.0000 0.0234 0.0000 0.0243 0.0000 0.0599 0.0014 0.0311 0.0169 0.2449 0.0128 0.0179 0.0148	HII
7.3000 -1.6250 -3.7500 0.9520 0.0245 0.0000 0.0229 0.0000 0.0778 0.0000 0.0587 0.0022 0.0319 0.0166 0.2073 0.0146 0.0223 0.0215	HII
7.3000 -1.6250 -3.5000 1.0026 0.0368 0.0031 0.0225 0.0000 0.2192 0.0000 0.0575 0.0033 0.0301 0.0162 0.1679 0.0166 0.0253 0.0294	HII
7.3000 -1.6250 -3.2500 0.9183 0.0520 0.0079 0.0220 0.0000 0.4972 0.0000 0.0564 0.0048 0.0248 0.0159 0.1297 0.0187 0.0249 0.0379	HII
7.3000 -1.6250 -3.0000 0.7252 0.0692 0.0160 0.0217 0.0000 0.8810 0.0000 0.0555 0.0063 0.0182 0.0156 0.0964 0.0206 0.0208 0.0458	HII
7.3000 -1.6250 -2.7500 0.5195 0.0880 0.0264 0.0214 0.0000 1.2923 0.0000 0.0547 0.0079 0.0124 0.0153 0.0699 0.0223 0.0156 0.0522	HII
7.3000 -1.6250 -2.5000 0.3581 0.1082 0.0388 0.0211 0.0000 1.6873 0.0000 0.0541 0.0093 0.0083 0.0151 0.0501 0.0231 0.0113 0.0560	HII
7.3000 -1.6250 -2.2500 0.2480 0.1295 0.0530 0.0209 0.0000 2.0582 0.0000 0.0537 0.0102 0.0057 0.0149 0.0363 0.0228 0.0081 0.0565	HII
7.3000 -1.6250 -2.0000 0.1770 0.1514 0.0687 0.0207 0.0000 2.4072 0.0000 0.0534 0.0104 0.0041 0.0148 0.0268 0.0213 0.0051 0.0537	HII
7.3000 -1.6250 -1.7500 0.1315 0.1735 0.0858 0.0205 0.0000 2.7374 0.0000 0.0531 0.0100 0.0030 0.0147 0.0206 0.0188 0.0028 0.0483	HII
7.3000 -1.6250 -1.5000 0.1014 0.1955 0.1041 0.0204 0.0000 3.0495 0.0000 0.0528 0.0090 0.0023 0.0146 0.0165 0.0160 0.0014 0.0417	HII
7.4000 -1.6250 -4.0000 1.0253 0.0188 0.0000 0.0234 0.0000 0.0296 0.0000 0.0598 0.0017 0.0387 0.0169 0.3051 0.0126 0.0218 0.0184	HII
7.4000 -1.6250 -3.7500 1.1747 0.0297 0.0011 0.0229 0.0000 0.0949 0.0000 0.0587 0.0027 0.0397 0.0166 0.2583 0.0144 0.0272 0.0267	HII
7.4000 -1.6250 -3.5000 1.2376 0.0447 0.0037 0.0225 0.0000 0.2674 0.0000 0.0576 0.0041 0.0375 0.0162 0.2091 0.0164 0.0309 0.0366	HII
7.4000 -1.6250 -3.2500 1.1345 0.0632 0.0094 0.0221 0.0000 0.6064 0.0000 0.0566 0.0058 0.0311 0.0159 0.1615 0.0184 0.0303 0.0471	HII
7.4000 -1.6250 -3.0000 0.8973 0.0841 0.0189 0.0217 0.0000 1.0743 0.0000 0.0557 0.0077 0.0228 0.0156 0.1201 0.0203 0.0254 0.0568	HII
7.4000 -1.6250 -2.7500 0.6435 0.1067 0.0312 0.0214 0.0000 1.5742 0.0000 0.0550 0.0096 0.0156 0.0154 0.0870 0.0219 0.0191 0.0647	HII
7.4000 -1.6250 -2.5000 0.4437 0.1308 0.0455 0.0212 0.0000 2.0502 0.0000 0.0544 0.0112 0.0105 0.0152 0.0624 0.0227 0.0137 0.0693	HII
7.4000 -1.6250 -2.2500 0.3072 0.1558 0.0616 0.0210 0.0000 2.4928 0.0000 0.0540 0.0122 0.0072 0.0150 0.0450 0.0224 0.0098 0.0699	HII
7.4000 -1.6250 -2.0000 0.2188 0.1813 0.0793 0.0209 0.0000 2.9044 0.0000 0.0537 0.0125 0.0051 0.0149 0.0333 0.0209 0.0062 0.0664	HII
7.4000 -1.6250 -1.7500 0.1621 0.2068 0.0983 0.0207 0.0000 3.2905 0.0000 0.0535 0.0119 0.0038 0.0148 0.0256 0.0185 0.0046 0.0597	HII
7.4000 -1.6250 -1.5000 0.1249 0.2320 0.1185 0.0205 0.0000 3.6549 0.0000 0.0532 0.0108 0.0029 0.0147 0.0203 0.0158 0.0017 0.0513	HII
7.5000 -1.6250 -4.0000 1.2565 0.0226 0.0000 0.0233 0.0000 0.0359 0.0000 0.0597 0.0020 0.0479 0.0169 0.3788 0.0196 0.0265 0.0228	HII
7.5000 -1.6250 -3.7500 1.4395 0.0357 0.0013 0.0229 0.0000 0.1149 0.0011 0.0587 0.0033 0.0493 0.0166 0.3210 0.0225 0.0328 0.0331	HII
7.5000 -1.6250 -3.5000 1.5168 0.0538 0.0043 0.0225 0.0000 0.3235 0.0011 0.0577 0.0050 0.0467 0.0163 0.2600 0.0255 0.0374 0.0453	HII
7.5000 -1.6250 -3.2500 1.3919 0.0761 0.0111 0.0222 0.0000 0.7332 0.0010 0.0567 0.0070 0.0388 0.0160 0.2009 0.0286 0.0366 0.0582	HII
7.5000 -1.6250 -3.0000 1.1027 0.1012 0.0220 0.0218 0.0000 1.2980 0.0000 0.0559 0.0093 0.0285 0.0157 0.1491 0.0316 0.0306 0.0702	HII
7.5000 -1.6250 -2.7500 0.7919 0.1281 0.0361 0.0216 0.0000 1.8990 0.0000 0.0552 0.0115 0.0195 0.0155 0.1080 0.0340 0.0231 0.0797	HII
7.5000 -1.6250 -2.5000 0.5461 0.1563 0.0523 0.0213 0.0000 2.4659 0.0000 0.0547 0.0134 0.0131 0.0153 0.0774 0.0352 0.0165 0.0854	HII
7.5000 -1.6250 -2.2500 0.3779 0.1852 0.0702 0.0212 0.0000 2.9864 0.0000 0.0544 0.0146 0.0090 0.0152 0.0558 0.0347 0.0117 0.0860	HII
7.5000 -1.6250 -2.0000 0.2689 0.2143 0.0896 0.0210 0.0000 3.4663 0.0000 0.0541 0.0148 0.0063 0.0150 0.0412 0.0324 0.0086 0.0816	HII
7.5000 -1.6250 -1.7500 0.1988 0.2433 0.1103 0.0209 0.0000 3.9127 0.0000 0.0539 0.0140 0.0047 0.0150 0.0315 0.0287 0.0055 0.0732	HII
7.5000 -1.6250 -1.5000 0.1528 0.2720 0.1322 0.0207 0.0000 4.3336 0.0000 0.0537 0.0127 0.0036 0.0149 0.0250 0.0245 0.0044 0.0629	HII
7.6000 -1.6250 -4.0000 1.5313 0.0268 0.0000 0.0233 0.0000 0.0432 0.0011 0.0597 0.0025 0.0592 0.0169 0.4691 0.0191 0.0318 0.0281	HII
7.6000 -1.6250 -3.7500 1.7531 0.0425 0.0016 0.0230 0.0000 0.1381 0.0013 0.0588 0.0040 0.0610 0.0166 0.3977 0.0220 0.0395 0.0408	HII
7.6000 -1.6250 -3.5000 1.8465 0.0642 0.0050 0.0226 0.0000 0.3882 0.0013 0.0578 0.0060 0.0579 0.0163 0.3223 0.0250 0.0446 0.0558	HII
7.6000 -1.6250 -3.2500 1.6950 0.0909 0.0127 0.0222 0.0000 0.8783 0.0012 0.0569 0.0084 0.0482 0.0160 0.2488 0.0280 0.0438 0.0716	HII
7.6000 -1.6250 -3.0000 1.3452 0.1206 0.0252 0.0219 0.0000 1.5526 0.0000 0.0561 0.0111 0.0355 0.0158 0.1847 0.0308 0.0367 0.0862	HII
7.6000 -1.6250 -2.7500 0.9669 0.1519 0.0409 0.0217 0.0000 2.2652 0.0000 0.0555 0.0136 0.0244 0.0156 0.1336 0.0330 0.0276 0.0976	HII
7.6000 -1.6250 -2.5000 0.6673 0.1843 0.0588 0.0215 0.0000 2.9320 0.0000 0.0551 0.0158 0.0164 0.0154 0.0956 0.0342 0.0199 0.1044	HII
7.6000 -1.6250 -2.2500 0.4614 0.2172 0.0782 0.0213 0.0000 3.5355 0.0000 0.0547 0.0171 0.0112 0.0153 0.0688 0.0337 0.0142 0.1051	HII
7.6000 -1.6250 -2.0000 0.3279 0.2500 0.0990 0.0212 0.0000 4.0871 0.0000 0.0545 0.0172 0.0079 0.0152 0.0508 0.0314 0.0103 0.0995	HII
7.6000 -1.6250 -1.7500 0.2421 0.2826 0.1211 0.0211 0.0000 4.5995 0.0000 0.0543 0.0164 0.0058 0.0151 0.0387 0.0278 0.0078 0.0892	HII
7.6000 -1.6250 -1.5000 0.1858 0.3149 0.1445 0.0209 0.0000 5.0814 0.0000 0.0541 0.0147 0.0045 0.0150 0.0307 0.0238 0.0052 0.0765	HII
7.7000 -1.6250 -4.0000 1.8428 0.0315 0.0000 0.0233 0.0000 0.0516 0.0014 0.0597 0.0029 0.0726 0.0169 0.5772 0.0294 0.0374 0.0344	HII
7.7000 -1.6250 -3.7500 2.1066 0.0500 0.0018 0.0230 0.0000 0.1636 0.0015 0.0589 0.0047 0.0748 0.0166 0.4901 0.0338 0.0463 0.0499	HII
7.7000 -1.6250 -3.5000 2.2185 0.0756 0.0056 0.0226 0.0000 0.4591 0.0016 0.0580 0.0071 0.0712 0.0164 0.3973 0.0384 0.0524 0.0683	HII
7.7000 -1.6250 -3.2500 2.0381 0.1069 0.0142 0.0223 0.0000 1.0369 0.0015 0.0571 0.0099 0.0596 0.0161 0.3068 0.0429 0.0512 0.0874	HII
7.7000 -1.6250 -3.0000 1.6199 0.1413 0.0280 0.0220 0.0000 1.8283 0.0012 0.0564 0.0129 0.0440 0.0159 0.2274 0.0471 0.0431 0.1049	HII
7.7000 -1.6250 -2.7500 1.1668 0.1771 0.0450 0.0218 0.0000 2.6586 0.0000 0.0558 0.0158 0.0302 0.0157 0.1643 0.0504 0.0324 0.1184	HII
7.7000 -1.6250 -2.5000 0.8062 0.2135 0.0641 0.0216 0.0000 3.4286 0.0000 0.0554 0.0182 0.0203 0.0155 0.1175 0.0520 0.0233 0.1263	HII
7.7000 -1.6250 -2.2500 0.5576 0.2500 0.0845 0.0215 0.0000 4.1186 0.0000 0.0551 0.0196 0.0138 0.0154 0.0844 0.0512 0.0167 0.1270	HII
7.7000 -1.6250 -2.0000 0.3960 0.2864 0.1062 0.0214 0.0000 4.7436 0.0000 0.0549 0.0197 0.0097 0.0153 0.0622 0.0478 0.0122 0.1203	HII
7.7000 -1.6250 -1.7500 0.2921 0.3226 0.1294 0.0212 0.0000 5.3249 0.0000 0.0547 0.0187 0.0071 0.0152 0.0473 0.0424 0.0091 0.1078	HII
7.7000 -1.6250 -1.5000 0.2239 0.3587 0.1541 0.0211 0.0000 5.8770 0.0000 0.0545 0.0169 0.0055 0.0152 0.0375 0.0363 0.0061 0.0924	HII
7.8000 -1.6250 -4.0000 2.1932 0.0365 0.0000 0.0233 0.0000 0.0612 0.0016 0.0597 0.0035 0.0885 0.0169 0.7057 0.0284 0.0433 0.0420	HII
7.8000 -1.6250 -3.7500 2.5045 0.0581 0.0020 0.0230 0.0000 0.1918 0.0018 0.0590 0.0055 0.0913 0.0167 0.6009 0.0327 0.0535 0.0607	HII
7.8000 -1.6250 -3.5000 2.6335 0.0878 0.0062 0.0227 0.0000 0.5357 0.0019 0.0581 0.0083 0.0870 0.0164 0.4873 0.0370 0.0604 0.0829	HII
7.8000 -1.6250 -3.2500 2.4193 0.1238 0.0155 0.0224 0.0000 1.2057 0.0017 0.0573 0.0115 0.0730 0.0162 0.3760 0.0413 0.0590 0.1058	HII
7.8000 -1.6250 -3.0000 1.9254 0.1628 0.0301 0.0221 0.0000 2.1176 0.0014 0.0567 0.0149 0.0542 0.0159 0.2785 0.0451 0.0495 0.1264	HII
7.8000 -1.6250 -2.7500 1.3904 0.2027 0.0480 0.0219 0.0000 3.0673 0.0000 0.0562 0.0180 0.0373 0.0158 0.2009 0.0480 0.0374 0.1423	HII
7.8000 -1.6250 -2.5000 0.9625 0.2427 0.0676 0.0218 0.0000 3.9392 0.0000 0.0558 0.0205 0.0250 0.0156 0.1434 0.0495 0.0270 0.1513	HII
7.8000 -1.6250 -2.2500 0.6664 0.2826 0.0886 0.0216 0.0000 4.7176 0.0000 0.0555 0.0220 0.0170 0.0155 0.1030 0.0487 0.0193 0.1518	HII
7.8000 -1.6250 -2.0000 0.4733 0.3222 0.1107 0.0215 0.0000 5.4187 0.0000 0.0553 0.0222 0.0119 0.0154 0.0757 0.0454 0.0142 0.1438	HII
7.8000 -1.6250 -1.7500 0.3491 0.3620 0.1344 0.0214 0.0000 6.0713 0.0000 0.0551 0.0210 0.0087 0.0154 0.0576 0.0404 0.0106 0.1291	HII
7.8000 -1.6250 -1.5000 0.2675 0.4023 0.1601 0.0213 0.0000 6.6987 0.0000 0.0549 0.0190 0.0067 0.0153 0.0455 0.0346 0.0083 0.1108	HII
7.9000 -1.6250 -4.0000 2.5461 0.0413 0.0000 0.0233 0.0000 0.0702 0.0018 0.0598 0.0040 0.1063 0.0169 0.8531 0.0429 0.0483 0.0503	HII
7.9000 -1.6250 -3.7500 2.9055 0.0658 0.0021 0.0231 0.0000 0.2194 0.0021 0.0591 0.0063 0.1098 0.0167 0.7283 0.0493 0.0597 0.0727	HII
7.9000 -1.6250 -3.5000 3.0550 0.0995 0.0065 0.0228 0.0000 0.6099 0.0022 0.0584 0.0094 0.1050 0.0165 0.5913 0.0559 0.0674 0.0992	HII
7.9000 -1.6250 -3.2500 2.8103 0.1399 0.0161 0.0225 0.0000 1.3677 0.0020 0.0576 0.0130 0.0885 0.0162 0.4563 0.0621 0.0659 0.1264	HII
7.9000 -1.6250 -3.0000 2.2431 0.1829 0.0309 0.0223 0.0000 2.3940 0.0016 0.0570 0.0166 0.0659 0.0160 0.3377 0.0674 0.0554 0.1503	HII
7.9000 -1.6250 -2.7500 1.6260 0.2260 0.0488 0.0221 0.0000 3.4546 0.0012 0.0565 0.0199 0.0455 0.0159 0.2434 0.0715 0.0422 0.1685	HII
7.9000 -1.6250 -2.5000 1.1294 0.2688 0.0683 0.0219 0.0000 4.4216 0.0000 0.0561 0.0225 0.0305 0.0158 0.1736 0.0734 0.0304 0.1786	HII
7.9000 -1.6250 -2.2500 0.7837 0.3114 0.0890 0.0218 0.0000 5.2810 0.0000 0.0559 0.0241 0.0207 0.0157 0.1245 0.0722 0.0219 0.1790	HII
7.9000 -1.6250 -2.0000 0.5576 0.3540 0.1111 0.0217 0.0000 6.0609 0.0000 0.0557 0.0242 0.0145 0.0156 0.0914 0.0675 0.0160 0.1696	HII
7.9000 -1.6250 -1.7500 0.4116 0.3973 0.1349 0.0216 0.0000 6.7926 0.0000 0.0555 0.0231 0.0106 0.0155 0.0694 0.0602 0.0122 0.1524	HII
7.9000 -1.6250 -1.5000 0.3158 0.4419 0.1610 0.0215 0.0000 7.5021 0.0000 0.0554 0.0210 0.0081 0.0155 0.0548 0.0517 0.0095 0.1313	HII
8.0000 -1.6250 -4.0000 2.8907 0.0457 0.0000 0.0233 0.0000 0.0789 0.0020 0.0598 0.0044 0.1261 0.0170 1.0198 0.0403 0.0524 0.0596	HII
8.0000 -1.6250 -3.7500 3.3064 0.0730 0.0021 0.0231 0.0000 0.2460 0.0023 0.0593 0.0070 0.1306 0.0168 0.8739 0.0465 0.0648 0.0862	HII
8.0000 -1.6250 -3.5000 3.4769 0.1104 0.0066 0.0229 0.0000 0.6803 0.0024 0.0586 0.0104 0.1252 0.0166 0.7110 0.0526 0.0731 0.1174	HII
8.0000 -1.6250 -3.2500 3.1963 0.1543 0.0160 0.0226 0.0000 1.5146 0.0022 0.0579 0.0143 0.1060 0.0163 0.5486 0.0581 0.0713 0.1489	HII
8.0000 -1.6250 -3.0000 2.5608 0.2003 0.0304 0.0224 0.0000 2.6394 0.0018 0.0573 0.0180 0.0794 0.0161 0.4057 0.0628 0.0602 0.1764	HII
8.0000 -1.6250 -2.7500 1.8664 0.2458 0.0476 0.0222 0.0000 3.7996 0.0013 0.0568 0.0214 0.0550 0.0160 0.2921 0.0662 0.0460 0.1968	HII
8.0000 -1.6250 -2.5000 1.3035 0.2906 0.0664 0.0220 0.0000 4.8555 0.0000 0.0565 0.0241 0.0370 0.0159 0.2081 0.0678 0.0336 0.2081	HII
8.0000 -1.6250 -2.2500 0.9081 0.3353 0.0862 0.0219 0.0000 5.7911 0.0000 0.0562 0.0257 0.0251 0.0158 0.1492 0.0667 0.0244 0.2083	HII
8.0000 -1.6250 -2.0000 0.6480 0.3807 0.1076 0.0218 0.0000 6.6472 0.0000 0.0561 0.0259 0.0176 0.0157 0.1095 0.0626 0.0179 0.1975	HII
8.0000 -1.6250 -1.7500 0.4792 0.4273 0.1310 0.0217 0.0000 7.4605 0.0000 0.0559 0.0248 0.0128 0.0157 0.0832 0.0560 0.0137 0.1779	HII
8.0000 -1.6250 -1.5000 0.3683 0.4762 0.1572 0.0216 0.0000 8.2629 0.0000 0.0558 0.0227 0.0098 0.0156 0.0657 0.0484 0.0108 0.1537	HII
8.1000 -1.6250 -4.0000 3.1321 0.0482 0.0000 0.0234 0.0000 0.0848 0.0021 0.0600 0.0047 0.1456 0.0170 1.1903 0.0586 0.0529 0.0686	HII
8.1000 -1.6250 -3.7500 3.6013 0.0774 0.0020 0.0232 0.0000 0.2643 0.0025 0.0595 0.0075 0.1515 0.0168 1.0264 0.0677 0.0660 0.0995	HII
8.1000 -1.6250 -3.5000 3.8019 0.1173 0.0062 0.0229 0.0000 0.7293 0.0026 0.0588 0.0111 0.1460 0.0166 0.8388 0.0766 0.0748 0.1358	HII
8.1000 -1.6250 -3.2500 3.5127 0.1638 0.0149 0.0227 0.0000 1.6185 0.0024 0.0582 0.0150 0.1245 0.0164 0.6484 0.0844 0.0734 0.1719	HII
8.1000 -1.6250 -3.0000 2.8331 0.2116 0.0280 0.0225 0.0000 2.8109 0.0020 0.0576 0.0188 0.0938 0.0163 0.4797 0.0907 0.0626 0.2028	HII
8.1000 -1.6250 -2.7500 2.0839 0.2583 0.0438 0.0223 0.0000 4.0445 0.0015 0.0572 0.0222 0.0654 0.0161 0.3454 0.0953 0.0486 0.2257	HII
8.1000 -1.6250 -2.5000 1.4680 0.3041 0.0610 0.0222 0.0000 5.1721 0.0010 0.0568 0.0249 0.0442 0.0160 0.2463 0.0974 0.0359 0.2382	HII
8.1000 -1.6250 -2.2500 1.0293 0.3500 0.0794 0.0221 0.0000 6.1772 0.0000 0.0566 0.0265 0.0300 0.0159 0.1767 0.0959 0.0263 0.2385	HII
8.1000 -1.6250 -2.0000 0.7380 0.3972 0.0995 0.0220 0.0000 7.1040 0.0000 0.0564 0.0268 0.0210 0.0159 0.1296 0.0903 0.0195 0.2264	HII
8.1000 -1.6250 -1.7500 0.5479 0.4470 0.1218 0.0219 0.0000 7.9984 0.0000 0.0563 0.0258 0.0153 0.0158 0.0985 0.0813 0.0150 0.2046	HII
8.1000 -1.6250 -1.5000 0.4223 0.4999 0.1472 0.0218 0.0000 8.8920 0.0000 0.0562 0.0239 0.0116 0.0157 0.0778 0.0706 0.0117 0.1773	HII
8.2000 -1.6250 -4.0000 3.2343 0.0473 0.0000 0.0233 0.0000 0.0860 0.0021 0.0598 0.0046 0.1631 0.0170 1.3529 0.0521 0.0500 0.0767	HII
8.2000 -1.6250 -3.7500 3.7661 0.0773 0.0017 0.0232 0.0000 0.2702 0.0025 0.0595 0.0075 0.1713 0.0169 1.1796 0.0606 0.0635 0.1119	HII
8.2000 -1.6250 -3.5000 4.0101 0.1182 0.0053 0.0230 0.0000 0.7471 0.0027 0.0590 0.0112 0.1665 0.0167 0.9709 0.0687 0.0727 0.1533	HII
8.2000 -1.6250 -3.2500 3.7347 0.1656 0.0129 0.0228 0.0000 1.6563 0.0025 0.0584 0.0152 0.1433 0.0165 0.7534 0.0756 0.0722 0.1941	HII
8.2000 -1.6250 -3.0000 3.0438 0.2136 0.0241 0.0226 0.0000 2.8757 0.0021 0.0579 0.0189 0.1091 0.0164 0.5580 0.0809 0.0624 0.2284	HII
8.2000 -1.6250 -2.7500 2.2662 0.2601 0.0376 0.0224 0.0000 4.1442 0.0016 0.0575 0.0221 0.0766 0.0162 0.4021 0.0846 0.0491 0.2536	HII
8.2000 -1.6250 -2.5000 1.6141 0.3057 0.0525 0.0223 0.0000 5.3143 0.0011 0.0572 0.0247 0.0520 0.0161 0.2870 0.0864 0.0370 0.2677	HII
8.2000 -1.6250 -2.2500 1.1421 0.3517 0.0688 0.0222 0.0000 6.3699 0.0000 0.0570 0.0264 0.0354 0.0161 0.2062 0.0853 0.0274 0.2686	HII
8.2000 -1.6250 -2.0000 0.8243 0.3998 0.0868 0.0221 0.0000 7.3517 0.0000 0.0568 0.0269 0.0248 0.0160 0.1514 0.0808 0.0206 0.2561	HII
8.2000 -1.6250 -1.7500 0.6150 0.4513 0.1072 0.0221 0.0000 8.3151 0.0000 0.0567 0.0262 0.0181 0.0159 0.1151 0.0733 0.0159 0.2326	HII
8.2000 -1.6250 -1.5000 0.4759 0.5071 0.1306 0.0220 0.0000 9.2923 0.0000 0.0566 0.0244 0.0138 0.0159 0.0911 0.0642 0.0127 0.2028	HII
8.3000 -1.6250 -4.0000 2.9827 0.0401 0.0000 0.0230 0.0000 0.0772 0.0019 0.0593 0.0040 0.1705 0.0168 1.4461 0.0681 0.0401 0.0798	HII
8.3000 -1.6250 -3.7500 3.5797 0.0679 0.0012 0.0230 0.0000 0.2479 0.0023 0.0593 0.0067 0.1828 0.0168 1.2895 0.0808 0.0532 0.1187	HII
8.3000 -1.6250 -3.5000 3.9088 0.1070 0.0040 0.0229 0.0000 0.6978 0.0025 0.0590 0.0103 0.1811 0.0167 1.0790 0.0928 0.0632 0.1648	HII
8.3000 -1.6250 -3.2500 3.7211 0.1528 0.0097 0.0228 0.0000 1.5671 0.0024 0.0586 0.0141 0.1587 0.0166 0.8455 0.1027 0.0645 0.2103	HII
8.3000 -1.6250 -3.0000 3.0935 0.1990 0.0183 0.0226 0.0000 2.7464 0.0020 0.0582 0.0176 0.1227 0.0165 0.6292 0.1098 0.0573 0.2480	HII
8.3000 -1.6250 -2.7500 2.3475 0.2437 0.0288 0.0225 0.0000 3.9911 0.0016 0.0578 0.0206 0.0872 0.0164 0.4547 0.1147 0.0464 0.2758	HII
8.3000 -1.6250 -2.5000 1.7015 0.2876 0.0408 0.0224 0.0000 5.1580 0.0012 0.0576 0.0231 0.0598 0.0163 0.3252 0.1173 0.0358 0.2920	HII
8.3000 -1.6250 -2.2500 1.2202 0.3322 0.0541 0.0223 0.0000 6.2255 0.0000 0.0574 0.0248 0.0410 0.0162 0.2341 0.1165 0.0272 0.2948	HII
8.3000 -1.6250 -2.0000 0.8895 0.3793 0.0690 0.0223 0.0000 7.2320 0.0000 0.0573 0.0256 0.0288 0.0161 0.1723 0.1114 0.0208 0.2832	HII
8.3000 -1.6250 -1.7500 0.6688 0.4303 0.0861 0.0222 0.0000 8.2253 0.0000 0.0572 0.0252 0.0210 0.0161 0.1313 0.1021 0.0163 0.2595	HII
8.3000 -1.6250 -1.5000 0.5209 0.4871 0.1065 0.0221 0.0000 9.2612 0.0000 0.0570 0.0240 0.0160 0.0160 0.1041 0.0904 0.0131 0.2285	HII
8.4000 -1.6250 -4.0000 2.5429 0.0314 0.0000 0.0227 0.0000 0.0649 0.0015 0.0587 0.0032 0.1699 0.0167 1.4770 0.0536 0.0287 0.0798	HII
8.4000 -1.6250 -3.7500 3.1954 0.0559 0.0000 0.0229 0.0000 0.2157 0.0019 0.0590 0.0057 0.1876 0.0168 1.3597 0.0655 0.0407 0.1218	HII
8.4000 -1.6250 -3.5000 3.6212 0.0918 0.0027 0.0229 0.0000 0.6242 0.0022 0.0589 0.0090 0.1908 0.0167 1.1649 0.0768 0.0509 0.1727	HII
8.4000 -1.6250 -3.2500 3.5431 0.1345 0.0068 0.0228 0.0000 1.4258 0.0022 0.0587 0.0125 0.1708 0.0166 0.9256 0.0858 0.0539 0.2229	HII
8.4000 -1.6250 -3.0000 3.0224 0.1780 0.0130 0.0227 0.0000 2.5290 0.0019 0.0584 0.0157 0.1346 0.0166 0.6946 0.0920 0.0496 0.2643	HII
8.4000 -1.6250 -2.7500 2.3460 0.2199 0.0208 0.0226 0.0000 3.7138 0.0015 0.0582 0.0184 0.0972 0.0165 0.5042 0.0961 0.0416 0.2947	HII
8.4000 -1.6250 -2.5000 1.7341 0.2611 0.0298 0.0225 0.0000 4.8468 0.0012 0.0580 0.0208 0.0673 0.0164 0.3618 0.0985 0.0331 0.3132	HII
8.4000 -1.6250 -2.2500 1.2632 0.3030 0.0401 0.0225 0.0000 5.8979 0.0000 0.0578 0.0225 0.0465 0.0163 0.2613 0.0983 0.0257 0.3178	HII
8.4000 -1.6250 -2.0000 0.9324 0.3477 0.0519 0.0224 0.0000 6.9039 0.0000 0.0577 0.0234 0.0328 0.0163 0.1928 0.0948 0.0201 0.3077	HII
8.4000 -1.6250 -1.7500 0.7081 0.3967 0.0657 0.0223 0.0000 7.9089 0.0000 0.0576 0.0234 0.0240 0.0163 0.1474 0.0879 0.0159 0.2843	HII
8.4000 -1.6250 -1.5000 0.5556 0.4523 0.0823 0.0223 0.0000 8.9687 0.0000 0.0575 0.0226 0.0183 0.0162 0.1172 0.0788 0.0130 0.2525	HII
8.5000 -1.6250 -4.0000 1.7570 0.0170 0.0000 0.0223 0.0000 0.0404 0.0000 0.0578 0.0021 0.1488 0.0164 1.3240 0.0590 0.0151 0.0720	HII
8.5000 -1.6250 -3.7500 2.4021 0.0337 0.0000 0.0226 0.0000 0.1441 0.0013 0.0585 0.0039 0.1731 0.0167 1.2847 0.0759 0.0243 0.1147	HII
8.5000 -1.6250 -3.5000 2.9624 0.0612 0.0014 0.0228 0.0000 0.4508 0.0016 0.0588 0.0068 0.1856 0.0167 1.1520 0.0932 0.0340 0.1699	HII
8.5000 -1.6250 -3.2500 3.1088 0.0973 0.0037 0.0228 0.0000 1.1019 0.0018 0.0587 0.0100 0.1735 0.0167 0.9427 0.1072 0.0396 0.2258	HII
8.5000 -1.6250 -3.0000 2.8012 0.1362 0.0076 0.0227 0.0000 2.0520 0.0016 0.0586 0.0129 0.1413 0.0166 0.7190 0.1166 0.0390 0.2720	HII
8.5000 -1.6250 -2.7500 2.2646 0.1744 0.0126 0.0227 0.0000 3.1149 0.0013 0.0585 0.0153 0.1043 0.0166 0.5257 0.1225 0.0345 0.3055	HII
8.5000 -1.6250 -2.5000 1.7236 0.2123 0.0187 0.0226 0.0000 4.1655 0.0010 0.0584 0.0174 0.0733 0.0165 0.3790 0.1264 0.0285 0.3274	HII
8.5000 -1.6250 -2.2500 1.2823 0.2512 0.0259 0.0226 0.0000 5.1715 0.0000 0.0583 0.0191 0.0510 0.0165 0.2747 0.1279 0.0228 0.3368	HII
8.5000 -1.6250 -2.0000 0.9599 0.2926 0.0343 0.0225 0.0000 6.1437 0.0000 0.0582 0.0203 0.0361 0.0165 0.2034 0.1258 0.0184 0.3321	HII
8.5000 -1.6250 -1.7500 0.7356 0.3381 0.0443 0.0225 0.0000 7.1228 0.0000 0.0581 0.0209 0.0265 0.0164 0.1558 0.1196 0.0150 0.3133	HII
8.5000 -1.6250 -1.5000 0.5806 0.3895 0.0565 0.0224 0.0000 8.1608 0.0000 0.0580 0.0207 0.0202 0.0164 0.1243 0.1098 0.0123 0.2841	HII
8.6000 -1.6250 -4.0000 1.0369 0.0061 0.0000 0.0217 0.0000 0.0184 0.0000 0.0566 0.0011 0.1185 0.0161 1.0705 0.0374 0.0055 0.0610	HII
8.6000 -1.6250 -3.7500 1.5687 0.0139 0.0000 0.0223 0.0000 0.0715 0.0000 0.0580 0.0024 0.1463 0.0165 1.1016 0.0512 0.0117 0.1018	HII
8.6000 -1.6250 -3.5000 2.2045 0.0297 0.0000 0.0226 0.0000 0.2547 0.0011 0.0585 0.0047 0.1693 0.0167 1.0544 0.0674 0.0196 0.1606	HII
8.6000 -1.6250 -3.2500 2.6300 0.0552 0.0017 0.0227 0.0000 0.7109 0.0013 0.0587 0.0077 0.1700 0.0167 0.9086 0.0822 0.0270 0.2255	HII
8.6000 -1.6250 -3.0000 2.5836 0.0858 0.0038 0.0227 0.0000 1.4574 0.0013 0.0588 0.0104 0.1443 0.0167 0.7078 0.0917 0.0295 0.2785	HII
8.6000 -1.6250 -2.7500 2.2232 0.1183 0.0067 0.0227 0.0000 2.3557 0.0011 0.0588 0.0125 0.1093 0.0167 0.5218 0.0973 0.0279 0.3157	HII
8.6000 -1.6250 -2.5000 1.7664 0.1518 0.0104 0.0227 0.0000 3.2885 0.0000 0.0587 0.0142 0.0779 0.0167 0.3763 0.1009 0.0245 0.3406	HII
8.6000 -1.6250 -2.2500 1.3484 0.1870 0.0148 0.0227 0.0000 4.2130 0.0000 0.0587 0.0157 0.0544 0.0166 0.2724 0.1035 0.0203 0.3557	HII
8.6000 -1.6250 -2.0000 1.0232 0.2248 0.0203 0.0227 0.0000 5.1294 0.0000 0.0587 0.0171 0.0385 0.0166 0.2015 0.1046 0.0167 0.3599	HII
8.6000 -1.6250 -1.7500 0.7877 0.2658 0.0268 0.0226 0.0000 6.0506 0.0000 0.0586 0.0182 0.0281 0.0166 0.1543 0.1033 0.0137 0.3512	HII
8.6000 -1.6250 -1.5000 0.6225 0.3120 0.0350 0.0226 0.0000 7.0311 0.0000 0.0586 0.0187 0.0213 0.0166 0.1230 0.0991 0.0115 0.3304	HII
8.7000 -1.6250 -4.0000 0.4621 0.0017 0.0000 0.0213 0.0000 0.0068 0.0000 0.0560 0.0000 0.0803 0.0160 0.7501 0.0327 0.0000 0.0456	HII
8.7000 -1.6250 -3.7500 0.7645 0.0043 0.0000 0.0221 0.0000 0.0277 0.0000 0.0578 0.0011 0.1043 0.0165 0.8159 0.0469 0.0016 0.0784	HII
8.7000 -1.6250 -3.5000 1.2641 0.0111 0.0000 0.0225 0.0000 0.1177 0.0000 0.0586 0.0025 0.1327 0.0167 0.8505 0.0676 0.0078 0.1340	HII
8.7000 -1.6250 -3.2500 1.8325 0.0255 0.0000 0.0227 0.0000 0.4018 0.0000 0.0589 0.0049 0.1488 0.0168 0.8012 0.0913 0.0139 0.2074	HII
8.7000 -1.6250 -3.0000 2.0926 0.0466 0.0016 0.0227 0.0000 0.9499 0.0000 0.0590 0.0075 0.1365 0.0168 0.6616 0.1089 0.0186 0.2727	HII
8.7000 -1.6250 -2.7500 1.9727 0.0705 0.0032 0.0228 0.0000 1.6580 0.0000 0.0591 0.0095 0.1073 0.0168 0.4986 0.1181 0.0198 0.3160	HII
8.7000 -1.6250 -2.5000 1.6740 0.0967 0.0052 0.0228 0.0000 2.4315 0.0000 0.0591 0.0109 0.0781 0.0168 0.3625 0.1234 0.0186 0.3440	HII
8.7000 -1.6250 -2.2500 1.3394 0.1259 0.0078 0.0228 0.0000 3.2327 0.0000 0.0592 0.0123 0.0551 0.0168 0.2628 0.1276 0.0164 0.3626	HII
8.7000 -1.6250 -2.0000 1.0450 0.1586 0.0110 0.0228 0.0000 4.0575 0.0000 0.0592 0.0135 0.0391 0.0168 0.1945 0.1314 0.0141 0.3736	HII
8.7000 -1.6250 -1.7500 0.8183 0.1951 0.0151 0.0228 0.0000 4.9131 0.0000 0.0592 0.0148 0.0285 0.0168 0.1489 0.1337 0.0120 0.3748	HII
8.7000 -1.6250 -1.5000 0.6501 0.2359 0.0202 0.0227 0.0000 5.8224 0.0000 0.0591 0.0158 0.0215 0.0167 0.1186 0.1333 0.0101 0.3642	HII
8.8000 -1.6250 -4.0000 0.1870 0.0000 0.0000 0.0211 0.0000 0.0024 0.0000 0.0555 0.0000 0.0517 0.0159 0.4984 0.0173 0.0000 0.0330	HII
8.8000 -1.6250 -3.7500 0.3320 0.0012 0.0000 0.0219 0.0000 0.0099 0.0000 0.0577 0.0000 0.0695 0.0165 0.5687 0.0257 0.0000 0.0576	HII
8.8000 -1.6250 -3.5000 0.6128 0.0035 0.0000 0.0225 0.0000 0.0469 0.0000 0.0589 0.0011 0.0944 0.0168 0.6333 0.0393 0.0010 0.1038	HII
8.8000 -1.6250 -3.2500 1.0952 0.0102 0.0000 0.0227 0.0000 0.2032 0.0000 0.0592 0.0027 0.1192 0.0169 0.6606 0.0594 0.0051 0.1789	HII
8.8000 -1.6250 -3.0000 1.5328 0.0228 0.0000 0.0228 0.0000 0.5780 0.0000 0.0593 0.0050 0.1218 0.0169 0.5965 0.0783 0.0100 0.2578	HII
8.8000 -1.6250 -2.7500 1.6460 0.0386 0.0014 0.0228 0.0000 1.1151 0.0000 0.0594 0.0069 0.1015 0.0169 0.4692 0.0890 0.0128 0.3119	HII
8.8000 -1.6250 -2.5000 1.5224 0.0564 0.0025 0.0229 0.0000 1.7192 0.0000 0.0595 0.0083 0.0760 0.0169 0.3464 0.0941 0.0137 0.3434	HII
8.8000 -1.6250 -2.2500 1.2974 0.0773 0.0039 0.0229 0.0000 2.3696 0.0000 0.0596 0.0094 0.0544 0.0169 0.2522 0.0976 0.0130 0.3637	HII
8.8000 -1.6250 -2.0000 1.0589 0.1028 0.0057 0.0229 0.0000 3.0717 0.0000 0.0596 0.0105 0.0387 0.0169 0.1865 0.1012 0.0117 0.3784	HII
8.8000 -1.6250 -1.7500 0.8508 0.1332 0.0081 0.0229 0.0000 3.8318 0.0000 0.0597 0.0116 0.0281 0.0169 0.1426 0.1050 0.0103 0.3872	HII
8.8000 -1.6250 -1.5000 0.6861 0.1686 0.0113 0.0228 0.0000 4.6630 0.0000 0.0596 0.0127 0.0212 0.0169 0.1135 0.1079 0.0090 0.3872	HII
8.9000 -1.6250 -4.0000 0.0472 0.0000 0.0000 0.0180 0.0000 0.0012 0.0000 0.0480 0.0000 0.0236 0.0138 0.1919 0.0105 0.0000 0.0216	HII
8.9000 -1.6250 -3.7500 0.0658 0.0000 0.0000 0.0199 0.0000 0.0044 0.0000 0.0528 0.0000 0.0274 0.0152 0.1894 0.0143 0.0000 0.0357	HII
8.9000 -1.6250 -3.5000 0.1548 0.0000 0.0000 0.0220 0.0000 0.0097 0.0000 0.0581 0.0000 0.0458 0.0166 0.3346 0.0241 0.0000 0.0562	HII
8.9000 -1.6250 -3.2500 0.3466 0.0018 0.0000 0.0224 0.0000 0.0555 0.0000 0.0591 0.0000 0.0668 0.0169 0.3981 0.0419 0.0000 0.1109	HII
8.9000 -1.6250 -3.0000 0.6759 0.0056 0.0000 0.0227 0.0000 0.2223 0.0000 0.0594 0.0020 0.0835 0.0169 0.4253 0.0671 0.0011 0.1916	HII
8.9000 -1.6250 -2.7500 0.9627 0.0122 0.0000 0.0228 0.0000 0.5323 0.0000 0.0595 0.0035 0.0816 0.0169 0.3792 0.0877 0.0042 0.2626	HII
8.9000 -1.6250 -2.5000 1.0810 0.0200 0.0000 0.0228 0.0000 0.9095 0.0000 0.0597 0.0048 0.0670 0.0170 0.2979 0.0989 0.0059 0.3060	HII
8.9000 -1.6250 -2.2500 1.0652 0.0294 0.0013 0.0229 0.0000 1.3257 0.0000 0.0599 0.0059 0.0505 0.0170 0.2226 0.1049 0.0080 0.3311	HII
8.9000 -1.6250 -2.0000 0.9719 0.0418 0.0020 0.0229 0.0000 1.7971 0.0000 0.0600 0.0067 0.0368 0.0170 0.1657 0.1098 0.0083 0.3487	HII
8.9000 -1.6250 -1.7500 0.8426 0.0594 0.0030 0.0229 0.0000 2.3469 0.0000 0.0600 0.0076 0.0268 0.0170 0.1263 0.1154 0.0081 0.3631	HII
8.9000 -1.6250 -1.5000 0.7091 0.0837 0.0045 0.0229 0.0000 2.9894 0.0000 0.0600 0.0085 0.0201 0.0170 0.1000 0.1217 0.0073 0.3734	HII
9.0000 -1.6250 -4.0000 0.0048 0.0000 0.0000 0.0097 0.0000 0.0000 0.0000 0.0259 0.0000 0.0057 0.0074 0.0505 0.0019 0.0000 0.0057	HII
9.0000 -1.6250 -3.7500 0.0090 0.0000 0.0000 0.0108 0.0000 0.0000 0.0000 0.0286 0.0000 0.0079 0.0082 0.0599 0.0031 0.0000 0.0110	HII
9.0000 -1.6250 -3.5000 0.0236 0.0000 0.0000 0.0115 0.0000 0.0028 0.0000 0.0305 0.0000 0.0129 0.0087 0.0809 0.0060 0.0000 0.0238	HII
9.0000 -1.6250 -3.2500 0.0861 0.0000 0.0000 0.0202 0.0000 0.0212 0.0000 0.0536 0.0000 0.0284 0.0154 0.1491 0.0165 0.0000 0.0715	HII
9.0000 -1.6250 -3.0000 0.1356 0.0000 0.0000 0.0220 0.0000 0.0387 0.0000 0.0583 0.0000 0.0373 0.0166 0.2048 0.0220 0.0000 0.0932	HII
9.0000 -1.6250 -2.7500 0.3001 0.0016 0.0000 0.0224 0.0000 0.1360 0.0000 0.0590 0.0000 0.0488 0.0168 0.2329 0.0380 0.0000 0.1648	HII
9.0000 -1.6250 -2.5000 0.5188 0.0034 0.0000 0.0226 0.0000 0.2966 0.0000 0.0594 0.0019 0.0518 0.0169 0.2226 0.0533 0.0000 0.2320	HII
9.0000 -1.6250 -2.2500 0.7659 0.0055 0.0000 0.0227 0.0000 0.4856 0.0000 0.0596 0.0031 0.0473 0.0170 0.1895 0.0656 0.0015 0.2844	HII
9.0000 -1.6250 -2.0000 1.0002 0.0079 0.0000 0.0228 0.0000 0.6823 0.0000 0.0598 0.0044 0.0389 0.0170 0.1515 0.0747 0.0053 0.3219	HII
9.0000 -1.6250 -1.7500 1.1634 0.0107 0.0000 0.0228 0.0000 0.9021 0.0000 0.0600 0.0055 0.0298 0.0170 0.1179 0.0807 0.0086 0.3449	HII
9.0000 -1.6250 -1.5000 1.1506 0.0155 0.0011 0.0228 0.0000 1.2052 0.0000 0.0601 0.0062 0.0221 0.0170 0.0914 0.0832 0.0097 0.3523	HII
9.1000 -1.6250 -4.0000 0.0000 0.0000 0.0000 0.0078 0.0000 0.0000 0.0000 0.0210 0.0000 0.0000 0.0060 0.0094 0.0000 0.0000 0.0012	HII
9.1000 -1.6250 -3.7500 0.0000 0.0000 0.0000 0.0091 0.0000 0.0000 0.0000 0.0242 0.0000 0.0015 0.0069 0.0125 0.0000 0.0000 0.0026	HII
9.1000 -1.6250 -3.5000 0.0000 0.0000 0.0000 0.0100 0.0000 0.0000 0.0000 0.0268 0.0000 0.0025 0.0076 0.0184 0.0014 0.0000 0.0059	HII
9.1000 -1.6250 -3.2500 0.0062 0.0000 0.0000 0.0107 0.0000 0.0015 0.0000 0.0284 0.0000 0.0059 0.0081 0.0349 0.0041 0.0000 0.0169	HII
9.1000 -1.6250 -3.0000 0.0468 0.0000 0.0000 0.0158 0.0000 0.0179 0.0000 0.0422 0.0000 0.0173 0.0123 0.0855 0.0158 0.0000 0.0628	HII
9.1000 -1.6250 -2.7500 0.0907 0.0000 0.0000 0.0207 0.0000 0.0635 0.0000 0.0548 0.0000 0.0198 0.0157 0.0921 0.0275 0.0000 0.1139	HII
9.1000 -1.6250 -2.5000 0.1173 0.0000 0.0000 0.0223 0.0000 0.0574 0.0000 0.0590 0.0000 0.0266 0.0168 0.1140 0.0313 0.0000 0.1303	HII
9.1000 -1.6250 -2.2500 0.3227 0.0000 0.0000 0.0224 0.0000 0.1175 0.0000 0.0592 0.0011 0.0354 0.0169 0.1352 0.0528 0.0000 0.2077	HII
9.1000 -1.6250 -2.0000 0.6731 0.0011 0.0000 0.0226 0.0000 0.1801 0.0000 0.0596 0.0024 0.0374 0.0169 0.1314 0.0752 0.0011 0.2817	HII
9.1000 -1.6250 -1.7500 0.0145 0.0012 0.0000 0.0152 0.0000 0.1563 0.0000 0.0403 0.0000 0.0013 0.0116 0.0066 0.0178 0.0000 0.0836	HII
9.1000 -1.6250 -1.5000 0.0068 0.0013 0.0000 0.0136 0.0000 0.1410 0.0000 0.0359 0.0000 0.0000 0.0102 0.0030 0.0146 0.0000 0.0690	HII
6.9000 -1.5000 -4.0000 0.3447 0.0107 0.0000 0.0234 0.0000 0.0103 0.0000 0.0599 0.0000 0.0169 0.0169 0.0997 0.0053 0.0077 0.0061	HII
6.9000 -1.5000 -3.7500 0.3951 0.0167 0.0000 0.0229 0.0000 0.0331 0.0000 0.0586 0.0000 0.0173 0.0165 0.0842 0.0060 0.0095 0.0088	HII
6.9000 -1.5000 -3.5000 0.4158 0.0249 0.0014 0.0224 0.0000 0.0933 0.0000 0.0573 0.0014 0.0162 0.0161 0.0682 0.0068 0.0108 0.0120	HII
6.9000 -1.5000 -3.2500 0.3796 0.0351 0.0036 0.0219 0.0000 0.2115 0.0000 0.0561 0.0020 0.0133 0.0158 0.0527 0.0077 0.0105 0.0155	HII
6.9000 -1.5000 -3.0000 0.2988 0.0468 0.0072 0.0215 0.0000 0.3746 0.0000 0.0550 0.0027 0.0097 0.0154 0.0392 0.0085 0.0087 0.0188	HII
6.9000 -1.5000 -2.7500 0.2134 0.0599 0.0120 0.0211 0.0000 0.5504 0.0000 0.0542 0.0034 0.0066 0.0151 0.0284 0.0092 0.0056 0.0214	HII
6.9000 -1.5000 -2.5000 0.1469 0.0742 0.0179 0.0208 0.0000 0.7220 0.0000 0.0534 0.0040 0.0045 0.0149 0.0205 0.0095 0.0040 0.0230	HII
6.9000 -1.5000 -2.2500 0.1018 0.0896 0.0248 0.0205 0.0000 0.8866 0.0000 0.0528 0.0044 0.0031 0.0147 0.0147 0.0094 0.0014 0.0232	HII
6.9000 -1.5000 -2.0000 0.0730 0.1060 0.0328 0.0203 0.0000 1.0456 0.0000 0.0524 0.0046 0.0022 0.0145 0.0110 0.0088 0.0010 0.0222	HII
6.9000 -1.5000 -1.7500 0.0544 0.1228 0.0417 0.0201 0.0000 1.1983 0.0000 0.0521 0.0044 0.0016 0.0144 0.0084 0.0077 0.0000 0.0201	HII
6.9000 -1.5000 -1.5000 0.0423 0.1395 0.0513 0.0199 0.0010 1.3439 0.0000 0.0517 0.0041 0.0013 0.0142 0.0068 0.0066 0.0000 0.0174	HII
7.0000 -1.5000 -4.0000 0.4311 0.0084 0.0000 0.0234 0.0000 0.0128 0.0000 0.0599 0.0000 0.0212 0.0169 0.1251 0.0066 0.0095 0.0076	HII
7.0000 -1.5000 -3.7500 0.4940 0.0131 0.0000 0.0229 0.0000 0.0412 0.0000 0.0586 0.0012 0.0217 0.0165 0.1058 0.0075 0.0117 0.0110	HII
7.0000 -1.5000 -3.5000 0.5200 0.0196 0.0017 0.0224 0.0000 0.1162 0.0000 0.0573 0.0018 0.0204 0.0161 0.0855 0.0085 0.0134 0.0151	HII
7.0000 -1.5000 -3.2500 0.4749 0.0276 0.0044 0.0219 0.0000 0.2633 0.0000 0.0562 0.0025 0.0168 0.0158 0.0661 0.0096 0.0130 0.0194	HII
7.0000 -1.5000 -3.0000 0.3741 0.0368 0.0089 0.0215 0.0000 0.4665 0.0000 0.0551 0.0034 0.0122 0.0155 0.0492 0.0106 0.0109 0.0235	HII
7.0000 -1.5000 -2.7500 0.2673 0.0470 0.0148 0.0212 0.0000 0.6849 0.0000 0.0543 0.0042 0.0083 0.0152 0.0357 0.0115 0.0081 0.0268	HII
7.0000 -1.5000 -2.5000 0.1840 0.0581 0.0220 0.0209 0.0000 0.8975 0.0000 0.0535 0.0050 0.0056 0.0149 0.0256 0.0119 0.0051 0.0288	HII
7.0000 -1.5000 -2.2500 0.1276 0.0700 0.0303 0.0206 0.0000 1.1001 0.0000 0.0530 0.0055 0.0038 0.0147 0.0186 0.0118 0.0017 0.0291	HII
7.0000 -1.5000 -2.0000 0.0913 0.0825 0.0398 0.0204 0.0000 1.2941 0.0000 0.0526 0.0056 0.0027 0.0146 0.0138 0.0109 0.0013 0.0277	HII
7.0000 -1.5000 -1.7500 0.0679 0.0952 0.0503 0.0202 0.0000 1.4788 0.0000 0.0523 0.0054 0.0021 0.0144 0.0107 0.0097 0.0000 0.0250	HII
7.0000 -1.5000 -1.5000 0.0527 0.1078 0.0615 0.0200 0.0000 1.6543 0.0000 0.0520 0.0050 0.0016 0.0143 0.0084 0.0082 0.0000 0.0217	HII
7.1000 -1.5000 -4.0000 0.5384 0.0105 0.0000 0.0234 0.0000 0.0160 0.0000 0.0600 0.0000 0.0266 0.0169 0.1569 0.0083 0.0117 0.0095	HII
7.1000 -1.5000 -3.7500 0.6173 0.0163 0.0000 0.0229 0.0000 0.0513 0.0000 0.0587 0.0014 0.0272 0.0165 0.1327 0.0094 0.0146 0.0138	HII
7.1000 -1.5000 -3.5000 0.6497 0.0244 0.0021 0.0224 0.0000 0.1446 0.0000 0.0574 0.0022 0.0256 0.0162 0.1074 0.0107 0.0167 0.0189	HII
7.1000 -1.5000 -3.2500 0.5938 0.0344 0.0054 0.0220 0.0000 0.3277 0.0000 0.0562 0.0031 0.0210 0.0158 0.0830 0.0120 0.0164 0.0243	HII
7.1000 -1.5000 -3.0000 0.4680 0.0458 0.0109 0.0216 0.0000 0.5807 0.0000 0.0552 0.0042 0.0153 0.0155 0.0618 0.0133 0.0137 0.0295	HII
7.1000 -1.5000 -2.7500 0.3348 0.0584 0.0182 0.0212 0.0000 0.8530 0.0000 0.0544 0.0053 0.0105 0.0152 0.0448 0.0144 0.0102 0.0336	HII
7.1000 -1.5000 -2.5000 0.2306 0.0722 0.0270 0.0209 0.0000 1.1178 0.0000 0.0537 0.0062 0.0070 0.0150 0.0322 0.0149 0.0073 0.0360	HII
7.1000 -1.5000 -2.2500 0.1599 0.0871 0.0373 0.0206 0.0000 1.3704 0.0000 0.0531 0.0068 0.0048 0.0148 0.0233 0.0147 0.0045 0.0364	HII
7.1000 -1.5000 -2.0000 0.1144 0.1026 0.0491 0.0204 0.0000 1.6129 0.0000 0.0527 0.0070 0.0035 0.0146 0.0173 0.0137 0.0016 0.0347	HII
7.1000 -1.5000 -1.7500 0.0852 0.1186 0.0622 0.0202 0.0000 1.8455 0.0000 0.0524 0.0068 0.0026 0.0145 0.0133 0.0121 0.0012 0.0314	HII
7.1000 -1.5000 -1.5000 0.0661 0.1347 0.0764 0.0200 0.0000 2.0687 0.0000 0.0521 0.0062 0.0020 0.0143 0.0107 0.0104 0.0000 0.0272	HII
7.2000 -1.5000 -4.0000 0.6700 0.0129 0.0000 0.0234 0.0000 0.0198 0.0000 0.0599 0.0011 0.0332 0.0169 0.1964 0.0082 0.0145 0.0119	HII
7.2000 -1.5000 -3.7500 0.7682 0.0201 0.0000 0.0229 0.0000 0.0634 0.0000 0.0587 0.0018 0.0341 0.0166 0.1661 0.0094 0.0181 0.0172	HII
7.2000 -1.5000 -3.5000 0.8087 0.0301 0.0025 0.0225 0.0000 0.1787 0.0000 0.0574 0.0027 0.0320 0.0162 0.1345 0.0106 0.0206 0.0236	HII
7.2000 -1.5000 -3.2500 0.7396 0.0425 0.0066 0.0220 0.0000 0.4052 0.0000 0.0563 0.0039 0.0264 0.0158 0.1039 0.0119 0.0201 0.0304	HII
7.2000 -1.5000 -3.0000 0.5835 0.0565 0.0133 0.0216 0.0000 0.7178 0.0000 0.0553 0.0052 0.0193 0.0155 0.0772 0.0132 0.0168 0.0368	HII
7.2000 -1.5000 -2.7500 0.4176 0.0720 0.0221 0.0213 0.0000 1.0536 0.0000 0.0545 0.0065 0.0131 0.0152 0.0560 0.0142 0.0127 0.0419	HII
7.2000 -1.5000 -2.5000 0.2877 0.0888 0.0326 0.0210 0.0000 1.3783 0.0000 0.0539 0.0076 0.0088 0.0150 0.0403 0.0148 0.0091 0.0450	HII
7.2000 -1.5000 -2.2500 0.1995 0.1067 0.0448 0.0207 0.0000 1.6860 0.0000 0.0534 0.0084 0.0061 0.0148 0.0291 0.0146 0.0056 0.0454	HII
7.2000 -1.5000 -2.0000 0.1426 0.1253 0.0586 0.0206 0.0000 1.9788 0.0000 0.0530 0.0086 0.0043 0.0147 0.0216 0.0136 0.0040 0.0432	HII
7.2000 -1.5000 -1.7500 0.1061 0.1442 0.0737 0.0204 0.0000 2.2575 0.0000 0.0527 0.0082 0.0032 0.0146 0.0166 0.0120 0.0015 0.0390	HII
7.2000 -1.5000 -1.5000 0.0821 0.1632 0.0900 0.0202 0.0000 2.5232 0.0000 0.0524 0.0075 0.0025 0.0145 0.0133 0.0102 0.0011 0.0337	HII
7.3000 -1.5000 -4.0000 0.8306 0.0156 0.0000 0.0234 0.0000 0.0243 0.0000 0.0599 0.0014 0.0414 0.0169 0.2449 0.0128 0.0179 0.0148	HII
7.3000 -1.5000 -3.7500 0.9517 0.0245 0.0000 0.0229 0.0000 0.0778 0.0000 0.0587 0.0022 0.0425 0.0166 0.2073 0.0146 0.0223 0.0215	HII
7.3000 -1.5000 -3.5000 1.0023 0.0368 0.0031 0.0225 0.0000 0.2192 0.0000 0.0575 0.0033 0.0401 0.0162 0.1678 0.0166 0.0253 0.0294	HII
7.3000 -1.5000 -3.2500 0.9180 0.0519 0.0079 0.0220 0.0000 0.4970 0.0000 0.0564 0.0048 0.0331 0.0159 0.1297 0.0187 0.0249 0.0379	HII
7.3000 -1.5000 -3.0000 0.7250 0.0692 0.0159 0.0217 0.0000 0.8808 0.0000 0.0555 0.0063 0.0242 0.0156 0.0964 0.0206 0.0208 0.0458	HII
7.3000 -1.5000 -2.7500 0.5195 0.0880 0.0264 0.0214 0.0000 1.2921 0.0000 0.0547 0.0079 0.0166 0.0153 0.0699 0.0223 0.0156 0.0522	HII
7.3000 -1.5000 -2.5000 0.3581 0.1082 0.0388 0.0211 0.0000 1.6870 0.0000 0.0541 0.0093 0.0111 0.0151 0.0501 0.0231 0.0113 0.0560	HII
7.3000 -1.5000 -2.2500 0.2480 0.1295 0.0529 0.0209 0.0000 2.0579 0.0000 0.0537 0.0102 0.0076 0.0149 0.0363 0.0228 0.0081 0.0565	HII
7.3000 -1.5000 -2.0000 0.1770 0.1514 0.0687 0.0207 0.0000 2.4068 0.0000 0.0534 0.0104 0.0054 0.0148 0.0268 0.0213 0.0051 0.0537	HII
7.3000 -1.5000 -1.7500 0.1315 0.1735 0.0857 0.0205 0.0000 2.7368 0.0000 0.0531 0.0100 0.0040 0.0147 0.0206 0.0188 0.0028 0.0483	HII
7.3000 -1.5000 -1.5000 0.1014 0.1955 0.1040 0.0204 0.0000 3.0488 0.0000 0.0528 0.0090 0.0031 0.0146 0.0165 0.0160 0.0014 0.0417	HII
7.4000 -1.5000 -4.0000 1.0249 0.0188 0.0000 0.0234 0.0000 0.0296 0.0010 0.0598 0.0017 0.0516 0.0169 0.3050 0.0126 0.0218 0.0184	HII
7.4000 -1.5000 -3.7500 1.1742 0.0297 0.0011 0.0229 0.0000 0.0949 0.0012 0.0587 0.0027 0.0530 0.0166 0.2583 0.0144 0.0272 0.0267	HII
7.4000 -1.5000 -3.5000 1.2371 0.0446 0.0037 0.0225 0.0000 0.2673 0.0012 0.0576 0.0041 0.0500 0.0162 0.2091 0.0164 0.0309 0.0366	HII
7.4000 -1.5000 -3.2500 1.1341 0.0631 0.0094 0.0221 0.0000 0.6061 0.0011 0.0566 0.0058 0.0415 0.0159 0.1615 0.0184 0.0303 0.0471	HII
7.4000 -1.5000 -3.0000 0.8970 0.0841 0.0189 0.0217 0.0000 1.0741 0.0000 0.0557 0.0077 0.0304 0.0156 0.1201 0.0203 0.0254 0.0568	HII
7.4000 -1.5000 -2.7500 0.6434 0.1067 0.0312 0.0214 0.0000 1.5739 0.0000 0.0550 0.0096 0.0208 0.0154 0.0870 0.0219 0.0191 0.0647	HII
7.4000 -1.5000 -2.5000 0.4436 0.1308 0.0455 0.0212 0.0000 2.0498 0.0000 0.0544 0.0112 0.0140 0.0152 0.0624 0.0227 0.0137 0.0693	HII
7.4000 -1.5000 -2.2500 0.3070 0.1558 0.0616 0.0210 0.0000 2.4923 0.0000 0.0540 0.0122 0.0096 0.0150 0.0450 0.0224 0.0098 0.0699	HII
7.4000 -1.5000 -2.0000 0.2188 0.1812 0.0792 0.0209 0.0000 2.9038 0.0000 0.0537 0.0125 0.0068 0.0149 0.0333 0.0209 0.0062 0.0664	HII
7.4000 -1.5000 -1.7500 0.1621 0.2067 0.0982 0.0207 0.0000 3.2897 0.0000 0.0535 0.0119 0.0050 0.0148 0.0256 0.0185 0.0046 0.0597	HII
7.4000 -1.5000 -1.5000 0.1249 0.2319 0.1184 0.0205 0.0000 3.6539 0.0000 0.0532 0.0108 0.0039 0.0147 0.0203 0.0158 0.0017 0.0513	HII
7.5000 -1.5000 -4.0000 1.2558 0.0225 0.0000 0.0233 0.0000 0.0359 0.0012 0.0597 0.0020 0.0639 0.0169 0.3787 0.0196 0.0264 0.0228	HII
7.5000 -1.5000 -3.7500 1.4386 0.0356 0.0013 0.0229 0.0000 0.1148 0.0014 0.0587 0.0033 0.0657 0.0166 0.3209 0.0225 0.0328 0.0330	HII
7.5000 -1.5000 -3.5000 1.5160 0.0537 0.0043 0.0225 0.0000 0.3233 0.0015 0.0577 0.0050 0.0622 0.0163 0.2599 0.0255 0.0373 0.0453	HII
7.5000 -1.5000 -3.2500 1.3909 0.0761 0.0110 0.0222 0.0000 0.7327 0.0013 0.0567 0.0070 0.0517 0.0160 0.2007 0.0286 0.0365 0.0582	HII
7.5000 -1.5000 -3.0000 1.1024 0.1012 0.0220 0.0218 0.0000 1.2976 0.0010 0.0559 0.0093 0.0380 0.0157 0.1491 0.0316 0.0306 0.0702	HII
7.5000 -1.5000 -2.7500 0.7917 0.1281 0.0361 0.0216 0.0000 1.8985 0.0000 0.0552 0.0115 0.0260 0.0155 0.1080 0.0340 0.0231 0.0797	HII
7.5000 -1.5000 -2.5000 0.5460 0.1562 0.0523 0.0213 0.0000 2.4654 0.0000 0.0547 0.0134 0.0175 0.0153 0.0774 0.0352 0.0165 0.0854	HII
7.5000 -1.5000 -2.2500 0.3778 0.1851 0.0702 0.0212 0.0000 2.9857 0.0000 0.0544 0.0146 0.0119 0.0152 0.0558 0.0347 0.0117 0.0860	HII
7.5000 -1.5000 -2.0000 0.2688 0.2143 0.0896 0.0210 0.0000 3.4656 0.0000 0.0541 0.0148 0.0085 0.0150 0.0412 0.0324 0.0086 0.0816	HII
7.5000 -1.5000 -1.7500 0.1988 0.2433 0.1102 0.0209 0.0000 3.9116 0.0000 0.0539 0.0140 0.0062 0.0150 0.0315 0.0287 0.0055 0.0732	HII
7.5000 -1.5000 -1.5000 0.1528 0.2719 0.1321 0.0207 0.0000 4.3322 0.0000 0.0537 0.0127 0.0048 0.0149 0.0250 0.0245 0.0044 0.0629	HII
7.6000 -1.5000 -4.0000 1.5301 0.0268 0.0000 0.0233 0.0000 0.0432 0.0015 0.0597 0.0025 0.0789 0.0169 0.4690 0.0191 0.0317 0.0281	HII
7.6000 -1.5000 -3.7500 1.7523 0.0425 0.0015 0.0230 0.0000 0.1380 0.0017 0.0588 0.0040 0.0813 0.0166 0.3977 0.0220 0.0395 0.0408	HII
7.6000 -1.5000 -3.5000 1.8451 0.0642 0.0050 0.0226 0.0000 0.3879 0.0018 0.0578 0.0060 0.0771 0.0163 0.3223 0.0250 0.0446 0.0558	HII
7.6000 -1.5000 -3.2500 1.6941 0.0908 0.0127 0.0222 0.0000 0.8778 0.0016 0.0569 0.0084 0.0643 0.0160 0.2488 0.0280 0.0438 0.0716	HII
7.6000 -1.5000 -3.0000 1.3447 0.1205 0.0252 0.0219 0.0000 1.5519 0.0013 0.0561 0.0111 0.0474 0.0158 0.1847 0.0308 0.0367 0.0861	HII
7.6000 -1.5000 -2.7500 0.9666 0.1519 0.0409 0.0217 0.0000 2.2643 0.0000 0.0555 0.0136 0.0325 0.0156 0.1336 0.0330 0.0276 0.0976	HII
7.6000 -1.5000 -2.5000 0.6671 0.1843 0.0588 0.0215 0.0000 2.9310 0.0000 0.0551 0.0157 0.0218 0.0154 0.0956 0.0342 0.0199 0.1044	HII
7.6000 -1.5000 -2.2500 0.4613 0.2171 0.0782 0.0213 0.0000 3.5344 0.0000 0.0547 0.0170 0.0149 0.0153 0.0688 0.0337 0.0142 0.1051	HII
7.6000 -1.5000 -2.0000 0.3279 0.2499 0.0989 0.0212 0.0000 4.0857 0.0000 0.0545 0.0172 0.0105 0.0152 0.0508 0.0314 0.0103 0.0995	HII
7.6000 -1.5000 -1.7500 0.2421 0.2825 0.1210 0.0211 0.0000 4.5980 0.0000 0.0543 0.0163 0.0077 0.0151 0.0387 0.0278 0.0078 0.0892	HII
7.6000 -1.5000 -1.5000 0.1858 0.3147 0.1445 0.0209 0.0000 5.0797 0.0000 0.0541 0.0147 0.0059 0.0150 0.0307 0.0238 0.0052 0.0765	HII
7.7000 -1.5000 -4.0000 1.8409 0.0315 0.0000 0.0233 0.0000 0.0515 0.0018 0.0597 0.0029 0.0968 0.0169 0.5769 0.0294 0.0373 0.0344	HII
7.7000 -1.5000 -3.7500 2.1051 0.0500 0.0018 0.0230 0.0000 0.1636 0.0021 0.0589 0.0047 0.0998 0.0166 0.4900 0.0338 0.0462 0.0499	HII
7.7000 -1.5000 -3.5000 2.2152 0.0755 0.0056 0.0226 0.0000 0.4585 0.0021 0.0580 0.0071 0.0949 0.0164 0.3972 0.0384 0.0524 0.0682	HII
7.7000 -1.5000 -3.2500 2.0364 0.1068 0.0142 0.0223 0.0000 1.0360 0.0019 0.0571 0.0099 0.0794 0.0161 0.3066 0.0429 0.0512 0.0874	HII
7.7000 -1.5000 -3.0000 1.6189 0.1412 0.0279 0.0220 0.0000 1.8271 0.0015 0.0564 0.0129 0.0587 0.0159 0.2274 0.0471 0.0431 0.1048	HII
7.7000 -1.5000 -2.7500 1.1662 0.1770 0.0450 0.0218 0.0000 2.6572 0.0011 0.0558 0.0158 0.0403 0.0157 0.1643 0.0504 0.0323 0.1184	HII
7.7000 -1.5000 -2.5000 0.8059 0.2134 0.0641 0.0216 0.0000 3.4275 0.0000 0.0554 0.0182 0.0271 0.0155 0.1175 0.0520 0.0232 0.1263	HII
7.7000 -1.5000 -2.2500 0.5574 0.2499 0.0845 0.0215 0.0000 4.1169 0.0000 0.0551 0.0196 0.0184 0.0154 0.0844 0.0512 0.0167 0.1270	HII
7.7000 -1.5000 -2.0000 0.3959 0.2863 0.1061 0.0214 0.0000 4.7412 0.0000 0.0549 0.0197 0.0130 0.0153 0.0622 0.0477 0.0122 0.1203	HII
7.7000 -1.5000 -1.7500 0.2921 0.3225 0.1293 0.0212 0.0000 5.3226 0.0000 0.0547 0.0187 0.0095 0.0152 0.0473 0.0424 0.0091 0.1078	HII
7.7000 -1.5000 -1.5000 0.2238 0.3586 0.1541 0.0211 0.0000 5.8760 0.0000 0.0545 0.0169 0.0073 0.0152 0.0375 0.0362 0.0061 0.0924	HII
7.8000 -1.5000 -4.0000 2.1901 0.0365 0.0000 0.0233 0.0000 0.0611 0.0021 0.0597 0.0035 0.1179 0.0169 0.7053 0.0284 0.0431 0.0419	HII
7.8000 -1.5000 -3.7500 2.5011 0.0580 0.0019 0.0230 0.0000 0.1916 0.0024 0.0590 0.0055 0.1217 0.0167 0.6006 0.0326 0.0533 0.0606	HII
7.8000 -1.5000 -3.5000 2.6305 0.0877 0.0062 0.0227 0.0000 0.5350 0.0025 0.0581 0.0083 0.1160 0.0164 0.4871 0.0370 0.0603 0.0828	HII
7.8000 -1.5000 -3.2500 2.4165 0.1237 0.0155 0.0224 0.0000 1.2043 0.0023 0.0574 0.0115 0.0974 0.0162 0.3758 0.0413 0.0590 0.1058	HII
7.8000 -1.5000 -3.0000 1.9254 0.1628 0.0301 0.0221 0.0000 2.1170 0.0018 0.0567 0.0149 0.0722 0.0159 0.2784 0.0451 0.0495 0.1264	HII
7.8000 -1.5000 -2.7500 1.3896 0.2026 0.0479 0.0219 0.0000 3.0656 0.0013 0.0562 0.0180 0.0497 0.0158 0.2009 0.0480 0.0374 0.1422	HII
7.8000 -1.5000 -2.5000 0.9620 0.2425 0.0676 0.0218 0.0000 3.9371 0.0000 0.0558 0.0205 0.0333 0.0156 0.1434 0.0495 0.0270 0.1512	HII
7.8000 -1.5000 -2.2500 0.6660 0.2824 0.0885 0.0216 0.0000 4.7153 0.0000 0.0555 0.0220 0.0226 0.0155 0.1030 0.0486 0.0193 0.1518	HII
7.8000 -1.5000 -2.0000 0.4732 0.3221 0.1107 0.0215 0.0000 5.4170 0.0000 0.0553 0.0221 0.0159 0.0154 0.0757 0.0454 0.0142 0.1438	HII
7.8000 -1.5000 -1.7500 0.3490 0.3618 0.1343 0.0214 0.0000 6.0686 0.0000 0.0551 0.0210 0.0116 0.0154 0.0576 0.0403 0.0106 0.1291	HII
7.8000 -1.5000 -1.5000 0.2675 0.4021 0.1600 0.0213 0.0000 6.6971 0.0000 0.0550 0.0190 0.0089 0.0153 0.0455 0.0346 0.0083 0.1108	HII
7.9000 -1.5000 -4.0000 2.5413 0.0413 0.0000 0.0233 0.0000 0.0701 0.0024 0.0598 0.0040 0.1417 0.0169 0.8525 0.0428 0.0482 0.0503	HII
7.9000 -1.5000 -3.7500 2.8999 0.0657 0.0021 0.0231 0.0000 0.2189 0.0028 0.0591 0.0063 0.1463 0.0167 0.7278 0.0493 0.0595 0.0726	HII
7.9000 -1.5000 -3.5000 3.0495 0.0993 0.0065 0.0228 0.0000 0.6088 0.0029 0.0584 0.0094 0.1399 0.0165 0.5910 0.0558 0.0672 0.0991	HII
7.9000 -1.5000 -3.2500 2.8056 0.1396 0.0161 0.0225 0.0000 1.3653 0.0026 0.0576 0.0130 0.1180 0.0162 0.4561 0.0620 0.0656 0.1262	HII
7.9000 -1.5000 -3.0000 2.2406 0.1826 0.0309 0.0223 0.0000 2.3912 0.0021 0.0570 0.0166 0.0879 0.0160 0.3376 0.0674 0.0554 0.1502	HII
7.9000 -1.5000 -2.7500 1.6248 0.2259 0.0488 0.0221 0.0000 3.4526 0.0015 0.0565 0.0199 0.0606 0.0159 0.2433 0.0715 0.0421 0.1684	HII
7.9000 -1.5000 -2.5000 1.1287 0.2686 0.0683 0.0219 0.0000 4.4187 0.0011 0.0561 0.0225 0.0407 0.0158 0.1734 0.0734 0.0304 0.1785	HII
7.9000 -1.5000 -2.2500 0.7833 0.3112 0.0889 0.0218 0.0000 5.2779 0.0000 0.0559 0.0240 0.0276 0.0157 0.1245 0.0722 0.0219 0.1789	HII
7.9000 -1.5000 -2.0000 0.5574 0.3538 0.1110 0.0217 0.0000 6.0576 0.0000 0.0557 0.0242 0.0194 0.0156 0.0913 0.0675 0.0159 0.1695	HII
7.9000 -1.5000 -1.7500 0.4114 0.3971 0.1347 0.0216 0.0000 6.7892 0.0000 0.0555 0.0231 0.0141 0.0155 0.0694 0.0602 0.0121 0.1524	HII
7.9000 -1.5000 -1.5000 0.3156 0.4417 0.1609 0.0215 0.0000 7.4991 0.0000 0.0554 0.0210 0.0108 0.0155 0.0548 0.0517 0.0095 0.1312	HII
8.0000 -1.5000 -4.0000 2.8826 0.0456 0.0000 0.0233 0.0000 0.0787 0.0027 0.0599 0.0044 0.1680 0.0170 1.0187 0.0403 0.0522 0.0595	HII
8.0000 -1.5000 -3.7500 3.2984 0.0728 0.0021 0.0231 0.0000 0.2453 0.0031 0.0593 0.0070 0.1740 0.0168 0.8731 0.0464 0.0646 0.0860	HII
8.0000 -1.5000 -3.5000 3.4688 0.1101 0.0065 0.0229 0.0000 0.6787 0.0032 0.0586 0.0104 0.1668 0.0166 0.7103 0.0525 0.0727 0.1173	HII
8.0000 -1.5000 -3.2500 3.1899 0.1539 0.0160 0.0226 0.0000 1.5114 0.0030 0.0579 0.0142 0.1412 0.0163 0.5481 0.0580 0.0710 0.1487	HII
8.0000 -1.5000 -3.0000 2.5569 0.2000 0.0303 0.0224 0.0000 2.6353 0.0024 0.0573 0.0180 0.1058 0.0162 0.4054 0.0627 0.0601 0.1762	HII
8.0000 -1.5000 -2.7500 1.8643 0.2455 0.0475 0.0222 0.0000 3.7953 0.0018 0.0568 0.0214 0.0732 0.0160 0.2919 0.0662 0.0460 0.1967	HII
8.0000 -1.5000 -2.5000 1.3026 0.2904 0.0663 0.0220 0.0000 4.8518 0.0012 0.0565 0.0241 0.0493 0.0159 0.2081 0.0678 0.0336 0.2080	HII
8.0000 -1.5000 -2.2500 0.9074 0.3350 0.0861 0.0219 0.0000 5.7868 0.0000 0.0562 0.0257 0.0334 0.0158 0.1492 0.0667 0.0243 0.2082	HII
8.0000 -1.5000 -2.0000 0.6476 0.3804 0.1075 0.0218 0.0000 6.6430 0.0000 0.0561 0.0259 0.0234 0.0157 0.1094 0.0625 0.0179 0.1974	HII
8.0000 -1.5000 -1.7500 0.4789 0.4270 0.1309 0.0218 0.0000 7.4561 0.0000 0.0559 0.0248 0.0171 0.0157 0.0830 0.0560 0.0137 0.1778	HII
8.0000 -1.5000 -1.5000 0.3680 0.4759 0.1570 0.0216 0.0000 8.2576 0.0000 0.0558 0.0227 0.0130 0.0156 0.0657 0.0483 0.0107 0.1536	HII
8.1000 -1.5000 -4.0000 3.1205 0.0480 0.0000 0.0234 0.0000 0.0845 0.0029 0.0600 0.0046 0.1938 0.0170 1.1882 0.0585 0.0526 0.0685	HII
8.1000 -1.5000 -3.7500 3.5878 0.0771 0.0020 0.0232 0.0000 0.2633 0.0033 0.0595 0.0074 0.2016 0.0168 1.0247 0.0676 0.0656 0.0993	HII
8.1000 -1.5000 -3.5000 3.7890 0.1169 0.0061 0.0229 0.0000 0.7268 0.0035 0.0588 0.0110 0.1944 0.0166 0.8376 0.0765 0.0745 0.1355	HII
8.1000 -1.5000 -3.2500 3.5033 0.1634 0.0148 0.0227 0.0000 1.6140 0.0032 0.0582 0.0150 0.1658 0.0164 0.6477 0.0843 0.0732 0.1716	HII
8.1000 -1.5000 -3.0000 2.8272 0.2111 0.0279 0.0225 0.0000 2.8050 0.0026 0.0576 0.0188 0.1250 0.0163 0.4793 0.0906 0.0624 0.2026	HII
8.1000 -1.5000 -2.7500 2.0808 0.2578 0.0436 0.0223 0.0000 4.0383 0.0019 0.0572 0.0222 0.0871 0.0161 0.3452 0.0952 0.0484 0.2254	HII
8.1000 -1.5000 -2.5000 1.4662 0.3037 0.0608 0.0222 0.0000 5.1658 0.0014 0.0568 0.0249 0.0588 0.0160 0.2461 0.0973 0.0358 0.2380	HII
8.1000 -1.5000 -2.2500 1.0283 0.3496 0.0793 0.0221 0.0000 6.1715 0.0000 0.0566 0.0265 0.0400 0.0159 0.1766 0.0959 0.0263 0.2383	HII
8.1000 -1.5000 -2.0000 0.7373 0.3968 0.0993 0.0220 0.0000 7.0983 0.0000 0.0564 0.0268 0.0280 0.0159 0.1296 0.0902 0.0195 0.2263	HII
8.1000 -1.5000 -1.7500 0.5474 0.4466 0.1217 0.0219 0.0000 7.9926 0.0000 0.0563 0.0258 0.0204 0.0158 0.0984 0.0813 0.0150 0.2045	HII
8.1000 -1.5000 -1.5000 0.4220 0.4996 0.1470 0.0218 0.0000 8.8875 0.0000 0.0562 0.0238 0.0155 0.0157 0.0778 0.0706 0.0117 0.1773	HII
8.2000 -1.5000 -4.0000 3.2188 0.0471 0.0000 0.0233 0.0000 0.0856 0.0028 0.0598 0.0046 0.2169 0.0170 1.3499 0.0519 0.0496 0.0765	HII
8.2000 -1.5000 -3.7500 3.7490 0.0769 0.0017 0.0232 0.0000 0.2689 0.0033 0.0595 0.0075 0.2279 0.0169 1.1773 0.0604 0.0631 0.1117	HII
8.2000 -1.5000 -3.5000 3.9942 0.1178 0.0053 0.0230 0.0000 0.7441 0.0036 0.0590 0.0112 0.2216 0.0167 0.9693 0.0686 0.0723 0.1530	HII
8.2000 -1.5000 -3.2500 3.7219 0.1650 0.0128 0.0228 0.0000 1.6503 0.0033 0.0584 0.0151 0.1907 0.0165 0.7522 0.0754 0.0718 0.1937	HII
8.2000 -1.5000 -3.0000 3.0352 0.2129 0.0239 0.0226 0.0000 2.8678 0.0027 0.0579 0.0188 0.1452 0.0164 0.5573 0.0807 0.0620 0.2280	HII
8.2000 -1.5000 -2.7500 2.2615 0.2595 0.0374 0.0224 0.0000 4.1359 0.0021 0.0575 0.0221 0.1020 0.0162 0.4017 0.0845 0.0490 0.2533	HII
8.2000 -1.5000 -2.5000 1.6115 0.3051 0.0524 0.0223 0.0000 5.3060 0.0015 0.0572 0.0247 0.0693 0.0161 0.2867 0.0863 0.0369 0.2674	HII
8.2000 -1.5000 -2.2500 1.1405 0.3512 0.0687 0.0222 0.0000 6.3621 0.0011 0.0570 0.0264 0.0472 0.0161 0.2060 0.0853 0.0274 0.2684	HII
8.2000 -1.5000 -2.0000 0.8234 0.3993 0.0866 0.0221 0.0000 7.3443 0.0000 0.0568 0.0269 0.0331 0.0160 0.1513 0.0807 0.0206 0.2560	HII
8.2000 -1.5000 -1.7500 0.6143 0.4508 0.1070 0.0221 0.0000 8.3081 0.0000 0.0567 0.0261 0.0241 0.0159 0.1151 0.0733 0.0159 0.2325	HII
8.2000 -1.5000 -1.5000 0.4755 0.5066 0.1304 0.0220 0.0000 9.2847 0.0000 0.0566 0.0244 0.0183 0.0159 0.0911 0.0641 0.0127 0.2027	HII
8.3000 -1.5000 -4.0000 2.9625 0.0398 0.0000 0.0230 0.0000 0.0767 0.0025 0.0593 0.0040 0.2265 0.0168 1.4416 0.0678 0.0396 0.0795	HII
8.3000 -1.5000 -3.7500 3.5544 0.0674 0.0012 0.0231 0.0000 0.2461 0.0030 0.0593 0.0067 0.2427 0.0168 1.2853 0.0805 0.0526 0.1182	HII
8.3000 -1.5000 -3.5000 3.8832 0.1062 0.0039 0.0229 0.0000 0.6933 0.0033 0.0590 0.0102 0.2406 0.0167 1.0759 0.0925 0.0624 0.1642	HII
8.3000 -1.5000 -3.2500 3.7023 0.1519 0.0096 0.0228 0.0000 1.5592 0.0032 0.0586 0.0140 0.2110 0.0166 0.8436 0.1024 0.0640 0.2096	HII
8.3000 -1.5000 -3.0000 3.0828 0.1983 0.0182 0.0226 0.0000 2.7367 0.0027 0.0582 0.0175 0.1633 0.0165 0.6282 0.1095 0.0569 0.2475	HII
8.3000 -1.5000 -2.7500 2.3406 0.2429 0.0287 0.0225 0.0000 3.9802 0.0021 0.0578 0.0205 0.1162 0.0164 0.4541 0.1145 0.0461 0.2754	HII
8.3000 -1.5000 -2.5000 1.6977 0.2869 0.0406 0.0224 0.0000 5.1472 0.0016 0.0576 0.0230 0.0796 0.0163 0.3249 0.1172 0.0357 0.2917	HII
8.3000 -1.5000 -2.2500 1.2179 0.3315 0.0539 0.0223 0.0000 6.2144 0.0011 0.0574 0.0248 0.0546 0.0162 0.2339 0.1164 0.0270 0.2945	HII
8.3000 -1.5000 -2.0000 0.8881 0.3787 0.0688 0.0223 0.0000 7.2222 0.0000 0.0573 0.0255 0.0383 0.0161 0.1722 0.1113 0.0208 0.2830	HII
8.3000 -1.5000 -1.7500 0.6679 0.4297 0.0859 0.0222 0.0000 8.2159 0.0000 0.0572 0.0252 0.0280 0.0161 0.1312 0.1021 0.0163 0.2593	HII
8.3000 -1.5000 -1.5000 0.5202 0.4866 0.1063 0.0221 0.0000 9.2524 0.0000 0.0570 0.0239 0.0213 0.0160 0.1040 0.0904 0.0130 0.2283	HII
8.4000 -1.5000 -4.0000 2.5214 0.0311 0.0000 0.0227 0.0000 0.0644 0.0020 0.0587 0.0032 0.2255 0.0167 1.4710 0.0534 0.0284 0.0794	HII
8.4000 -1.5000 -3.7500 3.1682 0.0554 0.0000 0.0229 0.0000 0.2140 0.0025 0.0590 0.0056 0.2490 0.0168 1.3542 0.0652 0.0402 0.1212	HII
8.4000 -1.5000 -3.5000 3.5923 0.0910 0.0027 0.0229 0.0000 0.6194 0.0029 0.0589 0.0089 0.2532 0.0167 1.1607 0.0765 0.0504 0.1720	HII
8.4000 -1.5000 -3.2500 3.5199 0.1336 0.0067 0.0228 0.0000 1.4168 0.0029 0.0587 0.0124 0.2269 0.0166 0.9228 0.0855 0.0535 0.2221	HII
8.4000 -1.5000 -3.0000 3.0067 0.1770 0.0129 0.0227 0.0000 2.5167 0.0025 0.0584 0.0156 0.1790 0.0166 0.6929 0.0917 0.0493 0.2636	HII
8.4000 -1.5000 -2.7500 2.3369 0.2189 0.0206 0.0226 0.0000 3.7004 0.0020 0.0582 0.0184 0.1293 0.0165 0.5033 0.0959 0.0414 0.2940	HII
8.4000 -1.5000 -2.5000 1.7294 0.2603 0.0297 0.0225 0.0000 4.8338 0.0015 0.0580 0.0207 0.0897 0.0164 0.3613 0.0983 0.0328 0.3127	HII
8.4000 -1.5000 -2.2500 1.2597 0.3021 0.0399 0.0225 0.0000 5.8845 0.0011 0.0578 0.0224 0.0619 0.0163 0.2610 0.0982 0.0255 0.3174	HII
8.4000 -1.5000 -2.0000 0.9304 0.3470 0.0517 0.0224 0.0000 6.8914 0.0000 0.0577 0.0234 0.0437 0.0163 0.1926 0.0947 0.0200 0.3073	HII
8.4000 -1.5000 -1.7500 0.7067 0.3959 0.0655 0.0223 0.0000 7.8954 0.0000 0.0576 0.0234 0.0320 0.0163 0.1472 0.0878 0.0159 0.2840	HII
8.4000 -1.5000 -1.5000 0.5546 0.4516 0.0821 0.0223 0.0000 8.9572 0.0000 0.0575 0.0226 0.0244 0.0162 0.1170 0.0787 0.0130 0.2524	HII
8.5000 -1.5000 -4.0000 1.7366 0.0168 0.0000 0.0223 0.0000 0.0400 0.0012 0.0578 0.0020 0.1971 0.0164 1.3163 0.0586 0.0150 0.0715	HII
8.5000 -1.5000 -3.7500 2.3750 0.0333 0.0000 0.0226 0.0000 0.1425 0.0017 0.0586 0.0039 0.2293 0.0167 1.2775 0.0754 0.0239 0.1140	HII
8.5000 -1.5000 -3.5000 2.9320 0.0606 0.0013 0.0228 0.0000 0.4465 0.0022 0.0588 0.0067 0.2460 0.0167 1.1463 0.0927 0.0336 0.1689	HII
8.5000 -1.5000 -3.2500 3.0824 0.0964 0.0037 0.0228 0.0000 1.0929 0.0023 0.0587 0.0099 0.2303 0.0167 0.9389 0.1067 0.0391 0.2248	HII
8.5000 -1.5000 -3.0000 2.7812 0.1352 0.0075 0.0227 0.0000 2.0388 0.0021 0.0586 0.0128 0.1877 0.0166 0.7165 0.1161 0.0387 0.2710	HII
8.5000 -1.5000 -2.7500 2.2515 0.1734 0.0125 0.0227 0.0000 3.0993 0.0018 0.0585 0.0152 0.1387 0.0166 0.5243 0.1221 0.0342 0.3046	HII
8.5000 -1.5000 -2.5000 1.7163 0.2113 0.0186 0.0226 0.0000 4.1499 0.0014 0.0584 0.0173 0.0976 0.0165 0.3781 0.1260 0.0283 0.3266	HII
8.5000 -1.5000 -2.2500 1.2777 0.2502 0.0257 0.0226 0.0000 5.1548 0.0011 0.0583 0.0190 0.0679 0.0165 0.2741 0.1276 0.0228 0.3362	HII
8.5000 -1.5000 -2.0000 0.9568 0.2917 0.0341 0.0225 0.0000 6.1273 0.0000 0.0582 0.0203 0.0481 0.0165 0.2030 0.1256 0.0182 0.3316	HII
8.5000 -1.5000 -1.7500 0.7337 0.3371 0.0441 0.0225 0.0000 7.1067 0.0000 0.0581 0.0208 0.0353 0.0164 0.1555 0.1194 0.0149 0.3129	HII
8.5000 -1.5000 -1.5000 0.5792 0.3886 0.0563 0.0224 0.0000 8.1447 0.0000 0.0580 0.0207 0.0269 0.0164 0.1241 0.1097 0.0123 0.2838	HII
8.6000 -1.5000 -4.0000 1.0238 0.0060 0.0000 0.0217 0.0000 0.0182 0.0000 0.0566 0.0011 0.1568 0.0161 1.0637 0.0372 0.0055 0.0606	HII
8.6000 -1.5000 -3.7500 1.5472 0.0137 0.0000 0.0223 0.0000 0.0705 0.0000 0.0580 0.0024 0.1935 0.0165 1.0940 0.0508 0.0115 0.1011	HII
8.6000 -1.5000 -3.5000 2.1755 0.0293 0.0000 0.0226 0.0000 0.2516 0.0014 0.0585 0.0046 0.2240 0.0167 1.0477 0.0669 0.0193 0.1594	HII
8.6000 -1.5000 -3.2500 2.5983 0.0545 0.0016 0.0227 0.0000 0.7034 0.0017 0.0587 0.0076 0.2252 0.0167 0.9033 0.0816 0.0265 0.2241	HII
8.6000 -1.5000 -3.0000 2.5581 0.0849 0.0038 0.0227 0.0000 1.4453 0.0017 0.0588 0.0102 0.1914 0.0167 0.7044 0.0912 0.0291 0.2771	HII
8.6000 -1.5000 -2.7500 2.2048 0.1173 0.0066 0.0227 0.0000 2.3394 0.0014 0.0588 0.0123 0.1451 0.0167 0.5197 0.0968 0.0277 0.3144	HII
8.6000 -1.5000 -2.5000 1.7541 0.1507 0.0103 0.0227 0.0000 3.2703 0.0012 0.0588 0.0141 0.1035 0.0167 0.3749 0.1005 0.0242 0.3395	HII
8.6000 -1.5000 -2.2500 1.3411 0.1859 0.0147 0.0227 0.0000 4.1932 0.0000 0.0587 0.0156 0.0724 0.0167 0.2715 0.1031 0.0201 0.3547	HII
8.6000 -1.5000 -2.0000 1.0185 0.2238 0.0201 0.0227 0.0000 5.1095 0.0000 0.0587 0.0170 0.0512 0.0166 0.2010 0.1044 0.0164 0.3591	HII
8.6000 -1.5000 -1.7500 0.7845 0.2647 0.0266 0.0226 0.0000 6.0306 0.0000 0.0586 0.0181 0.0374 0.0166 0.1539 0.1031 0.0137 0.3505	HII
8.6000 -1.5000 -1.5000 0.6203 0.3109 0.0348 0.0226 0.0000 7.0095 0.0000 0.0586 0.0187 0.0284 0.0166 0.1228 0.0989 0.0115 0.3298	HII
8.7000 -1.5000 -4.0000 0.4568 0.0017 0.0000 0.0213 0.0000 0.0067 0.0000 0.0559 0.0000 0.1064 0.0160 0.7455 0.0325 0.0000 0.0454	HII
8.7000 -1.5000 -3.7500 0.7534 0.0042 0.0000 0.0221 0.0000 0.0274 0.0000 0.0578 0.0010 0.1379 0.0165 0.8098 0.0466 0.0015 0.0778	HII
8.7000 -1.5000 -3.5000 1.2440 0.0109 0.0000 0.0225 0.0000 0.1160 0.0000 0.0586 0.0024 0.1753 0.0167 0.8438 0.0670 0.0078 0.1329	HII
8.7000 -1.5000 -3.2500 1.8044 0.0251 0.0000 0.0227 0.0000 0.3963 0.0010 0.0589 0.0048 0.1966 0.0168 0.7950 0.0905 0.0137 0.2058	HII
8.7000 -1.5000 -3.0000 2.0659 0.0460 0.0016 0.0227 0.0000 0.9393 0.0011 0.0590 0.0074 0.1807 0.0168 0.6574 0.1081 0.0181 0.2709	HII
8.7000 -1.5000 -2.7500 1.9517 0.0697 0.0031 0.0228 0.0000 1.6428 0.0011 0.0591 0.0093 0.1423 0.0168 0.4958 0.1174 0.0194 0.3144	HII
8.7000 -1.5000 -2.5000 1.6590 0.0958 0.0051 0.0228 0.0000 2.4128 0.0000 0.0592 0.0108 0.1036 0.0168 0.3608 0.1228 0.0185 0.3424	HII
8.7000 -1.5000 -2.2500 1.3294 0.1249 0.0077 0.0228 0.0000 3.2118 0.0000 0.0592 0.0122 0.0732 0.0168 0.2618 0.1271 0.0164 0.3612	HII
8.7000 -1.5000 -2.0000 1.0382 0.1575 0.0109 0.0228 0.0000 4.0347 0.0000 0.0592 0.0134 0.0519 0.0168 0.1938 0.1309 0.0139 0.3723	HII
8.7000 -1.5000 -1.7500 0.8138 0.1940 0.0149 0.0228 0.0000 4.8894 0.0000 0.0592 0.0147 0.0378 0.0168 0.1484 0.1333 0.0117 0.3737	HII
8.7000 -1.5000 -1.5000 0.6468 0.2347 0.0201 0.0227 0.0000 5.7974 0.0000 0.0591 0.0157 0.0286 0.0167 0.1183 0.1329 0.0100 0.3633	HII
8.8000 -1.5000 -4.0000 0.1850 0.0000 0.0000 0.0210 0.0000 0.0024 0.0000 0.0555 0.0000 0.0685 0.0159 0.4953 0.0172 0.0000 0.0329	HII
8.8000 -1.5000 -3.7500 0.3275 0.0012 0.0000 0.0219 0.0000 0.0098 0.0000 0.0577 0.0000 0.0920 0.0165 0.5646 0.0255 0.0000 0.0573	HII
8.8000 -1.5000 -3.5000 0.6022 0.0035 0.0000 0.0225 0.0000 0.0462 0.0000 0.0589 0.0011 0.1246 0.0168 0.6277 0.0389 0.0010 0.1029	HII
8.8000 -1.5000 -3.2500 1.0744 0.0100 0.0000 0.0227 0.0000 0.1995 0.0000 0.0593 0.0026 0.1572 0.0169 0.6543 0.0587 0.0049 0.1772	HII
8.8000 -1.5000 -3.0000 1.5073 0.0224 0.0000 0.0228 0.0000 0.5697 0.0000 0.0593 0.0049 0.1610 0.0169 0.5914 0.0776 0.0099 0.2557	HII
8.8000 -1.5000 -2.7500 1.6233 0.0380 0.0014 0.0228 0.0000 1.1014 0.0000 0.0594 0.0068 0.1344 0.0169 0.4659 0.0883 0.0126 0.3097	HII
8.8000 -1.5000 -2.5000 1.5045 0.0557 0.0024 0.0229 0.0000 1.7009 0.0000 0.0595 0.0082 0.1008 0.0169 0.3443 0.0935 0.0135 0.3414	HII
8.8000 -1.5000 -2.2500 1.2845 0.0765 0.0038 0.0229 0.0000 2.3477 0.0000 0.0596 0.0093 0.0721 0.0169 0.2508 0.0970 0.0129 0.3618	HII
8.8000 -1.5000 -2.0000 1.0498 0.1018 0.0056 0.0229 0.0000 3.0472 0.0000 0.0597 0.0104 0.0513 0.0169 0.1856 0.1007 0.0117 0.3767	HII
8.8000 -1.5000 -1.7500 0.8443 0.1320 0.0080 0.0229 0.0000 3.8048 0.0000 0.0597 0.0115 0.0373 0.0169 0.1419 0.1045 0.0102 0.3856	HII
8.8000 -1.5000 -1.5000 0.6817 0.1674 0.0111 0.0229 0.0000 4.6359 0.0000 0.0596 0.0126 0.0281 0.0169 0.1130 0.1075 0.0089 0.3859	HII
8.9000 -1.5000 -4.0000 0.0466 0.0000 0.0000 0.0180 0.0000 0.0012 0.0000 0.0480 0.0000 0.0312 0.0139 0.1908 0.0104 0.0000 0.0215	HII
8.9000 -1.5000 -3.7500 0.0648 0.0000 0.0000 0.0199 0.0000 0.0043 0.0000 0.0528 0.0000 0.0362 0.0152 0.1878 0.0142 0.0000 0.0355	HII
8.9000 -1.5000 -3.5000 0.1525 0.0000 0.0000 0.0220 0.0000 0.0095 0.0000 0.0582 0.0000 0.0606 0.0166 0.3321 0.0239 0.0000 0.0558	HII
8.9000 -1.5000 -3.2500 0.3399 0.0017 0.0000 0.0224 0.0000 0.0544 0.0000 0.0591 0.0000 0.0881 0.0169 0.3942 0.0414 0.0000 0.1098	HII
8.9000 -1.5000 -3.0000 0.6613 0.0055 0.0000 0.0227 0.0000 0.2180 0.0000 0.0594 0.0019 0.1100 0.0169 0.4207 0.0662 0.0010 0.1896	HII
8.9000 -1.5000 -2.7500 0.9431 0.0119 0.0000 0.0228 0.0000 0.5226 0.0000 0.0595 0.0034 0.1076 0.0170 0.3754 0.0867 0.0040 0.2600	HII
8.9000 -1.5000 -2.5000 1.0626 0.0196 0.0000 0.0228 0.0000 0.8948 0.0000 0.0597 0.0047 0.0885 0.0170 0.2952 0.0979 0.0057 0.3033	HII
8.9000 -1.5000 -2.2500 1.0499 0.0288 0.0012 0.0229 0.0000 1.3066 0.0000 0.0599 0.0058 0.0668 0.0170 0.2208 0.1040 0.0078 0.3286	HII
8.9000 -1.5000 -2.0000 0.9601 0.0412 0.0020 0.0229 0.0000 1.7741 0.0000 0.0600 0.0066 0.0487 0.0170 0.1645 0.1089 0.0081 0.3462	HII
8.9000 -1.5000 -1.7500 0.8339 0.0586 0.0030 0.0229 0.0000 2.3205 0.0000 0.0600 0.0075 0.0356 0.0170 0.1255 0.1146 0.0078 0.3608	HII
8.9000 -1.5000 -1.5000 0.7023 0.0827 0.0044 0.0229 0.0000 2.9601 0.0000 0.0600 0.0084 0.0267 0.0170 0.0995 0.1209 0.0073 0.3713	HII
9.0000 -1.5000 -4.0000 0.0048 0.0000 0.0000 0.0097 0.0000 0.0000 0.0000 0.0259 0.0000 0.0075 0.0074 0.0502 0.0019 0.0000 0.0057	HII
9.0000 -1.5000 -3.7500 0.0088 0.0000 0.0000 0.0108 0.0000 0.0000 0.0000 0.0286 0.0000 0.0104 0.0082 0.0595 0.0031 0.0000 0.0109	HII
9.0000 -1.5000 -3.5000 0.0232 0.0000 0.0000 0.0115 0.0000 0.0028 0.0000 0.0305 0.0000 0.0170 0.0087 0.0802 0.0060 0.0000 0.0236	HII
9.0000 -1.5000 -3.2500 0.0836 0.0000 0.0000 0.0202 0.0000 0.0207 0.0000 0.0536 0.0000 0.0372 0.0154 0.1467 0.0163 0.0000 0.0705	HII
9.0000 -1.5000 -3.0000 0.1321 0.0000 0.0000 0.0220 0.0000 0.0377 0.0000 0.0583 0.0000 0.0490 0.0166 0.2023 0.0217 0.0000 0.0920	HII
9.0000 -1.5000 -2.7500 0.2910 0.0015 0.0000 0.0224 0.0000 0.1322 0.0000 0.0590 0.0000 0.0641 0.0168 0.2293 0.0374 0.0000 0.1624	HII
9.0000 -1.5000 -2.5000 0.5087 0.0033 0.0000 0.0226 0.0000 0.2877 0.0000 0.0594 0.0018 0.0683 0.0169 0.2200 0.0527 0.0000 0.2296	HII
9.0000 -1.5000 -2.2500 0.7505 0.0054 0.0000 0.0227 0.0000 0.4735 0.0000 0.0597 0.0030 0.0624 0.0170 0.1874 0.0648 0.0014 0.2813	HII
9.0000 -1.5000 -2.0000 0.9849 0.0077 0.0000 0.0228 0.0000 0.6670 0.0000 0.0599 0.0043 0.0514 0.0170 0.1500 0.0739 0.0052 0.3189	HII
9.0000 -1.5000 -1.7500 1.1530 0.0104 0.0000 0.0228 0.0000 0.8825 0.0000 0.0600 0.0055 0.0395 0.0170 0.1170 0.0799 0.0086 0.3422	HII
9.0000 -1.5000 -1.5000 1.1506 0.0151 0.0010 0.0228 0.0000 1.1797 0.0000 0.0601 0.0061 0.0293 0.0170 0.0909 0.0826 0.0095 0.3504	HII
9.1000 -1.5000 -4.0000 0.0000 0.0000 0.0000 0.0078 0.0000 0.0000 0.0000 0.0210 0.0000 0.0013 0.0060 0.0092 0.0000 0.0000 0.0012	HII
9.1000 -1.5000 -3.7500 0.0000 0.0000 0.0000 0.0091 0.0000 0.0000 0.0000 0.0242 0.0000 0.0019 0.0069 0.0124 0.0000 0.0000 0.0025	HII
9.1000 -1.5000 -3.5000 0.0000 0.0000 0.0000 0.0100 0.0000 0.0000 0.0000 0.0268 0.0000 0.0034 0.0076 0.0182 0.0014 0.0000 0.0058	HII
9.1000 -1.5000 -3.2500 0.0061 0.0000 0.0000 0.0107 0.0000 0.0014 0.0000 0.0284 0.0000 0.0078 0.0081 0.0344 0.0040 0.0000 0.0167	HII
9.1000 -1.5000 -3.0000 0.0450 0.0000 0.0000 0.0159 0.0000 0.0173 0.0000 0.0423 0.0000 0.0226 0.0123 0.0838 0.0154 0.0000 0.0617	HII
9.1000 -1.5000 -2.7500 0.0854 0.0000 0.0000 0.0207 0.0000 0.0604 0.0000 0.0549 0.0000 0.0256 0.0158 0.0892 0.0266 0.0000 0.1108	HII
9.1000 -1.5000 -2.5000 0.1120 0.0000 0.0000 0.0223 0.0000 0.0552 0.0000 0.0591 0.0000 0.0345 0.0168 0.1106 0.0305 0.0000 0.1278	HII
9.1000 -1.5000 -2.2500 0.3090 0.0000 0.0000 0.0224 0.0000 0.1124 0.0000 0.0593 0.0010 0.0463 0.0169 0.1326 0.0515 0.0000 0.2034	HII
9.1000 -1.5000 -2.0000 0.6555 0.0010 0.0000 0.0226 0.0000 0.1722 0.0000 0.0596 0.0023 0.0492 0.0169 0.1294 0.0739 0.0010 0.2775	HII
9.1000 -1.5000 -1.7500 0.0128 0.0011 0.0000 0.0139 0.0000 0.1403 0.0000 0.0368 0.0000 0.0015 0.0106 0.0059 0.0160 0.0000 0.0756	HII
9.1000 -1.5000 -1.5000 0.0064 0.0012 0.0000 0.0136 0.0000 0.1341 0.0000 0.0360 0.0000 0.0000 0.0102 0.0029 0.0141 0.0000 0.0671	HII
6.9000 -1.3750 -4.0000 0.3447 0.0107 0.0000 0.0234 0.0000 0.0103 0.0000 0.0599 0.0000 0.0225 0.0169 0.0997 0.0053 0.0077 0.0061	HII
6.9000 -1.3750 -3.7500 0.3951 0.0167 0.0000 0.0229 0.0000 0.0331 0.0000 0.0586 0.0000 0.0231 0.0165 0.0842 0.0060 0.0095 0.0088	HII
6.9000 -1.3750 -3.5000 0.4157 0.0249 0.0014 0.0224 0.0000 0.0933 0.0000 0.0573 0.0014 0.0217 0.0161 0.0682 0.0068 0.0108 0.0120	HII
6.9000 -1.3750 -3.2500 0.3795 0.0351 0.0036 0.0219 0.0000 0.2114 0.0000 0.0561 0.0020 0.0178 0.0158 0.0527 0.0077 0.0105 0.0155	HII
6.9000 -1.3750 -3.0000 0.2987 0.0468 0.0072 0.0215 0.0000 0.3746 0.0000 0.0550 0.0027 0.0129 0.0154 0.0392 0.0085 0.0087 0.0188	HII
6.9000 -1.3750 -2.7500 0.2134 0.0599 0.0120 0.0211 0.0000 0.5504 0.0000 0.0542 0.0034 0.0088 0.0151 0.0284 0.0092 0.0056 0.0214	HII
6.9000 -1.3750 -2.5000 0.1469 0.0742 0.0179 0.0208 0.0000 0.7220 0.0000 0.0534 0.0040 0.0059 0.0149 0.0205 0.0095 0.0040 0.0230	HII
6.9000 -1.3750 -2.2500 0.1018 0.0896 0.0248 0.0205 0.0000 0.8865 0.0000 0.0529 0.0044 0.0041 0.0147 0.0147 0.0094 0.0014 0.0232	HII
6.9000 -1.3750 -2.0000 0.0730 0.1060 0.0328 0.0203 0.0000 1.0455 0.0000 0.0524 0.0046 0.0029 0.0145 0.0110 0.0088 0.0010 0.0222	HII
6.9000 -1.3750 -1.7500 0.0544 0.1228 0.0417 0.0201 0.0000 1.1981 0.0000 0.0521 0.0044 0.0022 0.0144 0.0084 0.0077 0.0000 0.0201	HII
6.9000 -1.3750 -1.5000 0.0423 0.1395 0.0513 0.0199 0.0010 1.3437 0.0000 0.0517 0.0041 0.0017 0.0142 0.0068 0.0066 0.0000 0.0174	HII
7.0000 -1.3750 -4.0000 0.4310 0.0084 0.0000 0.0234 0.0000 0.0128 0.0000 0.0599 0.0000 0.0283 0.0169 0.1251 0.0066 0.0095 0.0076	HII
7.0000 -1.3750 -3.7500 0.4940 0.0131 0.0000 0.0229 0.0000 0.0412 0.0000 0.0586 0.0012 0.0290 0.0165 0.1058 0.0075 0.0117 0.0110	HII
7.0000 -1.3750 -3.5000 0.5199 0.0196 0.0017 0.0224 0.0000 0.1162 0.0000 0.0573 0.0018 0.0272 0.0161 0.0855 0.0085 0.0134 0.0151	HII
7.0000 -1.3750 -3.2500 0.4748 0.0276 0.0044 0.0219 0.0000 0.2633 0.0000 0.0562 0.0025 0.0223 0.0158 0.0661 0.0096 0.0130 0.0194	HII
7.0000 -1.3750 -3.0000 0.3740 0.0368 0.0089 0.0215 0.0000 0.4664 0.0000 0.0551 0.0034 0.0163 0.0155 0.0492 0.0106 0.0109 0.0235	HII
7.0000 -1.3750 -2.7500 0.2673 0.0470 0.0148 0.0212 0.0000 0.6848 0.0000 0.0543 0.0042 0.0111 0.0152 0.0357 0.0115 0.0081 0.0268	HII
7.0000 -1.3750 -2.5000 0.1840 0.0581 0.0220 0.0209 0.0000 0.8974 0.0000 0.0535 0.0050 0.0075 0.0149 0.0256 0.0119 0.0051 0.0288	HII
7.0000 -1.3750 -2.2500 0.1276 0.0700 0.0303 0.0206 0.0000 1.1000 0.0000 0.0530 0.0055 0.0051 0.0147 0.0186 0.0118 0.0017 0.0291	HII
7.0000 -1.3750 -2.0000 0.0913 0.0825 0.0398 0.0204 0.0000 1.2939 0.0000 0.0526 0.0056 0.0037 0.0146 0.0138 0.0109 0.0013 0.0277	HII
7.0000 -1.3750 -1.7500 0.0679 0.0952 0.0503 0.0202 0.0000 1.4786 0.0000 0.0523 0.0054 0.0027 0.0144 0.0107 0.0097 0.0000 0.0250	HII
7.0000 -1.3750 -1.5000 0.0527 0.1078 0.0615 0.0200 0.0000 1.6540 0.0000 0.0520 0.0050 0.0021 0.0143 0.0084 0.0082 0.0000 0.0217	HII
7.1000 -1.3750 -4.0000 0.5384 0.0105 0.0000 0.0234 0.0000 0.0160 0.0000 0.0600 0.0000 0.0354 0.0169 0.1569 0.0083 0.0117 0.0095	HII
7.1000 -1.3750 -3.7500 0.6171 0.0163 0.0000 0.0229 0.0000 0.0513 0.0000 0.0587 0.0014 0.0363 0.0165 0.1327 0.0094 0.0146 0.0138	HII
7.1000 -1.3750 -3.5000 0.6496 0.0244 0.0021 0.0224 0.0000 0.1445 0.0000 0.0574 0.0022 0.0341 0.0162 0.1074 0.0107 0.0167 0.0189	HII
7.1000 -1.3750 -3.2500 0.5936 0.0344 0.0054 0.0220 0.0000 0.3276 0.0000 0.0562 0.0031 0.0280 0.0158 0.0830 0.0120 0.0164 0.0243	HII
7.1000 -1.3750 -3.0000 0.4680 0.0458 0.0109 0.0216 0.0000 0.5806 0.0000 0.0552 0.0042 0.0204 0.0155 0.0618 0.0133 0.0137 0.0294	HII
7.1000 -1.3750 -2.7500 0.3347 0.0584 0.0182 0.0212 0.0000 0.8529 0.0000 0.0544 0.0053 0.0139 0.0152 0.0448 0.0144 0.0102 0.0336	HII
7.1000 -1.3750 -2.5000 0.2306 0.0722 0.0270 0.0209 0.0000 1.1176 0.0000 0.0537 0.0062 0.0094 0.0150 0.0322 0.0149 0.0073 0.0360	HII
7.1000 -1.3750 -2.2500 0.1599 0.0870 0.0373 0.0207 0.0000 1.3702 0.0000 0.0531 0.0068 0.0064 0.0148 0.0233 0.0147 0.0045 0.0364	HII
7.1000 -1.3750 -2.0000 0.1144 0.1026 0.0491 0.0204 0.0000 1.6126 0.0000 0.0527 0.0070 0.0046 0.0146 0.0173 0.0137 0.0016 0.0347	HII
7.1000 -1.3750 -1.7500 0.0852 0.1186 0.0622 0.0202 0.0000 1.8452 0.0000 0.0524 0.0068 0.0034 0.0145 0.0133 0.0121 0.0012 0.0314	HII
7.1000 -1.3750 -1.5000 0.0661 0.1346 0.0764 0.0200 0.0000 2.0683 0.0000 0.0521 0.0062 0.0027 0.0143 0.0107 0.0104 0.0000 0.0272	HII
7.2000 -1.3750 -4.0000 0.6698 0.0129 0.0000 0.0234 0.0000 0.0197 0.0000 0.0599 0.0011 0.0443 0.0169 0.1963 0.0082 0.0145 0.0119	HII
7.2000 -1.3750 -3.7500 0.7678 0.0201 0.0000 0.0229 0.0000 0.0634 0.0010 0.0587 0.0018 0.0454 0.0166 0.1661 0.0094 0.0181 0.0172	HII
7.2000 -1.3750 -3.5000 0.8084 0.0301 0.0025 0.0225 0.0000 0.1787 0.0011 0.0574 0.0027 0.0427 0.0162 0.1344 0.0106 0.0206 0.0236	HII
7.2000 -1.3750 -3.2500 0.7395 0.0425 0.0066 0.0220 0.0000 0.4051 0.0000 0.0563 0.0039 0.0352 0.0158 0.1039 0.0119 0.0201 0.0304	HII
7.2000 -1.3750 -3.0000 0.5834 0.0565 0.0133 0.0216 0.0000 0.7177 0.0000 0.0553 0.0052 0.0257 0.0155 0.0772 0.0132 0.0168 0.0368	HII
7.2000 -1.3750 -2.7500 0.4176 0.0720 0.0221 0.0213 0.0000 1.0534 0.0000 0.0545 0.0065 0.0175 0.0152 0.0560 0.0142 0.0127 0.0419	HII
7.2000 -1.3750 -2.5000 0.2877 0.0888 0.0326 0.0210 0.0000 1.3781 0.0000 0.0539 0.0076 0.0118 0.0150 0.0403 0.0148 0.0091 0.0450	HII
7.2000 -1.3750 -2.2500 0.1994 0.1067 0.0448 0.0208 0.0000 1.6858 0.0000 0.0534 0.0084 0.0081 0.0148 0.0291 0.0146 0.0056 0.0454	HII
7.2000 -1.3750 -2.0000 0.1426 0.1253 0.0585 0.0206 0.0000 1.9784 0.0000 0.0530 0.0086 0.0058 0.0147 0.0216 0.0136 0.0040 0.0432	HII
7.2000 -1.3750 -1.7500 0.1061 0.1442 0.0736 0.0204 0.0000 2.2570 0.0000 0.0527 0.0082 0.0043 0.0146 0.0166 0.0120 0.0015 0.0390	HII
7.2000 -1.3750 -1.5000 0.0821 0.1631 0.0899 0.0202 0.0000 2.5226 0.0000 0.0524 0.0075 0.0033 0.0145 0.0133 0.0102 0.0011 0.0337	HII
7.3000 -1.3750 -4.0000 0.8301 0.0156 0.0000 0.0234 0.0000 0.0242 0.0011 0.0599 0.0014 0.0553 0.0169 0.2449 0.0128 0.0179 0.0148	HII
7.3000 -1.3750 -3.7500 0.9513 0.0245 0.0000 0.0229 0.0000 0.0777 0.0013 0.0587 0.0022 0.0567 0.0166 0.2073 0.0146 0.0223 0.0215	HII
7.3000 -1.3750 -3.5000 1.0019 0.0368 0.0031 0.0225 0.0000 0.2191 0.0013 0.0575 0.0033 0.0534 0.0162 0.1678 0.0166 0.0253 0.0294	HII
7.3000 -1.3750 -3.2500 0.9176 0.0519 0.0079 0.0220 0.0000 0.4969 0.0012 0.0564 0.0048 0.0442 0.0159 0.1297 0.0187 0.0248 0.0379	HII
7.3000 -1.3750 -3.0000 0.7249 0.0691 0.0159 0.0217 0.0000 0.8806 0.0000 0.0555 0.0063 0.0323 0.0156 0.0964 0.0206 0.0208 0.0458	HII
7.3000 -1.3750 -2.7500 0.5193 0.0880 0.0264 0.0214 0.0000 1.2918 0.0000 0.0547 0.0079 0.0221 0.0153 0.0699 0.0223 0.0156 0.0522	HII
7.3000 -1.3750 -2.5000 0.3580 0.1082 0.0388 0.0211 0.0000 1.6867 0.0000 0.0541 0.0093 0.0148 0.0151 0.0501 0.0231 0.0113 0.0559	HII
7.3000 -1.3750 -2.2500 0.2479 0.1294 0.0529 0.0209 0.0000 2.0575 0.0000 0.0537 0.0102 0.0102 0.0149 0.0363 0.0228 0.0081 0.0565	HII
7.3000 -1.3750 -2.0000 0.1770 0.1514 0.0686 0.0207 0.0000 2.4063 0.0000 0.0534 0.0104 0.0072 0.0148 0.0268 0.0213 0.0051 0.0537	HII
7.3000 -1.3750 -1.7500 0.1314 0.1734 0.0857 0.0205 0.0000 2.7361 0.0000 0.0531 0.0099 0.0054 0.0147 0.0206 0.0188 0.0028 0.0483	HII
7.3000 -1.3750 -1.5000 0.1014 0.1954 0.1039 0.0204 0.0000 3.0478 0.0000 0.0528 0.0090 0.0042 0.0146 0.0165 0.0160 0.0014 0.0417	HII
7.4000 -1.3750 -4.0000 1.0243 0.0188 0.0000 0.0234 0.0000 0.0296 0.0014 0.0598 0.0017 0.0687 0.0169 0.3049 0.0126 0.0218 0.0184	HII
7.4000 -1.3750 -3.7500 1.1735 0.0297 0.0011 0.0229 0.0000 0.0948 0.0016 0.0587 0.0027 0.0706 0.0166 0.2583 0.0144 0.0272 0.0267	HII
7.4000 -1.3750 -3.5000 1.2364 0.0446 0.0036 0.0225 0.0000 0.2671 0.0016 0.0576 0.0041 0.0667 0.0162 0.2091 0.0164 0.0309 0.0366	HII
7.4000 -1.3750 -3.2500 1.1336 0.0631 0.0094 0.0221 0.0000 0.6059 0.0015 0.0566 0.0058 0.0553 0.0159 0.1615 0.0184 0.0303 0.0471	HII
7.4000 -1.3750 -3.0000 0.8968 0.0840 0.0189 0.0217 0.0000 1.0737 0.0011 0.0557 0.0077 0.0405 0.0156 0.1201 0.0203 0.0253 0.0568	HII
7.4000 -1.3750 -2.7500 0.6432 0.1067 0.0311 0.0215 0.0000 1.5734 0.0000 0.0550 0.0096 0.0277 0.0154 0.0870 0.0219 0.0191 0.0646	HII
7.4000 -1.3750 -2.5000 0.4435 0.1307 0.0455 0.0212 0.0000 2.0493 0.0000 0.0544 0.0112 0.0186 0.0152 0.0624 0.0227 0.0137 0.0693	HII
7.4000 -1.3750 -2.2500 0.3070 0.1557 0.0616 0.0210 0.0000 2.4916 0.0000 0.0540 0.0122 0.0127 0.0150 0.0450 0.0224 0.0098 0.0699	HII
7.4000 -1.3750 -2.0000 0.2188 0.1812 0.0792 0.0209 0.0000 2.9029 0.0000 0.0537 0.0125 0.0090 0.0149 0.0333 0.0209 0.0062 0.0664	HII
7.4000 -1.3750 -1.7500 0.1621 0.2066 0.0981 0.0207 0.0000 3.2887 0.0000 0.0535 0.0119 0.0067 0.0148 0.0255 0.0185 0.0046 0.0597	HII
7.4000 -1.3750 -1.5000 0.1248 0.2318 0.1183 0.0205 0.0000 3.6526 0.0000 0.0532 0.0108 0.0052 0.0147 0.0203 0.0158 0.0017 0.0513	HII
7.5000 -1.3750 -4.0000 1.2547 0.0225 0.0000 0.0233 0.0000 0.0358 0.0017 0.0597 0.0020 0.0852 0.0169 0.3786 0.0196 0.0264 0.0228	HII
7.5000 -1.3750 -3.7500 1.4376 0.0356 0.0013 0.0229 0.0000 0.1147 0.0019 0.0587 0.0033 0.0876 0.0166 0.3208 0.0224 0.0328 0.0330	HII
7.5000 -1.3750 -3.5000 1.5148 0.0537 0.0043 0.0225 0.0000 0.3231 0.0020 0.0577 0.0050 0.0830 0.0163 0.2599 0.0255 0.0373 0.0453	HII
7.5000 -1.3750 -3.2500 1.3901 0.0760 0.0110 0.0222 0.0000 0.7322 0.0018 0.0567 0.0070 0.0690 0.0160 0.2007 0.0286 0.0365 0.0582	HII
7.5000 -1.3750 -3.0000 1.1019 0.1011 0.0220 0.0218 0.0000 1.2969 0.0014 0.0559 0.0093 0.0507 0.0157 0.1491 0.0315 0.0306 0.0701	HII
7.5000 -1.3750 -2.7500 0.7914 0.1280 0.0361 0.0216 0.0000 1.8978 0.0010 0.0552 0.0115 0.0347 0.0155 0.1079 0.0339 0.0231 0.0797	HII
7.5000 -1.3750 -2.5000 0.5459 0.1562 0.0522 0.0213 0.0000 2.4645 0.0000 0.0547 0.0134 0.0233 0.0153 0.0774 0.0352 0.0165 0.0854	HII
7.5000 -1.3750 -2.2500 0.3777 0.1851 0.0701 0.0212 0.0000 2.9847 0.0000 0.0544 0.0145 0.0159 0.0152 0.0558 0.0347 0.0117 0.0860	HII
7.5000 -1.3750 -2.0000 0.2688 0.2142 0.0895 0.0210 0.0000 3.4644 0.0000 0.0541 0.0148 0.0113 0.0150 0.0412 0.0324 0.0086 0.0816	HII
7.5000 -1.3750 -1.7500 0.1987 0.2432 0.1101 0.0209 0.0000 3.9103 0.0000 0.0539 0.0140 0.0083 0.0150 0.0315 0.0287 0.0055 0.0732	HII
7.5000 -1.3750 -1.5000 0.1527 0.2717 0.1320 0.0207 0.0000 4.3303 0.0000 0.0537 0.0127 0.0064 0.0149 0.0250 0.0244 0.0044 0.0628	HII
7.6000 -1.3750 -4.0000 1.5287 0.0268 0.0000 0.0233 0.0000 0.0432 0.0020 0.0597 0.0025 0.1052 0.0169 0.4688 0.0191 0.0317 0.0281	HII
7.6000 -1.3750 -3.7500 1.7499 0.0424 0.0015 0.0230 0.0000 0.1378 0.0023 0.0588 0.0040 0.1083 0.0166 0.3975 0.0219 0.0392 0.0407	HII
7.6000 -1.3750 -3.5000 1.8434 0.0641 0.0050 0.0226 0.0000 0.3875 0.0024 0.0578 0.0060 0.1028 0.0163 0.3221 0.0249 0.0446 0.0558	HII
7.6000 -1.3750 -3.2500 1.6927 0.0907 0.0127 0.0222 0.0000 0.8770 0.0022 0.0569 0.0084 0.0857 0.0160 0.2487 0.0279 0.0436 0.0716	HII
7.6000 -1.3750 -3.0000 1.3438 0.1205 0.0251 0.0219 0.0000 1.5509 0.0017 0.0561 0.0111 0.0632 0.0158 0.1846 0.0307 0.0367 0.0861	HII
7.6000 -1.3750 -2.7500 0.9662 0.1518 0.0409 0.0217 0.0000 2.2632 0.0012 0.0555 0.0136 0.0433 0.0156 0.1335 0.0330 0.0276 0.0976	HII
7.6000 -1.3750 -2.5000 0.6668 0.1842 0.0587 0.0215 0.0000 2.9298 0.0000 0.0551 0.0157 0.0291 0.0154 0.0956 0.0342 0.0198 0.1044	HII
7.6000 -1.3750 -2.2500 0.4611 0.2170 0.0781 0.0213 0.0000 3.5329 0.0000 0.0547 0.0170 0.0198 0.0153 0.0688 0.0336 0.0142 0.1051	HII
7.6000 -1.3750 -2.0000 0.3278 0.2498 0.0989 0.0212 0.0000 4.0840 0.0000 0.0545 0.0172 0.0140 0.0152 0.0508 0.0314 0.0103 0.0995	HII
7.6000 -1.3750 -1.7500 0.2420 0.2823 0.1209 0.0211 0.0000 4.5962 0.0000 0.0543 0.0163 0.0103 0.0151 0.0387 0.0278 0.0078 0.0892	HII
7.6000 -1.3750 -1.5000 0.1856 0.3146 0.1443 0.0209 0.0000 5.0774 0.0000 0.0541 0.0147 0.0079 0.0150 0.0307 0.0237 0.0052 0.0765	HII
7.7000 -1.3750 -4.0000 1.8390 0.0314 0.0000 0.0233 0.0000 0.0515 0.0024 0.0597 0.0029 0.1290 0.0169 0.5766 0.0294 0.0373 0.0344	HII
7.7000 -1.3750 -3.7500 2.1020 0.0499 0.0018 0.0230 0.0000 0.1633 0.0027 0.0589 0.0047 0.1329 0.0166 0.4898 0.0338 0.0460 0.0498	HII
7.7000 -1.3750 -3.5000 2.2134 0.0755 0.0056 0.0226 0.0000 0.4581 0.0029 0.0580 0.0071 0.1265 0.0164 0.3970 0.0384 0.0522 0.0682	HII
7.7000 -1.3750 -3.2500 2.0342 0.1067 0.0142 0.0223 0.0000 1.0348 0.0026 0.0571 0.0099 0.1058 0.0161 0.3065 0.0429 0.0511 0.0873	HII
7.7000 -1.3750 -3.0000 1.6176 0.1411 0.0279 0.0220 0.0000 1.8255 0.0020 0.0564 0.0129 0.0782 0.0159 0.2273 0.0471 0.0429 0.1048	HII
7.7000 -1.3750 -2.7500 1.1655 0.1769 0.0449 0.0218 0.0000 2.6555 0.0015 0.0558 0.0158 0.0537 0.0157 0.1642 0.0504 0.0323 0.1184	HII
7.7000 -1.3750 -2.5000 0.8055 0.2133 0.0640 0.0216 0.0000 3.4253 0.0010 0.0554 0.0181 0.0361 0.0155 0.1174 0.0520 0.0232 0.1263	HII
7.7000 -1.3750 -2.2500 0.5571 0.2498 0.0844 0.0215 0.0000 4.1151 0.0000 0.0551 0.0195 0.0245 0.0154 0.0844 0.0512 0.0167 0.1270	HII
7.7000 -1.3750 -2.0000 0.3957 0.2861 0.1060 0.0214 0.0000 4.7388 0.0000 0.0549 0.0197 0.0173 0.0153 0.0621 0.0477 0.0121 0.1203	HII
7.7000 -1.3750 -1.7500 0.2919 0.3223 0.1291 0.0212 0.0000 5.3199 0.0000 0.0547 0.0187 0.0127 0.0152 0.0473 0.0424 0.0091 0.1078	HII
7.7000 -1.3750 -1.5000 0.2238 0.3584 0.1539 0.0211 0.0000 5.8729 0.0000 0.0545 0.0169 0.0097 0.0152 0.0375 0.0362 0.0061 0.0924	HII
7.8000 -1.3750 -4.0000 2.1861 0.0364 0.0000 0.0233 0.0000 0.0610 0.0028 0.0597 0.0035 0.1571 0.0169 0.7048 0.0284 0.0431 0.0419	HII
7.8000 -1.3750 -3.7500 2.4962 0.0579 0.0019 0.0230 0.0000 0.1912 0.0032 0.0590 0.0055 0.1621 0.0167 0.6002 0.0326 0.0532 0.0606	HII
7.8000 -1.3750 -3.5000 2.6263 0.0876 0.0061 0.0227 0.0000 0.5341 0.0034 0.0581 0.0083 0.1545 0.0164 0.4867 0.0370 0.0602 0.0828	HII
7.8000 -1.3750 -3.2500 2.4131 0.1235 0.0154 0.0224 0.0000 1.2025 0.0031 0.0574 0.0115 0.1297 0.0162 0.3756 0.0412 0.0588 0.1057	HII
7.8000 -1.3750 -3.0000 1.9216 0.1624 0.0300 0.0221 0.0000 2.1132 0.0024 0.0567 0.0148 0.0962 0.0159 0.2783 0.0450 0.0495 0.1263	HII
7.8000 -1.3750 -2.7500 1.3885 0.2024 0.0478 0.0219 0.0000 3.0629 0.0018 0.0562 0.0180 0.0662 0.0158 0.2008 0.0480 0.0374 0.1422	HII
7.8000 -1.3750 -2.5000 0.9613 0.2423 0.0675 0.0218 0.0000 3.9342 0.0012 0.0558 0.0205 0.0445 0.0156 0.1433 0.0494 0.0270 0.1511	HII
7.8000 -1.3750 -2.2500 0.6657 0.2822 0.0884 0.0216 0.0000 4.7124 0.0000 0.0555 0.0220 0.0302 0.0155 0.1030 0.0486 0.0193 0.1517	HII
7.8000 -1.3750 -2.0000 0.4728 0.3219 0.1105 0.0215 0.0000 5.4137 0.0000 0.0553 0.0221 0.0212 0.0154 0.0756 0.0454 0.0141 0.1438	HII
7.8000 -1.3750 -1.7500 0.3488 0.3616 0.1342 0.0214 0.0000 6.0660 0.0000 0.0551 0.0210 0.0155 0.0154 0.0575 0.0403 0.0106 0.1290	HII
7.8000 -1.3750 -1.5000 0.2673 0.4018 0.1598 0.0213 0.0000 6.6929 0.0000 0.0550 0.0190 0.0119 0.0153 0.0455 0.0346 0.0083 0.1107	HII
7.9000 -1.3750 -4.0000 2.5347 0.0412 0.0000 0.0233 0.0000 0.0699 0.0032 0.0598 0.0039 0.1886 0.0169 0.8515 0.0428 0.0481 0.0502	HII
7.9000 -1.3750 -3.7500 2.8927 0.0655 0.0021 0.0231 0.0000 0.2183 0.0037 0.0591 0.0063 0.1948 0.0167 0.7269 0.0492 0.0593 0.0725	HII
7.9000 -1.3750 -3.5000 3.0424 0.0991 0.0064 0.0228 0.0000 0.6073 0.0038 0.0584 0.0094 0.1863 0.0165 0.5904 0.0557 0.0669 0.0990	HII
7.9000 -1.3750 -3.2500 2.8003 0.1393 0.0160 0.0225 0.0000 1.3626 0.0035 0.0576 0.0129 0.1571 0.0163 0.4557 0.0619 0.0654 0.1261	HII
7.9000 -1.3750 -3.0000 2.2372 0.1823 0.0308 0.0223 0.0000 2.3875 0.0028 0.0570 0.0165 0.1171 0.0161 0.3374 0.0673 0.0551 0.1501	HII
7.9000 -1.3750 -2.7500 1.6227 0.2255 0.0487 0.0221 0.0000 3.4475 0.0020 0.0565 0.0198 0.0808 0.0159 0.2431 0.0714 0.0419 0.1683	HII
7.9000 -1.3750 -2.5000 1.1278 0.2683 0.0681 0.0219 0.0000 4.4142 0.0014 0.0561 0.0225 0.0543 0.0158 0.1734 0.0734 0.0304 0.1784	HII
7.9000 -1.3750 -2.2500 0.7827 0.3109 0.0888 0.0218 0.0000 5.2737 0.0010 0.0559 0.0240 0.0368 0.0157 0.1244 0.0722 0.0218 0.1788	HII
7.9000 -1.3750 -2.0000 0.5569 0.3535 0.1108 0.0217 0.0000 6.0526 0.0000 0.0557 0.0242 0.0258 0.0156 0.0913 0.0675 0.0159 0.1694	HII
7.9000 -1.3750 -1.7500 0.4112 0.3969 0.1346 0.0216 0.0000 6.7862 0.0000 0.0555 0.0231 0.0189 0.0155 0.0694 0.0602 0.0121 0.1523	HII
7.9000 -1.3750 -1.5000 0.3154 0.4415 0.1608 0.0215 0.0000 7.4962 0.0000 0.0554 0.0210 0.0144 0.0155 0.0548 0.0517 0.0095 0.1312	HII
8.0000 -1.3750 -4.0000 2.8732 0.0454 0.0000 0.0233 0.0000 0.0784 0.0036 0.0599 0.0044 0.2236 0.0170 1.0173 0.0402 0.0519 0.0593	HII
8.0000 -1.3750 -3.7500 3.2872 0.0726 0.0021 0.0231 0.0000 0.2445 0.0041 0.0593 0.0070 0.2316 0.0168 0.8718 0.0463 0.0642 0.0859	HII
8.0000 -1.3750 -3.5000 3.4566 0.1097 0.0065 0.0229 0.0000 0.6763 0.0043 0.0586 0.0104 0.2220 0.0166 0.7094 0.0524 0.0724 0.1170	HII
8.0000 -1.3750 -3.2500 3.1813 0.1535 0.0159 0.0226 0.0000 1.5072 0.0039 0.0579 0.0142 0.1881 0.0163 0.5475 0.0579 0.0708 0.1485	HII
8.0000 -1.3750 -3.0000 2.5517 0.1995 0.0302 0.0224 0.0000 2.6297 0.0032 0.0573 0.0179 0.1409 0.0162 0.4050 0.0626 0.0599 0.1760	HII
8.0000 -1.3750 -2.7500 1.8615 0.2450 0.0474 0.0222 0.0000 3.7894 0.0023 0.0568 0.0213 0.0976 0.0160 0.2916 0.0661 0.0459 0.1965	HII
8.0000 -1.3750 -2.5000 1.3007 0.2899 0.0661 0.0220 0.0000 4.8448 0.0017 0.0565 0.0240 0.0657 0.0159 0.2079 0.0677 0.0336 0.2078	HII
8.0000 -1.3750 -2.2500 0.9065 0.3346 0.0859 0.0219 0.0000 5.7810 0.0012 0.0562 0.0256 0.0446 0.0158 0.1491 0.0666 0.0242 0.2081	HII
8.0000 -1.3750 -2.0000 0.6470 0.3800 0.1073 0.0218 0.0000 6.6373 0.0000 0.0561 0.0258 0.0312 0.0157 0.1093 0.0625 0.0179 0.1973	HII
8.0000 -1.3750 -1.7500 0.4785 0.4267 0.1307 0.0218 0.0000 7.4504 0.0000 0.0559 0.0247 0.0228 0.0157 0.0830 0.0560 0.0137 0.1778	HII
8.0000 -1.3750 -1.5000 0.3678 0.4754 0.1568 0.0217 0.0000 8.2515 0.0000 0.0558 0.0227 0.0173 0.0156 0.0657 0.0483 0.0107 0.1535	HII
8.1000 -1.3750 -4.0000 3.1060 0.0478 0.0000 0.0234 0.0000 0.0841 0.0038 0.0600 0.0046 0.2577 0.0170 1.1859 0.0584 0.0524 0.0683	HII
8.1000 -1.3750 -3.7500 3.5710 0.0768 0.0020 0.0232 0.0000 0.2621 0.0044 0.0595 0.0074 0.2682 0.0168 1.0228 0.0674 0.0652 0.0991	HII
8.1000 -1.3750 -3.5000 3.7715 0.1164 0.0061 0.0230 0.0000 0.7233 0.0046 0.0588 0.0110 0.2585 0.0166 0.8360 0.0763 0.0740 0.1352	HII
8.1000 -1.3750 -3.2500 3.4901 0.1627 0.0147 0.0227 0.0000 1.6078 0.0043 0.0582 0.0149 0.2206 0.0164 0.6467 0.0841 0.0727 0.1713	HII
8.1000 -1.3750 -3.0000 2.8196 0.2104 0.0278 0.0225 0.0000 2.7972 0.0035 0.0576 0.0187 0.1665 0.0163 0.4786 0.0905 0.0622 0.2022	HII
8.1000 -1.3750 -2.7500 2.0765 0.2572 0.0435 0.0223 0.0000 4.0299 0.0026 0.0572 0.0221 0.1160 0.0161 0.3449 0.0951 0.0482 0.2252	HII
8.1000 -1.3750 -2.5000 1.4638 0.3031 0.0607 0.0222 0.0000 5.1572 0.0019 0.0568 0.0248 0.0784 0.0160 0.2459 0.0972 0.0358 0.2378	HII
8.1000 -1.3750 -2.2500 1.0271 0.3490 0.0791 0.0221 0.0000 6.1637 0.0013 0.0566 0.0264 0.0533 0.0159 0.1765 0.0958 0.0262 0.2381	HII
8.1000 -1.3750 -2.0000 0.7366 0.3963 0.0991 0.0220 0.0000 7.0910 0.0000 0.0565 0.0268 0.0373 0.0159 0.1295 0.0902 0.0194 0.2262	HII
8.1000 -1.3750 -1.7500 0.5468 0.4461 0.1214 0.0219 0.0000 7.9852 0.0000 0.0563 0.0258 0.0272 0.0158 0.0984 0.0812 0.0150 0.2044	HII
8.1000 -1.3750 -1.5000 0.4215 0.4992 0.1468 0.0218 0.0000 8.8805 0.0000 0.0562 0.0238 0.0207 0.0157 0.0778 0.0705 0.0117 0.1772	HII
8.2000 -1.3750 -4.0000 3.1978 0.0468 0.0000 0.0233 0.0000 0.0851 0.0038 0.0598 0.0046 0.2882 0.0170 1.3459 0.0518 0.0492 0.0762	HII
8.2000 -1.3750 -3.7500 3.7243 0.0764 0.0017 0.0232 0.0000 0.2672 0.0044 0.0595 0.0074 0.3027 0.0169 1.1738 0.0602 0.0624 0.1112	HII
8.2000 -1.3750 -3.5000 3.9687 0.1170 0.0052 0.0230 0.0000 0.7393 0.0047 0.0590 0.0111 0.2944 0.0167 0.9665 0.0683 0.0718 0.1524	HII
8.2000 -1.3750 -3.2500 3.7039 0.1641 0.0127 0.0228 0.0000 1.6422 0.0044 0.0584 0.0150 0.2537 0.0165 0.7506 0.0752 0.0713 0.1931	HII
8.2000 -1.3750 -3.0000 3.0241 0.2120 0.0238 0.0226 0.0000 2.8572 0.0036 0.0579 0.0187 0.1933 0.0164 0.5563 0.0805 0.0617 0.2275	HII
8.2000 -1.3750 -2.7500 2.2553 0.2587 0.0372 0.0224 0.0000 4.1247 0.0028 0.0575 0.0220 0.1359 0.0162 0.4012 0.0844 0.0487 0.2529	HII
8.2000 -1.3750 -2.5000 1.6081 0.3044 0.0522 0.0223 0.0000 5.2951 0.0020 0.0572 0.0246 0.0923 0.0161 0.2864 0.0862 0.0367 0.2671	HII
8.2000 -1.3750 -2.2500 1.1386 0.3506 0.0685 0.0222 0.0000 6.3520 0.0015 0.0570 0.0263 0.0629 0.0161 0.2058 0.0852 0.0274 0.2682	HII
8.2000 -1.3750 -2.0000 0.8221 0.3986 0.0864 0.0221 0.0000 7.3341 0.0011 0.0568 0.0268 0.0441 0.0160 0.1512 0.0807 0.0206 0.2557	HII
8.2000 -1.3750 -1.7500 0.6135 0.4502 0.1067 0.0221 0.0000 8.2986 0.0000 0.0567 0.0261 0.0321 0.0159 0.1149 0.0732 0.0159 0.2323	HII
8.2000 -1.3750 -1.5000 0.4748 0.5061 0.1302 0.0220 0.0000 9.2766 0.0000 0.0566 0.0244 0.0244 0.0159 0.0909 0.0641 0.0127 0.2026	HII
8.3000 -1.3750 -4.0000 2.9362 0.0395 0.0000 0.0230 0.0000 0.0760 0.0033 0.0593 0.0040 0.3005 0.0168 1.4357 0.0675 0.0392 0.0791	HII
8.3000 -1.3750 -3.7500 3.5240 0.0668 0.0012 0.0231 0.0000 0.2441 0.0040 0.0593 0.0066 0.3221 0.0168 1.2804 0.0801 0.0519 0.1176	HII
8.3000 -1.3750 -3.5000 3.8518 0.1053 0.0039 0.0229 0.0000 0.6878 0.0044 0.0590 0.0101 0.3193 0.0167 1.0720 0.0921 0.0618 0.1635	HII
8.3000 -1.3750 -3.2500 3.6768 0.1509 0.0095 0.0228 0.0000 1.5492 0.0042 0.0586 0.0139 0.2803 0.0166 0.8409 0.1020 0.0633 0.2088	HII
8.3000 -1.3750 -3.0000 3.0669 0.1972 0.0180 0.0227 0.0000 2.7231 0.0036 0.0582 0.0174 0.2171 0.0165 0.6267 0.1092 0.0565 0.2468	HII
8.3000 -1.3750 -2.7500 2.3315 0.2419 0.0285 0.0225 0.0000 3.9655 0.0028 0.0579 0.0204 0.1546 0.0164 0.4533 0.1142 0.0459 0.2748	HII
8.3000 -1.3750 -2.5000 1.6925 0.2859 0.0404 0.0224 0.0000 5.1327 0.0021 0.0576 0.0230 0.1060 0.0163 0.3243 0.1169 0.0354 0.2912	HII
8.3000 -1.3750 -2.2500 1.2150 0.3307 0.0537 0.0223 0.0000 6.2006 0.0015 0.0574 0.0247 0.0727 0.0162 0.2336 0.1162 0.0270 0.2941	HII
8.3000 -1.3750 -2.0000 0.8863 0.3779 0.0686 0.0223 0.0000 7.2091 0.0011 0.0573 0.0255 0.0511 0.0161 0.1719 0.1111 0.0206 0.2827	HII
8.3000 -1.3750 -1.7500 0.6667 0.4289 0.0857 0.0222 0.0000 8.2034 0.0000 0.0572 0.0251 0.0373 0.0161 0.1310 0.1020 0.0163 0.2591	HII
8.3000 -1.3750 -1.5000 0.5193 0.4858 0.1060 0.0221 0.0000 9.2409 0.0000 0.0570 0.0239 0.0284 0.0160 0.1039 0.0903 0.0130 0.2282	HII
8.4000 -1.3750 -4.0000 2.4914 0.0308 0.0000 0.0227 0.0000 0.0636 0.0026 0.0587 0.0031 0.2986 0.0167 1.4627 0.0530 0.0279 0.0789	HII
8.4000 -1.3750 -3.7500 3.1303 0.0548 0.0000 0.0229 0.0000 0.2115 0.0033 0.0590 0.0055 0.3297 0.0168 1.3466 0.0648 0.0395 0.1204	HII
8.4000 -1.3750 -3.5000 3.5553 0.0901 0.0026 0.0229 0.0000 0.6131 0.0038 0.0589 0.0088 0.3357 0.0167 1.1551 0.0761 0.0495 0.1710	HII
8.4000 -1.3750 -3.2500 3.4897 0.1324 0.0066 0.0228 0.0000 1.4053 0.0038 0.0587 0.0123 0.3011 0.0167 0.9191 0.0851 0.0529 0.2210	HII
8.4000 -1.3750 -3.0000 2.9867 0.1757 0.0127 0.0227 0.0000 2.5005 0.0033 0.0584 0.0155 0.2378 0.0166 0.6907 0.0913 0.0487 0.2626	HII
8.4000 -1.3750 -2.7500 2.3246 0.2177 0.0204 0.0226 0.0000 3.6828 0.0027 0.0582 0.0183 0.1720 0.0165 0.5019 0.0956 0.0410 0.2932	HII
8.4000 -1.3750 -2.5000 1.7212 0.2590 0.0294 0.0225 0.0000 4.8145 0.0020 0.0580 0.0206 0.1193 0.0164 0.3604 0.0981 0.0326 0.3119	HII
8.4000 -1.3750 -2.2500 1.2555 0.3010 0.0397 0.0225 0.0000 5.8665 0.0015 0.0578 0.0223 0.0824 0.0163 0.2605 0.0980 0.0254 0.3168	HII
8.4000 -1.3750 -2.0000 0.9277 0.3459 0.0515 0.0224 0.0000 6.8739 0.0012 0.0577 0.0233 0.0581 0.0163 0.1923 0.0945 0.0199 0.3069	HII
8.4000 -1.3750 -1.7500 0.7048 0.3949 0.0652 0.0223 0.0000 7.8782 0.0000 0.0576 0.0233 0.0426 0.0163 0.1469 0.0877 0.0159 0.2836	HII
8.4000 -1.3750 -1.5000 0.5534 0.4507 0.0818 0.0223 0.0000 8.9419 0.0000 0.0575 0.0225 0.0325 0.0162 0.1169 0.0786 0.0130 0.2521	HII
8.5000 -1.3750 -4.0000 1.7117 0.0166 0.0000 0.0223 0.0000 0.0395 0.0016 0.0578 0.0020 0.2606 0.0165 1.3070 0.0581 0.0146 0.0710	HII
8.5000 -1.3750 -3.7500 2.3385 0.0328 0.0000 0.0226 0.0000 0.1405 0.0022 0.0586 0.0038 0.3031 0.0167 1.2681 0.0748 0.0233 0.1130	HII
8.5000 -1.3750 -3.5000 2.8922 0.0597 0.0013 0.0228 0.0000 0.4408 0.0028 0.0588 0.0066 0.3254 0.0167 1.1388 0.0920 0.0329 0.1677	HII
8.5000 -1.3750 -3.2500 3.0460 0.0952 0.0036 0.0228 0.0000 1.0811 0.0030 0.0588 0.0098 0.3050 0.0167 0.9336 0.1060 0.0384 0.2234	HII
8.5000 -1.3750 -3.0000 2.7555 0.1339 0.0074 0.0227 0.0000 2.0219 0.0028 0.0586 0.0127 0.2491 0.0166 0.7134 0.1155 0.0382 0.2697	HII
8.5000 -1.3750 -2.7500 2.2345 0.1720 0.0123 0.0227 0.0000 3.0786 0.0023 0.0585 0.0151 0.1842 0.0166 0.5224 0.1216 0.0338 0.3034	HII
8.5000 -1.3750 -2.5000 1.7055 0.2099 0.0184 0.0226 0.0000 4.1273 0.0018 0.0584 0.0172 0.1297 0.0166 0.3769 0.1256 0.0281 0.3256	HII
8.5000 -1.3750 -2.2500 1.2714 0.2489 0.0255 0.0226 0.0000 5.1320 0.0014 0.0583 0.0189 0.0903 0.0165 0.2733 0.1272 0.0226 0.3353	HII
8.5000 -1.3750 -2.0000 0.9529 0.2904 0.0339 0.0225 0.0000 6.1048 0.0011 0.0582 0.0202 0.0640 0.0165 0.2025 0.1253 0.0181 0.3308	HII
8.5000 -1.3750 -1.7500 0.7310 0.3359 0.0439 0.0225 0.0000 7.0853 0.0000 0.0581 0.0207 0.0469 0.0164 0.1552 0.1192 0.0147 0.3124	HII
8.5000 -1.3750 -1.5000 0.5774 0.3874 0.0561 0.0224 0.0000 8.1245 0.0000 0.0580 0.0206 0.0358 0.0164 0.1238 0.1095 0.0122 0.2834	HII
8.6000 -1.3750 -4.0000 1.0065 0.0059 0.0000 0.0217 0.0000 0.0179 0.0000 0.0566 0.0011 0.2070 0.0161 1.0545 0.0368 0.0052 0.0601	HII
8.6000 -1.3750 -3.7500 1.5189 0.0134 0.0000 0.0223 0.0000 0.0693 0.0013 0.0580 0.0023 0.2553 0.0165 1.0840 0.0503 0.0113 0.1001	HII
8.6000 -1.3750 -3.5000 2.1367 0.0288 0.0000 0.0226 0.0000 0.2475 0.0018 0.0586 0.0045 0.2956 0.0167 1.0385 0.0662 0.0188 0.1579	HII
8.6000 -1.3750 -3.2500 2.5579 0.0536 0.0016 0.0227 0.0000 0.6935 0.0022 0.0587 0.0074 0.2976 0.0167 0.8964 0.0809 0.0259 0.2222	HII
8.6000 -1.3750 -3.0000 2.5257 0.0838 0.0037 0.0227 0.0000 1.4293 0.0022 0.0588 0.0101 0.2534 0.0167 0.7000 0.0906 0.0285 0.2753	HII
8.6000 -1.3750 -2.7500 2.1816 0.1159 0.0065 0.0227 0.0000 2.3181 0.0019 0.0588 0.0122 0.1924 0.0167 0.5169 0.0963 0.0272 0.3127	HII
8.6000 -1.3750 -2.5000 1.7387 0.1493 0.0101 0.0227 0.0000 3.2454 0.0015 0.0588 0.0139 0.1373 0.0167 0.3733 0.1000 0.0237 0.3380	HII
8.6000 -1.3750 -2.2500 1.3311 0.1845 0.0145 0.0227 0.0000 4.1672 0.0012 0.0587 0.0155 0.0961 0.0167 0.2705 0.1027 0.0199 0.3534	HII
8.6000 -1.3750 -2.0000 1.0123 0.2223 0.0199 0.0227 0.0000 5.0825 0.0000 0.0587 0.0169 0.0681 0.0166 0.2003 0.1040 0.0164 0.3580	HII
8.6000 -1.3750 -1.7500 0.7804 0.2633 0.0264 0.0226 0.0000 6.0040 0.0000 0.0586 0.0180 0.0497 0.0166 0.1534 0.1028 0.0135 0.3496	HII
8.6000 -1.3750 -1.5000 0.6170 0.3094 0.0345 0.0226 0.0000 6.9827 0.0000 0.0586 0.0186 0.0378 0.0166 0.1223 0.0986 0.0113 0.3290	HII
8.7000 -1.3750 -4.0000 0.4493 0.0017 0.0000 0.0213 0.0000 0.0066 0.0000 0.0559 0.0000 0.1405 0.0160 0.7390 0.0323 0.0000 0.0450	HII
8.7000 -1.3750 -3.7500 0.7390 0.0042 0.0000 0.0221 0.0000 0.0269 0.0000 0.0578 0.0010 0.1818 0.0165 0.8019 0.0461 0.0015 0.0770	HII
8.7000 -1.3750 -3.5000 1.2176 0.0106 0.0000 0.0225 0.0000 0.1137 0.0000 0.0587 0.0024 0.2309 0.0167 0.8348 0.0662 0.0074 0.1314	HII
8.7000 -1.3750 -3.2500 1.7680 0.0246 0.0000 0.0227 0.0000 0.3892 0.0013 0.0589 0.0047 0.2592 0.0168 0.7871 0.0894 0.0132 0.2036	HII
8.7000 -1.3750 -3.0000 2.0305 0.0452 0.0016 0.0227 0.0000 0.9257 0.0015 0.0590 0.0073 0.2386 0.0168 0.6518 0.1070 0.0177 0.2686	HII
8.7000 -1.3750 -2.7500 1.9241 0.0686 0.0030 0.0228 0.0000 1.6228 0.0014 0.0591 0.0092 0.1882 0.0168 0.4923 0.1165 0.0191 0.3122	HII
8.7000 -1.3750 -2.5000 1.6392 0.0946 0.0050 0.0228 0.0000 2.3879 0.0012 0.0592 0.0107 0.1373 0.0168 0.3585 0.1220 0.0181 0.3404	HII
8.7000 -1.3750 -2.2500 1.3160 0.1236 0.0075 0.0228 0.0000 3.1836 0.0000 0.0592 0.0120 0.0971 0.0168 0.2603 0.1263 0.0160 0.3594	HII
8.7000 -1.3750 -2.0000 1.0294 0.1561 0.0107 0.0228 0.0000 4.0045 0.0000 0.0592 0.0133 0.0689 0.0168 0.1927 0.1302 0.0137 0.3707	HII
8.7000 -1.3750 -1.7500 0.8079 0.1925 0.0148 0.0228 0.0000 4.8581 0.0000 0.0592 0.0146 0.0502 0.0168 0.1477 0.1327 0.0117 0.3723	HII
8.7000 -1.3750 -1.5000 0.6425 0.2331 0.0199 0.0227 0.0000 5.7647 0.0000 0.0591 0.0156 0.0380 0.0167 0.1177 0.1324 0.0100 0.3621	HII
8.8000 -1.3750 -4.0000 0.1821 0.0000 0.0000 0.0211 0.0000 0.0024 0.0000 0.0555 0.0000 0.0905 0.0159 0.4914 0.0171 0.0000 0.0326	HII
8.8000 -1.3750 -3.7500 0.3213 0.0012 0.0000 0.0220 0.0000 0.0096 0.0000 0.0578 0.0000 0.1213 0.0165 0.5590 0.0252 0.0000 0.0567	HII
8.8000 -1.3750 -3.5000 0.5890 0.0034 0.0000 0.0225 0.0000 0.0452 0.0000 0.0589 0.0010 0.1640 0.0168 0.6208 0.0384 0.0000 0.1017	HII
8.8000 -1.3750 -3.2500 1.0482 0.0097 0.0000 0.0227 0.0000 0.1951 0.0000 0.0593 0.0026 0.2068 0.0169 0.6465 0.0579 0.0047 0.1750	HII
8.8000 -1.3750 -3.0000 1.4738 0.0219 0.0000 0.0228 0.0000 0.5586 0.0000 0.0593 0.0048 0.2120 0.0169 0.5849 0.0766 0.0095 0.2529	HII
8.8000 -1.3750 -2.7500 1.5925 0.0373 0.0013 0.0228 0.0000 1.0836 0.0000 0.0594 0.0067 0.1774 0.0169 0.4614 0.0874 0.0122 0.3069	HII
8.8000 -1.3750 -2.5000 1.4806 0.0547 0.0023 0.0229 0.0000 1.6767 0.0000 0.0595 0.0081 0.1332 0.0169 0.3414 0.0926 0.0132 0.3387	HII
8.8000 -1.3750 -2.2500 1.2670 0.0753 0.0037 0.0229 0.0000 2.3184 0.0000 0.0596 0.0091 0.0955 0.0169 0.2489 0.0962 0.0127 0.3592	HII
8.8000 -1.3750 -2.0000 1.0384 0.1005 0.0055 0.0229 0.0000 3.0144 0.0000 0.0597 0.0102 0.0681 0.0169 0.1844 0.1000 0.0115 0.3743	HII
8.8000 -1.3750 -1.7500 0.8362 0.1306 0.0079 0.0229 0.0000 3.7701 0.0000 0.0597 0.0114 0.0495 0.0169 0.1410 0.1039 0.0100 0.3836	HII
8.8000 -1.3750 -1.5000 0.6757 0.1657 0.0110 0.0229 0.0000 4.5973 0.0000 0.0596 0.0125 0.0373 0.0169 0.1124 0.1069 0.0087 0.3840	HII
8.9000 -1.3750 -4.0000 0.0459 0.0000 0.0000 0.0180 0.0000 0.0012 0.0000 0.0480 0.0000 0.0413 0.0139 0.1892 0.0103 0.0000 0.0214	HII
8.9000 -1.3750 -3.7500 0.0699 0.0000 0.0000 0.0197 0.0000 0.0046 0.0000 0.0524 0.0000 0.0505 0.0151 0.1956 0.0148 0.0000 0.0369	HII
8.9000 -1.3750 -3.5000 0.1496 0.0000 0.0000 0.0220 0.0000 0.0094 0.0000 0.0582 0.0000 0.0799 0.0166 0.3288 0.0236 0.0000 0.0553	HII
8.9000 -1.3750 -3.2500 0.3311 0.0017 0.0000 0.0225 0.0000 0.0530 0.0000 0.0591 0.0000 0.1158 0.0169 0.3891 0.0408 0.0000 0.1084	HII
8.9000 -1.3750 -3.0000 0.6427 0.0053 0.0000 0.0227 0.0000 0.2123 0.0000 0.0594 0.0018 0.1444 0.0169 0.4148 0.0652 0.0000 0.1870	HII
8.9000 -1.3750 -2.7500 0.9174 0.0116 0.0000 0.0228 0.0000 0.5101 0.0000 0.0596 0.0033 0.1414 0.0170 0.3703 0.0854 0.0028 0.2565	HII
8.9000 -1.3750 -2.5000 1.0384 0.0191 0.0000 0.0228 0.0000 0.8753 0.0000 0.0597 0.0046 0.1166 0.0170 0.2917 0.0966 0.0055 0.2997	HII
8.9000 -1.3750 -2.2500 1.0300 0.0282 0.0012 0.0229 0.0000 1.2813 0.0000 0.0599 0.0056 0.0881 0.0170 0.2184 0.1027 0.0077 0.3251	HII
8.9000 -1.3750 -2.0000 0.9448 0.0403 0.0019 0.0229 0.0000 1.7441 0.0000 0.0600 0.0065 0.0644 0.0170 0.1630 0.1077 0.0081 0.3430	HII
8.9000 -1.3750 -1.7500 0.8226 0.0575 0.0029 0.0229 0.0000 2.2856 0.0000 0.0600 0.0073 0.0471 0.0170 0.1244 0.1134 0.0078 0.3578	HII
8.9000 -1.3750 -1.5000 0.6940 0.0814 0.0043 0.0229 0.0000 2.9218 0.0000 0.0600 0.0083 0.0353 0.0170 0.0986 0.1199 0.0062 0.3686	HII
9.0000 -1.3750 -4.0000 0.0046 0.0000 0.0000 0.0097 0.0000 0.0000 0.0000 0.0259 0.0000 0.0100 0.0074 0.0498 0.0018 0.0000 0.0056	HII
9.0000 -1.3750 -3.7500 0.0087 0.0000 0.0000 0.0108 0.0000 0.0000 0.0000 0.0286 0.0000 0.0138 0.0082 0.0589 0.0030 0.0000 0.0108	HII
9.0000 -1.3750 -3.5000 0.0226 0.0000 0.0000 0.0115 0.0000 0.0027 0.0000 0.0305 0.0000 0.0224 0.0087 0.0792 0.0059 0.0000 0.0233	HII
9.0000 -1.3750 -3.2500 0.0878 0.0000 0.0000 0.0199 0.0000 0.0216 0.0000 0.0528 0.0000 0.0508 0.0152 0.1499 0.0167 0.0000 0.0718	HII
9.0000 -1.3750 -3.0000 0.1275 0.0000 0.0000 0.0220 0.0000 0.0364 0.0000 0.0583 0.0000 0.0641 0.0166 0.1989 0.0213 0.0000 0.0905	HII
9.0000 -1.3750 -2.7500 0.2807 0.0015 0.0000 0.0224 0.0000 0.1270 0.0000 0.0590 0.0000 0.0838 0.0168 0.2254 0.0366 0.0000 0.1595	HII
9.0000 -1.3750 -2.5000 0.4927 0.0032 0.0000 0.0226 0.0000 0.2771 0.0000 0.0594 0.0018 0.0896 0.0169 0.2164 0.0517 0.0000 0.2260	HII
9.0000 -1.3750 -2.2500 0.7319 0.0052 0.0000 0.0227 0.0000 0.4579 0.0000 0.0597 0.0029 0.0821 0.0170 0.1848 0.0637 0.0014 0.2775	HII
9.0000 -1.3750 -2.0000 0.9634 0.0074 0.0000 0.0228 0.0000 0.6469 0.0000 0.0599 0.0042 0.0677 0.0170 0.1480 0.0727 0.0050 0.3146	HII
9.0000 -1.3750 -1.7500 1.1372 0.0101 0.0000 0.0228 0.0000 0.8577 0.0000 0.0600 0.0054 0.0522 0.0170 0.1158 0.0789 0.0083 0.3385	HII
9.0000 -1.3750 -1.5000 1.1446 0.0146 0.0010 0.0228 0.0000 1.1482 0.0000 0.0601 0.0060 0.0388 0.0170 0.0900 0.0818 0.0095 0.3473	HII
9.1000 -1.3750 -4.0000 0.0000 0.0000 0.0000 0.0078 0.0000 0.0000 0.0000 0.0210 0.0000 0.0017 0.0060 0.0092 0.0000 0.0000 0.0012	HII
9.1000 -1.3750 -3.7500 0.0000 0.0000 0.0000 0.0091 0.0000 0.0000 0.0000 0.0242 0.0000 0.0025 0.0069 0.0123 0.0000 0.0000 0.0025	HII
9.1000 -1.3750 -3.5000 0.0000 0.0000 0.0000 0.0100 0.0000 0.0000 0.0000 0.0268 0.0000 0.0044 0.0076 0.0179 0.0014 0.0000 0.0058	HII
9.1000 -1.3750 -3.2500 0.0059 0.0000 0.0000 0.0107 0.0000 0.0014 0.0000 0.0284 0.0000 0.0102 0.0081 0.0338 0.0040 0.0000 0.0164	HII
9.1000 -1.3750 -3.0000 0.0463 0.0000 0.0000 0.0152 0.0000 0.0178 0.0000 0.0401 0.0000 0.0306 0.0114 0.0849 0.0157 0.0000 0.0625	HII
9.1000 -1.3750 -2.7500 0.0878 0.0000 0.0000 0.0203 0.0000 0.0628 0.0000 0.0538 0.0000 0.0343 0.0155 0.0897 0.0269 0.0000 0.1116	HII
9.1000 -1.3750 -2.5000 0.1053 0.0000 0.0000 0.0223 0.0000 0.0524 0.0000 0.0591 0.0000 0.0443 0.0168 0.1060 0.0295 0.0000 0.1246	HII
9.1000 -1.3750 -2.2500 0.2916 0.0000 0.0000 0.0224 0.0000 0.1060 0.0000 0.0593 0.0000 0.0601 0.0169 0.1290 0.0497 0.0000 0.1976	HII
9.1000 -1.3750 -2.0000 0.6261 0.0000 0.0000 0.0226 0.0000 0.1636 0.0000 0.0597 0.0022 0.0642 0.0169 0.1265 0.0718 0.0000 0.2710	HII
9.1000 -1.3750 -1.7500 0.0124 0.0010 0.0000 0.0141 0.0000 0.1380 0.0000 0.0373 0.0000 0.0020 0.0107 0.0059 0.0160 0.0000 0.0758	HII
9.1000 -1.3750 -1.5000 0.0059 0.0011 0.0000 0.0137 0.0000 0.1252 0.0000 0.0360 0.0000 0.0010 0.0102 0.0027 0.0134 0.0000 0.0646	HII
6.9000 -1.2500 -4.0000 0.3446 0.0107 0.0000 0.0234 0.0000 0.0103 0.0000 0.0599 0.0000 0.0301 0.0169 0.0997 0.0053 0.0077 0.0061	HII
6.9000 -1.2500 -3.7500 0.3950 0.0167 0.0000 0.0229 0.0000 0.0331 0.0000 0.0586 0.0000 0.0308 0.0165 0.0842 0.0060 0.0095 0.0088	HII
6.9000 -1.2500 -3.5000 0.4157 0.0249 0.0014 0.0224 0.0000 0.0933 0.0000 0.0573 0.0014 0.0289 0.0161 0.0682 0.0068 0.0108 0.0120	HII
6.9000 -1.2500 -3.2500 0.3795 0.0351 0.0036 0.0219 0.0000 0.2114 0.0000 0.0561 0.0020 0.0237 0.0158 0.0527 0.0077 0.0105 0.0155	HII
6.9000 -1.2500 -3.0000 0.2987 0.0468 0.0072 0.0215 0.0000 0.3745 0.0000 0.0551 0.0027 0.0173 0.0154 0.0392 0.0085 0.0087 0.0188	HII
6.9000 -1.2500 -2.7500 0.2134 0.0599 0.0120 0.0211 0.0000 0.5503 0.0000 0.0542 0.0034 0.0118 0.0151 0.0284 0.0092 0.0056 0.0214	HII
6.9000 -1.2500 -2.5000 0.1469 0.0742 0.0179 0.0208 0.0000 0.7219 0.0000 0.0534 0.0040 0.0079 0.0149 0.0205 0.0095 0.0040 0.0230	HII
6.9000 -1.2500 -2.2500 0.1018 0.0896 0.0248 0.0205 0.0000 0.8864 0.0000 0.0529 0.0044 0.0054 0.0147 0.0147 0.0094 0.0014 0.0232	HII
6.9000 -1.2500 -2.0000 0.0730 0.1060 0.0328 0.0203 0.0000 1.0454 0.0000 0.0524 0.0046 0.0039 0.0145 0.0110 0.0088 0.0010 0.0222	HII
6.9000 -1.2500 -1.7500 0.0544 0.1227 0.0417 0.0201 0.0000 1.1979 0.0000 0.0521 0.0044 0.0029 0.0144 0.0084 0.0077 0.0000 0.0201	HII
6.9000 -1.2500 -1.5000 0.0423 0.1395 0.0512 0.0199 0.0010 1.3435 0.0000 0.0517 0.0041 0.0023 0.0142 0.0068 0.0066 0.0000 0.0174	HII
7.0000 -1.2500 -4.0000 0.4308 0.0084 0.0000 0.0234 0.0000 0.0128 0.0000 0.0599 0.0000 0.0377 0.0169 0.1250 0.0066 0.0095 0.0076	HII
7.0000 -1.2500 -3.7500 0.4939 0.0131 0.0000 0.0229 0.0000 0.0412 0.0000 0.0586 0.0012 0.0386 0.0165 0.1057 0.0075 0.0117 0.0110	HII
7.0000 -1.2500 -3.5000 0.5197 0.0196 0.0017 0.0224 0.0000 0.1161 0.0000 0.0573 0.0018 0.0362 0.0161 0.0855 0.0085 0.0134 0.0151	HII
7.0000 -1.2500 -3.2500 0.4748 0.0276 0.0044 0.0219 0.0000 0.2632 0.0000 0.0562 0.0025 0.0298 0.0158 0.0661 0.0096 0.0130 0.0194	HII
7.0000 -1.2500 -3.0000 0.3739 0.0368 0.0089 0.0215 0.0000 0.4664 0.0000 0.0551 0.0034 0.0217 0.0155 0.0492 0.0106 0.0109 0.0235	HII
7.0000 -1.2500 -2.7500 0.2672 0.0470 0.0148 0.0212 0.0000 0.6848 0.0000 0.0543 0.0042 0.0148 0.0152 0.0357 0.0115 0.0081 0.0268	HII
7.0000 -1.2500 -2.5000 0.1840 0.0581 0.0220 0.0209 0.0000 0.8973 0.0000 0.0536 0.0050 0.0100 0.0149 0.0256 0.0119 0.0051 0.0288	HII
7.0000 -1.2500 -2.2500 0.1275 0.0700 0.0303 0.0206 0.0000 1.0998 0.0000 0.0530 0.0055 0.0068 0.0147 0.0186 0.0118 0.0017 0.0291	HII
7.0000 -1.2500 -2.0000 0.0913 0.0825 0.0398 0.0204 0.0000 1.2937 0.0000 0.0526 0.0056 0.0049 0.0146 0.0138 0.0109 0.0013 0.0277	HII
7.0000 -1.2500 -1.7500 0.0679 0.0952 0.0503 0.0202 0.0000 1.4783 0.0000 0.0523 0.0054 0.0037 0.0144 0.0107 0.0097 0.0000 0.0250	HII
7.0000 -1.2500 -1.5000 0.0527 0.1078 0.0615 0.0200 0.0000 1.6536 0.0000 0.0520 0.0050 0.0028 0.0143 0.0084 0.0082 0.0000 0.0217	HII
7.1000 -1.2500 -4.0000 0.5382 0.0104 0.0000 0.0234 0.0000 0.0160 0.0000 0.0600 0.0000 0.0472 0.0169 0.1569 0.0083 0.0117 0.0095	HII
7.1000 -1.2500 -3.7500 0.6169 0.0163 0.0000 0.0229 0.0000 0.0513 0.0011 0.0587 0.0014 0.0484 0.0166 0.1327 0.0094 0.0146 0.0138	HII
7.1000 -1.2500 -3.5000 0.6494 0.0244 0.0021 0.0224 0.0000 0.1445 0.0011 0.0574 0.0022 0.0455 0.0162 0.1074 0.0107 0.0167 0.0189	HII
7.1000 -1.2500 -3.2500 0.5935 0.0344 0.0054 0.0220 0.0000 0.3275 0.0010 0.0562 0.0031 0.0374 0.0158 0.0830 0.0120 0.0164 0.0243	HII
7.1000 -1.2500 -3.0000 0.4678 0.0458 0.0109 0.0216 0.0000 0.5805 0.0000 0.0552 0.0042 0.0273 0.0155 0.0618 0.0133 0.0137 0.0294	HII
7.1000 -1.2500 -2.7500 0.3346 0.0584 0.0182 0.0212 0.0000 0.8528 0.0000 0.0544 0.0053 0.0186 0.0152 0.0448 0.0144 0.0102 0.0336	HII
7.1000 -1.2500 -2.5000 0.2306 0.0722 0.0270 0.0209 0.0000 1.1175 0.0000 0.0537 0.0062 0.0125 0.0150 0.0322 0.0149 0.0073 0.0360	HII
7.1000 -1.2500 -2.2500 0.1599 0.0870 0.0373 0.0207 0.0000 1.3700 0.0000 0.0531 0.0068 0.0086 0.0148 0.0233 0.0147 0.0045 0.0364	HII
7.1000 -1.2500 -2.0000 0.1144 0.1026 0.0491 0.0204 0.0000 1.6123 0.0000 0.0527 0.0070 0.0061 0.0146 0.0173 0.0137 0.0016 0.0347	HII
7.1000 -1.2500 -1.7500 0.0852 0.1185 0.0621 0.0202 0.0000 1.8447 0.0000 0.0524 0.0068 0.0046 0.0145 0.0133 0.0121 0.0012 0.0314	HII
7.1000 -1.2500 -1.5000 0.0660 0.1346 0.0763 0.0200 0.0000 2.0676 0.0000 0.0521 0.0062 0.0036 0.0143 0.0107 0.0104 0.0000 0.0272	HII
7.2000 -1.2500 -4.0000 0.6695 0.0129 0.0000 0.0234 0.0000 0.0197 0.0012 0.0599 0.0011 0.0591 0.0169 0.1963 0.0082 0.0145 0.0119	HII
7.2000 -1.2500 -3.7500 0.7675 0.0201 0.0000 0.0229 0.0000 0.0634 0.0014 0.0587 0.0018 0.0605 0.0166 0.1661 0.0094 0.0181 0.0172	HII
7.2000 -1.2500 -3.5000 0.8080 0.0301 0.0025 0.0225 0.0000 0.1786 0.0014 0.0575 0.0027 0.0570 0.0162 0.1344 0.0106 0.0206 0.0236	HII
7.2000 -1.2500 -3.2500 0.7392 0.0424 0.0066 0.0220 0.0000 0.4049 0.0013 0.0563 0.0039 0.0469 0.0158 0.1039 0.0119 0.0201 0.0304	HII
7.2000 -1.2500 -3.0000 0.5832 0.0565 0.0133 0.0216 0.0000 0.7175 0.0000 0.0553 0.0052 0.0342 0.0155 0.0772 0.0132 0.0168 0.0368	HII
7.2000 -1.2500 -2.7500 0.4174 0.0720 0.0221 0.0213 0.0000 1.0532 0.0000 0.0545 0.0065 0.0234 0.0152 0.0560 0.0142 0.0127 0.0419	HII
7.2000 -1.2500 -2.5000 0.2877 0.0888 0.0326 0.0210 0.0000 1.3779 0.0000 0.0539 0.0076 0.0157 0.0150 0.0403 0.0148 0.0091 0.0450	HII
7.2000 -1.2500 -2.2500 0.1993 0.1066 0.0448 0.0208 0.0000 1.6854 0.0000 0.0534 0.0084 0.0108 0.0148 0.0291 0.0146 0.0056 0.0454	HII
7.2000 -1.2500 -2.0000 0.1424 0.1252 0.0585 0.0206 0.0000 1.9777 0.0000 0.0530 0.0086 0.0077 0.0147 0.0216 0.0136 0.0040 0.0432	HII
7.2000 -1.2500 -1.7500 0.1060 0.1441 0.0736 0.0204 0.0000 2.2566 0.0000 0.0527 0.0082 0.0057 0.0146 0.0166 0.0120 0.0015 0.0389	HII
7.2000 -1.2500 -1.5000 0.0820 0.1630 0.0898 0.0202 0.0000 2.5217 0.0000 0.0524 0.0075 0.0045 0.0145 0.0133 0.0102 0.0011 0.0337	HII
7.3000 -1.2500 -4.0000 0.8297 0.0156 0.0000 0.0234 0.0000 0.0242 0.0015 0.0599 0.0014 0.0737 0.0169 0.2448 0.0128 0.0179 0.0148	HII
7.3000 -1.2500 -3.7500 0.9508 0.0245 0.0000 0.0229 0.0000 0.0777 0.0017 0.0587 0.0022 0.0756 0.0166 0.2072 0.0146 0.0223 0.0215	HII
7.3000 -1.2500 -3.5000 1.0014 0.0367 0.0031 0.0225 0.0000 0.2189 0.0017 0.0575 0.0033 0.0713 0.0162 0.1678 0.0166 0.0253 0.0294	HII
7.3000 -1.2500 -3.2500 0.9173 0.0519 0.0079 0.0220 0.0000 0.4966 0.0016 0.0564 0.0048 0.0589 0.0159 0.1296 0.0187 0.0248 0.0379	HII
7.3000 -1.2500 -3.0000 0.7246 0.0691 0.0159 0.0217 0.0000 0.8803 0.0012 0.0555 0.0063 0.0431 0.0156 0.0964 0.0206 0.0208 0.0458	HII
7.3000 -1.2500 -2.7500 0.5192 0.0879 0.0264 0.0214 0.0000 1.2914 0.0000 0.0547 0.0079 0.0294 0.0153 0.0699 0.0223 0.0156 0.0521	HII
7.3000 -1.2500 -2.5000 0.3579 0.1081 0.0388 0.0211 0.0000 1.6862 0.0000 0.0541 0.0093 0.0198 0.0151 0.0501 0.0231 0.0113 0.0559	HII
7.3000 -1.2500 -2.2500 0.2479 0.1294 0.0529 0.0209 0.0000 2.0569 0.0000 0.0537 0.0102 0.0136 0.0149 0.0363 0.0228 0.0081 0.0565	HII
7.3000 -1.2500 -2.0000 0.1770 0.1513 0.0686 0.0207 0.0000 2.4055 0.0000 0.0534 0.0104 0.0096 0.0148 0.0268 0.0213 0.0051 0.0537	HII
7.3000 -1.2500 -1.7500 0.1314 0.1734 0.0856 0.0205 0.0000 2.7351 0.0000 0.0531 0.0099 0.0072 0.0147 0.0206 0.0188 0.0028 0.0483	HII
7.3000 -1.2500 -1.5000 0.1014 0.1953 0.1038 0.0204 0.0000 3.0465 0.0000 0.0528 0.0090 0.0056 0.0146 0.0165 0.0160 0.0014 0.0417	HII
7.4000 -1.2500 -4.0000 1.0235 0.0188 0.0000 0.0234 0.0000 0.0296 0.0018 0.0598 0.0017 0.0916 0.0169 0.3049 0.0126 0.0218 0.0184	HII
7.4000 -1.2500 -3.7500 1.1725 0.0296 0.0011 0.0229 0.0000 0.0947 0.0021 0.0587 0.0027 0.0941 0.0166 0.2581 0.0144 0.0272 0.0267	HII
7.4000 -1.2500 -3.5000 1.2355 0.0446 0.0036 0.0225 0.0000 0.2669 0.0022 0.0576 0.0041 0.0889 0.0162 0.2091 0.0164 0.0309 0.0366	HII
7.4000 -1.2500 -3.2500 1.1329 0.0631 0.0094 0.0221 0.0000 0.6055 0.0019 0.0566 0.0058 0.0737 0.0159 0.1615 0.0184 0.0301 0.0470	HII
7.4000 -1.2500 -3.0000 0.8963 0.0840 0.0189 0.0217 0.0000 1.0732 0.0015 0.0557 0.0077 0.0540 0.0156 0.1201 0.0203 0.0253 0.0568	HII
7.4000 -1.2500 -2.7500 0.6430 0.1066 0.0311 0.0215 0.0000 1.5728 0.0011 0.0550 0.0096 0.0370 0.0154 0.0870 0.0219 0.0191 0.0646	HII
7.4000 -1.2500 -2.5000 0.4433 0.1307 0.0454 0.0212 0.0000 2.0486 0.0000 0.0544 0.0112 0.0248 0.0152 0.0624 0.0227 0.0137 0.0693	HII
7.4000 -1.2500 -2.2500 0.3069 0.1557 0.0615 0.0210 0.0000 2.4907 0.0000 0.0540 0.0122 0.0170 0.0150 0.0450 0.0224 0.0098 0.0699	HII
7.4000 -1.2500 -2.0000 0.2188 0.1811 0.0791 0.0209 0.0000 2.9018 0.0000 0.0537 0.0125 0.0121 0.0149 0.0333 0.0209 0.0062 0.0664	HII
7.4000 -1.2500 -1.7500 0.1621 0.2065 0.0981 0.0207 0.0000 3.2873 0.0000 0.0535 0.0119 0.0089 0.0148 0.0255 0.0185 0.0046 0.0596	HII
7.4000 -1.2500 -1.5000 0.1248 0.2317 0.1182 0.0205 0.0000 3.6508 0.0000 0.0532 0.0107 0.0069 0.0147 0.0203 0.0158 0.0017 0.0513	HII
7.5000 -1.2500 -4.0000 1.2535 0.0225 0.0000 0.0233 0.0000 0.0358 0.0022 0.0598 0.0020 0.1135 0.0169 0.3783 0.0196 0.0264 0.0228	HII
7.5000 -1.2500 -3.7500 1.4360 0.0356 0.0013 0.0230 0.0000 0.1146 0.0025 0.0587 0.0033 0.1168 0.0166 0.3207 0.0224 0.0328 0.0330	HII
7.5000 -1.2500 -3.5000 1.5139 0.0537 0.0043 0.0225 0.0000 0.3228 0.0026 0.0577 0.0050 0.1106 0.0163 0.2598 0.0255 0.0373 0.0453	HII
7.5000 -1.2500 -3.2500 1.3890 0.0759 0.0110 0.0222 0.0000 0.7316 0.0024 0.0567 0.0070 0.0919 0.0160 0.2007 0.0286 0.0365 0.0581	HII
7.5000 -1.2500 -3.0000 1.1012 0.1011 0.0220 0.0218 0.0000 1.2961 0.0019 0.0559 0.0093 0.0676 0.0157 0.1490 0.0315 0.0306 0.0701	HII
7.5000 -1.2500 -2.7500 0.7910 0.1279 0.0360 0.0216 0.0000 1.8968 0.0013 0.0552 0.0115 0.0463 0.0155 0.1079 0.0339 0.0231 0.0797	HII
7.5000 -1.2500 -2.5000 0.5457 0.1561 0.0522 0.0213 0.0000 2.4634 0.0000 0.0547 0.0134 0.0311 0.0153 0.0774 0.0352 0.0164 0.0854	HII
7.5000 -1.2500 -2.2500 0.3775 0.1850 0.0701 0.0212 0.0000 2.9833 0.0000 0.0544 0.0145 0.0212 0.0152 0.0558 0.0347 0.0117 0.0860	HII
7.5000 -1.2500 -2.0000 0.2686 0.2141 0.0894 0.0210 0.0000 3.4627 0.0000 0.0541 0.0147 0.0150 0.0150 0.0412 0.0324 0.0086 0.0815	HII
7.5000 -1.2500 -1.7500 0.1987 0.2430 0.1100 0.0209 0.0000 3.9083 0.0000 0.0539 0.0140 0.0111 0.0150 0.0315 0.0287 0.0055 0.0732	HII
7.5000 -1.2500 -1.5000 0.1526 0.2716 0.1319 0.0207 0.0000 4.3280 0.0000 0.0537 0.0127 0.0086 0.0149 0.0250 0.0244 0.0044 0.0628	HII
7.6000 -1.2500 -4.0000 1.5265 0.0268 0.0000 0.0233 0.0000 0.0431 0.0027 0.0597 0.0025 0.1402 0.0169 0.4685 0.0191 0.0315 0.0281	HII
7.6000 -1.2500 -3.7500 1.7475 0.0424 0.0015 0.0230 0.0000 0.1376 0.0031 0.0588 0.0040 0.1443 0.0166 0.3973 0.0219 0.0392 0.0407	HII
7.6000 -1.2500 -3.5000 1.8410 0.0640 0.0049 0.0226 0.0000 0.3870 0.0032 0.0578 0.0060 0.1370 0.0163 0.3219 0.0249 0.0445 0.0557	HII
7.6000 -1.2500 -3.2500 1.6909 0.0906 0.0127 0.0222 0.0000 0.8761 0.0029 0.0569 0.0084 0.1142 0.0160 0.2486 0.0279 0.0436 0.0715	HII
7.6000 -1.2500 -3.0000 1.3428 0.1203 0.0251 0.0219 0.0000 1.5496 0.0023 0.0561 0.0110 0.0842 0.0158 0.1845 0.0307 0.0365 0.0861	HII
7.6000 -1.2500 -2.7500 0.9656 0.1517 0.0408 0.0217 0.0000 2.2617 0.0016 0.0555 0.0136 0.0578 0.0156 0.1334 0.0330 0.0276 0.0975	HII
7.6000 -1.2500 -2.5000 0.6664 0.1840 0.0586 0.0215 0.0000 2.9281 0.0011 0.0551 0.0157 0.0388 0.0154 0.0956 0.0341 0.0198 0.1043	HII
7.6000 -1.2500 -2.2500 0.4609 0.2169 0.0780 0.0213 0.0000 3.5310 0.0000 0.0547 0.0170 0.0264 0.0153 0.0688 0.0336 0.0142 0.1050	HII
7.6000 -1.2500 -2.0000 0.3276 0.2496 0.0987 0.0212 0.0000 4.0817 0.0000 0.0545 0.0172 0.0186 0.0152 0.0508 0.0314 0.0103 0.0995	HII
7.6000 -1.2500 -1.7500 0.2418 0.2821 0.1208 0.0211 0.0000 4.5933 0.0000 0.0543 0.0163 0.0137 0.0151 0.0387 0.0278 0.0078 0.0892	HII
7.6000 -1.2500 -1.5000 0.1856 0.3143 0.1441 0.0209 0.0000 5.0743 0.0000 0.0541 0.0147 0.0106 0.0150 0.0307 0.0237 0.0052 0.0765	HII
7.7000 -1.2500 -4.0000 1.8354 0.0314 0.0000 0.0233 0.0000 0.0514 0.0032 0.0597 0.0029 0.1719 0.0169 0.5762 0.0294 0.0372 0.0344	HII
7.7000 -1.2500 -3.7500 2.0981 0.0498 0.0017 0.0230 0.0000 0.1630 0.0036 0.0589 0.0047 0.1771 0.0166 0.4894 0.0338 0.0460 0.0498	HII
7.7000 -1.2500 -3.5000 2.2098 0.0753 0.0056 0.0227 0.0000 0.4573 0.0038 0.0580 0.0071 0.1685 0.0164 0.3968 0.0383 0.0522 0.0681	HII
7.7000 -1.2500 -3.2500 2.0312 0.1065 0.0141 0.0223 0.0000 1.0333 0.0034 0.0571 0.0099 0.1410 0.0161 0.3063 0.0429 0.0510 0.0873	HII
7.7000 -1.2500 -3.0000 1.6158 0.1409 0.0278 0.0220 0.0000 1.8235 0.0027 0.0564 0.0129 0.1043 0.0159 0.2272 0.0470 0.0429 0.1047	HII
7.7000 -1.2500 -2.7500 1.1645 0.1767 0.0448 0.0218 0.0000 2.6531 0.0020 0.0559 0.0158 0.0716 0.0157 0.1641 0.0503 0.0323 0.1183	HII
7.7000 -1.2500 -2.5000 0.8050 0.2131 0.0639 0.0216 0.0000 3.4227 0.0014 0.0554 0.0181 0.0481 0.0155 0.1173 0.0520 0.0232 0.1262	HII
7.7000 -1.2500 -2.2500 0.5567 0.2496 0.0843 0.0215 0.0000 4.1122 0.0000 0.0551 0.0195 0.0327 0.0154 0.0844 0.0512 0.0167 0.1269	HII
7.7000 -1.2500 -2.0000 0.3955 0.2859 0.1059 0.0214 0.0000 4.7360 0.0000 0.0549 0.0197 0.0230 0.0153 0.0621 0.0477 0.0121 0.1202	HII
7.7000 -1.2500 -1.7500 0.2917 0.3220 0.1289 0.0212 0.0000 5.3163 0.0000 0.0547 0.0187 0.0169 0.0152 0.0473 0.0424 0.0091 0.1077	HII
7.7000 -1.2500 -1.5000 0.2236 0.3581 0.1536 0.0211 0.0000 5.8681 0.0000 0.0545 0.0169 0.0130 0.0152 0.0375 0.0362 0.0061 0.0924	HII
7.8000 -1.2500 -4.0000 2.1807 0.0363 0.0000 0.0233 0.0000 0.0608 0.0037 0.0597 0.0034 0.2092 0.0169 0.7041 0.0283 0.0429 0.0418	HII
7.8000 -1.2500 -3.7500 2.4889 0.0577 0.0019 0.0230 0.0000 0.1907 0.0043 0.0590 0.0055 0.2158 0.0167 0.5995 0.0325 0.0530 0.0604	HII
7.8000 -1.2500 -3.5000 2.6195 0.0873 0.0061 0.0227 0.0000 0.5327 0.0045 0.0582 0.0082 0.2058 0.0164 0.4862 0.0369 0.0599 0.0826	HII
7.8000 -1.2500 -3.2500 2.4082 0.1232 0.0154 0.0224 0.0000 1.2000 0.0041 0.0574 0.0114 0.1728 0.0162 0.3753 0.0412 0.0586 0.1055	HII
7.8000 -1.2500 -3.0000 1.9185 0.1621 0.0299 0.0221 0.0000 2.1097 0.0032 0.0567 0.0148 0.1282 0.0160 0.2781 0.0450 0.0493 0.1262	HII
7.8000 -1.2500 -2.7500 1.3870 0.2021 0.0477 0.0219 0.0000 3.0593 0.0023 0.0562 0.0179 0.0883 0.0158 0.2007 0.0480 0.0373 0.1421	HII
7.8000 -1.2500 -2.5000 0.9605 0.2421 0.0674 0.0218 0.0000 3.9310 0.0016 0.0558 0.0205 0.0593 0.0156 0.1433 0.0494 0.0269 0.1511	HII
7.8000 -1.2500 -2.2500 0.6652 0.2819 0.0882 0.0216 0.0000 4.7083 0.0012 0.0555 0.0219 0.0402 0.0155 0.1030 0.0486 0.0193 0.1517	HII
7.8000 -1.2500 -2.0000 0.4726 0.3215 0.1103 0.0215 0.0000 5.4085 0.0000 0.0553 0.0221 0.0282 0.0155 0.0756 0.0453 0.0141 0.1437	HII
7.8000 -1.2500 -1.7500 0.3485 0.3612 0.1339 0.0214 0.0000 6.0606 0.0000 0.0551 0.0210 0.0207 0.0154 0.0575 0.0403 0.0106 0.1290	HII
7.8000 -1.2500 -1.5000 0.2672 0.4015 0.1596 0.0213 0.0000 6.6878 0.0000 0.0550 0.0190 0.0158 0.0153 0.0455 0.0346 0.0082 0.1107	HII
7.9000 -1.2500 -4.0000 2.5242 0.0410 0.0000 0.0233 0.0000 0.0696 0.0043 0.0598 0.0039 0.2510 0.0169 0.8503 0.0427 0.0478 0.0501	HII
7.9000 -1.2500 -3.7500 2.8825 0.0653 0.0020 0.0231 0.0000 0.2176 0.0049 0.0592 0.0063 0.2593 0.0167 0.7260 0.0491 0.0590 0.0724	HII
7.9000 -1.2500 -3.5000 3.0317 0.0987 0.0064 0.0228 0.0000 0.6051 0.0051 0.0584 0.0093 0.2479 0.0165 0.5896 0.0556 0.0666 0.0988	HII
7.9000 -1.2500 -3.2500 2.7923 0.1389 0.0159 0.0225 0.0000 1.3586 0.0047 0.0576 0.0129 0.2093 0.0163 0.4552 0.0618 0.0652 0.1259	HII
7.9000 -1.2500 -3.0000 2.2327 0.1819 0.0306 0.0223 0.0000 2.3825 0.0037 0.0570 0.0165 0.1560 0.0161 0.3370 0.0672 0.0551 0.1499	HII
7.9000 -1.2500 -2.7500 1.6203 0.2251 0.0485 0.0221 0.0000 3.4421 0.0027 0.0565 0.0198 0.1077 0.0159 0.2429 0.0714 0.0418 0.1681	HII
7.9000 -1.2500 -2.5000 1.1265 0.2679 0.0680 0.0219 0.0000 4.4087 0.0019 0.0561 0.0224 0.0724 0.0158 0.1734 0.0733 0.0304 0.1783	HII
7.9000 -1.2500 -2.2500 0.7819 0.3105 0.0886 0.0218 0.0000 5.2681 0.0014 0.0559 0.0240 0.0491 0.0157 0.1244 0.0721 0.0218 0.1787	HII
7.9000 -1.2500 -2.0000 0.5564 0.3531 0.1106 0.0217 0.0000 6.0468 0.0000 0.0557 0.0242 0.0344 0.0156 0.0912 0.0674 0.0159 0.1693	HII
7.9000 -1.2500 -1.7500 0.4107 0.3964 0.1344 0.0216 0.0000 6.7791 0.0000 0.0556 0.0230 0.0251 0.0155 0.0693 0.0601 0.0121 0.1523	HII
7.9000 -1.2500 -1.5000 0.3151 0.4409 0.1604 0.0215 0.0000 7.4885 0.0000 0.0554 0.0210 0.0192 0.0155 0.0548 0.0517 0.0095 0.1311	HII
8.0000 -1.2500 -4.0000 2.8600 0.0452 0.0000 0.0233 0.0000 0.0781 0.0048 0.0599 0.0044 0.2973 0.0170 1.0152 0.0401 0.0515 0.0592	HII
8.0000 -1.2500 -3.7500 3.2708 0.0722 0.0021 0.0231 0.0000 0.2432 0.0054 0.0593 0.0069 0.3079 0.0168 0.8699 0.0462 0.0637 0.0856	HII
8.0000 -1.2500 -3.5000 3.4416 0.1092 0.0064 0.0229 0.0000 0.6733 0.0057 0.0586 0.0103 0.2954 0.0166 0.7080 0.0523 0.0719 0.1168	HII
8.0000 -1.2500 -3.2500 3.1701 0.1529 0.0158 0.0226 0.0000 1.5018 0.0052 0.0579 0.0141 0.2503 0.0163 0.5466 0.0578 0.0704 0.1482	HII
8.0000 -1.2500 -3.0000 2.5448 0.1989 0.0300 0.0224 0.0000 2.6223 0.0042 0.0573 0.0179 0.1876 0.0162 0.4045 0.0625 0.0597 0.1757	HII
8.0000 -1.2500 -2.7500 1.8578 0.2445 0.0472 0.0222 0.0000 3.7817 0.0031 0.0568 0.0213 0.1300 0.0160 0.2914 0.0660 0.0458 0.1963	HII
8.0000 -1.2500 -2.5000 1.2987 0.2893 0.0659 0.0220 0.0000 4.8369 0.0022 0.0565 0.0240 0.0875 0.0159 0.2077 0.0677 0.0336 0.2076	HII
8.0000 -1.2500 -2.2500 0.9053 0.3340 0.0857 0.0219 0.0000 5.7731 0.0016 0.0562 0.0256 0.0594 0.0158 0.1490 0.0666 0.0242 0.2079	HII
8.0000 -1.2500 -2.0000 0.6462 0.3795 0.1071 0.0218 0.0000 6.6297 0.0011 0.0561 0.0258 0.0416 0.0157 0.1093 0.0625 0.0179 0.1972	HII
8.0000 -1.2500 -1.7500 0.4780 0.4261 0.1304 0.0218 0.0000 7.4428 0.0000 0.0559 0.0247 0.0303 0.0157 0.0830 0.0559 0.0136 0.1777	HII
8.0000 -1.2500 -1.5000 0.3674 0.4749 0.1565 0.0217 0.0000 8.2442 0.0000 0.0558 0.0226 0.0231 0.0156 0.0656 0.0483 0.0107 0.1535	HII
8.1000 -1.2500 -4.0000 3.0841 0.0475 0.0000 0.0234 0.0000 0.0835 0.0050 0.0600 0.0046 0.3423 0.0170 1.1823 0.0582 0.0517 0.0680	HII
8.1000 -1.2500 -3.7500 3.5494 0.0763 0.0019 0.0232 0.0000 0.2604 0.0058 0.0595 0.0073 0.3564 0.0168 1.0201 0.0672 0.0646 0.0987	HII
8.1000 -1.2500 -3.5000 3.7511 0.1157 0.0060 0.0230 0.0000 0.7193 0.0061 0.0588 0.0109 0.3437 0.0166 0.8340 0.0760 0.0733 0.1347	HII
8.1000 -1.2500 -3.2500 3.4724 0.1618 0.0146 0.0227 0.0000 1.5996 0.0056 0.0582 0.0148 0.2934 0.0164 0.6452 0.0839 0.0723 0.1707	HII
8.1000 -1.2500 -3.0000 2.8092 0.2096 0.0276 0.0225 0.0000 2.7867 0.0046 0.0576 0.0186 0.2216 0.0163 0.4779 0.0903 0.0618 0.2018	HII
8.1000 -1.2500 -2.7500 2.0708 0.2564 0.0432 0.0223 0.0000 4.0189 0.0034 0.0572 0.0220 0.1545 0.0161 0.3444 0.0949 0.0481 0.2248	HII
8.1000 -1.2500 -2.5000 1.4607 0.3024 0.0604 0.0222 0.0000 5.1462 0.0025 0.0569 0.0247 0.1044 0.0160 0.2457 0.0971 0.0357 0.2375	HII
8.1000 -1.2500 -2.2500 1.0252 0.3484 0.0788 0.0221 0.0000 6.1534 0.0018 0.0566 0.0264 0.0710 0.0159 0.1764 0.0957 0.0261 0.2379	HII
8.1000 -1.2500 -2.0000 0.7354 0.3957 0.0988 0.0220 0.0000 7.0810 0.0013 0.0565 0.0267 0.0497 0.0159 0.1294 0.0901 0.0194 0.2260	HII
8.1000 -1.2500 -1.7500 0.5461 0.4455 0.1212 0.0219 0.0000 7.9756 0.0000 0.0563 0.0257 0.0362 0.0158 0.0983 0.0812 0.0150 0.2042	HII
8.1000 -1.2500 -1.5000 0.4210 0.4987 0.1466 0.0218 0.0000 8.8733 0.0000 0.0562 0.0238 0.0276 0.0157 0.0777 0.0705 0.0117 0.1771	HII
8.2000 -1.2500 -4.0000 3.1693 0.0464 0.0000 0.0233 0.0000 0.0843 0.0050 0.0598 0.0045 0.3823 0.0170 1.3406 0.0515 0.0486 0.0758	HII
8.2000 -1.2500 -3.7500 3.6930 0.0758 0.0017 0.0232 0.0000 0.2649 0.0058 0.0595 0.0073 0.4018 0.0169 1.1696 0.0599 0.0617 0.1107	HII
8.2000 -1.2500 -3.5000 3.9369 0.1160 0.0052 0.0230 0.0000 0.7334 0.0062 0.0590 0.0110 0.3909 0.0167 0.9632 0.0680 0.0709 0.1517	HII
8.2000 -1.2500 -3.2500 3.6787 0.1629 0.0125 0.0228 0.0000 1.6312 0.0058 0.0584 0.0149 0.3370 0.0165 0.7483 0.0749 0.0705 0.1923	HII
8.2000 -1.2500 -3.0000 3.0092 0.2109 0.0235 0.0226 0.0000 2.8430 0.0048 0.0579 0.0186 0.2571 0.0164 0.5550 0.0803 0.0612 0.2268	HII
8.2000 -1.2500 -2.7500 2.2469 0.2576 0.0370 0.0224 0.0000 4.1097 0.0037 0.0575 0.0219 0.1808 0.0162 0.4004 0.0842 0.0486 0.2523	HII
8.2000 -1.2500 -2.5000 1.6037 0.3034 0.0519 0.0223 0.0000 5.2813 0.0027 0.0572 0.0246 0.1229 0.0161 0.2859 0.0861 0.0367 0.2667	HII
8.2000 -1.2500 -2.2500 1.1362 0.3497 0.0682 0.0222 0.0000 6.3385 0.0019 0.0570 0.0263 0.0838 0.0161 0.2055 0.0851 0.0272 0.2678	HII
8.2000 -1.2500 -2.0000 0.8205 0.3977 0.0861 0.0221 0.0000 7.3210 0.0014 0.0568 0.0268 0.0587 0.0160 0.1510 0.0806 0.0206 0.2555	HII
8.2000 -1.2500 -1.7500 0.6124 0.4493 0.1064 0.0221 0.0000 8.2843 0.0011 0.0567 0.0260 0.0428 0.0159 0.1149 0.0731 0.0159 0.2321	HII
8.2000 -1.2500 -1.5000 0.4739 0.5052 0.1299 0.0220 0.0000 9.2639 0.0000 0.0566 0.0243 0.0326 0.0159 0.0909 0.0641 0.0127 0.2025	HII
8.3000 -1.2500 -4.0000 2.9005 0.0390 0.0000 0.0230 0.0000 0.0751 0.0043 0.0593 0.0039 0.3979 0.0168 1.4276 0.0671 0.0386 0.0786	HII
8.3000 -1.2500 -3.7500 3.4820 0.0660 0.0012 0.0231 0.0000 0.2412 0.0052 0.0593 0.0065 0.4266 0.0168 1.2735 0.0796 0.0511 0.1168	HII
8.3000 -1.2500 -3.5000 3.8103 0.1042 0.0038 0.0230 0.0000 0.6804 0.0058 0.0590 0.0100 0.4232 0.0167 1.0668 0.0915 0.0608 0.1624	HII
8.3000 -1.2500 -3.2500 3.6427 0.1494 0.0093 0.0228 0.0000 1.5354 0.0056 0.0586 0.0138 0.3719 0.0166 0.8374 0.1014 0.0624 0.2078	HII
8.3000 -1.2500 -3.0000 3.0458 0.1957 0.0178 0.0227 0.0000 2.7045 0.0047 0.0582 0.0173 0.2885 0.0165 0.6247 0.1088 0.0559 0.2458	HII
8.3000 -1.2500 -2.7500 2.3195 0.2405 0.0282 0.0225 0.0000 3.9461 0.0037 0.0579 0.0203 0.2056 0.0164 0.4521 0.1139 0.0455 0.2740	HII
8.3000 -1.2500 -2.5000 1.6861 0.2847 0.0401 0.0224 0.0000 5.1140 0.0027 0.0576 0.0229 0.1411 0.0163 0.3237 0.1167 0.0353 0.2905	HII
8.3000 -1.2500 -2.2500 1.2112 0.3295 0.0534 0.0223 0.0000 6.1829 0.0020 0.0574 0.0246 0.0968 0.0162 0.2332 0.1160 0.0268 0.2936	HII
8.3000 -1.2500 -2.0000 0.8838 0.3768 0.0683 0.0223 0.0000 7.1916 0.0015 0.0573 0.0254 0.0680 0.0161 0.1717 0.1110 0.0206 0.2823	HII
8.3000 -1.2500 -1.7500 0.6650 0.4278 0.0853 0.0222 0.0000 8.1868 0.0012 0.0572 0.0251 0.0497 0.0161 0.1309 0.1019 0.0160 0.2587	HII
8.3000 -1.2500 -1.5000 0.5181 0.4849 0.1057 0.0221 0.0000 9.2255 0.0000 0.0570 0.0238 0.0378 0.0161 0.1037 0.0903 0.0130 0.2280	HII
8.4000 -1.2500 -4.0000 2.4518 0.0303 0.0000 0.0227 0.0000 0.0627 0.0034 0.0587 0.0031 0.3944 0.0167 1.4515 0.0526 0.0273 0.0782	HII
8.4000 -1.2500 -3.7500 3.0834 0.0540 0.0000 0.0229 0.0000 0.2084 0.0044 0.0590 0.0054 0.4358 0.0168 1.3371 0.0642 0.0387 0.1194	HII
8.4000 -1.2500 -3.5000 3.5055 0.0888 0.0025 0.0229 0.0000 0.6047 0.0050 0.0590 0.0086 0.4440 0.0167 1.1475 0.0755 0.0486 0.1696	HII
8.4000 -1.2500 -3.2500 3.4485 0.1307 0.0065 0.0228 0.0000 1.3891 0.0050 0.0587 0.0121 0.3989 0.0167 0.9141 0.0845 0.0519 0.2195	HII
8.4000 -1.2500 -3.0000 2.9582 0.1740 0.0125 0.0227 0.0000 2.4791 0.0044 0.0584 0.0153 0.3155 0.0166 0.6877 0.0908 0.0482 0.2612	HII
8.4000 -1.2500 -2.7500 2.3081 0.2160 0.0202 0.0226 0.0000 3.6587 0.0035 0.0582 0.0181 0.2284 0.0165 0.5002 0.0952 0.0406 0.2921	HII
8.4000 -1.2500 -2.5000 1.7115 0.2574 0.0292 0.0225 0.0000 4.7902 0.0027 0.0580 0.0205 0.1586 0.0164 0.3594 0.0977 0.0323 0.3110	HII
8.4000 -1.2500 -2.2500 1.2498 0.2996 0.0394 0.0225 0.0000 5.8429 0.0020 0.0578 0.0222 0.1095 0.0164 0.2598 0.0977 0.0253 0.3160	HII
8.4000 -1.2500 -2.0000 0.9242 0.3445 0.0512 0.0224 0.0000 6.8510 0.0015 0.0577 0.0232 0.0774 0.0163 0.1919 0.0943 0.0199 0.3062	HII
8.4000 -1.2500 -1.7500 0.7024 0.3935 0.0649 0.0223 0.0000 7.8563 0.0012 0.0576 0.0232 0.0566 0.0163 0.1467 0.0876 0.0159 0.2831	HII
8.4000 -1.2500 -1.5000 0.5517 0.4494 0.0815 0.0223 0.0000 8.9214 0.0000 0.0575 0.0225 0.0432 0.0162 0.1167 0.0785 0.0129 0.2518	HII
8.5000 -1.2500 -4.0000 1.6780 0.0163 0.0000 0.0223 0.0000 0.0387 0.0021 0.0578 0.0020 0.3435 0.0165 1.2943 0.0575 0.0142 0.0702	HII
8.5000 -1.2500 -3.7500 2.2918 0.0321 0.0000 0.0226 0.0000 0.1378 0.0029 0.0586 0.0037 0.3994 0.0167 1.2557 0.0739 0.0228 0.1118	HII
8.5000 -1.2500 -3.5000 2.8370 0.0586 0.0013 0.0228 0.0000 0.4329 0.0037 0.0588 0.0065 0.4291 0.0167 1.1283 0.0910 0.0320 0.1659	HII
8.5000 -1.2500 -3.2500 2.9982 0.0936 0.0035 0.0228 0.0000 1.0654 0.0040 0.0588 0.0096 0.4031 0.0167 0.9266 0.1050 0.0375 0.2215	HII
8.5000 -1.2500 -3.0000 2.7211 0.1321 0.0072 0.0227 0.0000 1.9988 0.0037 0.0587 0.0125 0.3298 0.0167 0.7090 0.1147 0.0374 0.2679	HII
8.5000 -1.2500 -2.7500 2.2120 0.1702 0.0121 0.0227 0.0000 3.0511 0.0031 0.0585 0.0149 0.2443 0.0166 0.5198 0.1209 0.0332 0.3018	HII
8.5000 -1.2500 -2.5000 1.6916 0.2081 0.0181 0.0226 0.0000 4.0978 0.0024 0.0584 0.0170 0.1722 0.0166 0.3753 0.1250 0.0277 0.3242	HII
8.5000 -1.2500 -2.2500 1.2629 0.2472 0.0252 0.0226 0.0000 5.1027 0.0019 0.0583 0.0188 0.1200 0.0165 0.2724 0.1267 0.0223 0.3342	HII
8.5000 -1.2500 -2.0000 0.9476 0.2887 0.0336 0.0225 0.0000 6.0756 0.0015 0.0582 0.0200 0.0850 0.0165 0.2019 0.1249 0.0180 0.3299	HII
8.5000 -1.2500 -1.7500 0.7275 0.3342 0.0435 0.0225 0.0000 7.0564 0.0012 0.0581 0.0206 0.0624 0.0164 0.1548 0.1189 0.0146 0.3116	HII
8.5000 -1.2500 -1.5000 0.5748 0.3858 0.0557 0.0224 0.0000 8.0973 0.0000 0.0580 0.0205 0.0476 0.0164 0.1235 0.1093 0.0122 0.2828	HII
8.6000 -1.2500 -4.0000 0.9852 0.0058 0.0000 0.0217 0.0000 0.0176 0.0010 0.0567 0.0011 0.2726 0.0161 1.0432 0.0364 0.0051 0.0594	HII
8.6000 -1.2500 -3.7500 1.4826 0.0131 0.0000 0.0223 0.0000 0.0678 0.0016 0.0580 0.0022 0.3356 0.0165 1.0710 0.0496 0.0108 0.0988	HII
8.6000 -1.2500 -3.5000 2.0893 0.0281 0.0000 0.0226 0.0000 0.2423 0.0024 0.0586 0.0044 0.3891 0.0167 1.0271 0.0654 0.0181 0.1560	HII
8.6000 -1.2500 -3.2500 2.5057 0.0525 0.0015 0.0227 0.0000 0.6806 0.0029 0.0588 0.0073 0.3922 0.0167 0.8873 0.0800 0.0250 0.2198	HII
8.6000 -1.2500 -3.0000 2.4818 0.0822 0.0036 0.0227 0.0000 1.4076 0.0029 0.0588 0.0099 0.3346 0.0167 0.6940 0.0897 0.0278 0.2729	HII
8.6000 -1.2500 -2.7500 2.1511 0.1142 0.0064 0.0227 0.0000 2.2902 0.0025 0.0588 0.0120 0.2546 0.0167 0.5132 0.0955 0.0267 0.3105	HII
8.6000 -1.2500 -2.5000 1.7181 0.1475 0.0099 0.0227 0.0000 3.2125 0.0020 0.0588 0.0138 0.1820 0.0167 0.3709 0.0993 0.0234 0.3360	HII
8.6000 -1.2500 -2.2500 1.3189 0.1826 0.0143 0.0227 0.0000 4.1331 0.0016 0.0587 0.0154 0.1275 0.0167 0.2691 0.1021 0.0196 0.3517	HII
8.6000 -1.2500 -2.0000 1.0039 0.2204 0.0196 0.0227 0.0000 5.0471 0.0012 0.0587 0.0168 0.0904 0.0166 0.1993 0.1035 0.0162 0.3565	HII
8.6000 -1.2500 -1.7500 0.7747 0.2613 0.0261 0.0226 0.0000 5.9674 0.0010 0.0587 0.0178 0.0660 0.0166 0.1527 0.1024 0.0134 0.3483	HII
8.6000 -1.2500 -1.5000 0.6132 0.3075 0.0342 0.0226 0.0000 6.9464 0.0000 0.0586 0.0185 0.0502 0.0166 0.1219 0.0983 0.0113 0.3280	HII
8.7000 -1.2500 -4.0000 0.4398 0.0016 0.0000 0.0213 0.0000 0.0065 0.0000 0.0560 0.0000 0.1851 0.0160 0.7309 0.0319 0.0000 0.0445	HII
8.7000 -1.2500 -3.7500 0.7207 0.0041 0.0000 0.0221 0.0000 0.0263 0.0000 0.0578 0.0000 0.2389 0.0165 0.7918 0.0454 0.0014 0.0760	HII
8.7000 -1.2500 -3.5000 1.1837 0.0103 0.0000 0.0225 0.0000 0.1107 0.0011 0.0587 0.0023 0.3029 0.0167 0.8231 0.0652 0.0072 0.1295	HII
8.7000 -1.2500 -3.2500 1.7211 0.0239 0.0000 0.0227 0.0000 0.3799 0.0017 0.0590 0.0046 0.3404 0.0168 0.7767 0.0881 0.0128 0.2008	HII
8.7000 -1.2500 -3.0000 1.9849 0.0441 0.0015 0.0227 0.0000 0.9074 0.0019 0.0591 0.0071 0.3142 0.0168 0.6444 0.1057 0.0172 0.2656	HII
8.7000 -1.2500 -2.7500 1.8883 0.0673 0.0030 0.0228 0.0000 1.5964 0.0018 0.0591 0.0090 0.2485 0.0168 0.4875 0.1153 0.0186 0.3092	HII
8.7000 -1.2500 -2.5000 1.6134 0.0930 0.0049 0.0228 0.0000 2.3548 0.0015 0.0592 0.0105 0.1815 0.0168 0.3555 0.1209 0.0177 0.3377	HII
8.7000 -1.2500 -2.2500 1.2985 0.1218 0.0074 0.0228 0.0000 3.1462 0.0012 0.0592 0.0118 0.1285 0.0168 0.2583 0.1253 0.0158 0.3570	HII
8.7000 -1.2500 -2.0000 1.0177 0.1541 0.0105 0.0228 0.0000 3.9643 0.0000 0.0592 0.0132 0.0913 0.0168 0.1915 0.1293 0.0135 0.3685	HII
8.7000 -1.2500 -1.7500 0.8004 0.1904 0.0145 0.0228 0.0000 4.8163 0.0000 0.0592 0.0144 0.0666 0.0168 0.1468 0.1320 0.0115 0.3705	HII
8.7000 -1.2500 -1.5000 0.6368 0.2309 0.0196 0.0227 0.0000 5.7209 0.0000 0.0591 0.0154 0.0504 0.0167 0.1172 0.1317 0.0099 0.3605	HII
8.8000 -1.2500 -4.0000 0.1786 0.0000 0.0000 0.0210 0.0000 0.0023 0.0000 0.0555 0.0000 0.1193 0.0158 0.4862 0.0169 0.0000 0.0323	HII
8.8000 -1.2500 -3.7500 0.3141 0.0012 0.0000 0.0219 0.0000 0.0094 0.0000 0.0578 0.0000 0.1596 0.0165 0.5523 0.0249 0.0000 0.0561	HII
8.8000 -1.2500 -3.5000 0.5727 0.0033 0.0000 0.0225 0.0000 0.0440 0.0000 0.0590 0.0010 0.2152 0.0168 0.6120 0.0378 0.0000 0.1003	HII
8.8000 -1.2500 -3.2500 1.0150 0.0094 0.0000 0.0227 0.0000 0.1893 0.0000 0.0593 0.0025 0.2707 0.0169 0.6361 0.0569 0.0045 0.1721	HII
8.8000 -1.2500 -3.0000 1.4303 0.0212 0.0000 0.0228 0.0000 0.5443 0.0011 0.0594 0.0047 0.2781 0.0169 0.5763 0.0754 0.0091 0.2492	HII
8.8000 -1.2500 -2.7500 1.5518 0.0363 0.0013 0.0228 0.0000 1.0597 0.0012 0.0595 0.0065 0.2332 0.0169 0.4554 0.0861 0.0117 0.3030	HII
8.8000 -1.2500 -2.5000 1.4493 0.0534 0.0023 0.0229 0.0000 1.6448 0.0011 0.0596 0.0079 0.1756 0.0169 0.3375 0.0915 0.0128 0.3350	HII
8.8000 -1.2500 -2.2500 1.2453 0.0738 0.0036 0.0229 0.0000 2.2804 0.0000 0.0596 0.0090 0.1261 0.0169 0.2465 0.0951 0.0123 0.3559	HII
8.8000 -1.2500 -2.0000 1.0225 0.0987 0.0054 0.0229 0.0000 2.9712 0.0000 0.0597 0.0100 0.0900 0.0169 0.1827 0.0990 0.0113 0.3713	HII
8.8000 -1.2500 -1.7500 0.8251 0.1286 0.0077 0.0229 0.0000 3.7231 0.0000 0.0597 0.0112 0.0655 0.0169 0.1398 0.1030 0.0099 0.3808	HII
8.8000 -1.2500 -1.5000 0.6679 0.1635 0.0108 0.0229 0.0000 4.5470 0.0000 0.0597 0.0123 0.0494 0.0169 0.1116 0.1061 0.0086 0.3816	HII
8.9000 -1.2500 -4.0000 0.0450 0.0000 0.0000 0.0180 0.0000 0.0012 0.0000 0.0480 0.0000 0.0544 0.0139 0.1872 0.0102 0.0000 0.0212	HII
8.9000 -1.2500 -3.7500 0.0681 0.0000 0.0000 0.0197 0.0000 0.0045 0.0000 0.0524 0.0000 0.0663 0.0151 0.1929 0.0146 0.0000 0.0364	HII
8.9000 -1.2500 -3.5000 0.1457 0.0000 0.0000 0.0220 0.0000 0.0091 0.0000 0.0581 0.0000 0.1049 0.0166 0.3242 0.0233 0.0000 0.0546	HII
8.9000 -1.2500 -3.2500 0.3199 0.0016 0.0000 0.0225 0.0000 0.0513 0.0000 0.0591 0.0000 0.1515 0.0169 0.3826 0.0400 0.0000 0.1065	HII
8.9000 -1.2500 -3.0000 0.6182 0.0051 0.0000 0.0227 0.0000 0.2049 0.0000 0.0594 0.0018 0.1885 0.0169 0.4071 0.0638 0.0000 0.1834	HII
8.9000 -1.2500 -2.7500 0.8870 0.0111 0.0000 0.0228 0.0000 0.4946 0.0000 0.0596 0.0032 0.1853 0.0170 0.3644 0.0838 0.0018 0.2524	HII
8.9000 -1.2500 -2.5000 1.0065 0.0185 0.0000 0.0228 0.0000 0.8499 0.0000 0.0598 0.0045 0.1530 0.0170 0.2871 0.0948 0.0052 0.2950	HII
8.9000 -1.2500 -2.2500 1.0038 0.0273 0.0011 0.0229 0.0000 1.2483 0.0000 0.0599 0.0055 0.1159 0.0170 0.2154 0.1010 0.0073 0.3206	HII
8.9000 -1.2500 -2.0000 0.9248 0.0392 0.0018 0.0229 0.0000 1.7040 0.0000 0.0600 0.0063 0.0848 0.0170 0.1609 0.1061 0.0078 0.3387	HII
8.9000 -1.2500 -1.7500 0.8077 0.0561 0.0028 0.0229 0.0000 2.2397 0.0000 0.0601 0.0072 0.0621 0.0170 0.1229 0.1119 0.0077 0.3538	HII
8.9000 -1.2500 -1.5000 0.6836 0.0795 0.0042 0.0229 0.0000 2.8707 0.0000 0.0600 0.0081 0.0466 0.0170 0.0976 0.1185 0.0060 0.3651	HII
9.0000 -1.2500 -4.0000 0.0046 0.0000 0.0000 0.0097 0.0000 0.0000 0.0000 0.0259 0.0000 0.0131 0.0074 0.0492 0.0018 0.0000 0.0056	HII
9.0000 -1.2500 -3.7500 0.0085 0.0000 0.0000 0.0108 0.0000 0.0000 0.0000 0.0286 0.0000 0.0181 0.0082 0.0582 0.0030 0.0000 0.0107	HII
9.0000 -1.2500 -3.5000 0.0220 0.0000 0.0000 0.0115 0.0000 0.0027 0.0000 0.0305 0.0000 0.0294 0.0087 0.0779 0.0058 0.0000 0.0230	HII
9.0000 -1.2500 -3.2500 0.0836 0.0000 0.0000 0.0199 0.0000 0.0208 0.0000 0.0529 0.0000 0.0659 0.0153 0.1461 0.0162 0.0000 0.0702	HII
9.0000 -1.2500 -3.0000 0.1216 0.0000 0.0000 0.0220 0.0000 0.0347 0.0000 0.0583 0.0000 0.0834 0.0166 0.1945 0.0207 0.0000 0.0884	HII
9.0000 -1.2500 -2.7500 0.2659 0.0014 0.0000 0.0224 0.0000 0.1207 0.0000 0.0590 0.0000 0.1087 0.0168 0.2196 0.0355 0.0000 0.1554	HII
9.0000 -1.2500 -2.5000 0.4721 0.0030 0.0000 0.0226 0.0000 0.2629 0.0000 0.0594 0.0017 0.1168 0.0169 0.2116 0.0503 0.0000 0.2210	HII
9.0000 -1.2500 -2.2500 0.7123 0.0050 0.0000 0.0227 0.0000 0.4362 0.0000 0.0597 0.0028 0.1078 0.0170 0.1815 0.0625 0.0013 0.2730	HII
9.0000 -1.2500 -2.0000 0.9507 0.0071 0.0000 0.0228 0.0000 0.6177 0.0000 0.0599 0.0041 0.0893 0.0170 0.1460 0.0717 0.0048 0.3108	HII
9.0000 -1.2500 -1.7500 1.1186 0.0097 0.0000 0.0228 0.0000 0.8245 0.0000 0.0601 0.0052 0.0688 0.0170 0.1140 0.0777 0.0081 0.3338	HII
9.0000 -1.2500 -1.5000 1.1411 0.0140 0.0000 0.0228 0.0000 1.1063 0.0000 0.0601 0.0060 0.0513 0.0170 0.0890 0.0808 0.0095 0.3437	HII
9.1000 -1.2500 -4.0000 0.0000 0.0000 0.0000 0.0078 0.0000 0.0000 0.0000 0.0210 0.0000 0.0022 0.0060 0.0090 0.0000 0.0000 0.0012	HII
9.1000 -1.2500 -3.7500 0.0000 0.0000 0.0000 0.0091 0.0000 0.0000 0.0000 0.0242 0.0000 0.0033 0.0069 0.0121 0.0000 0.0000 0.0025	HII
9.1000 -1.2500 -3.5000 0.0000 0.0000 0.0000 0.0100 0.0000 0.0000 0.0000 0.0268 0.0000 0.0058 0.0076 0.0176 0.0014 0.0000 0.0057	HII
9.1000 -1.2500 -3.2500 0.0056 0.0000 0.0000 0.0107 0.0000 0.0013 0.0000 0.0284 0.0000 0.0132 0.0081 0.0329 0.0039 0.0000 0.0161	HII
9.1000 -1.2500 -3.0000 0.0348 0.0000 0.0000 0.0116 0.0000 0.0135 0.0000 0.0306 0.0000 0.0309 0.0087 0.0644 0.0119 0.0000 0.0475	HII
9.1000 -1.2500 -2.7500 0.0845 0.0000 0.0000 0.0203 0.0000 0.0613 0.0000 0.0537 0.0000 0.0449 0.0154 0.0882 0.0265 0.0000 0.1103	HII
9.1000 -1.2500 -2.5000 0.0759 0.0000 0.0000 0.0220 0.0000 0.0968 0.0000 0.0586 0.0000 0.0298 0.0168 0.0578 0.0280 0.0000 0.1230	HII
9.1000 -1.2500 -2.2500 0.2705 0.0000 0.0000 0.0224 0.0000 0.0980 0.0000 0.0593 0.0000 0.0772 0.0169 0.1244 0.0475 0.0000 0.1903	HII
9.1000 -1.2500 -2.0000 0.0306 0.0011 0.0000 0.0195 0.0000 0.1676 0.0000 0.0518 0.0000 0.0071 0.0149 0.0154 0.0235 0.0000 0.1100	HII
9.1000 -1.2500 -1.7500 0.0117 0.0010 0.0000 0.0135 0.0000 0.1316 0.0000 0.0356 0.0000 0.0026 0.0101 0.0056 0.0153 0.0000 0.0727	HII
9.1000 -1.2500 -1.5000 0.0053 0.0010 0.0000 0.0137 0.0000 0.1141 0.0000 0.0360 0.0000 0.0013 0.0103 0.0027 0.0126 0.0000 0.0614	HII
6.9000 -1.1250 -4.0000 0.3445 0.0107 0.0000 0.0234 0.0000 0.0103 0.0000 0.0599 0.0000 0.0401 0.0169 0.0997 0.0053 0.0077 0.0061	HII
6.9000 -1.1250 -3.7500 0.3949 0.0167 0.0000 0.0229 0.0000 0.0331 0.0000 0.0586 0.0000 0.0410 0.0165 0.0842 0.0060 0.0095 0.0088	HII
6.9000 -1.1250 -3.5000 0.4156 0.0249 0.0014 0.0224 0.0000 0.0933 0.0000 0.0573 0.0014 0.0385 0.0161 0.0682 0.0068 0.0108 0.0120	HII
6.9000 -1.1250 -3.2500 0.3794 0.0351 0.0036 0.0219 0.0000 0.2114 0.0000 0.0561 0.0020 0.0316 0.0158 0.0527 0.0077 0.0105 0.0155	HII
6.9000 -1.1250 -3.0000 0.2987 0.0468 0.0072 0.0215 0.0000 0.3745 0.0000 0.0551 0.0027 0.0230 0.0154 0.0392 0.0085 0.0087 0.0188	HII
6.9000 -1.1250 -2.7500 0.2134 0.0599 0.0120 0.0211 0.0000 0.5502 0.0000 0.0542 0.0034 0.0157 0.0151 0.0284 0.0092 0.0056 0.0214	HII
6.9000 -1.1250 -2.5000 0.1469 0.0742 0.0179 0.0208 0.0000 0.7218 0.0000 0.0534 0.0040 0.0106 0.0149 0.0205 0.0095 0.0040 0.0230	HII
6.9000 -1.1250 -2.2500 0.1018 0.0896 0.0248 0.0205 0.0000 0.8863 0.0000 0.0529 0.0044 0.0073 0.0147 0.0147 0.0094 0.0014 0.0232	HII
6.9000 -1.1250 -2.0000 0.0729 0.1060 0.0328 0.0203 0.0000 1.0452 0.0000 0.0524 0.0046 0.0052 0.0145 0.0110 0.0088 0.0010 0.0222	HII
6.9000 -1.1250 -1.7500 0.0544 0.1227 0.0416 0.0201 0.0000 1.1977 0.0000 0.0521 0.0044 0.0039 0.0144 0.0084 0.0077 0.0000 0.0201	HII
6.9000 -1.1250 -1.5000 0.0423 0.1394 0.0512 0.0199 0.0010 1.3432 0.0000 0.0517 0.0041 0.0030 0.0142 0.0068 0.0066 0.0000 0.0174	HII
7.0000 -1.1250 -4.0000 0.4307 0.0084 0.0000 0.0234 0.0000 0.0128 0.0010 0.0599 0.0000 0.0503 0.0169 0.1250 0.0066 0.0095 0.0076	HII
7.0000 -1.1250 -3.7500 0.4937 0.0131 0.0000 0.0229 0.0000 0.0412 0.0012 0.0586 0.0012 0.0515 0.0165 0.1057 0.0075 0.0117 0.0110	HII
7.0000 -1.1250 -3.5000 0.5195 0.0196 0.0017 0.0224 0.0000 0.1161 0.0012 0.0573 0.0018 0.0483 0.0161 0.0855 0.0085 0.0134 0.0151	HII
7.0000 -1.1250 -3.2500 0.4746 0.0276 0.0044 0.0219 0.0000 0.2632 0.0011 0.0562 0.0025 0.0397 0.0158 0.0661 0.0096 0.0130 0.0194	HII
7.0000 -1.1250 -3.0000 0.3739 0.0368 0.0089 0.0215 0.0000 0.4663 0.0000 0.0551 0.0034 0.0289 0.0155 0.0492 0.0106 0.0109 0.0235	HII
7.0000 -1.1250 -2.7500 0.2672 0.0469 0.0148 0.0212 0.0000 0.6847 0.0000 0.0543 0.0042 0.0197 0.0152 0.0357 0.0115 0.0081 0.0268	HII
7.0000 -1.1250 -2.5000 0.1840 0.0581 0.0219 0.0209 0.0000 0.8971 0.0000 0.0536 0.0050 0.0133 0.0149 0.0256 0.0119 0.0051 0.0288	HII
7.0000 -1.1250 -2.2500 0.1275 0.0700 0.0303 0.0206 0.0000 1.0996 0.0000 0.0530 0.0055 0.0091 0.0147 0.0186 0.0118 0.0017 0.0291	HII
7.0000 -1.1250 -2.0000 0.0912 0.0825 0.0398 0.0204 0.0000 1.2934 0.0000 0.0526 0.0056 0.0065 0.0146 0.0138 0.0109 0.0013 0.0277	HII
7.0000 -1.1250 -1.7500 0.0679 0.0951 0.0502 0.0202 0.0000 1.4779 0.0000 0.0523 0.0054 0.0049 0.0144 0.0107 0.0097 0.0000 0.0250	HII
7.0000 -1.1250 -1.5000 0.0527 0.1078 0.0614 0.0200 0.0000 1.6532 0.0000 0.0520 0.0050 0.0038 0.0143 0.0084 0.0082 0.0000 0.0217	HII
7.1000 -1.1250 -4.0000 0.5379 0.0104 0.0000 0.0234 0.0000 0.0160 0.0013 0.0600 0.0000 0.0630 0.0169 0.1569 0.0082 0.0117 0.0095	HII
7.1000 -1.1250 -3.7500 0.6166 0.0163 0.0000 0.0229 0.0000 0.0512 0.0015 0.0587 0.0014 0.0645 0.0166 0.1326 0.0094 0.0146 0.0138	HII
7.1000 -1.1250 -3.5000 0.6491 0.0244 0.0021 0.0224 0.0000 0.1444 0.0015 0.0574 0.0022 0.0606 0.0162 0.1073 0.0107 0.0167 0.0189	HII
7.1000 -1.1250 -3.2500 0.5933 0.0343 0.0054 0.0220 0.0000 0.3274 0.0014 0.0562 0.0031 0.0499 0.0158 0.0829 0.0120 0.0164 0.0243	HII
7.1000 -1.1250 -3.0000 0.4678 0.0458 0.0109 0.0216 0.0000 0.5804 0.0011 0.0552 0.0042 0.0363 0.0155 0.0618 0.0133 0.0137 0.0294	HII
7.1000 -1.1250 -2.7500 0.3346 0.0584 0.0182 0.0212 0.0000 0.8526 0.0000 0.0544 0.0053 0.0248 0.0152 0.0448 0.0144 0.0102 0.0336	HII
7.1000 -1.1250 -2.5000 0.2305 0.0722 0.0270 0.0209 0.0000 1.1172 0.0000 0.0537 0.0062 0.0167 0.0150 0.0322 0.0149 0.0073 0.0360	HII
7.1000 -1.1250 -2.2500 0.1599 0.0870 0.0373 0.0207 0.0000 1.3697 0.0000 0.0531 0.0068 0.0115 0.0148 0.0233 0.0147 0.0045 0.0364	HII
7.1000 -1.1250 -2.0000 0.1144 0.1025 0.0490 0.0204 0.0000 1.6118 0.0000 0.0527 0.0070 0.0082 0.0146 0.0173 0.0137 0.0016 0.0347	HII
7.1000 -1.1250 -1.7500 0.0852 0.1185 0.0621 0.0203 0.0000 1.8441 0.0000 0.0524 0.0068 0.0061 0.0145 0.0133 0.0121 0.0012 0.0314	HII
7.1000 -1.1250 -1.5000 0.0660 0.1345 0.0762 0.0200 0.0000 2.0669 0.0000 0.0521 0.0062 0.0048 0.0143 0.0107 0.0103 0.0000 0.0272	HII
7.2000 -1.1250 -4.0000 0.6691 0.0129 0.0000 0.0234 0.0000 0.0197 0.0016 0.0600 0.0011 0.0787 0.0169 0.1963 0.0082 0.0145 0.0119	HII
7.2000 -1.1250 -3.7500 0.7670 0.0201 0.0000 0.0229 0.0000 0.0633 0.0018 0.0587 0.0018 0.0807 0.0166 0.1660 0.0094 0.0181 0.0172	HII
7.2000 -1.1250 -3.5000 0.8075 0.0301 0.0025 0.0225 0.0000 0.1785 0.0019 0.0575 0.0027 0.0759 0.0162 0.1344 0.0106 0.0206 0.0236	HII
7.2000 -1.1250 -3.2500 0.7389 0.0424 0.0066 0.0220 0.0000 0.4047 0.0017 0.0563 0.0039 0.0625 0.0158 0.1039 0.0119 0.0201 0.0304	HII
7.2000 -1.1250 -3.0000 0.5830 0.0565 0.0133 0.0216 0.0000 0.7173 0.0013 0.0553 0.0052 0.0456 0.0155 0.0772 0.0132 0.0168 0.0368	HII
7.2000 -1.1250 -2.7500 0.4174 0.0720 0.0221 0.0213 0.0000 1.0529 0.0000 0.0545 0.0065 0.0312 0.0152 0.0560 0.0142 0.0127 0.0419	HII
7.2000 -1.1250 -2.5000 0.2875 0.0887 0.0326 0.0210 0.0000 1.3775 0.0000 0.0539 0.0076 0.0210 0.0150 0.0403 0.0148 0.0091 0.0450	HII
7.2000 -1.1250 -2.2500 0.1993 0.1066 0.0448 0.0208 0.0000 1.6849 0.0000 0.0534 0.0084 0.0144 0.0148 0.0291 0.0146 0.0055 0.0454	HII
7.2000 -1.1250 -2.0000 0.1424 0.1252 0.0585 0.0206 0.0000 1.9770 0.0000 0.0530 0.0086 0.0103 0.0147 0.0216 0.0136 0.0040 0.0432	HII
7.2000 -1.1250 -1.7500 0.1060 0.1441 0.0735 0.0204 0.0000 2.2556 0.0000 0.0527 0.0082 0.0077 0.0146 0.0166 0.0120 0.0015 0.0389	HII
7.2000 -1.1250 -1.5000 0.0819 0.1629 0.0898 0.0202 0.0000 2.5205 0.0000 0.0524 0.0075 0.0060 0.0145 0.0133 0.0102 0.0011 0.0337	HII
7.3000 -1.1250 -4.0000 0.8291 0.0156 0.0000 0.0234 0.0000 0.0242 0.0020 0.0599 0.0014 0.0982 0.0169 0.2447 0.0128 0.0179 0.0148	HII
7.3000 -1.1250 -3.7500 0.9499 0.0245 0.0000 0.0229 0.0000 0.0776 0.0022 0.0587 0.0022 0.1007 0.0166 0.2071 0.0146 0.0223 0.0214	HII
7.3000 -1.1250 -3.5000 1.0005 0.0367 0.0031 0.0225 0.0000 0.2187 0.0023 0.0575 0.0033 0.0950 0.0162 0.1677 0.0166 0.0252 0.0294	HII
7.3000 -1.1250 -3.2500 0.9167 0.0518 0.0079 0.0221 0.0000 0.4963 0.0021 0.0564 0.0048 0.0785 0.0159 0.1296 0.0187 0.0247 0.0379	HII
7.3000 -1.1250 -3.0000 0.7243 0.0691 0.0159 0.0217 0.0000 0.8799 0.0016 0.0555 0.0063 0.0574 0.0156 0.0963 0.0206 0.0208 0.0458	HII
7.3000 -1.1250 -2.7500 0.5190 0.0879 0.0264 0.0214 0.0000 1.2910 0.0012 0.0547 0.0079 0.0392 0.0153 0.0699 0.0222 0.0156 0.0521	HII
7.3000 -1.1250 -2.5000 0.3578 0.1081 0.0387 0.0211 0.0000 1.6856 0.0000 0.0541 0.0093 0.0264 0.0151 0.0501 0.0231 0.0113 0.0559	HII
7.3000 -1.1250 -2.2500 0.2479 0.1293 0.0528 0.0209 0.0000 2.0561 0.0000 0.0537 0.0102 0.0181 0.0149 0.0363 0.0228 0.0081 0.0564	HII
7.3000 -1.1250 -2.0000 0.1768 0.1512 0.0685 0.0207 0.0000 2.4045 0.0000 0.0534 0.0104 0.0129 0.0148 0.0268 0.0213 0.0051 0.0536	HII
7.3000 -1.1250 -1.7500 0.1313 0.1733 0.0855 0.0205 0.0000 2.7338 0.0000 0.0531 0.0099 0.0096 0.0147 0.0206 0.0188 0.0028 0.0483	HII
7.3000 -1.1250 -1.5000 0.1013 0.1952 0.1037 0.0204 0.0000 3.0449 0.0000 0.0528 0.0090 0.0074 0.0146 0.0164 0.0160 0.0014 0.0416	HII
7.4000 -1.1250 -4.0000 1.0225 0.0188 0.0000 0.0234 0.0000 0.0295 0.0024 0.0598 0.0017 0.1221 0.0169 0.3047 0.0126 0.0218 0.0184	HII
7.4000 -1.1250 -3.7500 1.1716 0.0296 0.0011 0.0229 0.0000 0.0947 0.0028 0.0587 0.0027 0.1255 0.0166 0.2581 0.0144 0.0272 0.0267	HII
7.4000 -1.1250 -3.5000 1.2343 0.0445 0.0036 0.0225 0.0000 0.2667 0.0029 0.0576 0.0041 0.1185 0.0162 0.2090 0.0164 0.0309 0.0365	HII
7.4000 -1.1250 -3.2500 1.1320 0.0630 0.0094 0.0221 0.0000 0.6050 0.0026 0.0566 0.0058 0.0982 0.0159 0.1615 0.0184 0.0301 0.0470	HII
7.4000 -1.1250 -3.0000 0.8960 0.0839 0.0188 0.0218 0.0000 1.0725 0.0020 0.0557 0.0077 0.0720 0.0156 0.1199 0.0203 0.0253 0.0568	HII
7.4000 -1.1250 -2.7500 0.6427 0.1066 0.0311 0.0215 0.0000 1.5721 0.0015 0.0550 0.0096 0.0493 0.0154 0.0869 0.0219 0.0191 0.0646	HII
7.4000 -1.1250 -2.5000 0.4432 0.1306 0.0454 0.0212 0.0000 2.0477 0.0010 0.0544 0.0112 0.0331 0.0152 0.0623 0.0227 0.0137 0.0693	HII
7.4000 -1.1250 -2.2500 0.3068 0.1556 0.0615 0.0210 0.0000 2.4896 0.0000 0.0540 0.0122 0.0227 0.0150 0.0450 0.0224 0.0098 0.0699	HII
7.4000 -1.1250 -2.0000 0.2186 0.1810 0.0790 0.0209 0.0000 2.9003 0.0000 0.0537 0.0124 0.0161 0.0149 0.0333 0.0209 0.0062 0.0663	HII
7.4000 -1.1250 -1.7500 0.1620 0.2064 0.0979 0.0207 0.0000 3.2854 0.0000 0.0535 0.0119 0.0119 0.0148 0.0255 0.0185 0.0046 0.0596	HII
7.4000 -1.1250 -1.5000 0.1247 0.2315 0.1180 0.0206 0.0000 3.6485 0.0000 0.0532 0.0107 0.0092 0.0147 0.0203 0.0158 0.0017 0.0513	HII
7.5000 -1.1250 -4.0000 1.2518 0.0225 0.0000 0.0233 0.0000 0.0358 0.0029 0.0598 0.0020 0.1513 0.0169 0.3782 0.0195 0.0263 0.0227	HII
7.5000 -1.1250 -3.7500 1.4341 0.0355 0.0013 0.0230 0.0000 0.1144 0.0034 0.0587 0.0033 0.1556 0.0166 0.3205 0.0224 0.0328 0.0330	HII
7.5000 -1.1250 -3.5000 1.5118 0.0536 0.0043 0.0225 0.0000 0.3224 0.0035 0.0577 0.0050 0.1474 0.0163 0.2597 0.0255 0.0372 0.0452	HII
7.5000 -1.1250 -3.2500 1.3875 0.0758 0.0110 0.0222 0.0000 0.7308 0.0032 0.0567 0.0070 0.1225 0.0160 0.2006 0.0286 0.0365 0.0581	HII
7.5000 -1.1250 -3.0000 1.1003 0.1010 0.0219 0.0218 0.0000 1.2950 0.0025 0.0559 0.0093 0.0901 0.0157 0.1490 0.0315 0.0306 0.0701	HII
7.5000 -1.1250 -2.7500 0.7905 0.1278 0.0360 0.0216 0.0000 1.8955 0.0018 0.0553 0.0115 0.0617 0.0155 0.1079 0.0339 0.0231 0.0796	HII
7.5000 -1.1250 -2.5000 0.5454 0.1560 0.0521 0.0213 0.0000 2.4619 0.0013 0.0547 0.0134 0.0415 0.0153 0.0773 0.0352 0.0164 0.0853	HII
7.5000 -1.1250 -2.2500 0.3774 0.1848 0.0700 0.0212 0.0000 2.9816 0.0000 0.0544 0.0145 0.0283 0.0152 0.0558 0.0347 0.0117 0.0860	HII
7.5000 -1.1250 -2.0000 0.2686 0.2139 0.0893 0.0210 0.0000 3.4605 0.0000 0.0541 0.0147 0.0200 0.0150 0.0412 0.0323 0.0086 0.0815	HII
7.5000 -1.1250 -1.7500 0.1986 0.2428 0.1098 0.0209 0.0000 3.9056 0.0000 0.0539 0.0140 0.0148 0.0150 0.0315 0.0286 0.0055 0.0731	HII
7.5000 -1.1250 -1.5000 0.1526 0.2713 0.1317 0.0207 0.0000 4.3249 0.0000 0.0537 0.0126 0.0114 0.0149 0.0250 0.0244 0.0044 0.0628	HII
7.6000 -1.1250 -4.0000 1.5239 0.0267 0.0000 0.0233 0.0000 0.0430 0.0036 0.0597 0.0025 0.1868 0.0169 0.4682 0.0191 0.0315 0.0280	HII
7.6000 -1.1250 -3.7500 1.7447 0.0423 0.0015 0.0230 0.0000 0.1374 0.0041 0.0588 0.0040 0.1923 0.0166 0.3970 0.0219 0.0391 0.0407	HII
7.6000 -1.1250 -3.5000 1.8377 0.0639 0.0049 0.0226 0.0000 0.3863 0.0042 0.0578 0.0060 0.1825 0.0163 0.3217 0.0249 0.0443 0.0557	HII
7.6000 -1.1250 -3.2500 1.6885 0.0905 0.0126 0.0222 0.0000 0.8747 0.0038 0.0569 0.0084 0.1522 0.0160 0.2485 0.0279 0.0436 0.0715	HII
7.6000 -1.1250 -3.0000 1.3413 0.1202 0.0250 0.0219 0.0000 1.5478 0.0030 0.0561 0.0110 0.1123 0.0158 0.1845 0.0307 0.0365 0.0860	HII
7.6000 -1.1250 -2.7500 0.9648 0.1515 0.0407 0.0217 0.0000 2.2597 0.0022 0.0555 0.0136 0.0770 0.0156 0.1334 0.0330 0.0275 0.0975	HII
7.6000 -1.1250 -2.5000 0.6659 0.1839 0.0586 0.0215 0.0000 2.9258 0.0015 0.0551 0.0157 0.0517 0.0154 0.0955 0.0341 0.0198 0.1043	HII
7.6000 -1.1250 -2.2500 0.4606 0.2167 0.0779 0.0213 0.0000 3.5284 0.0011 0.0547 0.0170 0.0352 0.0153 0.0688 0.0336 0.0142 0.1050	HII
7.6000 -1.1250 -2.0000 0.3274 0.2494 0.0986 0.0212 0.0000 4.0786 0.0000 0.0545 0.0172 0.0249 0.0152 0.0508 0.0314 0.0103 0.0994	HII
7.6000 -1.1250 -1.7500 0.2418 0.2819 0.1206 0.0211 0.0000 4.5897 0.0000 0.0543 0.0163 0.0183 0.0151 0.0387 0.0278 0.0078 0.0891	HII
7.6000 -1.1250 -1.5000 0.1854 0.3140 0.1439 0.0209 0.0000 5.0701 0.0000 0.0541 0.0147 0.0141 0.0150 0.0307 0.0237 0.0052 0.0764	HII
7.7000 -1.1250 -4.0000 1.8302 0.0313 0.0000 0.0233 0.0000 0.0512 0.0042 0.0597 0.0029 0.2288 0.0169 0.5756 0.0293 0.0370 0.0343	HII
7.7000 -1.1250 -3.7500 2.0928 0.0497 0.0017 0.0230 0.0000 0.1626 0.0048 0.0589 0.0047 0.2358 0.0166 0.4889 0.0337 0.0458 0.0497	HII
7.7000 -1.1250 -3.5000 2.2028 0.0751 0.0055 0.0227 0.0000 0.4559 0.0050 0.0580 0.0070 0.2243 0.0164 0.3963 0.0383 0.0519 0.0680	HII
7.7000 -1.1250 -3.2500 2.0273 0.1063 0.0141 0.0223 0.0000 1.0312 0.0046 0.0571 0.0099 0.1879 0.0161 0.3061 0.0428 0.0509 0.0872	HII
7.7000 -1.1250 -3.0000 1.6134 0.1407 0.0277 0.0220 0.0000 1.8207 0.0036 0.0564 0.0129 0.1390 0.0159 0.2271 0.0470 0.0428 0.1046	HII
7.7000 -1.1250 -2.7500 1.1633 0.1765 0.0447 0.0218 0.0000 2.6501 0.0026 0.0559 0.0157 0.0955 0.0157 0.1641 0.0503 0.0323 0.1182	HII
7.7000 -1.1250 -2.5000 0.8042 0.2128 0.0638 0.0216 0.0000 3.4193 0.0018 0.0554 0.0181 0.0641 0.0155 0.1173 0.0520 0.0232 0.1261	HII
7.7000 -1.1250 -2.2500 0.5562 0.2493 0.0841 0.0215 0.0000 4.1084 0.0013 0.0551 0.0195 0.0436 0.0154 0.0844 0.0511 0.0166 0.1269	HII
7.7000 -1.1250 -2.0000 0.3952 0.2856 0.1057 0.0214 0.0000 4.7319 0.0000 0.0549 0.0197 0.0307 0.0153 0.0621 0.0477 0.0121 0.1202	HII
7.7000 -1.1250 -1.7500 0.2914 0.3217 0.1287 0.0213 0.0000 5.3113 0.0000 0.0547 0.0187 0.0225 0.0152 0.0473 0.0423 0.0091 0.1077	HII
7.7000 -1.1250 -1.5000 0.2235 0.3578 0.1534 0.0211 0.0000 5.8637 0.0000 0.0545 0.0168 0.0173 0.0152 0.0375 0.0362 0.0061 0.0923	HII
7.8000 -1.1250 -4.0000 2.1735 0.0362 0.0000 0.0233 0.0000 0.0606 0.0050 0.0597 0.0034 0.2785 0.0169 0.7031 0.0283 0.0427 0.0417	HII
7.8000 -1.1250 -3.7500 2.4815 0.0576 0.0019 0.0230 0.0000 0.1900 0.0057 0.0590 0.0055 0.2873 0.0167 0.5986 0.0325 0.0529 0.0603	HII
7.8000 -1.1250 -3.5000 2.6112 0.0870 0.0061 0.0227 0.0000 0.5309 0.0059 0.0582 0.0082 0.2739 0.0164 0.4856 0.0369 0.0597 0.0825	HII
7.8000 -1.1250 -3.2500 2.4020 0.1228 0.0153 0.0224 0.0000 1.1967 0.0054 0.0574 0.0114 0.2302 0.0162 0.3749 0.0411 0.0584 0.1054	HII
7.8000 -1.1250 -3.0000 1.9164 0.1619 0.0298 0.0221 0.0000 2.1068 0.0043 0.0567 0.0148 0.1709 0.0160 0.2779 0.0449 0.0492 0.1261	HII
7.8000 -1.1250 -2.7500 1.3851 0.2017 0.0476 0.0219 0.0000 3.0548 0.0031 0.0562 0.0179 0.1176 0.0158 0.2005 0.0479 0.0373 0.1419	HII
7.8000 -1.1250 -2.5000 0.9594 0.2417 0.0672 0.0218 0.0000 3.9263 0.0022 0.0558 0.0204 0.0790 0.0156 0.1432 0.0494 0.0268 0.1510	HII
7.8000 -1.1250 -2.2500 0.6643 0.2815 0.0880 0.0216 0.0000 4.7021 0.0015 0.0555 0.0219 0.0536 0.0155 0.1028 0.0486 0.0193 0.1515	HII
7.8000 -1.1250 -2.0000 0.4721 0.3211 0.1101 0.0215 0.0000 5.4033 0.0011 0.0553 0.0221 0.0376 0.0155 0.0755 0.0453 0.0141 0.1436	HII
7.8000 -1.1250 -1.7500 0.3481 0.3608 0.1337 0.0214 0.0000 6.0544 0.0000 0.0552 0.0210 0.0276 0.0154 0.0574 0.0403 0.0106 0.1289	HII
7.8000 -1.1250 -1.5000 0.2668 0.4009 0.1592 0.0213 0.0000 6.6796 0.0000 0.0550 0.0190 0.0211 0.0153 0.0455 0.0346 0.0082 0.1106	HII
7.9000 -1.1250 -4.0000 2.5132 0.0408 0.0000 0.0233 0.0000 0.0693 0.0057 0.0598 0.0039 0.3339 0.0169 0.8486 0.0426 0.0474 0.0499	HII
7.9000 -1.1250 -3.7500 2.8695 0.0650 0.0020 0.0231 0.0000 0.2166 0.0065 0.0592 0.0062 0.3450 0.0167 0.7246 0.0490 0.0586 0.0722	HII
7.9000 -1.1250 -3.5000 3.0191 0.0982 0.0063 0.0228 0.0000 0.6025 0.0068 0.0584 0.0093 0.3299 0.0165 0.5886 0.0555 0.0661 0.0986	HII
7.9000 -1.1250 -3.2500 2.7825 0.1384 0.0158 0.0225 0.0000 1.3536 0.0062 0.0576 0.0128 0.2785 0.0163 0.4545 0.0617 0.0649 0.1256	HII
7.9000 -1.1250 -3.0000 2.2262 0.1813 0.0305 0.0223 0.0000 2.3751 0.0050 0.0570 0.0164 0.2077 0.0161 0.3366 0.0671 0.0547 0.1497	HII
7.9000 -1.1250 -2.7500 1.6169 0.2245 0.0483 0.0221 0.0000 3.4346 0.0036 0.0565 0.0197 0.1434 0.0159 0.2427 0.0713 0.0418 0.1679	HII
7.9000 -1.1250 -2.5000 1.1247 0.2674 0.0678 0.0219 0.0000 4.4017 0.0026 0.0561 0.0224 0.0964 0.0158 0.1732 0.0732 0.0303 0.1781	HII
7.9000 -1.1250 -2.2500 0.7808 0.3100 0.0884 0.0218 0.0000 5.2606 0.0018 0.0559 0.0239 0.0654 0.0157 0.1242 0.0721 0.0218 0.1786	HII
7.9000 -1.1250 -2.0000 0.5557 0.3525 0.1103 0.0217 0.0000 6.0390 0.0013 0.0557 0.0241 0.0458 0.0156 0.0912 0.0674 0.0159 0.1692	HII
7.9000 -1.1250 -1.7500 0.4102 0.3958 0.1340 0.0216 0.0000 6.7711 0.0000 0.0556 0.0230 0.0335 0.0155 0.0693 0.0601 0.0121 0.1521	HII
7.9000 -1.1250 -1.5000 0.3147 0.4404 0.1601 0.0215 0.0000 7.4811 0.0000 0.0554 0.0209 0.0256 0.0155 0.0548 0.0517 0.0095 0.1311	HII
8.0000 -1.1250 -4.0000 2.8424 0.0449 0.0000 0.0234 0.0000 0.0776 0.0063 0.0599 0.0043 0.3951 0.0170 1.0126 0.0400 0.0511 0.0590	HII
8.0000 -1.1250 -3.7500 3.2514 0.0718 0.0020 0.0231 0.0000 0.2417 0.0072 0.0593 0.0069 0.4093 0.0168 0.8676 0.0460 0.0632 0.0853	HII
8.0000 -1.1250 -3.5000 3.4220 0.1085 0.0064 0.0229 0.0000 0.6693 0.0076 0.0586 0.0103 0.3927 0.0166 0.7064 0.0521 0.0713 0.1164	HII
8.0000 -1.1250 -3.2500 3.1545 0.1521 0.0156 0.0226 0.0000 1.4940 0.0069 0.0579 0.0140 0.3330 0.0163 0.5456 0.0577 0.0698 0.1478	HII
8.0000 -1.1250 -3.0000 2.5354 0.1981 0.0298 0.0224 0.0000 2.6124 0.0056 0.0573 0.0178 0.2497 0.0162 0.4038 0.0624 0.0593 0.1753	HII
8.0000 -1.1250 -2.7500 1.8527 0.2437 0.0469 0.0222 0.0000 3.7711 0.0041 0.0569 0.0212 0.1731 0.0160 0.2910 0.0659 0.0456 0.1959	HII
8.0000 -1.1250 -2.5000 1.2962 0.2887 0.0656 0.0220 0.0000 4.8274 0.0029 0.0565 0.0239 0.1166 0.0159 0.2075 0.0676 0.0333 0.2073	HII
8.0000 -1.1250 -2.2500 0.9037 0.3333 0.0854 0.0219 0.0000 5.7624 0.0021 0.0563 0.0255 0.0791 0.0158 0.1489 0.0665 0.0242 0.2077	HII
8.0000 -1.1250 -2.0000 0.6452 0.3788 0.1068 0.0218 0.0000 6.6194 0.0015 0.0561 0.0258 0.0554 0.0157 0.1092 0.0624 0.0178 0.1970	HII
8.0000 -1.1250 -1.7500 0.4773 0.4254 0.1301 0.0218 0.0000 7.4327 0.0011 0.0559 0.0247 0.0404 0.0157 0.0830 0.0559 0.0135 0.1775	HII
8.0000 -1.1250 -1.5000 0.3668 0.4743 0.1561 0.0217 0.0000 8.2342 0.0000 0.0558 0.0226 0.0308 0.0156 0.0655 0.0483 0.0106 0.1534	HII
8.1000 -1.1250 -4.0000 3.0582 0.0471 0.0000 0.0234 0.0000 0.0828 0.0066 0.0600 0.0045 0.4543 0.0170 1.1779 0.0579 0.0511 0.0677	HII
8.1000 -1.1250 -3.7500 3.5186 0.0756 0.0019 0.0232 0.0000 0.2581 0.0076 0.0595 0.0073 0.4729 0.0169 1.0162 0.0669 0.0638 0.0982	HII
8.1000 -1.1250 -3.5000 3.7208 0.1147 0.0059 0.0230 0.0000 0.7134 0.0081 0.0589 0.0108 0.4563 0.0167 0.8311 0.0757 0.0724 0.1341	HII
8.1000 -1.1250 -3.2500 3.4499 0.1607 0.0144 0.0227 0.0000 1.5890 0.0075 0.0582 0.0147 0.3899 0.0165 0.6435 0.0835 0.0715 0.1701	HII
8.1000 -1.1250 -3.0000 2.7954 0.2084 0.0273 0.0225 0.0000 2.7728 0.0061 0.0576 0.0185 0.2947 0.0163 0.4768 0.0900 0.0614 0.2012	HII
8.1000 -1.1250 -2.7500 2.0637 0.2554 0.0430 0.0223 0.0000 4.0049 0.0046 0.0572 0.0219 0.2057 0.0161 0.3438 0.0947 0.0478 0.2243	HII
8.1000 -1.1250 -2.5000 1.4568 0.3014 0.0601 0.0222 0.0000 5.1320 0.0033 0.0569 0.0247 0.1391 0.0160 0.2454 0.0969 0.0354 0.2371	HII
8.1000 -1.1250 -2.2500 1.0229 0.3474 0.0785 0.0221 0.0000 6.1395 0.0023 0.0566 0.0263 0.0945 0.0159 0.1761 0.0955 0.0259 0.2376	HII
8.1000 -1.1250 -2.0000 0.7338 0.3948 0.0985 0.0220 0.0000 7.0675 0.0017 0.0565 0.0267 0.0661 0.0159 0.1293 0.0900 0.0194 0.2257	HII
8.1000 -1.1250 -1.7500 0.5452 0.4447 0.1208 0.0219 0.0000 7.9630 0.0013 0.0563 0.0257 0.0482 0.0158 0.0982 0.0811 0.0149 0.2041	HII
8.1000 -1.1250 -1.5000 0.4203 0.4977 0.1461 0.0218 0.0000 8.8588 0.0010 0.0562 0.0238 0.0367 0.0157 0.0776 0.0705 0.0117 0.1770	HII
8.2000 -1.1250 -4.0000 3.1311 0.0459 0.0000 0.0233 0.0000 0.0833 0.0065 0.0599 0.0045 0.5063 0.0170 1.3333 0.0512 0.0477 0.0753	HII
8.2000 -1.1250 -3.7500 3.6504 0.0749 0.0016 0.0232 0.0000 0.2618 0.0077 0.0595 0.0072 0.5322 0.0169 1.1636 0.0596 0.0607 0.1100	HII
8.2000 -1.1250 -3.5000 3.8977 0.1148 0.0051 0.0230 0.0000 0.7259 0.0082 0.0590 0.0108 0.5183 0.0167 0.9590 0.0676 0.0697 0.1508	HII
8.2000 -1.1250 -3.2500 3.6471 0.1614 0.0123 0.0228 0.0000 1.6169 0.0077 0.0584 0.0147 0.4473 0.0165 0.7455 0.0746 0.0697 0.1914	HII
8.2000 -1.1250 -3.0000 2.9896 0.2093 0.0233 0.0226 0.0000 2.8245 0.0064 0.0579 0.0185 0.3416 0.0164 0.5533 0.0800 0.0607 0.2260	HII
8.2000 -1.1250 -2.7500 2.2359 0.2562 0.0366 0.0224 0.0000 4.0899 0.0048 0.0575 0.0218 0.2405 0.0162 0.3994 0.0839 0.0482 0.2516	HII
8.2000 -1.1250 -2.5000 1.5976 0.3021 0.0516 0.0223 0.0000 5.2621 0.0035 0.0572 0.0244 0.1636 0.0161 0.2854 0.0859 0.0365 0.2661	HII
8.2000 -1.1250 -2.2500 1.1324 0.3484 0.0678 0.0222 0.0000 6.3197 0.0026 0.0570 0.0262 0.1115 0.0161 0.2052 0.0849 0.0272 0.2674	HII
8.2000 -1.1250 -2.0000 0.8183 0.3966 0.0857 0.0221 0.0000 7.3032 0.0019 0.0569 0.0267 0.0782 0.0160 0.1507 0.0805 0.0203 0.2551	HII
8.2000 -1.1250 -1.7500 0.6109 0.4482 0.1060 0.0221 0.0000 8.2677 0.0014 0.0567 0.0260 0.0570 0.0159 0.1147 0.0731 0.0158 0.2318	HII
8.2000 -1.1250 -1.5000 0.4729 0.5042 0.1294 0.0220 0.0000 9.2480 0.0011 0.0566 0.0243 0.0433 0.0159 0.0907 0.0640 0.0126 0.2023	HII
8.3000 -1.1250 -4.0000 2.8550 0.0385 0.0000 0.0230 0.0000 0.0739 0.0056 0.0594 0.0038 0.5258 0.0169 1.4171 0.0665 0.0377 0.0779	HII
8.3000 -1.1250 -3.7500 3.4311 0.0651 0.0011 0.0231 0.0000 0.2376 0.0068 0.0593 0.0064 0.5640 0.0168 1.2648 0.0789 0.0500 0.1158	HII
8.3000 -1.1250 -3.5000 3.7581 0.1027 0.0037 0.0230 0.0000 0.6709 0.0076 0.0590 0.0098 0.5600 0.0167 1.0601 0.0908 0.0597 0.1612	HII
8.3000 -1.1250 -3.2500 3.6022 0.1476 0.0091 0.0228 0.0000 1.5179 0.0073 0.0586 0.0136 0.4928 0.0166 0.8332 0.1008 0.0615 0.2064	HII
8.3000 -1.1250 -3.0000 3.0167 0.1937 0.0175 0.0227 0.0000 2.6804 0.0062 0.0582 0.0171 0.3827 0.0165 0.6220 0.1081 0.0551 0.2445	HII
8.3000 -1.1250 -2.7500 2.3036 0.2387 0.0279 0.0225 0.0000 3.9204 0.0049 0.0579 0.0201 0.2731 0.0164 0.4506 0.1134 0.0451 0.2729	HII
8.3000 -1.1250 -2.5000 1.6771 0.2830 0.0397 0.0224 0.0000 5.0886 0.0036 0.0576 0.0227 0.1877 0.0163 0.3228 0.1163 0.0350 0.2897	HII
8.3000 -1.1250 -2.2500 1.2060 0.3279 0.0529 0.0223 0.0000 6.1578 0.0027 0.0574 0.0245 0.1287 0.0162 0.2326 0.1157 0.0267 0.2928	HII
8.3000 -1.1250 -2.0000 0.8806 0.3753 0.0678 0.0223 0.0000 7.1680 0.0020 0.0573 0.0253 0.0905 0.0162 0.1714 0.1107 0.0205 0.2817	HII
8.3000 -1.1250 -1.7500 0.6628 0.4264 0.0849 0.0222 0.0000 8.1645 0.0015 0.0572 0.0250 0.0661 0.0161 0.1306 0.1017 0.0160 0.2583	HII
8.3000 -1.1250 -1.5000 0.5166 0.4835 0.1052 0.0221 0.0000 9.2049 0.0012 0.0570 0.0238 0.0503 0.0161 0.1036 0.0902 0.0129 0.2277	HII
8.4000 -1.1250 -4.0000 2.3995 0.0297 0.0000 0.0227 0.0000 0.0614 0.0044 0.0588 0.0030 0.5194 0.0167 1.4366 0.0520 0.0265 0.0773	HII
8.4000 -1.1250 -3.7500 3.0200 0.0529 0.0000 0.0229 0.0000 0.2042 0.0057 0.0591 0.0053 0.5742 0.0168 1.3241 0.0635 0.0374 0.1180	HII
8.4000 -1.1250 -3.5000 3.4413 0.0871 0.0025 0.0229 0.0000 0.5941 0.0066 0.0590 0.0085 0.5859 0.0167 1.1377 0.0747 0.0473 0.1679	HII
8.4000 -1.1250 -3.2500 3.3950 0.1286 0.0063 0.0228 0.0000 1.3683 0.0066 0.0587 0.0119 0.5273 0.0167 0.9075 0.0837 0.0508 0.2176	HII
8.4000 -1.1250 -3.0000 2.9232 0.1717 0.0122 0.0227 0.0000 2.4509 0.0058 0.0585 0.0151 0.4180 0.0166 0.6837 0.0902 0.0473 0.2595	HII
8.4000 -1.1250 -2.7500 2.2869 0.2139 0.0198 0.0226 0.0000 3.6271 0.0046 0.0582 0.0179 0.3031 0.0165 0.4979 0.0947 0.0401 0.2906	HII
8.4000 -1.1250 -2.5000 1.6983 0.2553 0.0288 0.0225 0.0000 4.7572 0.0036 0.0580 0.0203 0.2106 0.0164 0.3581 0.0973 0.0320 0.3097	HII
8.4000 -1.1250 -2.2500 1.2423 0.2977 0.0390 0.0225 0.0000 5.8115 0.0027 0.0578 0.0221 0.1456 0.0164 0.2589 0.0974 0.0250 0.3150	HII
8.4000 -1.1250 -2.0000 0.9194 0.3427 0.0507 0.0224 0.0000 6.8206 0.0020 0.0577 0.0231 0.1028 0.0163 0.1914 0.0941 0.0196 0.3054	HII
8.4000 -1.1250 -1.7500 0.6991 0.3918 0.0644 0.0223 0.0000 7.8278 0.0016 0.0576 0.0231 0.0753 0.0163 0.1462 0.0874 0.0156 0.2825	HII
8.4000 -1.1250 -1.5000 0.5495 0.4477 0.0810 0.0223 0.0000 8.8937 0.0013 0.0575 0.0224 0.0575 0.0162 0.1164 0.0784 0.0128 0.2513	HII
8.5000 -1.1250 -4.0000 1.6361 0.0159 0.0000 0.0223 0.0000 0.0378 0.0027 0.0578 0.0019 0.4514 0.0165 1.2781 0.0567 0.0137 0.0693	HII
8.5000 -1.1250 -3.7500 2.2322 0.0313 0.0000 0.0226 0.0000 0.1344 0.0038 0.0586 0.0036 0.5245 0.0167 1.2397 0.0729 0.0219 0.1102	HII
8.5000 -1.1250 -3.5000 2.7689 0.0571 0.0012 0.0228 0.0000 0.4231 0.0048 0.0588 0.0063 0.5643 0.0167 1.1153 0.0897 0.0309 0.1637	HII
8.5000 -1.1250 -3.2500 2.9365 0.0916 0.0034 0.0228 0.0000 1.0451 0.0052 0.0588 0.0094 0.5312 0.0167 0.9176 0.1038 0.0365 0.2190	HII
8.5000 -1.1250 -3.0000 2.6753 0.1298 0.0070 0.0227 0.0000 1.9692 0.0048 0.0587 0.0123 0.4357 0.0167 0.7032 0.1136 0.0365 0.2655	HII
8.5000 -1.1250 -2.7500 2.1822 0.1677 0.0119 0.0227 0.0000 3.0150 0.0040 0.0585 0.0147 0.3234 0.0166 0.5163 0.1200 0.0326 0.2997	HII
8.5000 -1.1250 -2.5000 1.6735 0.2057 0.0178 0.0226 0.0000 4.0593 0.0032 0.0584 0.0168 0.2282 0.0166 0.3732 0.1242 0.0272 0.3224	HII
8.5000 -1.1250 -2.2500 1.2518 0.2449 0.0248 0.0226 0.0000 5.0636 0.0025 0.0583 0.0186 0.1592 0.0165 0.2710 0.1261 0.0221 0.3327	HII
8.5000 -1.1250 -2.0000 0.9404 0.2865 0.0332 0.0225 0.0000 6.0367 0.0019 0.0582 0.0199 0.1129 0.0165 0.2010 0.1244 0.0178 0.3286	HII
8.5000 -1.1250 -1.7500 0.7228 0.3321 0.0431 0.0225 0.0000 7.0188 0.0015 0.0581 0.0205 0.0829 0.0164 0.1541 0.1185 0.0145 0.3106	HII
8.5000 -1.1250 -1.5000 0.5715 0.3837 0.0552 0.0224 0.0000 8.0609 0.0012 0.0580 0.0204 0.0633 0.0164 0.1231 0.1090 0.0121 0.2821	HII
8.6000 -1.1250 -4.0000 0.9570 0.0057 0.0000 0.0217 0.0000 0.0171 0.0013 0.0567 0.0010 0.3574 0.0162 1.0279 0.0358 0.0049 0.0585	HII
8.6000 -1.1250 -3.7500 1.4357 0.0127 0.0000 0.0223 0.0000 0.0658 0.0021 0.0580 0.0022 0.4392 0.0165 1.0538 0.0487 0.0103 0.0971	HII
8.6000 -1.1250 -3.5000 2.0238 0.0272 0.0000 0.0226 0.0000 0.2353 0.0031 0.0586 0.0043 0.5094 0.0167 1.0111 0.0643 0.0174 0.1535	HII
8.6000 -1.1250 -3.2500 2.4361 0.0509 0.0015 0.0227 0.0000 0.6636 0.0037 0.0588 0.0070 0.5147 0.0167 0.8754 0.0787 0.0241 0.2166	HII
8.6000 -1.1250 -3.0000 2.4248 0.0802 0.0034 0.0227 0.0000 1.3791 0.0037 0.0588 0.0097 0.4405 0.0167 0.6861 0.0885 0.0268 0.2696	HII
8.6000 -1.1250 -2.7500 2.1105 0.1120 0.0062 0.0227 0.0000 2.2531 0.0033 0.0588 0.0118 0.3360 0.0167 0.5083 0.0945 0.0259 0.3076	HII
8.6000 -1.1250 -2.5000 1.6918 0.1451 0.0097 0.0227 0.0000 3.1700 0.0026 0.0588 0.0135 0.2406 0.0167 0.3680 0.0984 0.0228 0.3334	HII
8.6000 -1.1250 -2.2500 1.3015 0.1801 0.0140 0.0227 0.0000 4.0872 0.0021 0.0588 0.0151 0.1688 0.0167 0.2672 0.1014 0.0193 0.3494	HII
8.6000 -1.1250 -2.0000 0.9931 0.2179 0.0193 0.0227 0.0000 4.9999 0.0016 0.0587 0.0166 0.1198 0.0166 0.1981 0.1029 0.0159 0.3546	HII
8.6000 -1.1250 -1.7500 0.7675 0.2588 0.0257 0.0226 0.0000 5.9209 0.0013 0.0587 0.0177 0.0876 0.0166 0.1519 0.1018 0.0132 0.3467	HII
8.6000 -1.1250 -1.5000 0.6079 0.3048 0.0337 0.0226 0.0000 6.8966 0.0011 0.0586 0.0183 0.0666 0.0166 0.1213 0.0979 0.0110 0.3266	HII
8.7000 -1.1250 -4.0000 0.4280 0.0016 0.0000 0.0213 0.0000 0.0064 0.0000 0.0560 0.0000 0.2429 0.0160 0.7206 0.0314 0.0000 0.0439	HII
8.7000 -1.1250 -3.7500 0.6976 0.0039 0.0000 0.0221 0.0000 0.0255 0.0000 0.0578 0.0000 0.3125 0.0165 0.7786 0.0446 0.0014 0.0748	HII
8.7000 -1.1250 -3.5000 1.1411 0.0099 0.0000 0.0225 0.0000 0.1069 0.0015 0.0587 0.0022 0.3954 0.0167 0.8084 0.0639 0.0059 0.1271	HII
8.7000 -1.1250 -3.2500 1.6605 0.0230 0.0000 0.0227 0.0000 0.3679 0.0022 0.0590 0.0044 0.4447 0.0168 0.7632 0.0864 0.0121 0.1972	HII
8.7000 -1.1250 -3.0000 1.9247 0.0427 0.0014 0.0227 0.0000 0.8837 0.0025 0.0591 0.0069 0.4119 0.0168 0.6348 0.1039 0.0164 0.2615	HII
8.7000 -1.1250 -2.7500 1.8396 0.0654 0.0028 0.0228 0.0000 1.5619 0.0023 0.0592 0.0088 0.3266 0.0168 0.4811 0.1136 0.0178 0.3054	HII
8.7000 -1.1250 -2.5000 1.5796 0.0909 0.0047 0.0228 0.0000 2.3117 0.0020 0.0592 0.0103 0.2393 0.0168 0.3515 0.1194 0.0172 0.3341	HII
8.7000 -1.1250 -2.2500 1.2754 0.1194 0.0071 0.0228 0.0000 3.0962 0.0016 0.0592 0.0116 0.1697 0.0168 0.2558 0.1240 0.0154 0.3537	HII
8.7000 -1.1250 -2.0000 1.0024 0.1516 0.0103 0.0228 0.0000 3.9114 0.0013 0.0592 0.0129 0.1207 0.0168 0.1898 0.1282 0.0132 0.3657	HII
8.7000 -1.1250 -1.7500 0.7889 0.1876 0.0142 0.0228 0.0000 4.7592 0.0011 0.0592 0.0142 0.0881 0.0168 0.1456 0.1309 0.0113 0.3679	HII
8.7000 -1.1250 -1.5000 0.6294 0.2281 0.0192 0.0227 0.0000 5.6651 0.0000 0.0591 0.0152 0.0668 0.0167 0.1163 0.1309 0.0095 0.3585	HII
8.8000 -1.1250 -4.0000 0.1740 0.0000 0.0000 0.0210 0.0000 0.0023 0.0000 0.0555 0.0000 0.1567 0.0158 0.4795 0.0167 0.0000 0.0319	HII
8.8000 -1.1250 -3.7500 0.3046 0.0011 0.0000 0.0220 0.0000 0.0092 0.0000 0.0578 0.0000 0.2091 0.0165 0.5435 0.0245 0.0000 0.0553	HII
8.8000 -1.1250 -3.5000 0.5510 0.0032 0.0000 0.0225 0.0000 0.0425 0.0000 0.0590 0.0000 0.2807 0.0168 0.6002 0.0370 0.0000 0.0984	HII
8.8000 -1.1250 -3.2500 0.9730 0.0090 0.0000 0.0227 0.0000 0.1821 0.0011 0.0593 0.0024 0.3525 0.0169 0.6229 0.0556 0.0042 0.1685	HII
8.8000 -1.1250 -3.0000 1.3746 0.0203 0.0000 0.0228 0.0000 0.5257 0.0015 0.0594 0.0045 0.3627 0.0169 0.5651 0.0737 0.0086 0.2444	HII
8.8000 -1.1250 -2.7500 1.5007 0.0350 0.0012 0.0228 0.0000 1.0288 0.0016 0.0595 0.0063 0.3053 0.0169 0.4477 0.0845 0.0113 0.2981	HII
8.8000 -1.1250 -2.5000 1.4083 0.0517 0.0021 0.0229 0.0000 1.6024 0.0014 0.0596 0.0076 0.2305 0.0169 0.3324 0.0899 0.0122 0.3302	HII
8.8000 -1.1250 -2.2500 1.2159 0.0718 0.0034 0.0229 0.0000 2.2300 0.0012 0.0597 0.0087 0.1660 0.0170 0.2432 0.0938 0.0120 0.3515	HII
8.8000 -1.1250 -2.0000 1.0015 0.0963 0.0052 0.0229 0.0000 2.9134 0.0000 0.0597 0.0098 0.1186 0.0169 0.1804 0.0977 0.0108 0.3671	HII
8.8000 -1.1250 -1.7500 0.8109 0.1259 0.0075 0.0229 0.0000 3.6606 0.0000 0.0597 0.0110 0.0864 0.0169 0.1384 0.1018 0.0095 0.3771	HII
8.8000 -1.1250 -1.5000 0.6572 0.1605 0.0105 0.0229 0.0000 4.4804 0.0000 0.0597 0.0121 0.0652 0.0169 0.1104 0.1051 0.0085 0.3783	HII
8.9000 -1.1250 -4.0000 0.0438 0.0000 0.0000 0.0180 0.0000 0.0012 0.0000 0.0480 0.0000 0.0715 0.0139 0.1846 0.0101 0.0000 0.0209	HII
8.9000 -1.1250 -3.7500 0.0659 0.0000 0.0000 0.0197 0.0000 0.0044 0.0000 0.0524 0.0000 0.0867 0.0151 0.1894 0.0143 0.0000 0.0358	HII
8.9000 -1.1250 -3.5000 0.1410 0.0000 0.0000 0.0220 0.0000 0.0089 0.0000 0.0581 0.0000 0.1372 0.0166 0.3187 0.0229 0.0000 0.0537	HII
8.9000 -1.1250 -3.2500 0.3057 0.0015 0.0000 0.0225 0.0000 0.0490 0.0000 0.0592 0.0000 0.1969 0.0169 0.3741 0.0390 0.0000 0.1041	HII
8.9000 -1.1250 -3.0000 0.5873 0.0048 0.0000 0.0227 0.0000 0.1955 0.0000 0.0595 0.0017 0.2444 0.0170 0.3970 0.0620 0.0000 0.1789	HII
8.9000 -1.1250 -2.7500 0.8436 0.0105 0.0000 0.0228 0.0000 0.4725 0.0000 0.0596 0.0030 0.2404 0.0170 0.3552 0.0814 0.0016 0.2462	HII
8.9000 -1.1250 -2.5000 0.9654 0.0176 0.0000 0.0229 0.0000 0.8169 0.0000 0.0598 0.0043 0.1995 0.0170 0.2810 0.0925 0.0050 0.2888	HII
8.9000 -1.1250 -2.2500 0.9696 0.0261 0.0011 0.0229 0.0000 1.2049 0.0000 0.0600 0.0053 0.1517 0.0170 0.2113 0.0988 0.0059 0.3145	HII
8.9000 -1.1250 -2.0000 0.8987 0.0377 0.0017 0.0229 0.0000 1.6517 0.0000 0.0601 0.0061 0.1113 0.0171 0.1581 0.1040 0.0073 0.3329	HII
8.9000 -1.1250 -1.7500 0.7884 0.0542 0.0027 0.0229 0.0000 2.1789 0.0000 0.0601 0.0070 0.0816 0.0170 0.1211 0.1099 0.0073 0.3484	HII
8.9000 -1.1250 -1.5000 0.6690 0.0770 0.0040 0.0229 0.0000 2.8010 0.0000 0.0601 0.0079 0.0613 0.0170 0.0962 0.1166 0.0059 0.3601	HII
9.0000 -1.1250 -4.0000 0.0044 0.0000 0.0000 0.0097 0.0000 0.0000 0.0000 0.0259 0.0000 0.0172 0.0074 0.0485 0.0018 0.0000 0.0055	HII
9.0000 -1.1250 -3.7500 0.0083 0.0000 0.0000 0.0108 0.0000 0.0000 0.0000 0.0286 0.0000 0.0238 0.0082 0.0573 0.0030 0.0000 0.0106	HII
9.0000 -1.1250 -3.5000 0.0212 0.0000 0.0000 0.0115 0.0000 0.0026 0.0000 0.0305 0.0000 0.0383 0.0087 0.0762 0.0057 0.0000 0.0226	HII
9.0000 -1.1250 -3.2500 0.0783 0.0000 0.0000 0.0199 0.0000 0.0197 0.0000 0.0530 0.0000 0.0847 0.0153 0.1411 0.0157 0.0000 0.0682	HII
9.0000 -1.1250 -3.0000 0.1145 0.0000 0.0000 0.0220 0.0000 0.0326 0.0000 0.0584 0.0000 0.1078 0.0167 0.1890 0.0200 0.0000 0.0858	HII
9.0000 -1.1250 -2.7500 0.2488 0.0013 0.0000 0.0224 0.0000 0.1127 0.0000 0.0591 0.0000 0.1400 0.0168 0.2127 0.0341 0.0000 0.1504	HII
9.0000 -1.1250 -2.5000 0.4443 0.0028 0.0000 0.0226 0.0000 0.2459 0.0000 0.0595 0.0016 0.1509 0.0169 0.2051 0.0485 0.0000 0.2144	HII
9.0000 -1.1250 -2.2500 0.6748 0.0047 0.0000 0.0227 0.0000 0.4106 0.0000 0.0598 0.0027 0.1398 0.0170 0.1765 0.0604 0.0012 0.2654	HII
9.0000 -1.1250 -2.0000 0.9139 0.0067 0.0000 0.0228 0.0000 0.5847 0.0000 0.0600 0.0039 0.1165 0.0170 0.1426 0.0697 0.0046 0.3035	HII
9.0000 -1.1250 -1.7500 1.0911 0.0091 0.0000 0.0228 0.0000 0.7835 0.0000 0.0601 0.0051 0.0902 0.0170 0.1119 0.0759 0.0078 0.3275	HII
9.0000 -1.1250 -1.5000 1.1288 0.0132 0.0000 0.0228 0.0000 1.0538 0.0000 0.0602 0.0058 0.0675 0.0170 0.0876 0.0793 0.0093 0.3382	HII
9.1000 -1.1250 -4.0000 0.0000 0.0000 0.0000 0.0078 0.0000 0.0000 0.0000 0.0210 0.0000 0.0029 0.0060 0.0089 0.0000 0.0000 0.0012	HII
9.1000 -1.1250 -3.7500 0.0000 0.0000 0.0000 0.0090 0.0000 0.0000 0.0000 0.0242 0.0000 0.0044 0.0069 0.0119 0.0000 0.0000 0.0024	HII
9.1000 -1.1250 -3.5000 0.0000 0.0000 0.0000 0.0100 0.0000 0.0000 0.0000 0.0268 0.0000 0.0075 0.0076 0.0173 0.0014 0.0000 0.0056	HII
9.1000 -1.1250 -3.2500 0.0053 0.0000 0.0000 0.0107 0.0000 0.0013 0.0000 0.0284 0.0000 0.0170 0.0081 0.0318 0.0037 0.0000 0.0156	HII
9.1000 -1.1250 -3.0000 0.0316 0.0000 0.0000 0.0116 0.0000 0.0125 0.0000 0.0306 0.0000 0.0390 0.0087 0.0612 0.0113 0.0000 0.0455	HII
9.1000 -1.1250 -2.7500 0.0738 0.0000 0.0000 0.0202 0.0000 0.0547 0.0000 0.0535 0.0000 0.0553 0.0154 0.0818 0.0245 0.0000 0.1032	HII
9.1000 -1.1250 -2.5000 0.0747 0.0000 0.0000 0.0216 0.0000 0.0979 0.0000 0.0572 0.0000 0.0387 0.0164 0.0571 0.0280 0.0000 0.1232	HII
9.1000 -1.1250 -2.2500 0.0055 0.0000 0.0013 0.0059 0.0000 0.0512 0.0000 0.0161 0.0000 0.0025 0.0052 0.0058 0.0057 0.0000 0.0280	HII
9.1000 -1.1250 -2.0000 0.0262 0.0000 0.0000 0.0175 0.0000 0.1504 0.0000 0.0465 0.0000 0.0083 0.0134 0.0136 0.0208 0.0000 0.0977	HII
9.1000 -1.1250 -1.7500 0.0101 0.0000 0.0000 0.0135 0.0000 0.1168 0.0000 0.0356 0.0000 0.0032 0.0101 0.0052 0.0141 0.0000 0.0681	HII
9.1000 -1.1250 -1.5000 0.0045 0.0000 0.0000 0.0137 0.0000 0.1004 0.0000 0.0361 0.0000 0.0016 0.0103 0.0024 0.0115 0.0000 0.0572	HII
6.9000 -1.0000 -4.0000 0.3444 0.0107 0.0000 0.0234 0.0000 0.0103 0.0011 0.0599 0.0000 0.0534 0.0169 0.0997 0.0053 0.0077 0.0060	HII
6.9000 -1.0000 -3.7500 0.3948 0.0167 0.0000 0.0229 0.0000 0.0331 0.0013 0.0586 0.0000 0.0547 0.0165 0.0842 0.0060 0.0095 0.0088	HII
6.9000 -1.0000 -3.5000 0.4154 0.0249 0.0014 0.0224 0.0000 0.0932 0.0013 0.0573 0.0014 0.0514 0.0161 0.0682 0.0068 0.0108 0.0120	HII
6.9000 -1.0000 -3.2500 0.3793 0.0351 0.0036 0.0219 0.0000 0.2113 0.0012 0.0561 0.0020 0.0422 0.0158 0.0527 0.0077 0.0105 0.0155	HII
6.9000 -1.0000 -3.0000 0.2986 0.0468 0.0072 0.0215 0.0000 0.3744 0.0000 0.0551 0.0027 0.0307 0.0154 0.0392 0.0085 0.0087 0.0188	HII
6.9000 -1.0000 -2.7500 0.2133 0.0598 0.0120 0.0211 0.0000 0.5501 0.0000 0.0542 0.0034 0.0209 0.0151 0.0284 0.0092 0.0056 0.0214	HII
6.9000 -1.0000 -2.5000 0.1469 0.0741 0.0179 0.0208 0.0000 0.7217 0.0000 0.0534 0.0040 0.0141 0.0149 0.0205 0.0095 0.0040 0.0230	HII
6.9000 -1.0000 -2.2500 0.1018 0.0896 0.0248 0.0205 0.0000 0.8861 0.0000 0.0529 0.0044 0.0097 0.0147 0.0147 0.0094 0.0014 0.0232	HII
6.9000 -1.0000 -2.0000 0.0729 0.1059 0.0328 0.0203 0.0000 1.0450 0.0000 0.0524 0.0046 0.0069 0.0145 0.0110 0.0088 0.0010 0.0222	HII
6.9000 -1.0000 -1.7500 0.0544 0.1227 0.0416 0.0201 0.0000 1.1973 0.0000 0.0521 0.0044 0.0052 0.0144 0.0084 0.0077 0.0000 0.0201	HII
6.9000 -1.0000 -1.5000 0.0423 0.1394 0.0512 0.0199 0.0010 1.3427 0.0000 0.0517 0.0041 0.0040 0.0142 0.0068 0.0066 0.0000 0.0174	HII
7.0000 -1.0000 -4.0000 0.4305 0.0084 0.0000 0.0234 0.0000 0.0128 0.0014 0.0600 0.0000 0.0670 0.0169 0.1250 0.0066 0.0095 0.0076	HII
7.0000 -1.0000 -3.7500 0.4935 0.0131 0.0000 0.0229 0.0000 0.0412 0.0016 0.0586 0.0012 0.0686 0.0165 0.1057 0.0075 0.0117 0.0110	HII
7.0000 -1.0000 -3.5000 0.5193 0.0196 0.0017 0.0224 0.0000 0.1160 0.0016 0.0573 0.0018 0.0644 0.0161 0.0855 0.0085 0.0134 0.0151	HII
7.0000 -1.0000 -3.2500 0.4744 0.0276 0.0044 0.0219 0.0000 0.2631 0.0014 0.0562 0.0025 0.0529 0.0158 0.0661 0.0096 0.0130 0.0194	HII
7.0000 -1.0000 -3.0000 0.3737 0.0368 0.0089 0.0215 0.0000 0.4661 0.0011 0.0551 0.0034 0.0386 0.0155 0.0492 0.0106 0.0109 0.0235	HII
7.0000 -1.0000 -2.7500 0.2671 0.0469 0.0148 0.0212 0.0000 0.6845 0.0000 0.0543 0.0042 0.0263 0.0152 0.0357 0.0115 0.0081 0.0268	HII
7.0000 -1.0000 -2.5000 0.1839 0.0580 0.0219 0.0209 0.0000 0.8969 0.0000 0.0536 0.0050 0.0177 0.0149 0.0256 0.0119 0.0051 0.0288	HII
7.0000 -1.0000 -2.2500 0.1275 0.0700 0.0303 0.0206 0.0000 1.0994 0.0000 0.0530 0.0055 0.0122 0.0147 0.0186 0.0118 0.0017 0.0291	HII
7.0000 -1.0000 -2.0000 0.0912 0.0824 0.0398 0.0204 0.0000 1.2931 0.0000 0.0526 0.0056 0.0087 0.0146 0.0138 0.0109 0.0013 0.0277	HII
7.0000 -1.0000 -1.7500 0.0679 0.0951 0.0502 0.0202 0.0000 1.4774 0.0000 0.0523 0.0054 0.0065 0.0144 0.0106 0.0097 0.0000 0.0250	HII
7.0000 -1.0000 -1.5000 0.0527 0.1077 0.0614 0.0200 0.0000 1.6525 0.0000 0.0520 0.0050 0.0051 0.0143 0.0084 0.0082 0.0000 0.0216	HII
7.1000 -1.0000 -4.0000 0.5375 0.0104 0.0000 0.0234 0.0000 0.0159 0.0017 0.0600 0.0000 0.0840 0.0169 0.1568 0.0082 0.0117 0.0095	HII
7.1000 -1.0000 -3.7500 0.6162 0.0163 0.0000 0.0229 0.0000 0.0512 0.0020 0.0587 0.0014 0.0860 0.0166 0.1326 0.0094 0.0146 0.0138	HII
7.1000 -1.0000 -3.5000 0.6487 0.0244 0.0021 0.0224 0.0000 0.1443 0.0020 0.0574 0.0022 0.0808 0.0162 0.1073 0.0107 0.0167 0.0189	HII
7.1000 -1.0000 -3.2500 0.5931 0.0343 0.0054 0.0220 0.0000 0.3272 0.0018 0.0562 0.0031 0.0665 0.0158 0.0829 0.0120 0.0163 0.0243	HII
7.1000 -1.0000 -3.0000 0.4676 0.0457 0.0109 0.0216 0.0000 0.5801 0.0014 0.0552 0.0042 0.0485 0.0155 0.0617 0.0133 0.0137 0.0294	HII
7.1000 -1.0000 -2.7500 0.3346 0.0584 0.0182 0.0212 0.0000 0.8523 0.0010 0.0544 0.0052 0.0331 0.0152 0.0448 0.0144 0.0102 0.0336	HII
7.1000 -1.0000 -2.5000 0.2305 0.0722 0.0270 0.0209 0.0000 1.1169 0.0000 0.0537 0.0062 0.0222 0.0150 0.0322 0.0149 0.0073 0.0360	HII
7.1000 -1.0000 -2.2500 0.1598 0.0870 0.0373 0.0207 0.0000 1.3692 0.0000 0.0531 0.0068 0.0153 0.0148 0.0233 0.0147 0.0045 0.0364	HII
7.1000 -1.0000 -2.0000 0.1144 0.1025 0.0490 0.0204 0.0000 1.6112 0.0000 0.0527 0.0070 0.0109 0.0146 0.0173 0.0137 0.0016 0.0347	HII
7.1000 -1.0000 -1.7500 0.0852 0.1184 0.0620 0.0203 0.0000 1.8433 0.0000 0.0524 0.0068 0.0082 0.0145 0.0133 0.0121 0.0012 0.0313	HII
7.1000 -1.0000 -1.5000 0.0660 0.1344 0.0762 0.0201 0.0000 2.0657 0.0000 0.0521 0.0062 0.0064 0.0143 0.0107 0.0103 0.0000 0.0272	HII
7.2000 -1.0000 -4.0000 0.6686 0.0128 0.0000 0.0234 0.0000 0.0197 0.0021 0.0600 0.0011 0.1050 0.0169 0.1962 0.0082 0.0145 0.0119	HII
7.2000 -1.0000 -3.7500 0.7665 0.0201 0.0000 0.0229 0.0000 0.0633 0.0024 0.0587 0.0018 0.1076 0.0166 0.1659 0.0093 0.0181 0.0172	HII
7.2000 -1.0000 -3.5000 0.8070 0.0301 0.0025 0.0225 0.0000 0.1783 0.0025 0.0575 0.0027 0.1012 0.0162 0.1343 0.0106 0.0206 0.0236	HII
7.2000 -1.0000 -3.2500 0.7384 0.0424 0.0066 0.0220 0.0000 0.4045 0.0022 0.0563 0.0039 0.0834 0.0158 0.1038 0.0119 0.0201 0.0304	HII
7.2000 -1.0000 -3.0000 0.5827 0.0564 0.0133 0.0216 0.0000 0.7169 0.0018 0.0553 0.0052 0.0609 0.0155 0.0772 0.0132 0.0168 0.0367	HII
7.2000 -1.0000 -2.7500 0.4172 0.0719 0.0220 0.0213 0.0000 1.0525 0.0013 0.0545 0.0065 0.0416 0.0152 0.0560 0.0142 0.0127 0.0419	HII
7.2000 -1.0000 -2.5000 0.2875 0.0887 0.0326 0.0210 0.0000 1.3770 0.0000 0.0539 0.0076 0.0280 0.0150 0.0403 0.0148 0.0091 0.0449	HII
7.2000 -1.0000 -2.2500 0.1993 0.1065 0.0447 0.0208 0.0000 1.6842 0.0000 0.0534 0.0084 0.0192 0.0148 0.0291 0.0146 0.0055 0.0454	HII
7.2000 -1.0000 -2.0000 0.1424 0.1251 0.0584 0.0206 0.0000 1.9761 0.0000 0.0530 0.0086 0.0137 0.0147 0.0216 0.0136 0.0040 0.0432	HII
7.2000 -1.0000 -1.7500 0.1059 0.1440 0.0735 0.0204 0.0000 2.2544 0.0000 0.0527 0.0082 0.0102 0.0146 0.0166 0.0120 0.0015 0.0389	HII
7.2000 -1.0000 -1.5000 0.0819 0.1628 0.0896 0.0202 0.0000 2.5189 0.0000 0.0524 0.0075 0.0079 0.0145 0.0133 0.0102 0.0011 0.0336	HII
7.3000 -1.0000 -4.0000 0.8282 0.0156 0.0000 0.0234 0.0000 0.0242 0.0026 0.0599 0.0014 0.1309 0.0169 0.2446 0.0128 0.0178 0.0148	HII
7.3000 -1.0000 -3.7500 0.9489 0.0244 0.0000 0.0229 0.0000 0.0775 0.0030 0.0587 0.0022 0.1343 0.0166 0.2071 0.0146 0.0223 0.0214	HII
7.3000 -1.0000 -3.5000 0.9997 0.0367 0.0030 0.0225 0.0000 0.2186 0.0031 0.0575 0.0033 0.1266 0.0162 0.1677 0.0166 0.0252 0.0294	HII
7.3000 -1.0000 -3.2500 0.9157 0.0518 0.0079 0.0221 0.0000 0.4958 0.0028 0.0564 0.0047 0.1046 0.0159 0.1295 0.0187 0.0246 0.0378	HII
7.3000 -1.0000 -3.0000 0.7238 0.0690 0.0159 0.0217 0.0000 0.8793 0.0022 0.0555 0.0063 0.0765 0.0156 0.0963 0.0206 0.0206 0.0457	HII
7.3000 -1.0000 -2.7500 0.5188 0.0879 0.0263 0.0214 0.0000 1.2903 0.0016 0.0547 0.0079 0.0523 0.0153 0.0698 0.0222 0.0156 0.0521	HII
7.3000 -1.0000 -2.5000 0.3577 0.1080 0.0387 0.0211 0.0000 1.6848 0.0011 0.0541 0.0093 0.0352 0.0151 0.0501 0.0231 0.0113 0.0559	HII
7.3000 -1.0000 -2.2500 0.2477 0.1293 0.0528 0.0209 0.0000 2.0551 0.0000 0.0537 0.0101 0.0241 0.0149 0.0363 0.0228 0.0081 0.0564	HII
7.3000 -1.0000 -2.0000 0.1768 0.1511 0.0684 0.0207 0.0000 2.4031 0.0000 0.0534 0.0104 0.0171 0.0148 0.0268 0.0212 0.0051 0.0536	HII
7.3000 -1.0000 -1.7500 0.1313 0.1731 0.0854 0.0205 0.0000 2.7320 0.0000 0.0531 0.0099 0.0127 0.0147 0.0206 0.0188 0.0028 0.0483	HII
7.3000 -1.0000 -1.5000 0.1013 0.1950 0.1036 0.0204 0.0000 3.0426 0.0000 0.0528 0.0090 0.0099 0.0146 0.0164 0.0160 0.0014 0.0416	HII
7.4000 -1.0000 -4.0000 1.0212 0.0188 0.0000 0.0234 0.0000 0.0295 0.0032 0.0598 0.0017 0.1627 0.0169 0.3046 0.0126 0.0218 0.0184	HII
7.4000 -1.0000 -3.7500 1.1697 0.0296 0.0011 0.0229 0.0000 0.0945 0.0037 0.0587 0.0027 0.1672 0.0166 0.2580 0.0144 0.0270 0.0266	HII
7.4000 -1.0000 -3.5000 1.2327 0.0445 0.0036 0.0225 0.0000 0.2663 0.0038 0.0576 0.0041 0.1580 0.0162 0.2089 0.0164 0.0308 0.0365	HII
7.4000 -1.0000 -3.2500 1.1308 0.0629 0.0094 0.0221 0.0000 0.6043 0.0034 0.0566 0.0058 0.1309 0.0159 0.1614 0.0184 0.0301 0.0470	HII
7.4000 -1.0000 -3.0000 0.8951 0.0838 0.0188 0.0218 0.0000 1.0716 0.0027 0.0557 0.0077 0.0960 0.0156 0.1199 0.0203 0.0253 0.0567	HII
7.4000 -1.0000 -2.7500 0.6423 0.1065 0.0310 0.0215 0.0000 1.5710 0.0019 0.0550 0.0096 0.0657 0.0154 0.0869 0.0219 0.0190 0.0646	HII
7.4000 -1.0000 -2.5000 0.4430 0.1305 0.0453 0.0212 0.0000 2.0463 0.0014 0.0544 0.0112 0.0442 0.0152 0.0623 0.0227 0.0137 0.0693	HII
7.4000 -1.0000 -2.2500 0.3067 0.1555 0.0614 0.0210 0.0000 2.4880 0.0000 0.0540 0.0122 0.0302 0.0150 0.0450 0.0224 0.0098 0.0698	HII
7.4000 -1.0000 -2.0000 0.2185 0.1808 0.0789 0.0209 0.0000 2.8983 0.0000 0.0537 0.0124 0.0214 0.0149 0.0333 0.0209 0.0062 0.0663	HII
7.4000 -1.0000 -1.7500 0.1619 0.2062 0.0978 0.0207 0.0000 3.2829 0.0000 0.0535 0.0119 0.0159 0.0148 0.0255 0.0185 0.0046 0.0596	HII
7.4000 -1.0000 -1.5000 0.1246 0.2313 0.1178 0.0206 0.0000 3.6454 0.0000 0.0532 0.0107 0.0123 0.0147 0.0203 0.0158 0.0017 0.0513	HII
7.5000 -1.0000 -4.0000 1.2495 0.0224 0.0000 0.0233 0.0000 0.0357 0.0039 0.0598 0.0020 0.2015 0.0169 0.3779 0.0195 0.0263 0.0227	HII
7.5000 -1.0000 -3.7500 1.4315 0.0355 0.0013 0.0230 0.0000 0.1142 0.0045 0.0588 0.0033 0.2073 0.0166 0.3203 0.0224 0.0326 0.0330	HII
7.5000 -1.0000 -3.5000 1.5091 0.0535 0.0043 0.0226 0.0000 0.3218 0.0047 0.0577 0.0050 0.1964 0.0163 0.2595 0.0255 0.0370 0.0452	HII
7.5000 -1.0000 -3.2500 1.3856 0.0757 0.0110 0.0222 0.0000 0.7297 0.0042 0.0568 0.0070 0.1633 0.0160 0.2005 0.0286 0.0365 0.0581	HII
7.5000 -1.0000 -3.0000 1.0991 0.1008 0.0219 0.0218 0.0000 1.2936 0.0033 0.0559 0.0092 0.1201 0.0157 0.1490 0.0315 0.0306 0.0700	HII
7.5000 -1.0000 -2.7500 0.7898 0.1277 0.0359 0.0216 0.0000 1.8939 0.0024 0.0553 0.0115 0.0823 0.0155 0.1079 0.0339 0.0230 0.0796	HII
7.5000 -1.0000 -2.5000 0.5450 0.1558 0.0520 0.0213 0.0000 2.4600 0.0017 0.0547 0.0134 0.0553 0.0153 0.0773 0.0352 0.0164 0.0853	HII
7.5000 -1.0000 -2.2500 0.3770 0.1847 0.0699 0.0212 0.0000 2.9791 0.0012 0.0544 0.0145 0.0377 0.0152 0.0557 0.0347 0.0117 0.0859	HII
7.5000 -1.0000 -2.0000 0.2684 0.2137 0.0891 0.0210 0.0000 3.4577 0.0000 0.0541 0.0147 0.0267 0.0151 0.0412 0.0323 0.0086 0.0815	HII
7.5000 -1.0000 -1.7500 0.1984 0.2425 0.1096 0.0209 0.0000 3.9021 0.0000 0.0539 0.0140 0.0197 0.0150 0.0315 0.0286 0.0055 0.0731	HII
7.5000 -1.0000 -1.5000 0.1524 0.2710 0.1314 0.0207 0.0000 4.3206 0.0000 0.0537 0.0126 0.0152 0.0149 0.0250 0.0244 0.0044 0.0628	HII
7.6000 -1.0000 -4.0000 1.5202 0.0266 0.0000 0.0233 0.0000 0.0429 0.0047 0.0597 0.0025 0.2487 0.0169 0.4677 0.0191 0.0314 0.0280	HII
7.6000 -1.0000 -3.7500 1.7406 0.0422 0.0015 0.0230 0.0000 0.1371 0.0054 0.0588 0.0039 0.2561 0.0166 0.3966 0.0219 0.0390 0.0406	HII
7.6000 -1.0000 -3.5000 1.8334 0.0638 0.0049 0.0226 0.0000 0.3854 0.0056 0.0578 0.0059 0.2431 0.0163 0.3214 0.0249 0.0443 0.0556	HII
7.6000 -1.0000 -3.2500 1.6852 0.0903 0.0126 0.0222 0.0000 0.8730 0.0051 0.0569 0.0084 0.2028 0.0160 0.2483 0.0279 0.0433 0.0714	HII
7.6000 -1.0000 -3.0000 1.3392 0.1200 0.0250 0.0219 0.0000 1.5455 0.0040 0.0562 0.0110 0.1496 0.0158 0.1843 0.0307 0.0365 0.0859	HII
7.6000 -1.0000 -2.7500 0.9637 0.1513 0.0407 0.0217 0.0000 2.2570 0.0029 0.0556 0.0136 0.1026 0.0156 0.1334 0.0329 0.0274 0.0974	HII
7.6000 -1.0000 -2.5000 0.6654 0.1836 0.0584 0.0215 0.0000 2.9228 0.0020 0.0551 0.0157 0.0689 0.0154 0.0954 0.0341 0.0197 0.1042	HII
7.6000 -1.0000 -2.2500 0.4602 0.2164 0.0777 0.0213 0.0000 3.5249 0.0014 0.0548 0.0170 0.0470 0.0153 0.0688 0.0336 0.0142 0.1049	HII
7.6000 -1.0000 -2.0000 0.3272 0.2491 0.0984 0.0212 0.0000 4.0745 0.0010 0.0545 0.0172 0.0331 0.0152 0.0506 0.0313 0.0103 0.0994	HII
7.6000 -1.0000 -1.7500 0.2415 0.2815 0.1203 0.0211 0.0000 4.5850 0.0000 0.0543 0.0163 0.0244 0.0151 0.0387 0.0278 0.0077 0.0891	HII
7.6000 -1.0000 -1.5000 0.1853 0.3136 0.1436 0.0209 0.0000 5.0647 0.0000 0.0541 0.0147 0.0188 0.0150 0.0307 0.0237 0.0051 0.0764	HII
7.7000 -1.0000 -4.0000 1.8254 0.0312 0.0000 0.0233 0.0000 0.0511 0.0056 0.0597 0.0029 0.3047 0.0169 0.5749 0.0293 0.0368 0.0343	HII
7.7000 -1.0000 -3.7500 2.0857 0.0495 0.0017 0.0230 0.0000 0.1620 0.0064 0.0589 0.0047 0.3139 0.0166 0.4882 0.0336 0.0456 0.0496	HII
7.7000 -1.0000 -3.5000 2.1977 0.0749 0.0055 0.0227 0.0000 0.4547 0.0067 0.0580 0.0070 0.2988 0.0164 0.3959 0.0382 0.0517 0.0679	HII
7.7000 -1.0000 -3.2500 2.0221 0.1060 0.0140 0.0223 0.0000 1.0284 0.0061 0.0572 0.0098 0.2502 0.0161 0.3057 0.0427 0.0507 0.0870	HII
7.7000 -1.0000 -3.0000 1.6103 0.1404 0.0276 0.0220 0.0000 1.8170 0.0048 0.0564 0.0128 0.1851 0.0159 0.2269 0.0469 0.0426 0.1045	HII
7.7000 -1.0000 -2.7500 1.1616 0.1761 0.0446 0.0218 0.0000 2.6459 0.0035 0.0559 0.0157 0.1272 0.0157 0.1639 0.0502 0.0323 0.1181	HII
7.7000 -1.0000 -2.5000 0.8033 0.2125 0.0636 0.0216 0.0000 3.4144 0.0025 0.0554 0.0181 0.0854 0.0155 0.1172 0.0519 0.0232 0.1260	HII
7.7000 -1.0000 -2.2500 0.5557 0.2489 0.0839 0.0215 0.0000 4.1028 0.0017 0.0551 0.0195 0.0581 0.0154 0.0844 0.0511 0.0166 0.1267	HII
7.7000 -1.0000 -2.0000 0.3948 0.2852 0.1055 0.0214 0.0000 4.7264 0.0012 0.0549 0.0196 0.0409 0.0153 0.0620 0.0477 0.0121 0.1201	HII
7.7000 -1.0000 -1.7500 0.2912 0.3212 0.1284 0.0213 0.0000 5.3052 0.0000 0.0548 0.0186 0.0300 0.0152 0.0473 0.0423 0.0091 0.1076	HII
7.7000 -1.0000 -1.5000 0.2232 0.3572 0.1530 0.0211 0.0000 5.8558 0.0000 0.0545 0.0168 0.0230 0.0152 0.0374 0.0362 0.0061 0.0923	HII
7.8000 -1.0000 -4.0000 2.1639 0.0361 0.0000 0.0233 0.0000 0.0604 0.0066 0.0598 0.0034 0.3704 0.0169 0.7018 0.0282 0.0424 0.0416	HII
7.8000 -1.0000 -3.7500 2.4703 0.0573 0.0019 0.0230 0.0000 0.1892 0.0075 0.0590 0.0054 0.3821 0.0167 0.5976 0.0324 0.0524 0.0602	HII
7.8000 -1.0000 -3.5000 2.6001 0.0867 0.0060 0.0227 0.0000 0.5286 0.0079 0.0582 0.0082 0.3645 0.0164 0.4848 0.0368 0.0593 0.0823	HII
7.8000 -1.0000 -3.2500 2.3942 0.1224 0.0152 0.0224 0.0000 1.1925 0.0072 0.0574 0.0114 0.3064 0.0162 0.3744 0.0410 0.0581 0.1052	HII
7.8000 -1.0000 -3.0000 1.9107 0.1613 0.0296 0.0222 0.0000 2.1003 0.0057 0.0567 0.0147 0.2276 0.0160 0.2775 0.0449 0.0490 0.1258	HII
7.8000 -1.0000 -2.7500 1.3822 0.2012 0.0474 0.0219 0.0000 3.0482 0.0042 0.0562 0.0178 0.1567 0.0158 0.2004 0.0479 0.0372 0.1418	HII
7.8000 -1.0000 -2.5000 0.9578 0.2412 0.0670 0.0218 0.0000 3.9188 0.0029 0.0558 0.0204 0.1052 0.0156 0.1431 0.0493 0.0267 0.1508	HII
7.8000 -1.0000 -2.2500 0.6635 0.2810 0.0878 0.0216 0.0000 4.6949 0.0021 0.0555 0.0219 0.0715 0.0155 0.1028 0.0485 0.0192 0.1514	HII
7.8000 -1.0000 -2.0000 0.4714 0.3205 0.1098 0.0215 0.0000 5.3949 0.0015 0.0553 0.0220 0.0502 0.0155 0.0755 0.0453 0.0141 0.1435	HII
7.8000 -1.0000 -1.7500 0.3478 0.3602 0.1333 0.0214 0.0000 6.0465 0.0011 0.0552 0.0209 0.0367 0.0154 0.0574 0.0403 0.0106 0.1288	HII
7.8000 -1.0000 -1.5000 0.2665 0.4003 0.1588 0.0213 0.0000 6.6707 0.0000 0.0550 0.0189 0.0281 0.0153 0.0454 0.0345 0.0082 0.1105	HII
7.9000 -1.0000 -4.0000 2.4977 0.0406 0.0000 0.0233 0.0000 0.0689 0.0075 0.0598 0.0039 0.4437 0.0169 0.8465 0.0425 0.0470 0.0498	HII
7.9000 -1.0000 -3.7500 2.8520 0.0646 0.0020 0.0231 0.0000 0.2153 0.0086 0.0592 0.0062 0.4585 0.0167 0.7227 0.0488 0.0581 0.0719	HII
7.9000 -1.0000 -3.5000 3.0015 0.0976 0.0063 0.0228 0.0000 0.5987 0.0090 0.0584 0.0092 0.4386 0.0165 0.5871 0.0553 0.0655 0.0982	HII
7.9000 -1.0000 -3.2500 2.7690 0.1376 0.0156 0.0225 0.0000 1.3467 0.0082 0.0577 0.0127 0.3705 0.0163 0.4536 0.0615 0.0645 0.1253	HII
7.9000 -1.0000 -3.0000 2.2181 0.1805 0.0302 0.0223 0.0000 2.3662 0.0066 0.0570 0.0164 0.2765 0.0161 0.3360 0.0670 0.0546 0.1493	HII
7.9000 -1.0000 -2.7500 1.6125 0.2238 0.0480 0.0221 0.0000 3.4251 0.0048 0.0565 0.0197 0.1910 0.0159 0.2424 0.0712 0.0416 0.1676	HII
7.9000 -1.0000 -2.5000 1.1224 0.2667 0.0675 0.0219 0.0000 4.3919 0.0034 0.0562 0.0223 0.1284 0.0158 0.1730 0.0731 0.0301 0.1779	HII
7.9000 -1.0000 -2.2500 0.7795 0.3093 0.0881 0.0218 0.0000 5.2507 0.0024 0.0559 0.0239 0.0871 0.0157 0.1242 0.0720 0.0218 0.1784	HII
7.9000 -1.0000 -2.0000 0.5548 0.3518 0.1100 0.0217 0.0000 6.0290 0.0017 0.0557 0.0241 0.0611 0.0156 0.0911 0.0673 0.0159 0.1690	HII
7.9000 -1.0000 -1.7500 0.4097 0.3952 0.1337 0.0216 0.0000 6.7625 0.0013 0.0556 0.0230 0.0446 0.0155 0.0692 0.0600 0.0120 0.1520	HII
7.9000 -1.0000 -1.5000 0.3142 0.4395 0.1596 0.0215 0.0000 7.4691 0.0010 0.0554 0.0209 0.0341 0.0155 0.0547 0.0516 0.0094 0.1309	HII
8.0000 -1.0000 -4.0000 2.8182 0.0446 0.0000 0.0234 0.0000 0.0769 0.0083 0.0599 0.0043 0.5244 0.0170 1.0089 0.0398 0.0504 0.0587	HII
8.0000 -1.0000 -3.7500 3.2235 0.0711 0.0020 0.0231 0.0000 0.2397 0.0095 0.0593 0.0068 0.5432 0.0168 0.8646 0.0458 0.0624 0.0849	HII
8.0000 -1.0000 -3.5000 3.3949 0.1076 0.0063 0.0229 0.0000 0.6637 0.0100 0.0586 0.0102 0.5214 0.0166 0.7042 0.0519 0.0705 0.1158	HII
8.0000 -1.0000 -3.2500 3.1336 0.1510 0.0154 0.0226 0.0000 1.4838 0.0092 0.0579 0.0139 0.4425 0.0164 0.5440 0.0574 0.0692 0.1472	HII
8.0000 -1.0000 -3.0000 2.5230 0.1969 0.0295 0.0224 0.0000 2.5991 0.0074 0.0573 0.0177 0.3322 0.0162 0.4029 0.0622 0.0589 0.1748	HII
8.0000 -1.0000 -2.7500 1.8458 0.2426 0.0466 0.0222 0.0000 3.7570 0.0055 0.0569 0.0211 0.2304 0.0160 0.2905 0.0658 0.0453 0.1955	HII
8.0000 -1.0000 -2.5000 1.2924 0.2877 0.0652 0.0220 0.0000 4.8132 0.0039 0.0565 0.0238 0.1552 0.0159 0.2072 0.0675 0.0332 0.2070	HII
8.0000 -1.0000 -2.2500 0.9015 0.3323 0.0850 0.0219 0.0000 5.7485 0.0028 0.0563 0.0254 0.1054 0.0158 0.1487 0.0664 0.0241 0.2074	HII
8.0000 -1.0000 -2.0000 0.6439 0.3778 0.1063 0.0218 0.0000 6.6055 0.0020 0.0561 0.0257 0.0738 0.0157 0.1091 0.0623 0.0178 0.1968	HII
8.0000 -1.0000 -1.7500 0.4764 0.4245 0.1296 0.0218 0.0000 7.4191 0.0015 0.0559 0.0246 0.0538 0.0157 0.0828 0.0558 0.0135 0.1773	HII
8.0000 -1.0000 -1.5000 0.3661 0.4734 0.1557 0.0217 0.0000 8.2213 0.0012 0.0558 0.0226 0.0410 0.0156 0.0655 0.0482 0.0106 0.1532	HII
8.1000 -1.0000 -4.0000 3.0243 0.0466 0.0000 0.0234 0.0000 0.0819 0.0087 0.0600 0.0045 0.6020 0.0170 1.1720 0.0576 0.0503 0.0673	HII
8.1000 -1.0000 -3.7500 3.4797 0.0748 0.0019 0.0232 0.0000 0.2553 0.0100 0.0595 0.0072 0.6267 0.0169 1.0114 0.0665 0.0628 0.0976	HII
8.1000 -1.0000 -3.5000 3.6816 0.1135 0.0058 0.0230 0.0000 0.7056 0.0106 0.0589 0.0107 0.6050 0.0167 0.8274 0.0752 0.0714 0.1333	HII
8.1000 -1.0000 -3.2500 3.4205 0.1592 0.0142 0.0227 0.0000 1.5751 0.0099 0.0582 0.0146 0.5176 0.0165 0.6411 0.0831 0.0705 0.1692	HII
8.1000 -1.0000 -3.0000 2.7773 0.2069 0.0270 0.0225 0.0000 2.7546 0.0080 0.0577 0.0184 0.3917 0.0163 0.4754 0.0896 0.0608 0.2004	HII
8.1000 -1.0000 -2.7500 2.0534 0.2540 0.0425 0.0223 0.0000 3.9849 0.0060 0.0572 0.0218 0.2736 0.0161 0.3430 0.0944 0.0474 0.2237	HII
8.1000 -1.0000 -2.5000 1.4512 0.3001 0.0597 0.0222 0.0000 5.1129 0.0043 0.0569 0.0245 0.1851 0.0160 0.2449 0.0967 0.0353 0.2365	HII
8.1000 -1.0000 -2.2500 1.0200 0.3462 0.0780 0.0221 0.0000 6.1218 0.0031 0.0566 0.0262 0.1258 0.0159 0.1758 0.0954 0.0259 0.2372	HII
8.1000 -1.0000 -2.0000 0.7319 0.3936 0.0980 0.0220 0.0000 7.0508 0.0023 0.0565 0.0266 0.0881 0.0159 0.1291 0.0899 0.0193 0.2254	HII
8.1000 -1.0000 -1.7500 0.5436 0.4435 0.1203 0.0219 0.0000 7.9456 0.0017 0.0563 0.0256 0.0642 0.0158 0.0981 0.0810 0.0147 0.2038	HII
8.1000 -1.0000 -1.5000 0.4192 0.4966 0.1456 0.0218 0.0000 8.8429 0.0013 0.0562 0.0237 0.0489 0.0157 0.0776 0.0704 0.0117 0.1768	HII
8.2000 -1.0000 -4.0000 3.0820 0.0452 0.0000 0.0233 0.0000 0.0820 0.0086 0.0599 0.0044 0.6691 0.0170 1.3238 0.0508 0.0465 0.0746	HII
8.2000 -1.0000 -3.7500 3.5955 0.0738 0.0016 0.0232 0.0000 0.2578 0.0100 0.0596 0.0071 0.7037 0.0169 1.1558 0.0591 0.0593 0.1090	HII
8.2000 -1.0000 -3.5000 3.8428 0.1131 0.0049 0.0230 0.0000 0.7155 0.0108 0.0590 0.0107 0.6858 0.0167 0.9532 0.0671 0.0683 0.1496	HII
8.2000 -1.0000 -3.2500 3.6047 0.1594 0.0120 0.0228 0.0000 1.5979 0.0101 0.0585 0.0145 0.5928 0.0165 0.7417 0.0741 0.0685 0.1901	HII
8.2000 -1.0000 -3.0000 2.9631 0.2073 0.0229 0.0226 0.0000 2.7997 0.0084 0.0580 0.0183 0.4534 0.0164 0.5512 0.0796 0.0599 0.2248	HII
8.2000 -1.0000 -2.7500 2.2206 0.2542 0.0362 0.0224 0.0000 4.0631 0.0064 0.0576 0.0216 0.3196 0.0163 0.3982 0.0836 0.0477 0.2506	HII
8.2000 -1.0000 -2.5000 1.5894 0.3004 0.0511 0.0223 0.0000 5.2357 0.0047 0.0572 0.0243 0.2176 0.0161 0.2847 0.0856 0.0361 0.2653	HII
8.2000 -1.0000 -2.2500 1.1278 0.3468 0.0673 0.0222 0.0000 6.2947 0.0034 0.0570 0.0260 0.1484 0.0161 0.2047 0.0847 0.0270 0.2667	HII
8.2000 -1.0000 -2.0000 0.8153 0.3951 0.0852 0.0221 0.0000 7.2806 0.0025 0.0569 0.0266 0.1040 0.0160 0.1505 0.0803 0.0203 0.2546	HII
8.2000 -1.0000 -1.7500 0.6089 0.4468 0.1055 0.0221 0.0000 8.2468 0.0019 0.0567 0.0259 0.0758 0.0159 0.1144 0.0730 0.0158 0.2315	HII
8.2000 -1.0000 -1.5000 0.4714 0.5028 0.1289 0.0220 0.0000 9.2272 0.0015 0.0566 0.0242 0.0577 0.0159 0.0906 0.0639 0.0125 0.2020	HII
8.3000 -1.0000 -4.0000 2.7931 0.0377 0.0000 0.0231 0.0000 0.0724 0.0073 0.0594 0.0037 0.6923 0.0169 1.4027 0.0657 0.0365 0.0769	HII
8.3000 -1.0000 -3.7500 3.3581 0.0637 0.0011 0.0231 0.0000 0.2326 0.0089 0.0594 0.0063 0.7429 0.0168 1.2526 0.0780 0.0486 0.1144	HII
8.3000 -1.0000 -3.5000 3.6902 0.1008 0.0035 0.0230 0.0000 0.6588 0.0099 0.0590 0.0096 0.7390 0.0167 1.0514 0.0899 0.0581 0.1595	HII
8.3000 -1.0000 -3.2500 3.5441 0.1451 0.0089 0.0228 0.0000 1.4940 0.0096 0.0586 0.0133 0.6513 0.0166 0.8271 0.0998 0.0601 0.2045	HII
8.3000 -1.0000 -3.0000 2.9809 0.1911 0.0171 0.0227 0.0000 2.6490 0.0082 0.0582 0.0168 0.5071 0.0165 0.6185 0.1074 0.0542 0.2429	HII
8.3000 -1.0000 -2.7500 2.2829 0.2363 0.0274 0.0225 0.0000 3.8865 0.0064 0.0579 0.0199 0.3625 0.0164 0.4485 0.1128 0.0445 0.2715	HII
8.3000 -1.0000 -2.5000 1.6647 0.2808 0.0392 0.0224 0.0000 5.0541 0.0048 0.0576 0.0225 0.2493 0.0163 0.3216 0.1158 0.0347 0.2885	HII
8.3000 -1.0000 -2.2500 1.1988 0.3258 0.0524 0.0223 0.0000 6.1253 0.0035 0.0574 0.0243 0.1711 0.0162 0.2319 0.1153 0.0264 0.2919	HII
8.3000 -1.0000 -2.0000 0.8763 0.3733 0.0673 0.0223 0.0000 7.1373 0.0027 0.0573 0.0252 0.1203 0.0162 0.1708 0.1104 0.0203 0.2810	HII
8.3000 -1.0000 -1.7500 0.6600 0.4247 0.0844 0.0222 0.0000 8.1368 0.0020 0.0572 0.0249 0.0879 0.0161 0.1302 0.1015 0.0159 0.2578	HII
8.3000 -1.0000 -1.5000 0.5145 0.4818 0.1046 0.0221 0.0000 9.1773 0.0016 0.0571 0.0237 0.0669 0.0161 0.1033 0.0900 0.0129 0.2273	HII
8.4000 -1.0000 -4.0000 2.3346 0.0289 0.0000 0.0228 0.0000 0.0598 0.0057 0.0588 0.0029 0.6817 0.0167 1.4179 0.0512 0.0254 0.0761	HII
8.4000 -1.0000 -3.7500 2.9410 0.0515 0.0000 0.0229 0.0000 0.1990 0.0073 0.0591 0.0051 0.7540 0.0168 1.3077 0.0626 0.0361 0.1162	HII
8.4000 -1.0000 -3.5000 3.3584 0.0849 0.0024 0.0229 0.0000 0.5800 0.0085 0.0590 0.0082 0.7704 0.0168 1.1250 0.0737 0.0457 0.1656	HII
8.4000 -1.0000 -3.2500 3.3261 0.1258 0.0060 0.0228 0.0000 1.3415 0.0086 0.0588 0.0116 0.6951 0.0167 0.8989 0.0827 0.0493 0.2151	HII
8.4000 -1.0000 -3.0000 2.8747 0.1687 0.0119 0.0227 0.0000 2.4133 0.0076 0.0585 0.0148 0.5523 0.0166 0.6784 0.0893 0.0462 0.2571	HII
8.4000 -1.0000 -2.7500 2.2575 0.2109 0.0194 0.0226 0.0000 3.5848 0.0061 0.0582 0.0176 0.4014 0.0165 0.4948 0.0940 0.0393 0.2886	HII
8.4000 -1.0000 -2.5000 1.6817 0.2526 0.0283 0.0225 0.0000 4.7147 0.0047 0.0580 0.0200 0.2793 0.0164 0.3562 0.0967 0.0315 0.3081	HII
8.4000 -1.0000 -2.2500 1.2324 0.2951 0.0384 0.0225 0.0000 5.7693 0.0035 0.0578 0.0219 0.1933 0.0164 0.2578 0.0969 0.0247 0.3137	HII
8.4000 -1.0000 -2.0000 0.9132 0.3402 0.0502 0.0224 0.0000 6.7802 0.0027 0.0577 0.0229 0.1366 0.0163 0.1905 0.0937 0.0194 0.3043	HII
8.4000 -1.0000 -1.7500 0.6950 0.3895 0.0638 0.0224 0.0000 7.7892 0.0021 0.0576 0.0230 0.1001 0.0163 0.1457 0.0871 0.0156 0.2817	HII
8.4000 -1.0000 -1.5000 0.5464 0.4455 0.0804 0.0223 0.0000 8.8580 0.0017 0.0575 0.0223 0.0764 0.0162 0.1160 0.0782 0.0128 0.2507	HII
8.5000 -1.0000 -4.0000 1.5806 0.0153 0.0000 0.0223 0.0000 0.0367 0.0034 0.0578 0.0018 0.5898 0.0165 1.2563 0.0557 0.0130 0.0680	HII
8.5000 -1.0000 -3.7500 2.1587 0.0303 0.0000 0.0226 0.0000 0.1302 0.0049 0.0586 0.0035 0.6859 0.0167 1.2196 0.0715 0.0209 0.1082	HII
8.5000 -1.0000 -3.5000 2.6814 0.0553 0.0011 0.0228 0.0000 0.4106 0.0062 0.0589 0.0061 0.7386 0.0167 1.0983 0.0881 0.0296 0.1609	HII
8.5000 -1.0000 -3.2500 2.8556 0.0890 0.0032 0.0228 0.0000 1.0186 0.0067 0.0588 0.0091 0.6972 0.0167 0.9053 0.1021 0.0350 0.2157	HII
8.5000 -1.0000 -3.0000 2.6141 0.1266 0.0067 0.0227 0.0000 1.9285 0.0062 0.0587 0.0119 0.5736 0.0167 0.6955 0.1121 0.0353 0.2623	HII
8.5000 -1.0000 -2.7500 2.1432 0.1646 0.0115 0.0227 0.0000 2.9675 0.0053 0.0586 0.0144 0.4270 0.0166 0.5117 0.1187 0.0318 0.2969	HII
8.5000 -1.0000 -2.5000 1.6498 0.2026 0.0174 0.0226 0.0000 4.0082 0.0042 0.0584 0.0165 0.3020 0.0166 0.3704 0.1232 0.0267 0.3200	HII
8.5000 -1.0000 -2.2500 1.2370 0.2417 0.0243 0.0226 0.0000 5.0099 0.0032 0.0583 0.0184 0.2109 0.0165 0.2693 0.1252 0.0217 0.3306	HII
8.5000 -1.0000 -2.0000 0.9312 0.2835 0.0326 0.0225 0.0000 5.9852 0.0025 0.0582 0.0197 0.1498 0.0165 0.1999 0.1237 0.0176 0.3270	HII
8.5000 -1.0000 -1.7500 0.7162 0.3291 0.0425 0.0225 0.0000 6.9666 0.0020 0.0581 0.0203 0.1100 0.0164 0.1534 0.1179 0.0144 0.3093	HII
8.5000 -1.0000 -1.5000 0.5670 0.3808 0.0546 0.0224 0.0000 8.0107 0.0016 0.0581 0.0202 0.0840 0.0164 0.1224 0.1086 0.0120 0.2810	HII
8.6000 -1.0000 -4.0000 0.9208 0.0054 0.0000 0.0217 0.0000 0.0165 0.0017 0.0567 0.0000 0.4660 0.0162 1.0077 0.0351 0.0047 0.0574	HII
8.6000 -1.0000 -3.7500 1.3767 0.0121 0.0000 0.0223 0.0000 0.0632 0.0027 0.0581 0.0021 0.5715 0.0165 1.0321 0.0476 0.0098 0.0949	HII
8.6000 -1.0000 -3.5000 1.9440 0.0261 0.0000 0.0226 0.0000 0.2267 0.0039 0.0587 0.0041 0.6636 0.0167 0.9913 0.0628 0.0164 0.1502	HII
8.6000 -1.0000 -3.2500 2.3485 0.0490 0.0014 0.0227 0.0000 0.6419 0.0048 0.0588 0.0068 0.6722 0.0167 0.8599 0.0771 0.0228 0.2125	HII
8.6000 -1.0000 -3.0000 2.3507 0.0776 0.0032 0.0227 0.0000 1.3422 0.0048 0.0589 0.0093 0.5773 0.0167 0.6756 0.0870 0.0257 0.2654	HII
8.6000 -1.0000 -2.7500 2.0577 0.1090 0.0059 0.0227 0.0000 2.2043 0.0042 0.0588 0.0114 0.4419 0.0167 0.5018 0.0931 0.0250 0.3037	HII
8.6000 -1.0000 -2.5000 1.6572 0.1419 0.0093 0.0227 0.0000 3.1143 0.0034 0.0588 0.0132 0.3173 0.0167 0.3641 0.0973 0.0223 0.3300	HII
8.6000 -1.0000 -2.2500 1.2792 0.1769 0.0136 0.0227 0.0000 4.0266 0.0027 0.0588 0.0149 0.2230 0.0167 0.2647 0.1004 0.0188 0.3464	HII
8.6000 -1.0000 -2.0000 0.9786 0.2145 0.0188 0.0227 0.0000 4.9366 0.0022 0.0587 0.0163 0.1584 0.0166 0.1965 0.1020 0.0156 0.3519	HII
8.6000 -1.0000 -1.7500 0.7579 0.2555 0.0252 0.0226 0.0000 5.8598 0.0017 0.0587 0.0174 0.1159 0.0166 0.1508 0.1011 0.0129 0.3446	HII
8.6000 -1.0000 -1.5000 0.6009 0.3013 0.0331 0.0226 0.0000 6.8328 0.0014 0.0586 0.0181 0.0882 0.0166 0.1204 0.0973 0.0109 0.3249	HII
8.7000 -1.0000 -4.0000 0.4122 0.0015 0.0000 0.0213 0.0000 0.0062 0.0000 0.0560 0.0000 0.3169 0.0160 0.7066 0.0308 0.0000 0.0431	HII
8.7000 -1.0000 -3.7500 0.6686 0.0038 0.0000 0.0221 0.0000 0.0245 0.0011 0.0578 0.0000 0.4066 0.0165 0.7620 0.0436 0.0013 0.0732	HII
8.7000 -1.0000 -3.5000 1.0877 0.0095 0.0000 0.0225 0.0000 0.1022 0.0019 0.0587 0.0021 0.5129 0.0167 0.7891 0.0622 0.0055 0.1240	HII
8.7000 -1.0000 -3.2500 1.5840 0.0219 0.0000 0.0227 0.0000 0.3526 0.0027 0.0590 0.0042 0.5773 0.0168 0.7456 0.0841 0.0113 0.1924	HII
8.7000 -1.0000 -3.0000 1.8480 0.0409 0.0013 0.0228 0.0000 0.8530 0.0031 0.0591 0.0066 0.5370 0.0168 0.6220 0.1016 0.0154 0.2562	HII
8.7000 -1.0000 -2.7500 1.7778 0.0631 0.0027 0.0228 0.0000 1.5164 0.0030 0.0592 0.0085 0.4274 0.0168 0.4728 0.1114 0.0169 0.3002	HII
8.7000 -1.0000 -2.5000 1.5348 0.0881 0.0045 0.0228 0.0000 2.2545 0.0026 0.0592 0.0100 0.3141 0.0168 0.3461 0.1174 0.0164 0.3293	HII
8.7000 -1.0000 -2.2500 1.2453 0.1163 0.0069 0.0228 0.0000 3.0312 0.0021 0.0593 0.0113 0.2233 0.0168 0.2523 0.1223 0.0149 0.3494	HII
8.7000 -1.0000 -2.0000 0.9820 0.1482 0.0099 0.0228 0.0000 3.8407 0.0017 0.0593 0.0126 0.1591 0.0168 0.1875 0.1266 0.0128 0.3618	HII
8.7000 -1.0000 -1.7500 0.7745 0.1840 0.0138 0.0228 0.0000 4.6835 0.0014 0.0592 0.0139 0.1163 0.0168 0.1440 0.1295 0.0110 0.3644	HII
8.7000 -1.0000 -1.5000 0.6194 0.2244 0.0188 0.0227 0.0000 5.5884 0.0011 0.0592 0.0150 0.0882 0.0167 0.1151 0.1297 0.0095 0.3556	HII
8.8000 -1.0000 -4.0000 0.1679 0.0000 0.0000 0.0210 0.0000 0.0022 0.0000 0.0555 0.0000 0.2047 0.0159 0.4705 0.0164 0.0000 0.0314	HII
8.8000 -1.0000 -3.7500 0.2923 0.0011 0.0000 0.0219 0.0000 0.0088 0.0000 0.0578 0.0000 0.2723 0.0165 0.5319 0.0240 0.0000 0.0542	HII
8.8000 -1.0000 -3.5000 0.5242 0.0030 0.0000 0.0225 0.0000 0.0405 0.0000 0.0590 0.0000 0.3637 0.0168 0.5851 0.0360 0.0000 0.0960	HII
8.8000 -1.0000 -3.2500 0.9195 0.0084 0.0000 0.0227 0.0000 0.1729 0.0013 0.0594 0.0022 0.4552 0.0169 0.6057 0.0538 0.0030 0.1638	HII
8.8000 -1.0000 -3.0000 1.3028 0.0192 0.0000 0.0228 0.0000 0.5012 0.0018 0.0595 0.0042 0.4695 0.0169 0.5504 0.0715 0.0081 0.2380	HII
8.8000 -1.0000 -2.7500 1.4347 0.0333 0.0011 0.0229 0.0000 0.9886 0.0020 0.0595 0.0060 0.3973 0.0169 0.4376 0.0824 0.0105 0.2915	HII
8.8000 -1.0000 -2.5000 1.3562 0.0496 0.0020 0.0229 0.0000 1.5480 0.0018 0.0596 0.0073 0.3011 0.0170 0.3259 0.0880 0.0115 0.3240	HII
8.8000 -1.0000 -2.2500 1.1774 0.0692 0.0033 0.0229 0.0000 2.1634 0.0016 0.0597 0.0084 0.2174 0.0170 0.2388 0.0919 0.0113 0.3456	HII
8.8000 -1.0000 -2.0000 0.9746 0.0933 0.0049 0.0229 0.0000 2.8387 0.0013 0.0597 0.0095 0.1557 0.0170 0.1776 0.0960 0.0105 0.3617	HII
8.8000 -1.0000 -1.7500 0.7914 0.1224 0.0072 0.0229 0.0000 3.5775 0.0010 0.0597 0.0107 0.1136 0.0169 0.1363 0.1003 0.0093 0.3721	HII
8.8000 -1.0000 -1.5000 0.6436 0.1567 0.0101 0.0229 0.0000 4.3913 0.0000 0.0597 0.0118 0.0858 0.0169 0.1089 0.1037 0.0081 0.3739	HII
8.9000 -1.0000 -4.0000 0.0424 0.0000 0.0000 0.0180 0.0000 0.0011 0.0000 0.0480 0.0000 0.0935 0.0139 0.1812 0.0099 0.0000 0.0206	HII
8.9000 -1.0000 -3.7500 0.0630 0.0000 0.0000 0.0197 0.0000 0.0042 0.0000 0.0524 0.0000 0.1128 0.0151 0.1849 0.0140 0.0000 0.0351	HII
8.9000 -1.0000 -3.5000 0.1349 0.0000 0.0000 0.0220 0.0000 0.0085 0.0000 0.0582 0.0000 0.1785 0.0166 0.3115 0.0223 0.0000 0.0526	HII
8.9000 -1.0000 -3.2500 0.2884 0.0014 0.0000 0.0225 0.0000 0.0463 0.0000 0.0592 0.0000 0.2541 0.0169 0.3633 0.0377 0.0000 0.1011	HII
8.9000 -1.0000 -3.0000 0.5494 0.0045 0.0000 0.0227 0.0000 0.1836 0.0000 0.0595 0.0016 0.3143 0.0170 0.3841 0.0596 0.0000 0.1731	HII
8.9000 -1.0000 -2.7500 0.7909 0.0098 0.0000 0.0228 0.0000 0.4455 0.0000 0.0597 0.0028 0.3097 0.0170 0.3441 0.0785 0.0015 0.2386	HII
8.9000 -1.0000 -2.5000 0.9133 0.0165 0.0000 0.0229 0.0000 0.7741 0.0000 0.0599 0.0040 0.2583 0.0170 0.2730 0.0894 0.0046 0.2807	HII
8.9000 -1.0000 -2.2500 0.9258 0.0247 0.0000 0.0229 0.0000 1.1487 0.0000 0.0600 0.0050 0.1973 0.0171 0.2060 0.0959 0.0056 0.3065	HII
8.9000 -1.0000 -2.0000 0.8645 0.0358 0.0016 0.0229 0.0000 1.5832 0.0000 0.0601 0.0058 0.1452 0.0171 0.1545 0.1012 0.0060 0.3253	HII
8.9000 -1.0000 -1.7500 0.7628 0.0518 0.0025 0.0230 0.0000 2.1003 0.0000 0.0602 0.0067 0.1067 0.0171 0.1185 0.1073 0.0059 0.3413	HII
8.9000 -1.0000 -1.5000 0.6508 0.0740 0.0038 0.0229 0.0000 2.7124 0.0000 0.0601 0.0076 0.0803 0.0170 0.0944 0.1142 0.0056 0.3537	HII
9.0000 -1.0000 -4.0000 0.0043 0.0000 0.0000 0.0097 0.0000 0.0000 0.0000 0.0259 0.0000 0.0225 0.0074 0.0476 0.0018 0.0000 0.0054	HII
9.0000 -1.0000 -3.7500 0.0080 0.0000 0.0000 0.0108 0.0000 0.0000 0.0000 0.0286 0.0000 0.0310 0.0082 0.0561 0.0029 0.0000 0.0104	HII
9.0000 -1.0000 -3.5000 0.0200 0.0000 0.0000 0.0115 0.0000 0.0025 0.0000 0.0305 0.0000 0.0496 0.0087 0.0741 0.0055 0.0000 0.0221	HII
9.0000 -1.0000 -3.2500 0.0775 0.0000 0.0000 0.0196 0.0000 0.0196 0.0000 0.0523 0.0000 0.1119 0.0151 0.1397 0.0155 0.0000 0.0675	HII
9.0000 -1.0000 -3.0000 0.1056 0.0000 0.0000 0.0221 0.0000 0.0300 0.0000 0.0584 0.0000 0.1377 0.0167 0.1820 0.0191 0.0000 0.0825	HII
9.0000 -1.0000 -2.7500 0.2268 0.0011 0.0000 0.0224 0.0000 0.1028 0.0000 0.0591 0.0000 0.1778 0.0168 0.2033 0.0324 0.0000 0.1437	HII
9.0000 -1.0000 -2.5000 0.4093 0.0025 0.0000 0.0226 0.0000 0.2240 0.0000 0.0595 0.0014 0.1928 0.0169 0.1968 0.0462 0.0000 0.2055	HII
9.0000 -1.0000 -2.2500 0.6341 0.0043 0.0000 0.0227 0.0000 0.3766 0.0000 0.0598 0.0025 0.1802 0.0170 0.1703 0.0580 0.0011 0.2563	HII
9.0000 -1.0000 -2.0000 0.8650 0.0061 0.0000 0.0228 0.0000 0.5429 0.0000 0.0600 0.0037 0.1508 0.0170 0.1381 0.0671 0.0042 0.2937	HII
9.0000 -1.0000 -1.7500 1.0605 0.0084 0.0000 0.0229 0.0000 0.7293 0.0000 0.0602 0.0048 0.1178 0.0171 0.1091 0.0738 0.0073 0.3195	HII
9.0000 -1.0000 -1.5000 1.1081 0.0122 0.0000 0.0229 0.0000 0.9880 0.0000 0.0603 0.0056 0.0882 0.0170 0.0855 0.0772 0.0091 0.3306	HII
9.1000 -1.0000 -4.0000 0.0000 0.0000 0.0000 0.0078 0.0000 0.0000 0.0000 0.0210 0.0000 0.0037 0.0060 0.0087 0.0000 0.0000 0.0011	HII
9.1000 -1.0000 -3.7500 0.0000 0.0000 0.0000 0.0090 0.0000 0.0000 0.0000 0.0242 0.0000 0.0057 0.0069 0.0115 0.0000 0.0000 0.0024	HII
9.1000 -1.0000 -3.5000 0.0000 0.0000 0.0000 0.0100 0.0000 0.0000 0.0000 0.0268 0.0000 0.0097 0.0076 0.0168 0.0013 0.0000 0.0055	HII
9.1000 -1.0000 -3.2500 0.0048 0.0000 0.0000 0.0107 0.0000 0.0012 0.0000 0.0284 0.0000 0.0217 0.0081 0.0304 0.0036 0.0000 0.0151	HII
9.1000 -1.0000 -3.0000 0.0279 0.0000 0.0000 0.0116 0.0000 0.0113 0.0000 0.0306 0.0000 0.0485 0.0087 0.0572 0.0105 0.0000 0.0429	HII
9.1000 -1.0000 -2.7500 0.0701 0.0000 0.0000 0.0195 0.0000 0.0532 0.0000 0.0518 0.0000 0.0707 0.0149 0.0787 0.0237 0.0000 0.0999	HII
9.1000 -1.0000 -2.5000 0.0680 0.0000 0.0000 0.0210 0.0000 0.0956 0.0000 0.0558 0.0000 0.0476 0.0160 0.0533 0.0266 0.0000 0.1176	HII
9.1000 -1.0000 -2.2500 0.0477 0.0000 0.0000 0.0206 0.0000 0.1335 0.0000 0.0546 0.0000 0.0249 0.0157 0.0293 0.0253 0.0000 0.1163	HII
9.1000 -1.0000 -2.0000 0.0210 0.0000 0.0000 0.0153 0.0000 0.1253 0.0000 0.0407 0.0000 0.0093 0.0117 0.0115 0.0176 0.0000 0.0833	HII
9.1000 -1.0000 -1.7500 0.0083 0.0000 0.0000 0.0135 0.0000 0.0991 0.0000 0.0357 0.0000 0.0038 0.0102 0.0047 0.0126 0.0000 0.0622	HII
9.1000 -1.0000 -1.5000 0.0036 0.0000 0.0000 0.0137 0.0000 0.0843 0.0000 0.0362 0.0000 0.0019 0.0103 0.0012 0.0102 0.0000 0.0519	HII
6.9000 -0.8750 -4.0000 0.3443 0.0107 0.0000 0.0234 0.0000 0.0103 0.0015 0.0599 0.0000 0.0712 0.0169 0.0996 0.0053 0.0077 0.0060	HII
6.9000 -0.8750 -3.7500 0.3946 0.0167 0.0000 0.0229 0.0000 0.0331 0.0017 0.0586 0.0000 0.0729 0.0165 0.0842 0.0060 0.0094 0.0088	HII
6.9000 -0.8750 -3.5000 0.4152 0.0249 0.0014 0.0224 0.0000 0.0932 0.0017 0.0573 0.0014 0.0685 0.0161 0.0682 0.0068 0.0108 0.0120	HII
6.9000 -0.8750 -3.2500 0.3791 0.0351 0.0035 0.0219 0.0000 0.2112 0.0015 0.0561 0.0020 0.0562 0.0158 0.0526 0.0077 0.0105 0.0155	HII
6.9000 -0.8750 -3.0000 0.2985 0.0468 0.0072 0.0215 0.0000 0.3743 0.0012 0.0551 0.0027 0.0409 0.0154 0.0392 0.0085 0.0087 0.0188	HII
6.9000 -0.8750 -2.7500 0.2132 0.0598 0.0120 0.0211 0.0000 0.5500 0.0000 0.0542 0.0034 0.0279 0.0151 0.0284 0.0092 0.0056 0.0214	HII
6.9000 -0.8750 -2.5000 0.1468 0.0741 0.0179 0.0208 0.0000 0.7215 0.0000 0.0534 0.0040 0.0188 0.0149 0.0205 0.0095 0.0040 0.0230	HII
6.9000 -0.8750 -2.2500 0.1018 0.0895 0.0248 0.0205 0.0000 0.8859 0.0000 0.0529 0.0044 0.0129 0.0147 0.0147 0.0094 0.0014 0.0232	HII
6.9000 -0.8750 -2.0000 0.0729 0.1059 0.0327 0.0203 0.0000 1.0445 0.0000 0.0524 0.0046 0.0092 0.0145 0.0110 0.0088 0.0010 0.0222	HII
6.9000 -0.8750 -1.7500 0.0544 0.1226 0.0416 0.0201 0.0000 1.1969 0.0000 0.0521 0.0044 0.0069 0.0144 0.0084 0.0077 0.0000 0.0201	HII
6.9000 -0.8750 -1.5000 0.0422 0.1393 0.0511 0.0199 0.0010 1.3420 0.0000 0.0517 0.0041 0.0054 0.0142 0.0068 0.0066 0.0000 0.0174	HII
7.0000 -0.8750 -4.0000 0.4302 0.0084 0.0000 0.0234 0.0000 0.0128 0.0018 0.0600 0.0000 0.0893 0.0169 0.1250 0.0066 0.0094 0.0076	HII
7.0000 -0.8750 -3.7500 0.4931 0.0131 0.0000 0.0229 0.0000 0.0411 0.0021 0.0586 0.0012 0.0915 0.0165 0.1057 0.0075 0.0117 0.0110	HII
7.0000 -0.8750 -3.5000 0.5190 0.0196 0.0017 0.0224 0.0000 0.1160 0.0022 0.0574 0.0018 0.0859 0.0162 0.0855 0.0085 0.0134 0.0151	HII
7.0000 -0.8750 -3.2500 0.4742 0.0276 0.0044 0.0219 0.0000 0.2629 0.0019 0.0562 0.0025 0.0706 0.0158 0.0661 0.0096 0.0130 0.0194	HII
7.0000 -0.8750 -3.0000 0.3736 0.0367 0.0088 0.0215 0.0000 0.4659 0.0015 0.0551 0.0034 0.0514 0.0155 0.0492 0.0106 0.0109 0.0235	HII
7.0000 -0.8750 -2.7500 0.2670 0.0469 0.0148 0.0212 0.0000 0.6843 0.0011 0.0543 0.0042 0.0351 0.0152 0.0357 0.0115 0.0081 0.0268	HII
7.0000 -0.8750 -2.5000 0.1839 0.0580 0.0219 0.0209 0.0000 0.8967 0.0000 0.0536 0.0050 0.0236 0.0149 0.0256 0.0119 0.0051 0.0288	HII
7.0000 -0.8750 -2.2500 0.1274 0.0699 0.0303 0.0206 0.0000 1.0990 0.0000 0.0530 0.0055 0.0162 0.0147 0.0186 0.0118 0.0017 0.0291	HII
7.0000 -0.8750 -2.0000 0.0912 0.0824 0.0397 0.0204 0.0000 1.2925 0.0000 0.0526 0.0056 0.0116 0.0146 0.0138 0.0109 0.0013 0.0277	HII
7.0000 -0.8750 -1.7500 0.0679 0.0950 0.0501 0.0202 0.0000 1.4767 0.0000 0.0523 0.0054 0.0087 0.0144 0.0106 0.0097 0.0000 0.0250	HII
7.0000 -0.8750 -1.5000 0.0527 0.1076 0.0613 0.0200 0.0000 1.6515 0.0000 0.0520 0.0050 0.0067 0.0143 0.0084 0.0082 0.0000 0.0216	HII
7.1000 -0.8750 -4.0000 0.5372 0.0104 0.0000 0.0234 0.0000 0.0159 0.0023 0.0600 0.0000 0.1119 0.0169 0.1567 0.0082 0.0117 0.0095	HII
7.1000 -0.8750 -3.7500 0.6157 0.0163 0.0000 0.0229 0.0000 0.0512 0.0026 0.0587 0.0014 0.1146 0.0166 0.1326 0.0094 0.0146 0.0138	HII
7.1000 -0.8750 -3.5000 0.6482 0.0243 0.0021 0.0224 0.0000 0.1442 0.0027 0.0574 0.0022 0.1077 0.0162 0.1073 0.0107 0.0166 0.0189	HII
7.1000 -0.8750 -3.2500 0.5927 0.0343 0.0054 0.0220 0.0000 0.3271 0.0024 0.0562 0.0031 0.0886 0.0158 0.0829 0.0120 0.0163 0.0243	HII
7.1000 -0.8750 -3.0000 0.4673 0.0457 0.0109 0.0216 0.0000 0.5799 0.0019 0.0552 0.0042 0.0646 0.0155 0.0616 0.0133 0.0136 0.0294	HII
7.1000 -0.8750 -2.7500 0.3344 0.0584 0.0182 0.0212 0.0000 0.8520 0.0013 0.0544 0.0052 0.0441 0.0152 0.0448 0.0143 0.0102 0.0336	HII
7.1000 -0.8750 -2.5000 0.2304 0.0721 0.0270 0.0209 0.0000 1.1165 0.0000 0.0537 0.0062 0.0297 0.0150 0.0322 0.0149 0.0073 0.0360	HII
7.1000 -0.8750 -2.2500 0.1597 0.0869 0.0372 0.0207 0.0000 1.3687 0.0000 0.0531 0.0068 0.0204 0.0148 0.0233 0.0147 0.0045 0.0364	HII
7.1000 -0.8750 -2.0000 0.1143 0.1024 0.0490 0.0204 0.0000 1.6104 0.0000 0.0527 0.0070 0.0146 0.0146 0.0173 0.0137 0.0016 0.0347	HII
7.1000 -0.8750 -1.7500 0.0852 0.1183 0.0619 0.0203 0.0000 1.8422 0.0000 0.0524 0.0068 0.0109 0.0145 0.0133 0.0121 0.0012 0.0313	HII
7.1000 -0.8750 -1.5000 0.0660 0.1343 0.0760 0.0201 0.0000 2.0644 0.0000 0.0521 0.0062 0.0085 0.0143 0.0107 0.0103 0.0000 0.0272	HII
7.2000 -0.8750 -4.0000 0.6679 0.0128 0.0000 0.0234 0.0000 0.0197 0.0028 0.0600 0.0011 0.1399 0.0169 0.1961 0.0082 0.0145 0.0119	HII
7.2000 -0.8750 -3.7500 0.7656 0.0201 0.0000 0.0229 0.0000 0.0632 0.0032 0.0587 0.0018 0.1434 0.0166 0.1659 0.0093 0.0181 0.0172	HII
7.2000 -0.8750 -3.5000 0.8061 0.0300 0.0025 0.0225 0.0000 0.1782 0.0033 0.0575 0.0027 0.1349 0.0162 0.1343 0.0106 0.0206 0.0236	HII
7.2000 -0.8750 -3.2500 0.7379 0.0423 0.0066 0.0220 0.0000 0.4042 0.0030 0.0563 0.0039 0.1112 0.0158 0.1038 0.0119 0.0201 0.0304	HII
7.2000 -0.8750 -3.0000 0.5823 0.0564 0.0132 0.0216 0.0000 0.7164 0.0023 0.0554 0.0051 0.0811 0.0155 0.0772 0.0132 0.0168 0.0367	HII
7.2000 -0.8750 -2.7500 0.4170 0.0719 0.0220 0.0213 0.0000 1.0519 0.0017 0.0545 0.0065 0.0554 0.0153 0.0560 0.0142 0.0127 0.0419	HII
7.2000 -0.8750 -2.5000 0.2874 0.0886 0.0325 0.0210 0.0000 1.3763 0.0012 0.0539 0.0076 0.0373 0.0150 0.0402 0.0148 0.0091 0.0449	HII
7.2000 -0.8750 -2.2500 0.1992 0.1065 0.0447 0.0208 0.0000 1.6833 0.0000 0.0534 0.0083 0.0256 0.0148 0.0291 0.0146 0.0055 0.0454	HII
7.2000 -0.8750 -2.0000 0.1424 0.1250 0.0583 0.0206 0.0000 1.9750 0.0000 0.0530 0.0086 0.0182 0.0147 0.0216 0.0136 0.0040 0.0432	HII
7.2000 -0.8750 -1.7500 0.1059 0.1438 0.0733 0.0204 0.0000 2.2528 0.0000 0.0527 0.0082 0.0136 0.0146 0.0166 0.0120 0.0015 0.0389	HII
7.2000 -0.8750 -1.5000 0.0819 0.1626 0.0895 0.0202 0.0000 2.5168 0.0000 0.0524 0.0075 0.0106 0.0145 0.0133 0.0102 0.0011 0.0336	HII
7.3000 -0.8750 -4.0000 0.8270 0.0155 0.0000 0.0234 0.0000 0.0241 0.0035 0.0599 0.0014 0.1744 0.0169 0.2445 0.0128 0.0178 0.0148	HII
7.3000 -0.8750 -3.7500 0.9477 0.0244 0.0000 0.0229 0.0000 0.0774 0.0040 0.0587 0.0022 0.1789 0.0166 0.2069 0.0146 0.0221 0.0214	HII
7.3000 -0.8750 -3.5000 0.9981 0.0366 0.0030 0.0225 0.0000 0.2182 0.0041 0.0575 0.0033 0.1687 0.0162 0.1675 0.0166 0.0251 0.0294	HII
7.3000 -0.8750 -3.2500 0.9147 0.0517 0.0079 0.0221 0.0000 0.4953 0.0037 0.0565 0.0047 0.1394 0.0159 0.1295 0.0186 0.0246 0.0378	HII
7.3000 -0.8750 -3.0000 0.7233 0.0690 0.0159 0.0217 0.0000 0.8786 0.0029 0.0555 0.0063 0.1020 0.0156 0.0963 0.0206 0.0206 0.0457	HII
7.3000 -0.8750 -2.7500 0.5184 0.0878 0.0263 0.0214 0.0000 1.2895 0.0021 0.0548 0.0079 0.0697 0.0153 0.0698 0.0222 0.0155 0.0521	HII
7.3000 -0.8750 -2.5000 0.3575 0.1080 0.0386 0.0211 0.0000 1.6838 0.0015 0.0541 0.0093 0.0469 0.0151 0.0501 0.0231 0.0113 0.0559	HII
7.3000 -0.8750 -2.2500 0.2476 0.1292 0.0527 0.0209 0.0000 2.0537 0.0010 0.0537 0.0101 0.0321 0.0149 0.0362 0.0228 0.0081 0.0564	HII
7.3000 -0.8750 -2.0000 0.1767 0.1510 0.0683 0.0207 0.0000 2.4013 0.0000 0.0534 0.0104 0.0229 0.0148 0.0268 0.0212 0.0051 0.0536	HII
7.3000 -0.8750 -1.7500 0.1312 0.1729 0.0853 0.0206 0.0000 2.7297 0.0000 0.0531 0.0099 0.0170 0.0147 0.0206 0.0188 0.0028 0.0483	HII
7.3000 -0.8750 -1.5000 0.1012 0.1947 0.1034 0.0204 0.0000 3.0396 0.0000 0.0528 0.0090 0.0132 0.0146 0.0164 0.0160 0.0014 0.0416	HII
7.4000 -0.8750 -4.0000 1.0193 0.0187 0.0000 0.0234 0.0000 0.0295 0.0043 0.0598 0.0017 0.2168 0.0169 0.3044 0.0126 0.0217 0.0183	HII
7.4000 -0.8750 -3.7500 1.1676 0.0295 0.0011 0.0229 0.0000 0.0943 0.0049 0.0587 0.0027 0.2227 0.0166 0.2578 0.0144 0.0270 0.0266	HII
7.4000 -0.8750 -3.5000 1.2305 0.0444 0.0036 0.0225 0.0000 0.2658 0.0051 0.0576 0.0041 0.2105 0.0162 0.2088 0.0164 0.0306 0.0365	HII
7.4000 -0.8750 -3.2500 1.1292 0.0628 0.0094 0.0221 0.0000 0.6034 0.0046 0.0566 0.0058 0.1745 0.0159 0.1613 0.0184 0.0301 0.0469	HII
7.4000 -0.8750 -3.0000 0.8942 0.0837 0.0188 0.0218 0.0000 1.0704 0.0036 0.0557 0.0077 0.1280 0.0156 0.1199 0.0203 0.0252 0.0567	HII
7.4000 -0.8750 -2.7500 0.6418 0.1064 0.0310 0.0215 0.0000 1.5696 0.0026 0.0550 0.0096 0.0876 0.0154 0.0869 0.0219 0.0190 0.0646	HII
7.4000 -0.8750 -2.5000 0.4426 0.1304 0.0453 0.0212 0.0000 2.0447 0.0018 0.0544 0.0112 0.0589 0.0152 0.0623 0.0227 0.0137 0.0692	HII
7.4000 -0.8750 -2.2500 0.3065 0.1553 0.0613 0.0210 0.0000 2.4859 0.0013 0.0540 0.0122 0.0403 0.0150 0.0450 0.0224 0.0098 0.0698	HII
7.4000 -0.8750 -2.0000 0.2183 0.1806 0.0788 0.0209 0.0000 2.8956 0.0000 0.0537 0.0124 0.0286 0.0149 0.0333 0.0209 0.0061 0.0663	HII
7.4000 -0.8750 -1.7500 0.1618 0.2059 0.0976 0.0207 0.0000 3.2795 0.0000 0.0535 0.0118 0.0212 0.0148 0.0255 0.0185 0.0046 0.0596	HII
7.4000 -0.8750 -1.5000 0.1246 0.2310 0.1175 0.0206 0.0000 3.6411 0.0000 0.0533 0.0107 0.0164 0.0147 0.0203 0.0158 0.0017 0.0512	HII
7.5000 -0.8750 -4.0000 1.2466 0.0224 0.0000 0.0234 0.0000 0.0356 0.0052 0.0598 0.0020 0.2684 0.0169 0.3776 0.0195 0.0261 0.0227	HII
7.5000 -0.8750 -3.7500 1.4279 0.0354 0.0013 0.0230 0.0000 0.1139 0.0059 0.0588 0.0033 0.2761 0.0166 0.3200 0.0224 0.0325 0.0329	HII
7.5000 -0.8750 -3.5000 1.5055 0.0534 0.0042 0.0226 0.0000 0.3210 0.0062 0.0577 0.0049 0.2616 0.0163 0.2593 0.0254 0.0369 0.0451	HII
7.5000 -0.8750 -3.2500 1.3829 0.0756 0.0109 0.0222 0.0000 0.7283 0.0056 0.0568 0.0070 0.2175 0.0160 0.2003 0.0285 0.0363 0.0580	HII
7.5000 -0.8750 -3.0000 1.0976 0.1007 0.0218 0.0218 0.0000 1.2916 0.0044 0.0559 0.0092 0.1600 0.0157 0.1488 0.0315 0.0304 0.0700	HII
7.5000 -0.8750 -2.7500 0.7890 0.1275 0.0358 0.0216 0.0000 1.8916 0.0032 0.0553 0.0115 0.1096 0.0155 0.1078 0.0339 0.0229 0.0795	HII
7.5000 -0.8750 -2.5000 0.5445 0.1556 0.0519 0.0213 0.0000 2.4574 0.0022 0.0548 0.0133 0.0737 0.0153 0.0772 0.0351 0.0164 0.0852	HII
7.5000 -0.8750 -2.2500 0.3767 0.1844 0.0697 0.0212 0.0000 2.9760 0.0016 0.0544 0.0145 0.0503 0.0152 0.0557 0.0347 0.0117 0.0859	HII
7.5000 -0.8750 -2.0000 0.2681 0.2134 0.0889 0.0210 0.0000 3.4538 0.0011 0.0541 0.0147 0.0356 0.0151 0.0412 0.0323 0.0086 0.0814	HII
7.5000 -0.8750 -1.7500 0.1982 0.2422 0.1094 0.0209 0.0000 3.8975 0.0000 0.0539 0.0140 0.0263 0.0150 0.0315 0.0286 0.0055 0.0731	HII
7.5000 -0.8750 -1.5000 0.1523 0.2706 0.1311 0.0207 0.0000 4.3150 0.0000 0.0537 0.0126 0.0203 0.0149 0.0250 0.0244 0.0043 0.0627	HII
7.6000 -0.8750 -4.0000 1.5158 0.0266 0.0000 0.0233 0.0000 0.0429 0.0063 0.0598 0.0024 0.3312 0.0169 0.4669 0.0190 0.0314 0.0280	HII
7.6000 -0.8750 -3.7500 1.7342 0.0421 0.0015 0.0230 0.0000 0.1366 0.0072 0.0588 0.0039 0.3409 0.0166 0.3962 0.0219 0.0387 0.0405	HII
7.6000 -0.8750 -3.5000 1.8277 0.0635 0.0049 0.0226 0.0000 0.3841 0.0075 0.0579 0.0059 0.3237 0.0163 0.3210 0.0248 0.0440 0.0555	HII
7.6000 -0.8750 -3.2500 1.6809 0.0900 0.0125 0.0223 0.0000 0.8707 0.0068 0.0570 0.0083 0.2701 0.0160 0.2480 0.0278 0.0431 0.0713	HII
7.6000 -0.8750 -3.0000 1.3367 0.1197 0.0249 0.0219 0.0000 1.5424 0.0054 0.0562 0.0110 0.1993 0.0158 0.1842 0.0306 0.0363 0.0858	HII
7.6000 -0.8750 -2.7500 0.9622 0.1510 0.0405 0.0217 0.0000 2.2535 0.0039 0.0556 0.0135 0.1367 0.0156 0.1333 0.0329 0.0274 0.0973	HII
7.6000 -0.8750 -2.5000 0.6646 0.1834 0.0583 0.0215 0.0000 2.9188 0.0027 0.0551 0.0157 0.0918 0.0154 0.0954 0.0341 0.0196 0.1041	HII
7.6000 -0.8750 -2.2500 0.4597 0.2161 0.0775 0.0213 0.0000 3.5202 0.0019 0.0548 0.0170 0.0626 0.0153 0.0688 0.0336 0.0141 0.1049	HII
7.6000 -0.8750 -2.0000 0.3268 0.2487 0.0982 0.0212 0.0000 4.0696 0.0014 0.0545 0.0171 0.0442 0.0152 0.0506 0.0313 0.0103 0.0993	HII
7.6000 -0.8750 -1.7500 0.2413 0.2810 0.1200 0.0211 0.0000 4.5786 0.0010 0.0543 0.0163 0.0325 0.0151 0.0387 0.0278 0.0077 0.0890	HII
7.6000 -0.8750 -1.5000 0.1851 0.3131 0.1432 0.0209 0.0000 5.0573 0.0000 0.0541 0.0147 0.0250 0.0150 0.0306 0.0237 0.0051 0.0763	HII
7.7000 -0.8750 -4.0000 1.8175 0.0311 0.0000 0.0233 0.0000 0.0509 0.0075 0.0598 0.0029 0.4054 0.0169 0.5739 0.0292 0.0366 0.0342	HII
7.7000 -0.8750 -3.7500 2.0766 0.0493 0.0017 0.0230 0.0000 0.1613 0.0085 0.0589 0.0046 0.4176 0.0167 0.4873 0.0336 0.0453 0.0495	HII
7.7000 -0.8750 -3.5000 2.1881 0.0745 0.0055 0.0227 0.0000 0.4526 0.0089 0.0580 0.0070 0.3975 0.0164 0.3952 0.0381 0.0514 0.0678	HII
7.7000 -0.8750 -3.2500 2.0150 0.1055 0.0139 0.0223 0.0000 1.0247 0.0081 0.0572 0.0098 0.3331 0.0161 0.3054 0.0427 0.0504 0.0868	HII
7.7000 -0.8750 -3.0000 1.6063 0.1399 0.0275 0.0220 0.0000 1.8121 0.0064 0.0565 0.0128 0.2466 0.0159 0.2267 0.0469 0.0425 0.1043	HII
7.7000 -0.8750 -2.7500 1.1595 0.1758 0.0444 0.0218 0.0000 2.6408 0.0047 0.0559 0.0157 0.1695 0.0157 0.1639 0.0502 0.0322 0.1180	HII
7.7000 -0.8750 -2.5000 0.8019 0.2121 0.0634 0.0216 0.0000 3.4086 0.0033 0.0555 0.0180 0.1138 0.0155 0.1172 0.0519 0.0232 0.1259	HII
7.7000 -0.8750 -2.2500 0.5549 0.2485 0.0836 0.0215 0.0000 4.0967 0.0023 0.0552 0.0194 0.0774 0.0154 0.0842 0.0511 0.0165 0.1266	HII
7.7000 -0.8750 -2.0000 0.3943 0.2847 0.1052 0.0214 0.0000 4.7193 0.0017 0.0549 0.0196 0.0545 0.0153 0.0620 0.0476 0.0120 0.1200	HII
7.7000 -0.8750 -1.7500 0.2907 0.3205 0.1280 0.0213 0.0000 5.2956 0.0012 0.0548 0.0186 0.0400 0.0152 0.0472 0.0423 0.0091 0.1075	HII
7.7000 -0.8750 -1.5000 0.2229 0.3566 0.1526 0.0211 0.0000 5.8473 0.0000 0.0546 0.0168 0.0307 0.0152 0.0374 0.0362 0.0061 0.0922	HII
7.8000 -0.8750 -4.0000 2.1517 0.0359 0.0000 0.0233 0.0000 0.0600 0.0088 0.0598 0.0034 0.4924 0.0169 0.7000 0.0281 0.0422 0.0415	HII
7.8000 -0.8750 -3.7500 2.4553 0.0569 0.0019 0.0231 0.0000 0.1880 0.0100 0.0590 0.0054 0.5079 0.0167 0.5962 0.0323 0.0519 0.0600	HII
7.8000 -0.8750 -3.5000 2.5856 0.0861 0.0059 0.0227 0.0000 0.5255 0.0104 0.0582 0.0081 0.4846 0.0164 0.4837 0.0367 0.0588 0.0820	HII
7.8000 -0.8750 -3.2500 2.3823 0.1217 0.0150 0.0224 0.0000 1.1865 0.0095 0.0574 0.0113 0.4076 0.0162 0.3737 0.0409 0.0577 0.1049	HII
7.8000 -0.8750 -3.0000 1.9040 0.1607 0.0294 0.0222 0.0000 2.0925 0.0076 0.0567 0.0146 0.3029 0.0160 0.2771 0.0448 0.0487 0.1256	HII
7.8000 -0.8750 -2.7500 1.3784 0.2006 0.0471 0.0219 0.0000 3.0393 0.0055 0.0562 0.0178 0.2087 0.0158 0.2001 0.0478 0.0370 0.1415	HII
7.8000 -0.8750 -2.5000 0.9558 0.2406 0.0667 0.0218 0.0000 3.9098 0.0039 0.0558 0.0203 0.1402 0.0156 0.1429 0.0492 0.0267 0.1506	HII
7.8000 -0.8750 -2.2500 0.6623 0.2803 0.0874 0.0216 0.0000 4.6858 0.0027 0.0555 0.0218 0.0952 0.0155 0.1026 0.0485 0.0192 0.1512	HII
7.8000 -0.8750 -2.0000 0.4706 0.3198 0.1094 0.0215 0.0000 5.3854 0.0020 0.0553 0.0220 0.0668 0.0155 0.0755 0.0452 0.0139 0.1433	HII
7.8000 -0.8750 -1.7500 0.3471 0.3595 0.1329 0.0214 0.0000 6.0356 0.0015 0.0552 0.0209 0.0489 0.0154 0.0574 0.0402 0.0105 0.1287	HII
7.8000 -0.8750 -1.5000 0.2660 0.3995 0.1582 0.0213 0.0000 6.6595 0.0011 0.0550 0.0189 0.0374 0.0153 0.0454 0.0345 0.0082 0.1104	HII
7.9000 -0.8750 -4.0000 2.4791 0.0403 0.0000 0.0233 0.0000 0.0684 0.0099 0.0598 0.0038 0.5892 0.0169 0.8436 0.0423 0.0465 0.0496	HII
7.9000 -0.8750 -3.7500 2.8286 0.0640 0.0020 0.0231 0.0000 0.2134 0.0113 0.0592 0.0061 0.6086 0.0167 0.7202 0.0486 0.0573 0.0716	HII
7.9000 -0.8750 -3.5000 2.9782 0.0968 0.0062 0.0228 0.0000 0.5939 0.0119 0.0584 0.0091 0.5824 0.0165 0.5852 0.0551 0.0649 0.0978	HII
7.9000 -0.8750 -3.2500 2.7517 0.1367 0.0154 0.0225 0.0000 1.3378 0.0109 0.0577 0.0126 0.4925 0.0163 0.4524 0.0613 0.0638 0.1248	HII
7.9000 -0.8750 -3.0000 2.2074 0.1795 0.0300 0.0223 0.0000 2.3544 0.0087 0.0570 0.0163 0.3678 0.0161 0.3353 0.0668 0.0541 0.1489	HII
7.9000 -0.8750 -2.7500 1.6070 0.2229 0.0477 0.0221 0.0000 3.4125 0.0064 0.0565 0.0196 0.2543 0.0159 0.2420 0.0710 0.0414 0.1673	HII
7.9000 -0.8750 -2.5000 1.1192 0.2658 0.0671 0.0219 0.0000 4.3788 0.0045 0.0562 0.0222 0.1710 0.0158 0.1727 0.0730 0.0301 0.1776	HII
7.9000 -0.8750 -2.2500 0.7776 0.3083 0.0876 0.0218 0.0000 5.2364 0.0032 0.0559 0.0238 0.1160 0.0157 0.1240 0.0718 0.0216 0.1781	HII
7.9000 -0.8750 -2.0000 0.5536 0.3509 0.1095 0.0217 0.0000 6.0152 0.0023 0.0557 0.0240 0.0813 0.0156 0.0909 0.0672 0.0159 0.1688	HII
7.9000 -0.8750 -1.7500 0.4087 0.3941 0.1331 0.0216 0.0000 6.7463 0.0017 0.0556 0.0229 0.0594 0.0155 0.0692 0.0600 0.0120 0.1518	HII
7.9000 -0.8750 -1.5000 0.3137 0.4385 0.1590 0.0215 0.0000 7.4547 0.0013 0.0554 0.0208 0.0454 0.0155 0.0546 0.0516 0.0094 0.1308	HII
8.0000 -0.8750 -4.0000 2.7881 0.0441 0.0000 0.0234 0.0000 0.0761 0.0110 0.0599 0.0042 0.6951 0.0170 1.0040 0.0396 0.0496 0.0583	HII
8.0000 -0.8750 -3.7500 3.1875 0.0704 0.0020 0.0232 0.0000 0.2370 0.0125 0.0594 0.0067 0.7199 0.0168 0.8606 0.0456 0.0615 0.0844	HII
8.0000 -0.8750 -3.5000 3.3589 0.1064 0.0061 0.0229 0.0000 0.6565 0.0132 0.0587 0.0100 0.6913 0.0166 0.7010 0.0516 0.0695 0.1151	HII
8.0000 -0.8750 -3.2500 3.1069 0.1495 0.0152 0.0226 0.0000 1.4706 0.0121 0.0580 0.0138 0.5874 0.0164 0.5421 0.0571 0.0683 0.1464	HII
8.0000 -0.8750 -3.0000 2.5065 0.1955 0.0291 0.0224 0.0000 2.5817 0.0098 0.0574 0.0176 0.4415 0.0162 0.4018 0.0620 0.0583 0.1741	HII
8.0000 -0.8750 -2.7500 1.8371 0.2413 0.0462 0.0222 0.0000 3.7388 0.0073 0.0569 0.0210 0.3066 0.0160 0.2898 0.0656 0.0451 0.1949	HII
8.0000 -0.8750 -2.5000 1.2874 0.2863 0.0648 0.0221 0.0000 4.7944 0.0052 0.0565 0.0237 0.2066 0.0159 0.2068 0.0673 0.0331 0.2065	HII
8.0000 -0.8750 -2.2500 0.8988 0.3312 0.0845 0.0219 0.0000 5.7313 0.0037 0.0563 0.0253 0.1403 0.0158 0.1484 0.0663 0.0240 0.2070	HII
8.0000 -0.8750 -2.0000 0.6421 0.3766 0.1058 0.0218 0.0000 6.5874 0.0027 0.0561 0.0256 0.0982 0.0157 0.1089 0.0622 0.0177 0.1964	HII
8.0000 -0.8750 -1.7500 0.4751 0.4233 0.1290 0.0218 0.0000 7.4011 0.0020 0.0560 0.0245 0.0717 0.0157 0.0827 0.0558 0.0135 0.1771	HII
8.0000 -0.8750 -1.5000 0.3652 0.4721 0.1550 0.0217 0.0000 8.2022 0.0016 0.0558 0.0225 0.0546 0.0156 0.0653 0.0482 0.0106 0.1530	HII
8.1000 -0.8750 -4.0000 2.9769 0.0459 0.0000 0.0234 0.0000 0.0806 0.0114 0.0601 0.0044 0.7956 0.0170 1.1639 0.0571 0.0492 0.0667	HII
8.1000 -0.8750 -3.7500 3.4266 0.0737 0.0018 0.0232 0.0000 0.2513 0.0131 0.0596 0.0070 0.8286 0.0169 1.0048 0.0659 0.0615 0.0967	HII
8.1000 -0.8750 -3.5000 3.6294 0.1118 0.0056 0.0230 0.0000 0.6954 0.0139 0.0589 0.0105 0.8005 0.0167 0.8225 0.0746 0.0699 0.1322	HII
8.1000 -0.8750 -3.2500 3.3806 0.1571 0.0138 0.0227 0.0000 1.5562 0.0130 0.0583 0.0144 0.6859 0.0165 0.6379 0.0826 0.0695 0.1681	HII
8.1000 -0.8750 -3.0000 2.7529 0.2048 0.0265 0.0225 0.0000 2.7299 0.0106 0.0577 0.0182 0.5200 0.0163 0.4735 0.0891 0.0600 0.1994	HII
8.1000 -0.8750 -2.7500 2.0399 0.2520 0.0420 0.0223 0.0000 3.9588 0.0080 0.0572 0.0216 0.3636 0.0161 0.3419 0.0940 0.0470 0.2228	HII
8.1000 -0.8750 -2.5000 1.4438 0.2983 0.0591 0.0222 0.0000 5.0877 0.0058 0.0569 0.0244 0.2462 0.0160 0.2442 0.0964 0.0350 0.2358	HII
8.1000 -0.8750 -2.2500 1.0157 0.3445 0.0774 0.0221 0.0000 6.0966 0.0041 0.0566 0.0261 0.1674 0.0159 0.1754 0.0951 0.0258 0.2366	HII
8.1000 -0.8750 -2.0000 0.7293 0.3920 0.0974 0.0220 0.0000 7.0270 0.0030 0.0565 0.0265 0.1172 0.0159 0.1287 0.0897 0.0192 0.2249	HII
8.1000 -0.8750 -1.7500 0.5419 0.4419 0.1196 0.0219 0.0000 7.9228 0.0023 0.0563 0.0255 0.0854 0.0158 0.0979 0.0809 0.0146 0.2034	HII
8.1000 -0.8750 -1.5000 0.4180 0.4950 0.1449 0.0218 0.0000 8.8189 0.0018 0.0562 0.0236 0.0650 0.0157 0.0774 0.0703 0.0116 0.1765	HII
8.2000 -0.8750 -4.0000 3.0161 0.0443 0.0000 0.0233 0.0000 0.0803 0.0111 0.0599 0.0043 0.8814 0.0170 1.3111 0.0502 0.0451 0.0737	HII
8.2000 -0.8750 -3.7500 3.5196 0.0722 0.0015 0.0232 0.0000 0.2524 0.0131 0.0596 0.0069 0.9270 0.0169 1.1449 0.0584 0.0575 0.1077	HII
8.2000 -0.8750 -3.5000 3.7687 0.1108 0.0047 0.0230 0.0000 0.7016 0.0140 0.0591 0.0104 0.9046 0.0167 0.9450 0.0664 0.0666 0.1479	HII
8.2000 -0.8750 -3.2500 3.5493 0.1567 0.0117 0.0228 0.0000 1.5729 0.0133 0.0585 0.0143 0.7838 0.0166 0.7366 0.0734 0.0670 0.1883	HII
8.2000 -0.8750 -3.0000 2.9280 0.2046 0.0224 0.0226 0.0000 2.7668 0.0111 0.0580 0.0180 0.6008 0.0164 0.5481 0.0790 0.0589 0.2232	HII
8.2000 -0.8750 -2.7500 2.2012 0.2517 0.0356 0.0224 0.0000 4.0285 0.0085 0.0576 0.0214 0.4242 0.0163 0.3965 0.0831 0.0472 0.2493	HII
8.2000 -0.8750 -2.5000 1.5786 0.2981 0.0504 0.0223 0.0000 5.2021 0.0062 0.0573 0.0241 0.2891 0.0162 0.2837 0.0852 0.0358 0.2642	HII
8.2000 -0.8750 -2.2500 1.1215 0.3447 0.0666 0.0222 0.0000 6.2624 0.0045 0.0570 0.0259 0.1973 0.0161 0.2041 0.0844 0.0267 0.2659	HII
8.2000 -0.8750 -2.0000 0.8115 0.3931 0.0845 0.0221 0.0000 7.2490 0.0033 0.0569 0.0264 0.1383 0.0160 0.1500 0.0801 0.0201 0.2539	HII
8.2000 -0.8750 -1.7500 0.6062 0.4448 0.1047 0.0221 0.0000 8.2160 0.0025 0.0567 0.0258 0.1009 0.0160 0.1142 0.0728 0.0156 0.2310	HII
8.2000 -0.8750 -1.5000 0.4695 0.5009 0.1281 0.0220 0.0000 9.1989 0.0020 0.0566 0.0241 0.0767 0.0159 0.0904 0.0638 0.0124 0.2016	HII
8.3000 -0.8750 -4.0000 2.7149 0.0367 0.0000 0.0231 0.0000 0.0704 0.0095 0.0594 0.0036 0.9081 0.0169 1.3843 0.0647 0.0350 0.0757	HII
8.3000 -0.8750 -3.7500 3.2659 0.0620 0.0010 0.0231 0.0000 0.2263 0.0115 0.0594 0.0061 0.9749 0.0169 1.2368 0.0768 0.0465 0.1126	HII
8.3000 -0.8750 -3.5000 3.5951 0.0981 0.0034 0.0230 0.0000 0.6419 0.0128 0.0591 0.0093 0.9710 0.0168 1.0393 0.0886 0.0559 0.1571	HII
8.3000 -0.8750 -3.2500 3.4712 0.1419 0.0085 0.0228 0.0000 1.4631 0.0125 0.0587 0.0130 0.8586 0.0166 0.8194 0.0986 0.0582 0.2021	HII
8.3000 -0.8750 -3.0000 2.9326 0.1878 0.0166 0.0227 0.0000 2.6076 0.0107 0.0583 0.0165 0.6702 0.0165 0.6138 0.1063 0.0529 0.2406	HII
8.3000 -0.8750 -2.7500 2.2547 0.2331 0.0268 0.0225 0.0000 3.8409 0.0084 0.0579 0.0196 0.4802 0.0164 0.4458 0.1119 0.0438 0.2696	HII
8.3000 -0.8750 -2.5000 1.6490 0.2778 0.0385 0.0224 0.0000 5.0093 0.0063 0.0576 0.0223 0.3307 0.0163 0.3200 0.1151 0.0342 0.2870	HII
8.3000 -0.8750 -2.2500 1.1898 0.3231 0.0517 0.0224 0.0000 6.0827 0.0047 0.0574 0.0241 0.2272 0.0162 0.2309 0.1148 0.0261 0.2907	HII
8.3000 -0.8750 -2.0000 0.8705 0.3707 0.0665 0.0223 0.0000 7.0962 0.0035 0.0573 0.0250 0.1598 0.0162 0.1702 0.1100 0.0201 0.2800	HII
8.3000 -0.8750 -1.7500 0.6560 0.4221 0.0835 0.0222 0.0000 8.0958 0.0027 0.0572 0.0247 0.1168 0.0161 0.1298 0.1012 0.0159 0.2570	HII
8.3000 -0.8750 -1.5000 0.5116 0.4795 0.1038 0.0221 0.0000 9.1413 0.0022 0.0571 0.0236 0.0889 0.0161 0.1030 0.0898 0.0128 0.2267	HII
8.4000 -0.8750 -4.0000 2.2492 0.0279 0.0000 0.0228 0.0000 0.0577 0.0073 0.0588 0.0028 0.8895 0.0167 1.3927 0.0502 0.0241 0.0746	HII
8.4000 -0.8750 -3.7500 2.8366 0.0497 0.0000 0.0229 0.0000 0.1922 0.0094 0.0591 0.0049 0.9845 0.0168 1.2855 0.0614 0.0343 0.1139	HII
8.4000 -0.8750 -3.5000 3.2479 0.0821 0.0022 0.0229 0.0000 0.5618 0.0109 0.0591 0.0079 1.0078 0.0168 1.1076 0.0723 0.0436 0.1625	HII
8.4000 -0.8750 -3.2500 3.2349 0.1222 0.0057 0.0228 0.0000 1.3063 0.0111 0.0588 0.0113 0.9125 0.0167 0.8874 0.0814 0.0473 0.2118	HII
8.4000 -0.8750 -3.0000 2.8124 0.1648 0.0114 0.0227 0.0000 2.3642 0.0098 0.0585 0.0145 0.7277 0.0166 0.6714 0.0882 0.0447 0.2540	HII
8.4000 -0.8750 -2.7500 2.2191 0.2071 0.0188 0.0226 0.0000 3.5291 0.0080 0.0582 0.0173 0.5303 0.0165 0.4906 0.0930 0.0383 0.2859	HII
8.4000 -0.8750 -2.5000 1.6593 0.2490 0.0276 0.0225 0.0000 4.6578 0.0062 0.0580 0.0197 0.3698 0.0164 0.3538 0.0960 0.0309 0.3059	HII
8.4000 -0.8750 -2.2500 1.2189 0.2916 0.0377 0.0225 0.0000 5.7137 0.0047 0.0579 0.0216 0.2562 0.0164 0.2563 0.0963 0.0245 0.3118	HII
8.4000 -0.8750 -2.0000 0.9049 0.3370 0.0494 0.0224 0.0000 6.7275 0.0036 0.0577 0.0227 0.1812 0.0163 0.1896 0.0932 0.0192 0.3029	HII
8.4000 -0.8750 -1.7500 0.6896 0.3864 0.0630 0.0224 0.0000 7.7387 0.0028 0.0576 0.0228 0.1329 0.0163 0.1450 0.0868 0.0154 0.2806	HII
8.4000 -0.8750 -1.5000 0.5423 0.4425 0.0795 0.0223 0.0000 8.8089 0.0023 0.0575 0.0221 0.1014 0.0162 0.1155 0.0780 0.0127 0.2499	HII
8.5000 -0.8750 -4.0000 1.5112 0.0147 0.0000 0.0223 0.0000 0.0352 0.0044 0.0579 0.0017 0.7661 0.0165 1.2286 0.0543 0.0123 0.0664	HII
8.5000 -0.8750 -3.7500 2.0626 0.0289 0.0000 0.0227 0.0000 0.1247 0.0061 0.0587 0.0033 0.8906 0.0167 1.1928 0.0698 0.0195 0.1055	HII
8.5000 -0.8750 -3.5000 2.5675 0.0529 0.0010 0.0228 0.0000 0.3942 0.0078 0.0589 0.0058 0.9604 0.0168 1.0755 0.0860 0.0278 0.1571	HII
8.5000 -0.8750 -3.2500 2.7516 0.0856 0.0030 0.0228 0.0000 0.9842 0.0086 0.0589 0.0087 0.9103 0.0167 0.8895 0.1000 0.0331 0.2114	HII
8.5000 -0.8750 -3.0000 2.5348 0.1226 0.0064 0.0228 0.0000 1.8766 0.0080 0.0587 0.0115 0.7519 0.0167 0.6853 0.1102 0.0337 0.2581	HII
8.5000 -0.8750 -2.7500 2.0915 0.1604 0.0110 0.0227 0.0000 2.9044 0.0068 0.0586 0.0140 0.5619 0.0166 0.5056 0.1171 0.0306 0.2932	HII
8.5000 -0.8750 -2.5000 1.6176 0.1984 0.0168 0.0226 0.0000 3.9401 0.0054 0.0585 0.0162 0.3985 0.0166 0.3667 0.1218 0.0259 0.3168	HII
8.5000 -0.8750 -2.2500 1.2173 0.2377 0.0237 0.0226 0.0000 4.9408 0.0042 0.0583 0.0180 0.2788 0.0165 0.2670 0.1241 0.0213 0.3279	HII
8.5000 -0.8750 -2.0000 0.9187 0.2796 0.0319 0.0226 0.0000 5.9167 0.0033 0.0582 0.0194 0.1982 0.0165 0.1984 0.1228 0.0172 0.3247	HII
8.5000 -0.8750 -1.7500 0.7080 0.3252 0.0417 0.0225 0.0000 6.8987 0.0026 0.0582 0.0200 0.1456 0.0164 0.1522 0.1172 0.0142 0.3075	HII
8.5000 -0.8750 -1.5000 0.5610 0.3771 0.0537 0.0224 0.0000 7.9459 0.0022 0.0581 0.0200 0.1113 0.0164 0.1217 0.1080 0.0117 0.2797	HII
8.6000 -0.8750 -4.0000 0.8758 0.0052 0.0000 0.0217 0.0000 0.0158 0.0022 0.0567 0.0000 0.6035 0.0162 0.9823 0.0342 0.0043 0.0559	HII
8.6000 -0.8750 -3.7500 1.3039 0.0115 0.0000 0.0223 0.0000 0.0601 0.0034 0.0581 0.0019 0.7381 0.0166 1.0043 0.0462 0.0091 0.0922	HII
8.6000 -0.8750 -3.5000 1.8394 0.0246 0.0000 0.0226 0.0000 0.2154 0.0049 0.0587 0.0038 0.8569 0.0167 0.9646 0.0609 0.0151 0.1458	HII
8.6000 -0.8750 -3.2500 2.2360 0.0465 0.0013 0.0227 0.0000 0.6141 0.0060 0.0589 0.0064 0.8717 0.0167 0.8395 0.0750 0.0214 0.2071	HII
8.6000 -0.8750 -3.0000 2.2550 0.0743 0.0030 0.0227 0.0000 1.2950 0.0061 0.0589 0.0089 0.7522 0.0167 0.6620 0.0850 0.0242 0.2599	HII
8.6000 -0.8750 -2.7500 1.9881 0.1051 0.0056 0.0227 0.0000 2.1405 0.0054 0.0589 0.0110 0.5782 0.0167 0.4933 0.0914 0.0237 0.2985	HII
8.6000 -0.8750 -2.5000 1.6114 0.1378 0.0089 0.0227 0.0000 3.0400 0.0044 0.0589 0.0128 0.4167 0.0167 0.3587 0.0957 0.0213 0.3254	HII
8.6000 -0.8750 -2.2500 1.2497 0.1725 0.0131 0.0227 0.0000 3.9457 0.0035 0.0588 0.0145 0.2936 0.0167 0.2612 0.0990 0.0181 0.3423	HII
8.6000 -0.8750 -2.0000 0.9592 0.2101 0.0182 0.0227 0.0000 4.8531 0.0028 0.0588 0.0160 0.2088 0.0166 0.1942 0.1008 0.0151 0.3484	HII
8.6000 -0.8750 -1.7500 0.7448 0.2510 0.0245 0.0227 0.0000 5.7747 0.0023 0.0587 0.0171 0.1530 0.0166 0.1492 0.1002 0.0127 0.3417	HII
8.6000 -0.8750 -1.5000 0.5921 0.2969 0.0324 0.0226 0.0000 6.7497 0.0019 0.0586 0.0178 0.1166 0.0166 0.1193 0.0965 0.0108 0.3225	HII
8.7000 -0.8750 -4.0000 0.3923 0.0015 0.0000 0.0213 0.0000 0.0059 0.0000 0.0560 0.0000 0.4107 0.0160 0.6888 0.0300 0.0000 0.0421	HII
8.7000 -0.8750 -3.7500 0.6320 0.0036 0.0000 0.0221 0.0000 0.0233 0.0014 0.0579 0.0000 0.5247 0.0165 0.7402 0.0423 0.0012 0.0711	HII
8.7000 -0.8750 -3.5000 1.0203 0.0089 0.0000 0.0225 0.0000 0.0963 0.0023 0.0588 0.0019 0.6590 0.0168 0.7645 0.0600 0.0050 0.1199	HII
8.7000 -0.8750 -3.2500 1.4891 0.0205 0.0000 0.0227 0.0000 0.3336 0.0034 0.0591 0.0039 0.7433 0.0168 0.7231 0.0812 0.0103 0.1864	HII
8.7000 -0.8750 -3.0000 1.7518 0.0386 0.0012 0.0228 0.0000 0.8142 0.0039 0.0592 0.0062 0.6951 0.0168 0.6057 0.0986 0.0142 0.2495	HII
8.7000 -0.8750 -2.7500 1.6985 0.0601 0.0025 0.0228 0.0000 1.4575 0.0038 0.0592 0.0080 0.5559 0.0168 0.4620 0.1086 0.0159 0.2935	HII
8.7000 -0.8750 -2.5000 1.4779 0.0845 0.0042 0.0228 0.0000 2.1803 0.0033 0.0593 0.0096 0.4103 0.0168 0.3392 0.1149 0.0156 0.3231	HII
8.7000 -0.8750 -2.2500 1.2059 0.1123 0.0065 0.0228 0.0000 2.9465 0.0027 0.0593 0.0109 0.2926 0.0168 0.2479 0.1200 0.0142 0.3437	HII
8.7000 -0.8750 -2.0000 0.9553 0.1438 0.0095 0.0228 0.0000 3.7478 0.0022 0.0593 0.0123 0.2088 0.0168 0.1845 0.1246 0.0123 0.3567	HII
8.7000 -0.8750 -1.7500 0.7559 0.1793 0.0133 0.0228 0.0000 4.5864 0.0018 0.0593 0.0135 0.1529 0.0168 0.1419 0.1277 0.0106 0.3600	HII
8.7000 -0.8750 -1.5000 0.6063 0.2194 0.0181 0.0228 0.0000 5.4878 0.0015 0.0592 0.0146 0.1161 0.0168 0.1135 0.1282 0.0091 0.3519	HII
8.8000 -0.8750 -4.0000 0.1605 0.0000 0.0000 0.0210 0.0000 0.0021 0.0000 0.0556 0.0000 0.2660 0.0159 0.4595 0.0160 0.0000 0.0307	HII
8.8000 -0.8750 -3.7500 0.2774 0.0010 0.0000 0.0220 0.0000 0.0085 0.0000 0.0578 0.0000 0.3522 0.0165 0.5177 0.0233 0.0000 0.0528	HII
8.8000 -0.8750 -3.5000 0.4913 0.0028 0.0000 0.0225 0.0000 0.0381 0.0000 0.0590 0.0000 0.4671 0.0168 0.5662 0.0347 0.0000 0.0929	HII
8.8000 -0.8750 -3.2500 0.8549 0.0078 0.0000 0.0227 0.0000 0.1616 0.0016 0.0595 0.0021 0.5824 0.0169 0.5842 0.0517 0.0017 0.1579	HII
8.8000 -0.8750 -3.0000 1.2158 0.0178 0.0000 0.0228 0.0000 0.4715 0.0023 0.0595 0.0039 0.6026 0.0170 0.5319 0.0688 0.0072 0.2300	HII
8.8000 -0.8750 -2.7500 1.3508 0.0312 0.0000 0.0229 0.0000 0.9369 0.0025 0.0596 0.0056 0.5127 0.0170 0.4245 0.0796 0.0095 0.2830	HII
8.8000 -0.8750 -2.5000 1.2888 0.0469 0.0018 0.0229 0.0000 1.4771 0.0023 0.0597 0.0069 0.3906 0.0170 0.3171 0.0853 0.0108 0.3156	HII
8.8000 -0.8750 -2.2500 1.1279 0.0659 0.0030 0.0229 0.0000 2.0765 0.0020 0.0598 0.0080 0.2832 0.0170 0.2332 0.0895 0.0107 0.3377	HII
8.8000 -0.8750 -2.0000 0.9393 0.0894 0.0046 0.0229 0.0000 2.7389 0.0016 0.0598 0.0091 0.2033 0.0170 0.1737 0.0938 0.0099 0.3544	HII
8.8000 -0.8750 -1.7500 0.7671 0.1180 0.0068 0.0229 0.0000 3.4706 0.0013 0.0598 0.0103 0.1487 0.0169 0.1337 0.0982 0.0089 0.3656	HII
8.8000 -0.8750 -1.5000 0.6256 0.1516 0.0097 0.0229 0.0000 4.2755 0.0011 0.0597 0.0115 0.1125 0.0169 0.1069 0.1018 0.0078 0.3682	HII
8.9000 -0.8750 -4.0000 0.0405 0.0000 0.0000 0.0180 0.0000 0.0011 0.0000 0.0481 0.0000 0.1216 0.0139 0.1770 0.0096 0.0000 0.0202	HII
8.9000 -0.8750 -3.7500 0.0646 0.0000 0.0000 0.0195 0.0000 0.0043 0.0000 0.0519 0.0000 0.1521 0.0150 0.1866 0.0141 0.0000 0.0354	HII
8.9000 -0.8750 -3.5000 0.1277 0.0000 0.0000 0.0220 0.0000 0.0081 0.0000 0.0582 0.0000 0.2304 0.0166 0.3025 0.0216 0.0000 0.0512	HII
8.9000 -0.8750 -3.2500 0.2673 0.0013 0.0000 0.0225 0.0000 0.0429 0.0000 0.0592 0.0000 0.3247 0.0169 0.3497 0.0361 0.0000 0.0974	HII
8.9000 -0.8750 -3.0000 0.5031 0.0041 0.0000 0.0227 0.0000 0.1691 0.0000 0.0596 0.0014 0.3993 0.0170 0.3679 0.0567 0.0000 0.1657	HII
8.9000 -0.8750 -2.7500 0.7257 0.0089 0.0000 0.0228 0.0000 0.4115 0.0010 0.0597 0.0026 0.3944 0.0170 0.3297 0.0747 0.0013 0.2287	HII
8.9000 -0.8750 -2.5000 0.8475 0.0151 0.0000 0.0229 0.0000 0.7197 0.0012 0.0599 0.0037 0.3310 0.0171 0.2627 0.0855 0.0042 0.2700	HII
8.9000 -0.8750 -2.2500 0.8699 0.0228 0.0000 0.0229 0.0000 1.0764 0.0012 0.0601 0.0046 0.2544 0.0171 0.1990 0.0920 0.0051 0.2960	HII
8.9000 -0.8750 -2.0000 0.8207 0.0334 0.0015 0.0230 0.0000 1.4950 0.0010 0.0602 0.0055 0.1881 0.0171 0.1498 0.0976 0.0056 0.3152	HII
8.9000 -0.8750 -1.7500 0.7307 0.0487 0.0023 0.0230 0.0000 1.9984 0.0000 0.0602 0.0063 0.1387 0.0171 0.1153 0.1039 0.0056 0.3320	HII
8.9000 -0.8750 -1.5000 0.6266 0.0701 0.0036 0.0229 0.0000 2.5980 0.0000 0.0602 0.0073 0.1046 0.0170 0.0920 0.1109 0.0053 0.3452	HII
9.0000 -0.8750 -4.0000 0.0041 0.0000 0.0000 0.0097 0.0000 0.0000 0.0000 0.0259 0.0000 0.0293 0.0074 0.0464 0.0017 0.0000 0.0053	HII
9.0000 -0.8750 -3.7500 0.0076 0.0000 0.0000 0.0108 0.0000 0.0000 0.0000 0.0286 0.0000 0.0402 0.0082 0.0546 0.0028 0.0000 0.0102	HII
9.0000 -0.8750 -3.5000 0.0187 0.0000 0.0000 0.0115 0.0000 0.0023 0.0000 0.0305 0.0000 0.0635 0.0087 0.0714 0.0053 0.0000 0.0214	HII
9.0000 -0.8750 -3.2500 0.0694 0.0000 0.0000 0.0197 0.0000 0.0179 0.0000 0.0524 0.0000 0.1404 0.0152 0.1319 0.0146 0.0000 0.0642	HII
9.0000 -0.8750 -3.0000 0.1142 0.0000 0.0000 0.0218 0.0000 0.0573 0.0000 0.0579 0.0000 0.1483 0.0166 0.1264 0.0215 0.0000 0.1010	HII
9.0000 -0.8750 -2.7500 0.2010 0.0000 0.0000 0.0224 0.0000 0.0911 0.0000 0.0592 0.0000 0.2226 0.0169 0.1918 0.0302 0.0000 0.1352	HII
9.0000 -0.8750 -2.5000 0.3645 0.0022 0.0000 0.0226 0.0000 0.1977 0.0000 0.0596 0.0013 0.2422 0.0170 0.1858 0.0430 0.0000 0.1936	HII
9.0000 -0.8750 -2.2500 0.5796 0.0038 0.0000 0.0228 0.0000 0.3355 0.0000 0.0599 0.0022 0.2292 0.0170 0.1622 0.0546 0.0000 0.2437	HII
9.0000 -0.8750 -2.0000 0.8113 0.0055 0.0000 0.0228 0.0000 0.4883 0.0000 0.0601 0.0034 0.1938 0.0171 0.1326 0.0639 0.0028 0.2816	HII
9.0000 -0.8750 -1.7500 1.0175 0.0076 0.0000 0.0229 0.0000 0.6616 0.0000 0.0603 0.0046 0.1525 0.0171 0.1054 0.0709 0.0059 0.3086	HII
9.0000 -0.8750 -1.5000 1.0814 0.0110 0.0000 0.0229 0.0000 0.9052 0.0000 0.0603 0.0054 0.1147 0.0171 0.0830 0.0745 0.0086 0.3208	HII
9.1000 -0.8750 -4.0000 0.0000 0.0000 0.0000 0.0078 0.0000 0.0000 0.0000 0.0210 0.0000 0.0048 0.0060 0.0083 0.0000 0.0000 0.0011	HII
9.1000 -0.8750 -3.7500 0.0000 0.0000 0.0000 0.0090 0.0000 0.0000 0.0000 0.0242 0.0000 0.0073 0.0069 0.0112 0.0000 0.0000 0.0023	HII
9.1000 -0.8750 -3.5000 0.0000 0.0000 0.0000 0.0100 0.0000 0.0000 0.0000 0.0268 0.0000 0.0125 0.0076 0.0161 0.0013 0.0000 0.0053	HII
9.1000 -0.8750 -3.2500 0.0044 0.0000 0.0000 0.0107 0.0000 0.0011 0.0000 0.0284 0.0000 0.0272 0.0081 0.0287 0.0034 0.0000 0.0144	HII
9.1000 -0.8750 -3.0000 0.0235 0.0000 0.0000 0.0116 0.0000 0.0098 0.0000 0.0306 0.0000 0.0588 0.0087 0.0523 0.0096 0.0000 0.0398	HII
9.1000 -0.8750 -2.7500 0.0627 0.0000 0.0000 0.0183 0.0000 0.0488 0.0000 0.0485 0.0000 0.0861 0.0140 0.0721 0.0217 0.0000 0.0921	HII
9.1000 -0.8750 -2.5000 0.0619 0.0000 0.0000 0.0198 0.0000 0.0930 0.0000 0.0526 0.0000 0.0579 0.0152 0.0494 0.0250 0.0000 0.1106	HII
9.1000 -0.8750 -2.2500 0.0399 0.0000 0.0000 0.0186 0.0000 0.1212 0.0000 0.0494 0.0000 0.0286 0.0142 0.0256 0.0224 0.0000 0.1034	HII
9.1000 -0.8750 -2.0000 0.0162 0.0000 0.0000 0.0134 0.0000 0.1010 0.0000 0.0352 0.0000 0.0102 0.0100 0.0095 0.0146 0.0000 0.0699	HII
9.1000 -0.8750 -1.7500 0.0062 0.0000 0.0000 0.0136 0.0000 0.0787 0.0000 0.0358 0.0000 0.0044 0.0102 0.0040 0.0108 0.0000 0.0548	HII
9.1000 -0.8750 -1.5000 0.0027 0.0000 0.0000 0.0137 0.0000 0.0658 0.0000 0.0363 0.0000 0.0022 0.0103 0.0010 0.0086 0.0000 0.0453	HII
6.9000 -0.7500 -4.0000 0.3440 0.0107 0.0000 0.0234 0.0000 0.0103 0.0020 0.0600 0.0000 0.0950 0.0169 0.0995 0.0053 0.0077 0.0060	HII
6.9000 -0.7500 -3.7500 0.3943 0.0167 0.0000 0.0229 0.0000 0.0330 0.0022 0.0586 0.0000 0.0972 0.0165 0.0842 0.0060 0.0094 0.0088	HII
6.9000 -0.7500 -3.5000 0.4149 0.0249 0.0014 0.0224 0.0000 0.0931 0.0023 0.0573 0.0014 0.0913 0.0161 0.0681 0.0068 0.0108 0.0120	HII
6.9000 -0.7500 -3.2500 0.3789 0.0351 0.0035 0.0219 0.0000 0.2111 0.0021 0.0561 0.0020 0.0750 0.0158 0.0526 0.0076 0.0105 0.0155	HII
6.9000 -0.7500 -3.0000 0.2985 0.0468 0.0072 0.0215 0.0000 0.3741 0.0016 0.0551 0.0027 0.0546 0.0154 0.0392 0.0085 0.0087 0.0188	HII
6.9000 -0.7500 -2.7500 0.2132 0.0598 0.0120 0.0211 0.0000 0.5498 0.0012 0.0542 0.0034 0.0372 0.0151 0.0284 0.0092 0.0056 0.0214	HII
6.9000 -0.7500 -2.5000 0.1468 0.0741 0.0179 0.0208 0.0000 0.7213 0.0000 0.0534 0.0040 0.0250 0.0149 0.0205 0.0095 0.0040 0.0230	HII
6.9000 -0.7500 -2.2500 0.1018 0.0895 0.0248 0.0205 0.0000 0.8855 0.0000 0.0529 0.0044 0.0172 0.0147 0.0147 0.0094 0.0014 0.0232	HII
6.9000 -0.7500 -2.0000 0.0729 0.1058 0.0327 0.0203 0.0000 1.0441 0.0000 0.0524 0.0046 0.0123 0.0145 0.0110 0.0087 0.0010 0.0222	HII
6.9000 -0.7500 -1.7500 0.0544 0.1225 0.0415 0.0201 0.0000 1.1961 0.0000 0.0521 0.0044 0.0092 0.0144 0.0084 0.0077 0.0000 0.0201	HII
6.9000 -0.7500 -1.5000 0.0422 0.1392 0.0510 0.0199 0.0010 1.3411 0.0000 0.0517 0.0041 0.0072 0.0142 0.0068 0.0066 0.0000 0.0174	HII
7.0000 -0.7500 -4.0000 0.4298 0.0084 0.0000 0.0234 0.0000 0.0128 0.0024 0.0600 0.0000 0.1191 0.0169 0.1250 0.0066 0.0094 0.0076	HII
7.0000 -0.7500 -3.7500 0.4926 0.0131 0.0000 0.0229 0.0000 0.0411 0.0028 0.0586 0.0012 0.1219 0.0165 0.1056 0.0075 0.0117 0.0110	HII
7.0000 -0.7500 -3.5000 0.5185 0.0195 0.0017 0.0224 0.0000 0.1159 0.0029 0.0574 0.0018 0.1145 0.0162 0.0855 0.0085 0.0133 0.0151	HII
7.0000 -0.7500 -3.2500 0.4739 0.0275 0.0044 0.0220 0.0000 0.2628 0.0026 0.0562 0.0025 0.0941 0.0158 0.0661 0.0096 0.0130 0.0194	HII
7.0000 -0.7500 -3.0000 0.3734 0.0367 0.0088 0.0215 0.0000 0.4656 0.0020 0.0551 0.0034 0.0686 0.0155 0.0492 0.0106 0.0109 0.0235	HII
7.0000 -0.7500 -2.7500 0.2670 0.0469 0.0148 0.0212 0.0000 0.6840 0.0014 0.0543 0.0042 0.0468 0.0152 0.0357 0.0115 0.0081 0.0268	HII
7.0000 -0.7500 -2.5000 0.1838 0.0580 0.0219 0.0209 0.0000 0.8963 0.0010 0.0536 0.0050 0.0315 0.0149 0.0256 0.0119 0.0051 0.0288	HII
7.0000 -0.7500 -2.2500 0.1274 0.0699 0.0302 0.0206 0.0000 1.0985 0.0000 0.0530 0.0055 0.0216 0.0147 0.0186 0.0118 0.0017 0.0290	HII
7.0000 -0.7500 -2.0000 0.0911 0.0823 0.0397 0.0204 0.0000 1.2919 0.0000 0.0526 0.0056 0.0154 0.0146 0.0138 0.0109 0.0013 0.0277	HII
7.0000 -0.7500 -1.7500 0.0679 0.0950 0.0501 0.0202 0.0000 1.4758 0.0000 0.0523 0.0054 0.0115 0.0144 0.0106 0.0097 0.0000 0.0250	HII
7.0000 -0.7500 -1.5000 0.0526 0.1075 0.0612 0.0200 0.0000 1.6504 0.0000 0.0520 0.0050 0.0090 0.0143 0.0084 0.0082 0.0000 0.0216	HII
7.1000 -0.7500 -4.0000 0.5365 0.0104 0.0000 0.0234 0.0000 0.0159 0.0030 0.0600 0.0000 0.1492 0.0169 0.1567 0.0082 0.0117 0.0095	HII
7.1000 -0.7500 -3.7500 0.6150 0.0163 0.0000 0.0229 0.0000 0.0511 0.0035 0.0587 0.0014 0.1528 0.0166 0.1325 0.0094 0.0145 0.0137	HII
7.1000 -0.7500 -3.5000 0.6475 0.0243 0.0021 0.0224 0.0000 0.1440 0.0036 0.0574 0.0022 0.1436 0.0162 0.1073 0.0107 0.0166 0.0189	HII
7.1000 -0.7500 -3.2500 0.5922 0.0343 0.0054 0.0220 0.0000 0.3268 0.0032 0.0562 0.0031 0.1181 0.0158 0.0829 0.0120 0.0163 0.0243	HII
7.1000 -0.7500 -3.0000 0.4671 0.0457 0.0109 0.0216 0.0000 0.5795 0.0025 0.0552 0.0042 0.0861 0.0155 0.0616 0.0133 0.0136 0.0294	HII
7.1000 -0.7500 -2.7500 0.3342 0.0583 0.0182 0.0212 0.0000 0.8515 0.0018 0.0544 0.0052 0.0588 0.0152 0.0448 0.0143 0.0102 0.0336	HII
7.1000 -0.7500 -2.5000 0.2303 0.0721 0.0270 0.0209 0.0000 1.1159 0.0013 0.0537 0.0062 0.0395 0.0150 0.0322 0.0149 0.0073 0.0360	HII
7.1000 -0.7500 -2.2500 0.1597 0.0869 0.0372 0.0207 0.0000 1.3679 0.0000 0.0531 0.0068 0.0272 0.0148 0.0233 0.0147 0.0045 0.0364	HII
7.1000 -0.7500 -2.0000 0.1143 0.1024 0.0489 0.0205 0.0000 1.6094 0.0000 0.0528 0.0070 0.0194 0.0146 0.0173 0.0137 0.0016 0.0347	HII
7.1000 -0.7500 -1.7500 0.0852 0.1182 0.0618 0.0203 0.0000 1.8407 0.0000 0.0524 0.0068 0.0145 0.0145 0.0133 0.0121 0.0012 0.0313	HII
7.1000 -0.7500 -1.5000 0.0660 0.1342 0.0759 0.0201 0.0000 2.0624 0.0000 0.0521 0.0062 0.0113 0.0144 0.0107 0.0103 0.0000 0.0271	HII
7.2000 -0.7500 -4.0000 0.6669 0.0128 0.0000 0.0234 0.0000 0.0197 0.0038 0.0600 0.0011 0.1864 0.0170 0.1961 0.0082 0.0145 0.0118	HII
7.2000 -0.7500 -3.7500 0.7644 0.0200 0.0000 0.0230 0.0000 0.0631 0.0043 0.0587 0.0018 0.1911 0.0166 0.1659 0.0093 0.0180 0.0172	HII
7.2000 -0.7500 -3.5000 0.8051 0.0300 0.0025 0.0225 0.0000 0.1779 0.0045 0.0575 0.0027 0.1798 0.0162 0.1343 0.0106 0.0206 0.0236	HII
7.2000 -0.7500 -3.2500 0.7370 0.0423 0.0066 0.0220 0.0000 0.4037 0.0040 0.0563 0.0039 0.1482 0.0158 0.1038 0.0119 0.0201 0.0303	HII
7.2000 -0.7500 -3.0000 0.5820 0.0564 0.0132 0.0216 0.0000 0.7159 0.0031 0.0554 0.0051 0.1082 0.0155 0.0772 0.0132 0.0168 0.0367	HII
7.2000 -0.7500 -2.7500 0.4167 0.0718 0.0220 0.0213 0.0000 1.0512 0.0022 0.0545 0.0065 0.0739 0.0153 0.0560 0.0142 0.0127 0.0419	HII
7.2000 -0.7500 -2.5000 0.2872 0.0886 0.0325 0.0210 0.0000 1.3754 0.0016 0.0539 0.0076 0.0497 0.0150 0.0402 0.0148 0.0091 0.0449	HII
7.2000 -0.7500 -2.2500 0.1991 0.1064 0.0446 0.0208 0.0000 1.6822 0.0011 0.0534 0.0083 0.0341 0.0148 0.0291 0.0146 0.0055 0.0453	HII
7.2000 -0.7500 -2.0000 0.1423 0.1249 0.0582 0.0206 0.0000 1.9734 0.0000 0.0530 0.0085 0.0243 0.0147 0.0216 0.0136 0.0040 0.0431	HII
7.2000 -0.7500 -1.7500 0.1058 0.1437 0.0732 0.0204 0.0000 2.2507 0.0000 0.0527 0.0082 0.0181 0.0146 0.0166 0.0120 0.0015 0.0389	HII
7.2000 -0.7500 -1.5000 0.0819 0.1624 0.0893 0.0202 0.0000 2.5140 0.0000 0.0524 0.0075 0.0141 0.0145 0.0133 0.0102 0.0011 0.0336	HII
7.3000 -0.7500 -4.0000 0.8254 0.0155 0.0000 0.0234 0.0000 0.0241 0.0047 0.0599 0.0014 0.2323 0.0169 0.2444 0.0128 0.0177 0.0148	HII
7.3000 -0.7500 -3.7500 0.9458 0.0244 0.0000 0.0229 0.0000 0.0773 0.0053 0.0587 0.0022 0.2384 0.0166 0.2068 0.0146 0.0220 0.0214	HII
7.3000 -0.7500 -3.5000 0.9964 0.0365 0.0030 0.0225 0.0000 0.2178 0.0055 0.0575 0.0033 0.2248 0.0162 0.1675 0.0166 0.0250 0.0293	HII
7.3000 -0.7500 -3.2500 0.9135 0.0516 0.0079 0.0221 0.0000 0.4945 0.0049 0.0565 0.0047 0.1858 0.0159 0.1295 0.0186 0.0246 0.0378	HII
7.3000 -0.7500 -3.0000 0.7225 0.0689 0.0158 0.0217 0.0000 0.8776 0.0039 0.0555 0.0063 0.1360 0.0156 0.0963 0.0206 0.0206 0.0457	HII
7.3000 -0.7500 -2.7500 0.5181 0.0877 0.0263 0.0214 0.0000 1.2883 0.0028 0.0548 0.0079 0.0930 0.0153 0.0698 0.0222 0.0155 0.0521	HII
7.3000 -0.7500 -2.5000 0.3572 0.1078 0.0386 0.0211 0.0000 1.6823 0.0020 0.0542 0.0092 0.0625 0.0151 0.0501 0.0231 0.0111 0.0559	HII
7.3000 -0.7500 -2.2500 0.2474 0.1290 0.0526 0.0209 0.0000 2.0519 0.0014 0.0537 0.0101 0.0428 0.0149 0.0362 0.0228 0.0079 0.0564	HII
7.3000 -0.7500 -2.0000 0.1766 0.1508 0.0682 0.0207 0.0000 2.3989 0.0000 0.0534 0.0103 0.0305 0.0148 0.0268 0.0212 0.0051 0.0536	HII
7.3000 -0.7500 -1.7500 0.1310 0.1727 0.0851 0.0206 0.0000 2.7265 0.0000 0.0531 0.0099 0.0227 0.0147 0.0206 0.0188 0.0028 0.0482	HII
7.3000 -0.7500 -1.5000 0.1011 0.1944 0.1031 0.0204 0.0000 3.0357 0.0000 0.0528 0.0090 0.0176 0.0146 0.0164 0.0160 0.0014 0.0416	HII
7.4000 -0.7500 -4.0000 1.0167 0.0187 0.0000 0.0234 0.0000 0.0294 0.0057 0.0598 0.0017 0.2887 0.0169 0.3040 0.0125 0.0215 0.0183	HII
7.4000 -0.7500 -3.7500 1.1647 0.0294 0.0011 0.0230 0.0000 0.0941 0.0065 0.0587 0.0027 0.2966 0.0166 0.2575 0.0144 0.0268 0.0266	HII
7.4000 -0.7500 -3.5000 1.2277 0.0443 0.0036 0.0225 0.0000 0.2652 0.0068 0.0576 0.0041 0.2804 0.0162 0.2086 0.0163 0.0306 0.0364	HII
7.4000 -0.7500 -3.2500 1.1270 0.0627 0.0093 0.0221 0.0000 0.6022 0.0061 0.0566 0.0058 0.2325 0.0159 0.1612 0.0183 0.0301 0.0469	HII
7.4000 -0.7500 -3.0000 0.8929 0.0836 0.0187 0.0218 0.0000 1.0688 0.0048 0.0557 0.0077 0.1706 0.0156 0.1199 0.0203 0.0252 0.0567	HII
7.4000 -0.7500 -2.7500 0.6411 0.1062 0.0309 0.0215 0.0000 1.5677 0.0035 0.0550 0.0096 0.1167 0.0154 0.0868 0.0218 0.0189 0.0645	HII
7.4000 -0.7500 -2.5000 0.4423 0.1302 0.0452 0.0212 0.0000 2.0425 0.0024 0.0544 0.0112 0.0785 0.0152 0.0623 0.0227 0.0137 0.0692	HII
7.4000 -0.7500 -2.2500 0.3062 0.1551 0.0611 0.0210 0.0000 2.4831 0.0017 0.0540 0.0122 0.0537 0.0150 0.0450 0.0224 0.0098 0.0698	HII
7.4000 -0.7500 -2.0000 0.2181 0.1804 0.0786 0.0209 0.0000 2.8921 0.0012 0.0538 0.0124 0.0381 0.0149 0.0333 0.0209 0.0061 0.0662	HII
7.4000 -0.7500 -1.7500 0.1616 0.2056 0.0973 0.0207 0.0000 3.2750 0.0000 0.0535 0.0118 0.0282 0.0148 0.0255 0.0185 0.0046 0.0595	HII
7.4000 -0.7500 -1.5000 0.1244 0.2305 0.1172 0.0206 0.0000 3.6357 0.0000 0.0533 0.0107 0.0218 0.0147 0.0203 0.0157 0.0017 0.0512	HII
7.5000 -0.7500 -4.0000 1.2425 0.0223 0.0000 0.0234 0.0000 0.0355 0.0069 0.0598 0.0020 0.3573 0.0169 0.3771 0.0195 0.0260 0.0226	HII
7.5000 -0.7500 -3.7500 1.4231 0.0352 0.0013 0.0230 0.0000 0.1136 0.0079 0.0588 0.0032 0.3675 0.0166 0.3196 0.0223 0.0323 0.0329	HII
7.5000 -0.7500 -3.5000 1.5006 0.0532 0.0042 0.0226 0.0000 0.3199 0.0082 0.0578 0.0049 0.3482 0.0163 0.2590 0.0254 0.0367 0.0450	HII
7.5000 -0.7500 -3.2500 1.3794 0.0754 0.0109 0.0222 0.0000 0.7263 0.0074 0.0568 0.0070 0.2897 0.0160 0.2002 0.0285 0.0361 0.0579	HII
7.5000 -0.7500 -3.0000 1.0955 0.1004 0.0217 0.0219 0.0000 1.2891 0.0059 0.0559 0.0092 0.2132 0.0157 0.1488 0.0314 0.0304 0.0699	HII
7.5000 -0.7500 -2.7500 0.7879 0.1273 0.0357 0.0216 0.0000 1.8886 0.0042 0.0553 0.0114 0.1461 0.0155 0.1077 0.0338 0.0229 0.0795	HII
7.5000 -0.7500 -2.5000 0.5438 0.1554 0.0518 0.0214 0.0000 2.4539 0.0030 0.0548 0.0133 0.0982 0.0153 0.0772 0.0351 0.0164 0.0852	HII
7.5000 -0.7500 -2.2500 0.3763 0.1841 0.0695 0.0212 0.0000 2.9719 0.0021 0.0544 0.0145 0.0670 0.0152 0.0557 0.0346 0.0117 0.0858	HII
7.5000 -0.7500 -2.0000 0.2678 0.2130 0.0887 0.0210 0.0000 3.4487 0.0015 0.0541 0.0147 0.0474 0.0151 0.0411 0.0323 0.0086 0.0813	HII
7.5000 -0.7500 -1.7500 0.1980 0.2417 0.1090 0.0209 0.0000 3.8913 0.0011 0.0539 0.0139 0.0350 0.0150 0.0315 0.0286 0.0055 0.0730	HII
7.5000 -0.7500 -1.5000 0.1521 0.2700 0.1306 0.0208 0.0000 4.3077 0.0000 0.0537 0.0126 0.0270 0.0149 0.0250 0.0244 0.0043 0.0627	HII
7.6000 -0.7500 -4.0000 1.5094 0.0265 0.0000 0.0233 0.0000 0.0427 0.0084 0.0598 0.0024 0.4406 0.0169 0.4662 0.0190 0.0310 0.0279	HII
7.6000 -0.7500 -3.7500 1.7263 0.0419 0.0015 0.0230 0.0000 0.1359 0.0095 0.0589 0.0039 0.4535 0.0166 0.3955 0.0218 0.0385 0.0404	HII
7.6000 -0.7500 -3.5000 1.8198 0.0633 0.0048 0.0226 0.0000 0.3824 0.0099 0.0579 0.0059 0.4307 0.0163 0.3205 0.0248 0.0438 0.0554	HII
7.6000 -0.7500 -3.2500 1.6748 0.0897 0.0124 0.0223 0.0000 0.8675 0.0090 0.0570 0.0083 0.3596 0.0160 0.2476 0.0278 0.0429 0.0711	HII
7.6000 -0.7500 -3.0000 1.3328 0.1193 0.0247 0.0219 0.0000 1.5380 0.0071 0.0562 0.0109 0.2654 0.0158 0.1840 0.0306 0.0362 0.0857	HII
7.6000 -0.7500 -2.7500 0.9604 0.1507 0.0404 0.0217 0.0000 2.2487 0.0052 0.0556 0.0135 0.1822 0.0156 0.1331 0.0329 0.0274 0.0972	HII
7.6000 -0.7500 -2.5000 0.6635 0.1830 0.0581 0.0215 0.0000 2.9135 0.0036 0.0551 0.0156 0.1224 0.0154 0.0953 0.0340 0.0196 0.1040	HII
7.6000 -0.7500 -2.2500 0.4590 0.2156 0.0773 0.0213 0.0000 3.5141 0.0025 0.0548 0.0169 0.0834 0.0153 0.0687 0.0335 0.0141 0.1048	HII
7.6000 -0.7500 -2.0000 0.3263 0.2482 0.0978 0.0212 0.0000 4.0623 0.0018 0.0545 0.0171 0.0588 0.0152 0.0506 0.0313 0.0102 0.0992	HII
7.6000 -0.7500 -1.7500 0.2409 0.2804 0.1196 0.0211 0.0000 4.5702 0.0014 0.0543 0.0162 0.0433 0.0151 0.0387 0.0277 0.0077 0.0889	HII
7.6000 -0.7500 -1.5000 0.1847 0.3124 0.1426 0.0209 0.0000 5.0477 0.0010 0.0541 0.0146 0.0333 0.0150 0.0306 0.0237 0.0051 0.0763	HII
7.7000 -0.7500 -4.0000 1.8063 0.0309 0.0000 0.0233 0.0000 0.0506 0.0099 0.0598 0.0029 0.5388 0.0169 0.5726 0.0292 0.0363 0.0341	HII
7.7000 -0.7500 -3.7500 2.0636 0.0490 0.0017 0.0230 0.0000 0.1603 0.0113 0.0590 0.0046 0.5550 0.0167 0.4861 0.0335 0.0449 0.0493	HII
7.7000 -0.7500 -3.5000 2.1758 0.0741 0.0054 0.0227 0.0000 0.4499 0.0118 0.0581 0.0069 0.5285 0.0164 0.3943 0.0380 0.0509 0.0675	HII
7.7000 -0.7500 -3.2500 2.0057 0.1050 0.0138 0.0223 0.0000 1.0198 0.0107 0.0572 0.0097 0.4432 0.0161 0.3048 0.0426 0.0501 0.0866	HII
7.7000 -0.7500 -3.0000 1.6006 0.1394 0.0273 0.0221 0.0000 1.8055 0.0085 0.0565 0.0127 0.3283 0.0159 0.2263 0.0468 0.0423 0.1041	HII
7.7000 -0.7500 -2.7500 1.1561 0.1751 0.0442 0.0218 0.0000 2.6328 0.0062 0.0559 0.0156 0.2257 0.0157 0.1636 0.0501 0.0320 0.1178	HII
7.7000 -0.7500 -2.5000 0.8002 0.2115 0.0631 0.0216 0.0000 3.4004 0.0044 0.0555 0.0180 0.1516 0.0155 0.1170 0.0518 0.0231 0.1257	HII
7.7000 -0.7500 -2.2500 0.5538 0.2478 0.0833 0.0215 0.0000 4.0877 0.0031 0.0552 0.0194 0.1031 0.0154 0.0842 0.0510 0.0164 0.1265	HII
7.7000 -0.7500 -2.0000 0.3935 0.2839 0.1047 0.0214 0.0000 4.7080 0.0022 0.0550 0.0196 0.0726 0.0153 0.0620 0.0476 0.0120 0.1198	HII
7.7000 -0.7500 -1.7500 0.2902 0.3198 0.1275 0.0213 0.0000 5.2860 0.0016 0.0548 0.0185 0.0533 0.0153 0.0471 0.0422 0.0091 0.1074	HII
7.7000 -0.7500 -1.5000 0.2224 0.3556 0.1519 0.0211 0.0000 5.8345 0.0013 0.0546 0.0167 0.0409 0.0152 0.0373 0.0361 0.0060 0.0921	HII
7.8000 -0.7500 -4.0000 2.1343 0.0356 0.0000 0.0233 0.0000 0.0595 0.0116 0.0598 0.0034 0.6538 0.0169 0.6978 0.0280 0.0416 0.0413	HII
7.8000 -0.7500 -3.7500 2.4354 0.0565 0.0018 0.0231 0.0000 0.1865 0.0132 0.0591 0.0054 0.6743 0.0167 0.5942 0.0322 0.0514 0.0597	HII
7.8000 -0.7500 -3.5000 2.5654 0.0854 0.0059 0.0227 0.0000 0.5212 0.0138 0.0582 0.0080 0.6436 0.0164 0.4822 0.0365 0.0581 0.0816	HII
7.8000 -0.7500 -3.2500 2.3678 0.1209 0.0148 0.0224 0.0000 1.1789 0.0126 0.0574 0.0112 0.5419 0.0162 0.3727 0.0408 0.0573 0.1045	HII
7.8000 -0.7500 -3.0000 1.8940 0.1597 0.0291 0.0222 0.0000 2.0817 0.0100 0.0568 0.0145 0.4030 0.0160 0.2766 0.0446 0.0482 0.1252	HII
7.8000 -0.7500 -2.7500 1.3735 0.1997 0.0468 0.0220 0.0000 3.0280 0.0073 0.0562 0.0177 0.2778 0.0158 0.1998 0.0477 0.0368 0.1412	HII
7.8000 -0.7500 -2.5000 0.9530 0.2397 0.0662 0.0218 0.0000 3.8976 0.0052 0.0558 0.0202 0.1866 0.0157 0.1427 0.0492 0.0266 0.1503	HII
7.8000 -0.7500 -2.2500 0.6606 0.2794 0.0869 0.0216 0.0000 4.6726 0.0036 0.0555 0.0217 0.1268 0.0155 0.1025 0.0484 0.0191 0.1510	HII
7.8000 -0.7500 -2.0000 0.4695 0.3189 0.1089 0.0215 0.0000 5.3720 0.0026 0.0553 0.0219 0.0890 0.0155 0.0753 0.0452 0.0139 0.1431	HII
7.8000 -0.7500 -1.7500 0.3463 0.3584 0.1322 0.0214 0.0000 6.0204 0.0019 0.0552 0.0208 0.0652 0.0154 0.0573 0.0402 0.0105 0.1285	HII
7.8000 -0.7500 -1.5000 0.2655 0.3984 0.1575 0.0213 0.0000 6.6441 0.0015 0.0550 0.0188 0.0498 0.0153 0.0453 0.0345 0.0081 0.1103	HII
7.9000 -0.7500 -4.0000 2.4505 0.0398 0.0000 0.0234 0.0000 0.0676 0.0131 0.0599 0.0038 0.7808 0.0170 0.8396 0.0421 0.0458 0.0492	HII
7.9000 -0.7500 -3.7500 2.7970 0.0633 0.0019 0.0231 0.0000 0.2110 0.0149 0.0592 0.0060 0.8066 0.0168 0.7169 0.0483 0.0565 0.0711	HII
7.9000 -0.7500 -3.5000 2.9482 0.0958 0.0060 0.0228 0.0000 0.5877 0.0156 0.0585 0.0090 0.7724 0.0165 0.5829 0.0548 0.0639 0.0972	HII
7.9000 -0.7500 -3.2500 2.7272 0.1353 0.0152 0.0225 0.0000 1.3254 0.0144 0.0577 0.0125 0.6538 0.0163 0.4508 0.0610 0.0629 0.1241	HII
7.9000 -0.7500 -3.0000 2.1930 0.1782 0.0296 0.0223 0.0000 2.3387 0.0115 0.0571 0.0161 0.4889 0.0161 0.3344 0.0665 0.0537 0.1483	HII
7.9000 -0.7500 -2.7500 1.5990 0.2216 0.0472 0.0221 0.0000 3.3955 0.0085 0.0566 0.0195 0.3383 0.0159 0.2415 0.0708 0.0410 0.1668	HII
7.9000 -0.7500 -2.5000 1.1149 0.2645 0.0666 0.0219 0.0000 4.3616 0.0060 0.0562 0.0221 0.2276 0.0158 0.1724 0.0728 0.0300 0.1771	HII
7.9000 -0.7500 -2.2500 0.7751 0.3071 0.0870 0.0218 0.0000 5.2187 0.0043 0.0559 0.0237 0.1545 0.0157 0.1238 0.0717 0.0215 0.1777	HII
7.9000 -0.7500 -2.0000 0.5519 0.3496 0.1088 0.0217 0.0000 5.9972 0.0031 0.0557 0.0239 0.1082 0.0156 0.0909 0.0671 0.0159 0.1685	HII
7.9000 -0.7500 -1.7500 0.4076 0.3928 0.1324 0.0216 0.0000 6.7278 0.0023 0.0556 0.0228 0.0791 0.0155 0.0690 0.0599 0.0120 0.1516	HII
7.9000 -0.7500 -1.5000 0.3128 0.4372 0.1583 0.0215 0.0000 7.4361 0.0018 0.0554 0.0208 0.0604 0.0155 0.0546 0.0515 0.0094 0.1306	HII
8.0000 -0.7500 -4.0000 2.7465 0.0435 0.0000 0.0234 0.0000 0.0750 0.0144 0.0600 0.0042 0.9192 0.0170 0.9976 0.0393 0.0486 0.0579	HII
8.0000 -0.7500 -3.7500 3.1394 0.0693 0.0019 0.0232 0.0000 0.2333 0.0164 0.0594 0.0066 0.9519 0.0168 0.8552 0.0452 0.0601 0.0836	HII
8.0000 -0.7500 -3.5000 3.3128 0.1049 0.0060 0.0229 0.0000 0.6471 0.0173 0.0587 0.0099 0.9149 0.0166 0.6969 0.0512 0.0681 0.1142	HII
8.0000 -0.7500 -3.2500 3.0715 0.1477 0.0148 0.0226 0.0000 1.4533 0.0160 0.0580 0.0136 0.7787 0.0164 0.5394 0.0568 0.0672 0.1454	HII
8.0000 -0.7500 -3.0000 2.4846 0.1935 0.0287 0.0224 0.0000 2.5585 0.0130 0.0574 0.0174 0.5861 0.0162 0.4003 0.0616 0.0576 0.1732	HII
8.0000 -0.7500 -2.7500 1.8250 0.2395 0.0456 0.0222 0.0000 3.7137 0.0096 0.0569 0.0208 0.4075 0.0160 0.2890 0.0653 0.0446 0.1942	HII
8.0000 -0.7500 -2.5000 1.2810 0.2846 0.0641 0.0221 0.0000 4.7700 0.0069 0.0565 0.0236 0.2748 0.0159 0.2063 0.0671 0.0328 0.2059	HII
8.0000 -0.7500 -2.2500 0.8951 0.3295 0.0838 0.0219 0.0000 5.7071 0.0049 0.0563 0.0252 0.1866 0.0158 0.1480 0.0661 0.0237 0.2065	HII
8.0000 -0.7500 -2.0000 0.6397 0.3749 0.1050 0.0219 0.0000 6.5634 0.0035 0.0561 0.0255 0.1307 0.0157 0.1086 0.0621 0.0177 0.1960	HII
8.0000 -0.7500 -1.7500 0.4735 0.4216 0.1282 0.0218 0.0000 7.3763 0.0027 0.0560 0.0244 0.0953 0.0157 0.0825 0.0557 0.0134 0.1767	HII
8.0000 -0.7500 -1.5000 0.3640 0.4705 0.1542 0.0217 0.0000 8.1804 0.0021 0.0558 0.0224 0.0726 0.0156 0.0652 0.0481 0.0105 0.1528	HII
8.1000 -0.7500 -4.0000 2.9157 0.0450 0.0000 0.0234 0.0000 0.0789 0.0148 0.0601 0.0043 1.0486 0.0170 1.1534 0.0565 0.0477 0.0659	HII
8.1000 -0.7500 -3.7500 3.3557 0.0721 0.0017 0.0232 0.0000 0.2460 0.0171 0.0596 0.0069 1.0919 0.0169 0.9957 0.0652 0.0595 0.0956	HII
8.1000 -0.7500 -3.5000 3.5616 0.1096 0.0054 0.0230 0.0000 0.6820 0.0182 0.0590 0.0102 1.0564 0.0167 0.8158 0.0739 0.0681 0.1307	HII
8.1000 -0.7500 -3.2500 3.3277 0.1545 0.0134 0.0227 0.0000 1.5312 0.0170 0.0583 0.0141 0.9070 0.0165 0.6335 0.0818 0.0679 0.1665	HII
8.1000 -0.7500 -3.0000 2.7204 0.2021 0.0259 0.0225 0.0000 2.6974 0.0140 0.0577 0.0179 0.6891 0.0163 0.4709 0.0885 0.0590 0.1980	HII
8.1000 -0.7500 -2.7500 2.0219 0.2495 0.0413 0.0223 0.0000 3.9241 0.0105 0.0573 0.0214 0.4827 0.0161 0.3405 0.0935 0.0465 0.2216	HII
8.1000 -0.7500 -2.5000 1.4341 0.2960 0.0583 0.0222 0.0000 5.0532 0.0076 0.0569 0.0242 0.3271 0.0160 0.2433 0.0960 0.0347 0.2349	HII
8.1000 -0.7500 -2.2500 1.0100 0.3423 0.0766 0.0221 0.0000 6.0636 0.0055 0.0567 0.0259 0.2226 0.0159 0.1748 0.0948 0.0255 0.2358	HII
8.1000 -0.7500 -2.0000 0.7257 0.3899 0.0965 0.0220 0.0000 6.9952 0.0040 0.0565 0.0263 0.1558 0.0159 0.1284 0.0894 0.0191 0.2243	HII
8.1000 -0.7500 -1.7500 0.5395 0.4399 0.1187 0.0219 0.0000 7.8924 0.0030 0.0564 0.0254 0.1136 0.0158 0.0976 0.0807 0.0146 0.2030	HII
8.1000 -0.7500 -1.5000 0.4161 0.4932 0.1440 0.0218 0.0000 8.7923 0.0024 0.0562 0.0235 0.0865 0.0158 0.0772 0.0702 0.0115 0.1762	HII
8.2000 -0.7500 -4.0000 2.9338 0.0431 0.0000 0.0233 0.0000 0.0781 0.0144 0.0600 0.0041 1.1568 0.0170 1.2948 0.0495 0.0433 0.0726	HII
8.2000 -0.7500 -3.7500 3.4248 0.0703 0.0014 0.0232 0.0000 0.2454 0.0169 0.0596 0.0067 1.2171 0.0169 1.1313 0.0575 0.0554 0.1060	HII
8.2000 -0.7500 -3.5000 3.6764 0.1080 0.0045 0.0230 0.0000 0.6841 0.0182 0.0591 0.0101 1.1897 0.0167 0.9349 0.0655 0.0641 0.1458	HII
8.2000 -0.7500 -3.2500 3.4760 0.1532 0.0112 0.0228 0.0000 1.5404 0.0173 0.0585 0.0139 1.0335 0.0166 0.7298 0.0725 0.0650 0.1861	HII
8.2000 -0.7500 -3.0000 2.8814 0.2010 0.0217 0.0226 0.0000 2.7233 0.0145 0.0580 0.0177 0.7944 0.0164 0.5442 0.0782 0.0576 0.2212	HII
8.2000 -0.7500 -2.7500 2.1747 0.2483 0.0348 0.0225 0.0000 3.9817 0.0111 0.0576 0.0211 0.5621 0.0163 0.3942 0.0825 0.0463 0.2476	HII
8.2000 -0.7500 -2.5000 1.5645 0.2951 0.0496 0.0223 0.0000 5.1569 0.0082 0.0573 0.0238 0.3836 0.0162 0.2823 0.0848 0.0353 0.2629	HII
8.2000 -0.7500 -2.2500 1.1132 0.3418 0.0657 0.0222 0.0000 6.2191 0.0060 0.0571 0.0256 0.2620 0.0161 0.2032 0.0840 0.0264 0.2648	HII
8.2000 -0.7500 -2.0000 0.8062 0.3903 0.0835 0.0221 0.0000 7.2071 0.0044 0.0569 0.0262 0.1837 0.0160 0.1494 0.0798 0.0200 0.2531	HII
8.2000 -0.7500 -1.7500 0.6027 0.4423 0.1038 0.0221 0.0000 8.1769 0.0034 0.0568 0.0256 0.1340 0.0160 0.1137 0.0726 0.0155 0.2303	HII
8.2000 -0.7500 -1.5000 0.4670 0.4985 0.1271 0.0220 0.0000 9.1621 0.0026 0.0566 0.0240 0.1020 0.0159 0.0900 0.0637 0.0124 0.2012	HII
8.3000 -0.7500 -4.0000 2.6105 0.0353 0.0000 0.0231 0.0000 0.0678 0.0121 0.0595 0.0035 1.1838 0.0169 1.3593 0.0634 0.0331 0.0741	HII
8.3000 -0.7500 -3.7500 3.1472 0.0597 0.0000 0.0231 0.0000 0.2181 0.0147 0.0594 0.0058 1.2726 0.0169 1.2161 0.0753 0.0442 0.1103	HII
8.3000 -0.7500 -3.5000 3.4771 0.0948 0.0032 0.0230 0.0000 0.6209 0.0164 0.0591 0.0090 1.2705 0.0168 1.0237 0.0869 0.0533 0.1542	HII
8.3000 -0.7500 -3.2500 3.3753 0.1377 0.0081 0.0228 0.0000 1.4232 0.0161 0.0587 0.0126 1.1273 0.0166 0.8091 0.0970 0.0560 0.1989	HII
8.3000 -0.7500 -3.0000 2.8684 0.1833 0.0159 0.0227 0.0000 2.5530 0.0139 0.0583 0.0161 0.8832 0.0165 0.6075 0.1050 0.0512 0.2376	HII
8.3000 -0.7500 -2.7500 2.2170 0.2289 0.0260 0.0226 0.0000 3.7805 0.0110 0.0579 0.0193 0.6346 0.0164 0.4422 0.1108 0.0426 0.2671	HII
8.3000 -0.7500 -2.5000 1.6277 0.2739 0.0377 0.0224 0.0000 4.9496 0.0083 0.0577 0.0219 0.4379 0.0163 0.3179 0.1142 0.0336 0.2849	HII
8.3000 -0.7500 -2.2500 1.1772 0.3194 0.0508 0.0224 0.0000 6.0241 0.0062 0.0575 0.0238 0.3012 0.0162 0.2296 0.1140 0.0258 0.2890	HII
8.3000 -0.7500 -2.0000 0.8628 0.3673 0.0656 0.0223 0.0000 7.0413 0.0046 0.0573 0.0247 0.2120 0.0162 0.1693 0.1095 0.0199 0.2787	HII
8.3000 -0.7500 -1.7500 0.6509 0.4188 0.0825 0.0222 0.0000 8.0436 0.0036 0.0572 0.0245 0.1550 0.0161 0.1291 0.1008 0.0156 0.2560	HII
8.3000 -0.7500 -1.5000 0.5078 0.4762 0.1027 0.0221 0.0000 9.0903 0.0028 0.0571 0.0234 0.1181 0.0161 0.1025 0.0895 0.0127 0.2260	HII
8.4000 -0.7500 -4.0000 2.1428 0.0266 0.0000 0.0228 0.0000 0.0551 0.0092 0.0589 0.0027 1.1531 0.0167 1.3606 0.0489 0.0224 0.0726	HII
8.4000 -0.7500 -3.7500 2.7050 0.0474 0.0000 0.0229 0.0000 0.1835 0.0119 0.0592 0.0047 1.2771 0.0168 1.2571 0.0598 0.0321 0.1109	HII
8.4000 -0.7500 -3.5000 3.1088 0.0785 0.0020 0.0229 0.0000 0.5383 0.0139 0.0591 0.0075 1.3105 0.0168 1.0854 0.0705 0.0409 0.1586	HII
8.4000 -0.7500 -3.2500 3.1181 0.1175 0.0054 0.0228 0.0000 1.2607 0.0142 0.0588 0.0108 1.1919 0.0167 0.8724 0.0797 0.0449 0.2075	HII
8.4000 -0.7500 -3.0000 2.7308 0.1597 0.0108 0.0227 0.0000 2.2998 0.0127 0.0586 0.0140 0.9548 0.0166 0.6620 0.0867 0.0429 0.2500	HII
8.4000 -0.7500 -2.7500 2.1689 0.2020 0.0181 0.0226 0.0000 3.4557 0.0104 0.0583 0.0168 0.6985 0.0165 0.4851 0.0918 0.0370 0.2824	HII
8.4000 -0.7500 -2.5000 1.6294 0.2442 0.0267 0.0226 0.0000 4.5822 0.0080 0.0581 0.0193 0.4883 0.0164 0.3505 0.0949 0.0301 0.3029	HII
8.4000 -0.7500 -2.2500 1.2014 0.2871 0.0368 0.0225 0.0000 5.6401 0.0061 0.0579 0.0212 0.3389 0.0164 0.2542 0.0955 0.0237 0.3095	HII
8.4000 -0.7500 -2.0000 0.8938 0.3327 0.0484 0.0224 0.0000 6.6552 0.0047 0.0578 0.0224 0.2399 0.0163 0.1882 0.0926 0.0188 0.3010	HII
8.4000 -0.7500 -1.7500 0.6822 0.3823 0.0620 0.0224 0.0000 7.6715 0.0037 0.0577 0.0225 0.1760 0.0163 0.1441 0.0863 0.0151 0.2792	HII
8.4000 -0.7500 -1.5000 0.5369 0.4386 0.0784 0.0223 0.0000 8.7446 0.0030 0.0575 0.0219 0.1344 0.0162 0.1148 0.0776 0.0124 0.2488	HII
8.5000 -0.7500 -4.0000 1.4256 0.0139 0.0000 0.0223 0.0000 0.0333 0.0054 0.0579 0.0016 0.9873 0.0165 1.1935 0.0526 0.0113 0.0644	HII
8.5000 -0.7500 -3.7500 1.9404 0.0272 0.0000 0.0227 0.0000 0.1177 0.0076 0.0587 0.0031 1.1459 0.0167 1.1577 0.0675 0.0179 0.1020	HII
8.5000 -0.7500 -3.5000 2.4269 0.0499 0.0000 0.0228 0.0000 0.3740 0.0098 0.0590 0.0054 1.2396 0.0168 1.0468 0.0834 0.0256 0.1524	HII
8.5000 -0.7500 -3.2500 2.6175 0.0812 0.0028 0.0228 0.0000 0.9400 0.0108 0.0589 0.0082 1.1799 0.0167 0.8685 0.0972 0.0309 0.2058	HII
8.5000 -0.7500 -3.0000 2.4343 0.1174 0.0060 0.0228 0.0000 1.8086 0.0102 0.0588 0.0110 0.9803 0.0167 0.6719 0.1076 0.0318 0.2526	HII
8.5000 -0.7500 -2.7500 2.0239 0.1549 0.0104 0.0227 0.0000 2.8211 0.0087 0.0586 0.0135 0.7360 0.0166 0.4974 0.1149 0.0292 0.2882	HII
8.5000 -0.7500 -2.5000 1.5762 0.1931 0.0161 0.0227 0.0000 3.8515 0.0070 0.0585 0.0157 0.5238 0.0166 0.3618 0.1200 0.0250 0.3126	HII
8.5000 -0.7500 -2.2500 1.1915 0.2324 0.0229 0.0226 0.0000 4.8496 0.0055 0.0584 0.0176 0.3674 0.0165 0.2639 0.1225 0.0206 0.3243	HII
8.5000 -0.7500 -2.0000 0.9023 0.2745 0.0310 0.0226 0.0000 5.8284 0.0043 0.0583 0.0190 0.2616 0.0165 0.1963 0.1215 0.0167 0.3219	HII
8.5000 -0.7500 -1.7500 0.6967 0.3200 0.0407 0.0225 0.0000 6.8084 0.0035 0.0582 0.0197 0.1924 0.0164 0.1508 0.1162 0.0137 0.3051	HII
8.5000 -0.7500 -1.5000 0.5532 0.3721 0.0526 0.0225 0.0000 7.8599 0.0028 0.0581 0.0198 0.1471 0.0164 0.1206 0.1073 0.0115 0.2779	HII
8.6000 -0.7500 -4.0000 0.8208 0.0049 0.0000 0.0218 0.0000 0.0149 0.0027 0.0568 0.0000 0.7749 0.0162 0.9503 0.0330 0.0040 0.0541	HII
8.6000 -0.7500 -3.7500 1.2148 0.0107 0.0000 0.0223 0.0000 0.0562 0.0041 0.0581 0.0018 0.9444 0.0166 0.9694 0.0444 0.0081 0.0888	HII
8.6000 -0.7500 -3.5000 1.7133 0.0229 0.0000 0.0226 0.0000 0.2016 0.0060 0.0588 0.0035 1.0964 0.0167 0.9316 0.0586 0.0137 0.1404	HII
8.6000 -0.7500 -3.2500 2.0957 0.0435 0.0011 0.0227 0.0000 0.5791 0.0074 0.0589 0.0060 1.1202 0.0168 0.8135 0.0723 0.0194 0.2002	HII
8.6000 -0.7500 -3.0000 2.1338 0.0701 0.0028 0.0228 0.0000 1.2338 0.0076 0.0590 0.0084 0.9725 0.0168 0.6442 0.0824 0.0223 0.2526	HII
8.6000 -0.7500 -2.7500 1.8986 0.1001 0.0052 0.0228 0.0000 2.0576 0.0068 0.0589 0.0105 0.7518 0.0167 0.4820 0.0890 0.0223 0.2917	HII
8.6000 -0.7500 -2.5000 1.5514 0.1323 0.0084 0.0227 0.0000 2.9423 0.0057 0.0589 0.0123 0.5443 0.0167 0.3517 0.0937 0.0201 0.3192	HII
8.6000 -0.7500 -2.2500 1.2116 0.1669 0.0124 0.0227 0.0000 3.8407 0.0045 0.0588 0.0140 0.3848 0.0167 0.2568 0.0973 0.0173 0.3370	HII
8.6000 -0.7500 -2.0000 0.9341 0.2043 0.0175 0.0227 0.0000 4.7443 0.0036 0.0588 0.0155 0.2743 0.0167 0.1912 0.0993 0.0145 0.3438	HII
8.6000 -0.7500 -1.7500 0.7280 0.2450 0.0236 0.0227 0.0000 5.6613 0.0029 0.0587 0.0167 0.2014 0.0166 0.1471 0.0989 0.0122 0.3377	HII
8.6000 -0.7500 -1.5000 0.5799 0.2908 0.0314 0.0226 0.0000 6.6365 0.0024 0.0587 0.0174 0.1535 0.0166 0.1177 0.0955 0.0103 0.3193	HII
8.7000 -0.7500 -4.0000 0.3691 0.0014 0.0000 0.0213 0.0000 0.0056 0.0000 0.0560 0.0000 0.5287 0.0160 0.6673 0.0290 0.0000 0.0409	HII
8.7000 -0.7500 -3.7500 0.5885 0.0033 0.0000 0.0221 0.0000 0.0218 0.0017 0.0579 0.0000 0.6712 0.0165 0.7136 0.0406 0.0011 0.0686	HII
8.7000 -0.7500 -3.5000 0.9410 0.0081 0.0000 0.0225 0.0000 0.0892 0.0028 0.0589 0.0018 0.8385 0.0168 0.7341 0.0573 0.0044 0.1150	HII
8.7000 -0.7500 -3.2500 1.3741 0.0188 0.0000 0.0227 0.0000 0.3102 0.0041 0.0592 0.0036 0.9468 0.0169 0.6950 0.0777 0.0092 0.1789	HII
8.7000 -0.7500 -3.0000 1.6308 0.0358 0.0011 0.0228 0.0000 0.7645 0.0048 0.0592 0.0057 0.8906 0.0169 0.5846 0.0947 0.0128 0.2406	HII
8.7000 -0.7500 -2.7500 1.5981 0.0563 0.0022 0.0228 0.0000 1.3819 0.0047 0.0593 0.0075 0.7169 0.0169 0.4479 0.1049 0.0145 0.2847	HII
8.7000 -0.7500 -2.5000 1.4026 0.0799 0.0039 0.0228 0.0000 2.0834 0.0041 0.0593 0.0090 0.5317 0.0169 0.3301 0.1115 0.0144 0.3148	HII
8.7000 -0.7500 -2.2500 1.1545 0.1071 0.0060 0.0228 0.0000 2.8344 0.0034 0.0593 0.0104 0.3808 0.0169 0.2420 0.1169 0.0132 0.3361	HII
8.7000 -0.7500 -2.0000 0.9206 0.1381 0.0089 0.0228 0.0000 3.6262 0.0028 0.0593 0.0118 0.2726 0.0168 0.1805 0.1218 0.0117 0.3499	HII
8.7000 -0.7500 -1.7500 0.7319 0.1732 0.0126 0.0228 0.0000 4.4588 0.0023 0.0593 0.0131 0.2000 0.0168 0.1391 0.1253 0.0100 0.3541	HII
8.7000 -0.7500 -1.5000 0.5891 0.2129 0.0173 0.0228 0.0000 5.3536 0.0019 0.0592 0.0142 0.1521 0.0168 0.1115 0.1261 0.0087 0.3468	HII
8.8000 -0.7500 -4.0000 0.1512 0.0000 0.0000 0.0210 0.0000 0.0020 0.0000 0.0555 0.0000 0.3428 0.0158 0.4449 0.0155 0.0000 0.0299	HII
8.8000 -0.7500 -3.7500 0.2595 0.0000 0.0000 0.0220 0.0000 0.0080 0.0000 0.0578 0.0000 0.4520 0.0165 0.4997 0.0225 0.0000 0.0511	HII
8.8000 -0.7500 -3.5000 0.4528 0.0026 0.0000 0.0225 0.0000 0.0353 0.0011 0.0591 0.0000 0.5941 0.0169 0.5430 0.0332 0.0000 0.0892	HII
8.8000 -0.7500 -3.2500 0.7783 0.0070 0.0000 0.0227 0.0000 0.1481 0.0019 0.0595 0.0019 0.7363 0.0170 0.5576 0.0490 0.0015 0.1506	HII
8.8000 -0.7500 -3.0000 1.1096 0.0162 0.0000 0.0228 0.0000 0.4346 0.0027 0.0596 0.0035 0.7640 0.0170 0.5084 0.0654 0.0055 0.2199	HII
8.8000 -0.7500 -2.7500 1.2464 0.0286 0.0000 0.0229 0.0000 0.8720 0.0030 0.0597 0.0051 0.6545 0.0170 0.4076 0.0760 0.0086 0.2720	HII
8.8000 -0.7500 -2.5000 1.2033 0.0434 0.0016 0.0229 0.0000 1.3857 0.0028 0.0598 0.0064 0.5019 0.0170 0.3059 0.0819 0.0098 0.3047	HII
8.8000 -0.7500 -2.2500 1.0642 0.0616 0.0027 0.0229 0.0000 1.9642 0.0025 0.0598 0.0075 0.3657 0.0170 0.2257 0.0863 0.0099 0.3274	HII
8.8000 -0.7500 -2.0000 0.8944 0.0843 0.0043 0.0229 0.0000 2.6111 0.0021 0.0599 0.0086 0.2636 0.0170 0.1688 0.0908 0.0092 0.3449	HII
8.8000 -0.7500 -1.7500 0.7351 0.1122 0.0063 0.0229 0.0000 3.3303 0.0017 0.0599 0.0098 0.1934 0.0170 0.1301 0.0955 0.0083 0.3570	HII
8.8000 -0.7500 -1.5000 0.6026 0.1452 0.0091 0.0229 0.0000 4.1271 0.0014 0.0598 0.0110 0.1466 0.0169 0.1044 0.0994 0.0073 0.3607	HII
8.9000 -0.7500 -4.0000 0.0382 0.0000 0.0000 0.0181 0.0000 0.0010 0.0000 0.0481 0.0000 0.1568 0.0139 0.1715 0.0093 0.0000 0.0197	HII
8.9000 -0.7500 -3.7500 0.0600 0.0000 0.0000 0.0195 0.0000 0.0041 0.0000 0.0519 0.0000 0.1945 0.0150 0.1793 0.0136 0.0000 0.0342	HII
8.9000 -0.7500 -3.5000 0.0796 0.0000 0.0000 0.0217 0.0000 0.0127 0.0000 0.0578 0.0000 0.2115 0.0166 0.1656 0.0175 0.0000 0.0517	HII
8.9000 -0.7500 -3.2500 0.2424 0.0012 0.0000 0.0225 0.0000 0.0389 0.0000 0.0593 0.0000 0.4098 0.0169 0.3330 0.0342 0.0000 0.0927	HII
8.9000 -0.7500 -3.0000 0.4482 0.0036 0.0000 0.0227 0.0000 0.1515 0.0000 0.0597 0.0012 0.4997 0.0170 0.3476 0.0531 0.0000 0.1564	HII
8.9000 -0.7500 -2.7500 0.6491 0.0079 0.0000 0.0228 0.0000 0.3699 0.0012 0.0598 0.0023 0.4955 0.0170 0.3120 0.0700 0.0011 0.2163	HII
8.9000 -0.7500 -2.5000 0.7667 0.0134 0.0000 0.0229 0.0000 0.6518 0.0014 0.0600 0.0033 0.4186 0.0171 0.2496 0.0804 0.0017 0.2562	HII
8.9000 -0.7500 -2.2500 0.8000 0.0206 0.0000 0.0230 0.0000 0.9849 0.0014 0.0602 0.0042 0.3243 0.0171 0.1901 0.0871 0.0046 0.2822	HII
8.9000 -0.7500 -2.0000 0.7652 0.0304 0.0013 0.0230 0.0000 1.3828 0.0013 0.0603 0.0050 0.2412 0.0171 0.1438 0.0928 0.0051 0.3020	HII
8.9000 -0.7500 -1.7500 0.6889 0.0448 0.0021 0.0230 0.0000 1.8677 0.0011 0.0603 0.0059 0.1787 0.0171 0.1111 0.0993 0.0052 0.3196	HII
8.9000 -0.7500 -1.5000 0.5959 0.0653 0.0033 0.0230 0.0000 2.4525 0.0000 0.0603 0.0068 0.1352 0.0171 0.0889 0.1067 0.0049 0.3341	HII
9.0000 -0.7500 -4.0000 0.0039 0.0000 0.0000 0.0097 0.0000 0.0000 0.0000 0.0259 0.0000 0.0377 0.0074 0.0449 0.0017 0.0000 0.0052	HII
9.0000 -0.7500 -3.7500 0.0071 0.0000 0.0000 0.0108 0.0000 0.0000 0.0000 0.0286 0.0000 0.0516 0.0082 0.0527 0.0027 0.0000 0.0099	HII
9.0000 -0.7500 -3.5000 0.0171 0.0000 0.0000 0.0115 0.0000 0.0022 0.0000 0.0305 0.0000 0.0804 0.0087 0.0679 0.0050 0.0000 0.0205	HII
9.0000 -0.7500 -3.2500 0.0597 0.0000 0.0000 0.0197 0.0000 0.0158 0.0000 0.0525 0.0000 0.1725 0.0152 0.1222 0.0135 0.0000 0.0602	HII
9.0000 -0.7500 -3.0000 0.1049 0.0000 0.0000 0.0216 0.0000 0.0548 0.0000 0.0573 0.0000 0.1866 0.0164 0.1198 0.0206 0.0000 0.0976	HII
9.0000 -0.7500 -2.7500 0.1716 0.0000 0.0000 0.0224 0.0000 0.0773 0.0000 0.0593 0.0000 0.2733 0.0169 0.1778 0.0275 0.0000 0.1249	HII
9.0000 -0.7500 -2.5000 0.3126 0.0018 0.0000 0.0227 0.0000 0.1674 0.0000 0.0597 0.0011 0.2986 0.0170 0.1722 0.0392 0.0000 0.1790	HII
9.0000 -0.7500 -2.2500 0.5088 0.0032 0.0000 0.0228 0.0000 0.2869 0.0000 0.0600 0.0019 0.2859 0.0171 0.1514 0.0502 0.0000 0.2268	HII
9.0000 -0.7500 -2.0000 0.7359 0.0047 0.0000 0.0229 0.0000 0.4232 0.0000 0.0603 0.0030 0.2452 0.0171 0.1250 0.0595 0.0016 0.2648	HII
9.0000 -0.7500 -1.7500 0.9363 0.0065 0.0000 0.0229 0.0000 0.5847 0.0000 0.0604 0.0041 0.1942 0.0171 0.0999 0.0664 0.0053 0.2916	HII
9.0000 -0.7500 -1.5000 1.0349 0.0095 0.0000 0.0229 0.0000 0.8058 0.0000 0.0605 0.0050 0.1475 0.0171 0.0795 0.0708 0.0081 0.3069	HII
9.1000 -0.7500 -4.0000 0.0000 0.0000 0.0000 0.0078 0.0000 0.0000 0.0000 0.0210 0.0000 0.0061 0.0060 0.0080 0.0000 0.0000 0.0011	HII
9.1000 -0.7500 -3.7500 0.0000 0.0000 0.0000 0.0090 0.0000 0.0000 0.0000 0.0242 0.0000 0.0093 0.0069 0.0107 0.0000 0.0000 0.0022	HII
9.1000 -0.7500 -3.5000 0.0000 0.0000 0.0000 0.0100 0.0000 0.0000 0.0000 0.0267 0.0000 0.0157 0.0076 0.0152 0.0012 0.0000 0.0050	HII
9.1000 -0.7500 -3.2500 0.0037 0.0000 0.0000 0.0107 0.0000 0.0000 0.0000 0.0284 0.0000 0.0334 0.0081 0.0266 0.0031 0.0000 0.0134	HII
9.1000 -0.7500 -3.0000 0.0189 0.0000 0.0000 0.0116 0.0000 0.0082 0.0000 0.0306 0.0000 0.0692 0.0087 0.0464 0.0085 0.0000 0.0360	HII
9.1000 -0.7500 -2.7500 0.0479 0.0000 0.0000 0.0159 0.0000 0.0387 0.0000 0.0424 0.0000 0.0927 0.0124 0.0585 0.0176 0.0000 0.0755	HII
9.1000 -0.7500 -2.5000 0.0508 0.0000 0.0000 0.0178 0.0000 0.0803 0.0000 0.0474 0.0000 0.0660 0.0138 0.0426 0.0216 0.0000 0.0964	HII
9.1000 -0.7500 -2.2500 0.0297 0.0000 0.0000 0.0155 0.0000 0.0953 0.0000 0.0410 0.0000 0.0300 0.0118 0.0204 0.0178 0.0000 0.0831	HII
9.1000 -0.7500 -2.0000 0.0113 0.0000 0.0000 0.0134 0.0000 0.0753 0.0000 0.0353 0.0000 0.0113 0.0100 0.0079 0.0120 0.0000 0.0595	HII
9.1000 -0.7500 -1.7500 0.0042 0.0000 0.0000 0.0136 0.0000 0.0568 0.0000 0.0359 0.0000 0.0048 0.0102 0.0032 0.0086 0.0000 0.0458	HII
9.1000 -0.7500 -1.5000 0.0000 0.0000 0.0000 0.0137 0.0000 0.0463 0.0000 0.0364 0.0000 0.0024 0.0104 0.0000 0.0068 0.0000 0.0373	HII
6.9000 -0.6250 -4.0000 0.3436 0.0107 0.0000 0.0234 0.0000 0.0103 0.0026 0.0600 0.0000 0.1266 0.0169 0.0995 0.0052 0.0077 0.0060	HII
6.9000 -0.6250 -3.7500 0.3939 0.0167 0.0000 0.0229 0.0000 0.0330 0.0030 0.0586 0.0000 0.1296 0.0165 0.0842 0.0060 0.0094 0.0088	HII
6.9000 -0.6250 -3.5000 0.4146 0.0249 0.0014 0.0224 0.0000 0.0930 0.0031 0.0573 0.0014 0.1217 0.0161 0.0680 0.0068 0.0108 0.0120	HII
6.9000 -0.6250 -3.2500 0.3787 0.0350 0.0035 0.0219 0.0000 0.2110 0.0027 0.0561 0.0020 0.0999 0.0158 0.0526 0.0076 0.0105 0.0155	HII
6.9000 -0.6250 -3.0000 0.2983 0.0468 0.0072 0.0215 0.0000 0.3739 0.0021 0.0551 0.0027 0.0727 0.0154 0.0392 0.0085 0.0087 0.0188	HII
6.9000 -0.6250 -2.7500 0.2132 0.0598 0.0120 0.0211 0.0000 0.5496 0.0015 0.0542 0.0034 0.0496 0.0151 0.0284 0.0092 0.0056 0.0214	HII
6.9000 -0.6250 -2.5000 0.1468 0.0741 0.0179 0.0208 0.0000 0.7210 0.0011 0.0534 0.0040 0.0334 0.0149 0.0203 0.0095 0.0040 0.0230	HII
6.9000 -0.6250 -2.2500 0.1018 0.0895 0.0247 0.0205 0.0000 0.8852 0.0000 0.0529 0.0044 0.0229 0.0147 0.0147 0.0094 0.0014 0.0232	HII
6.9000 -0.6250 -2.0000 0.0729 0.1057 0.0327 0.0203 0.0000 1.0435 0.0000 0.0524 0.0046 0.0164 0.0145 0.0110 0.0087 0.0010 0.0221	HII
6.9000 -0.6250 -1.7500 0.0544 0.1224 0.0415 0.0201 0.0000 1.1955 0.0000 0.0521 0.0044 0.0123 0.0144 0.0084 0.0077 0.0000 0.0200	HII
6.9000 -0.6250 -1.5000 0.0422 0.1390 0.0510 0.0199 0.0000 1.3401 0.0000 0.0517 0.0041 0.0096 0.0142 0.0068 0.0066 0.0000 0.0174	HII
7.0000 -0.6250 -4.0000 0.4294 0.0084 0.0000 0.0234 0.0000 0.0128 0.0033 0.0600 0.0000 0.1587 0.0169 0.1248 0.0066 0.0094 0.0076	HII
7.0000 -0.6250 -3.7500 0.4921 0.0131 0.0000 0.0229 0.0000 0.0411 0.0037 0.0587 0.0012 0.1625 0.0165 0.1056 0.0075 0.0117 0.0110	HII
7.0000 -0.6250 -3.5000 0.5180 0.0195 0.0017 0.0224 0.0000 0.1157 0.0038 0.0574 0.0018 0.1526 0.0162 0.0855 0.0085 0.0133 0.0151	HII
7.0000 -0.6250 -3.2500 0.4735 0.0275 0.0044 0.0220 0.0000 0.2625 0.0034 0.0562 0.0025 0.1255 0.0158 0.0660 0.0096 0.0130 0.0194	HII
7.0000 -0.6250 -3.0000 0.3732 0.0367 0.0088 0.0215 0.0000 0.4653 0.0027 0.0552 0.0034 0.0914 0.0155 0.0492 0.0106 0.0108 0.0235	HII
7.0000 -0.6250 -2.7500 0.2668 0.0469 0.0147 0.0212 0.0000 0.6836 0.0019 0.0543 0.0042 0.0624 0.0152 0.0357 0.0115 0.0081 0.0268	HII
7.0000 -0.6250 -2.5000 0.1838 0.0580 0.0219 0.0209 0.0000 0.8958 0.0013 0.0536 0.0050 0.0420 0.0149 0.0256 0.0119 0.0051 0.0287	HII
7.0000 -0.6250 -2.2500 0.1274 0.0698 0.0302 0.0206 0.0000 1.0979 0.0000 0.0530 0.0055 0.0288 0.0147 0.0186 0.0118 0.0017 0.0290	HII
7.0000 -0.6250 -2.0000 0.0911 0.0823 0.0396 0.0204 0.0000 1.2910 0.0000 0.0526 0.0056 0.0206 0.0146 0.0138 0.0109 0.0013 0.0276	HII
7.0000 -0.6250 -1.7500 0.0679 0.0949 0.0500 0.0202 0.0000 1.4746 0.0000 0.0523 0.0054 0.0154 0.0144 0.0106 0.0097 0.0000 0.0250	HII
7.0000 -0.6250 -1.5000 0.0525 0.1074 0.0611 0.0200 0.0000 1.6487 0.0000 0.0520 0.0049 0.0120 0.0143 0.0084 0.0082 0.0000 0.0216	HII
7.1000 -0.6250 -4.0000 0.5358 0.0104 0.0000 0.0234 0.0000 0.0159 0.0041 0.0600 0.0000 0.1987 0.0170 0.1566 0.0082 0.0117 0.0095	HII
7.1000 -0.6250 -3.7500 0.6140 0.0163 0.0000 0.0229 0.0000 0.0510 0.0046 0.0587 0.0014 0.2036 0.0166 0.1324 0.0094 0.0145 0.0137	HII
7.1000 -0.6250 -3.5000 0.6466 0.0243 0.0021 0.0224 0.0000 0.1438 0.0048 0.0574 0.0022 0.1913 0.0162 0.1072 0.0107 0.0165 0.0188	HII
7.1000 -0.6250 -3.2500 0.5916 0.0342 0.0054 0.0220 0.0000 0.3264 0.0043 0.0563 0.0031 0.1574 0.0158 0.0829 0.0120 0.0163 0.0243	HII
7.1000 -0.6250 -3.0000 0.4668 0.0456 0.0109 0.0216 0.0000 0.5790 0.0033 0.0552 0.0042 0.1148 0.0155 0.0616 0.0133 0.0136 0.0294	HII
7.1000 -0.6250 -2.7500 0.3341 0.0583 0.0181 0.0212 0.0000 0.8509 0.0024 0.0544 0.0052 0.0784 0.0152 0.0447 0.0143 0.0102 0.0335	HII
7.1000 -0.6250 -2.5000 0.2301 0.0720 0.0269 0.0209 0.0000 1.1151 0.0017 0.0537 0.0062 0.0527 0.0150 0.0322 0.0149 0.0073 0.0360	HII
7.1000 -0.6250 -2.2500 0.1596 0.0868 0.0371 0.0207 0.0000 1.3669 0.0012 0.0532 0.0068 0.0362 0.0148 0.0233 0.0147 0.0045 0.0364	HII
7.1000 -0.6250 -2.0000 0.1142 0.1023 0.0488 0.0205 0.0000 1.6080 0.0000 0.0528 0.0070 0.0259 0.0146 0.0173 0.0137 0.0016 0.0346	HII
7.1000 -0.6250 -1.7500 0.0850 0.1181 0.0617 0.0203 0.0000 1.8389 0.0000 0.0524 0.0067 0.0193 0.0145 0.0133 0.0121 0.0012 0.0313	HII
7.1000 -0.6250 -1.5000 0.0660 0.1340 0.0757 0.0201 0.0000 2.0598 0.0000 0.0521 0.0062 0.0151 0.0144 0.0107 0.0103 0.0000 0.0271	HII
7.2000 -0.6250 -4.0000 0.6657 0.0128 0.0000 0.0234 0.0000 0.0196 0.0050 0.0600 0.0011 0.2483 0.0170 0.1959 0.0082 0.0145 0.0118	HII
7.2000 -0.6250 -3.7500 0.7630 0.0200 0.0000 0.0230 0.0000 0.0630 0.0057 0.0587 0.0018 0.2546 0.0166 0.1657 0.0093 0.0179 0.0172	HII
7.2000 -0.6250 -3.5000 0.8035 0.0299 0.0025 0.0225 0.0000 0.1776 0.0059 0.0575 0.0027 0.2395 0.0162 0.1341 0.0106 0.0203 0.0235	HII
7.2000 -0.6250 -3.2500 0.7358 0.0422 0.0065 0.0220 0.0000 0.4030 0.0053 0.0564 0.0038 0.1974 0.0158 0.1037 0.0119 0.0201 0.0303	HII
7.2000 -0.6250 -3.0000 0.5813 0.0563 0.0132 0.0216 0.0000 0.7150 0.0041 0.0554 0.0051 0.1442 0.0155 0.0772 0.0131 0.0167 0.0367	HII
7.2000 -0.6250 -2.7500 0.4164 0.0718 0.0220 0.0213 0.0000 1.0503 0.0030 0.0546 0.0064 0.0985 0.0153 0.0560 0.0142 0.0126 0.0418	HII
7.2000 -0.6250 -2.5000 0.2870 0.0885 0.0324 0.0210 0.0000 1.3742 0.0021 0.0539 0.0076 0.0662 0.0150 0.0402 0.0148 0.0091 0.0449	HII
7.2000 -0.6250 -2.2500 0.1989 0.1063 0.0445 0.0208 0.0000 1.6806 0.0015 0.0534 0.0083 0.0455 0.0148 0.0291 0.0146 0.0055 0.0453	HII
7.2000 -0.6250 -2.0000 0.1422 0.1247 0.0581 0.0206 0.0000 1.9712 0.0011 0.0530 0.0085 0.0324 0.0147 0.0216 0.0136 0.0040 0.0431	HII
7.2000 -0.6250 -1.7500 0.1057 0.1435 0.0730 0.0204 0.0000 2.2479 0.0000 0.0528 0.0082 0.0242 0.0146 0.0166 0.0120 0.0015 0.0389	HII
7.2000 -0.6250 -1.5000 0.0817 0.1621 0.0890 0.0202 0.0000 2.5105 0.0000 0.0525 0.0075 0.0188 0.0145 0.0133 0.0102 0.0011 0.0336	HII
7.3000 -0.6250 -4.0000 0.8234 0.0155 0.0000 0.0234 0.0000 0.0240 0.0062 0.0599 0.0014 0.3094 0.0169 0.2441 0.0127 0.0177 0.0147	HII
7.3000 -0.6250 -3.7500 0.9434 0.0243 0.0000 0.0230 0.0000 0.0771 0.0070 0.0587 0.0022 0.3175 0.0166 0.2066 0.0146 0.0220 0.0214	HII
7.3000 -0.6250 -3.5000 0.9941 0.0364 0.0030 0.0225 0.0000 0.2173 0.0073 0.0576 0.0033 0.2994 0.0162 0.1673 0.0166 0.0250 0.0293	HII
7.3000 -0.6250 -3.2500 0.9117 0.0515 0.0078 0.0221 0.0000 0.4935 0.0066 0.0565 0.0047 0.2476 0.0159 0.1293 0.0186 0.0245 0.0377	HII
7.3000 -0.6250 -3.0000 0.7214 0.0688 0.0158 0.0217 0.0000 0.8763 0.0052 0.0555 0.0063 0.1812 0.0156 0.0962 0.0206 0.0206 0.0457	HII
7.3000 -0.6250 -2.7500 0.5174 0.0876 0.0262 0.0214 0.0000 1.2867 0.0037 0.0548 0.0079 0.1239 0.0153 0.0697 0.0222 0.0155 0.0520	HII
7.3000 -0.6250 -2.5000 0.3569 0.1077 0.0385 0.0211 0.0000 1.6804 0.0026 0.0542 0.0092 0.0833 0.0151 0.0501 0.0231 0.0110 0.0558	HII
7.3000 -0.6250 -2.2500 0.2472 0.1289 0.0525 0.0209 0.0000 2.0495 0.0018 0.0537 0.0101 0.0571 0.0149 0.0362 0.0228 0.0078 0.0563	HII
7.3000 -0.6250 -2.0000 0.1764 0.1506 0.0680 0.0207 0.0000 2.3956 0.0013 0.0534 0.0103 0.0406 0.0148 0.0268 0.0212 0.0050 0.0535	HII
7.3000 -0.6250 -1.7500 0.1310 0.1724 0.0848 0.0206 0.0000 2.7224 0.0000 0.0531 0.0099 0.0302 0.0147 0.0206 0.0188 0.0028 0.0482	HII
7.3000 -0.6250 -1.5000 0.1009 0.1940 0.1027 0.0204 0.0000 3.0304 0.0000 0.0529 0.0090 0.0234 0.0146 0.0164 0.0160 0.0014 0.0415	HII
7.4000 -0.6250 -4.0000 1.0130 0.0186 0.0000 0.0234 0.0000 0.0293 0.0076 0.0599 0.0017 0.3843 0.0169 0.3037 0.0125 0.0215 0.0183	HII
7.4000 -0.6250 -3.7500 1.1609 0.0293 0.0011 0.0230 0.0000 0.0938 0.0086 0.0588 0.0027 0.3949 0.0166 0.2571 0.0143 0.0267 0.0265	HII
7.4000 -0.6250 -3.5000 1.2239 0.0441 0.0036 0.0225 0.0000 0.2643 0.0090 0.0577 0.0040 0.3733 0.0162 0.2083 0.0163 0.0304 0.0364	HII
7.4000 -0.6250 -3.2500 1.1242 0.0625 0.0093 0.0221 0.0000 0.6006 0.0081 0.0566 0.0057 0.3097 0.0159 0.1610 0.0183 0.0299 0.0468	HII
7.4000 -0.6250 -3.0000 0.8913 0.0834 0.0186 0.0218 0.0000 1.0667 0.0064 0.0557 0.0076 0.2273 0.0156 0.1197 0.0202 0.0250 0.0566	HII
7.4000 -0.6250 -2.7500 0.6401 0.1060 0.0308 0.0215 0.0000 1.5653 0.0046 0.0550 0.0095 0.1556 0.0154 0.0868 0.0218 0.0189 0.0645	HII
7.4000 -0.6250 -2.5000 0.4416 0.1300 0.0450 0.0212 0.0000 2.0395 0.0032 0.0545 0.0111 0.1046 0.0152 0.0623 0.0227 0.0136 0.0691	HII
7.4000 -0.6250 -2.2500 0.3058 0.1548 0.0609 0.0210 0.0000 2.4794 0.0023 0.0541 0.0122 0.0715 0.0151 0.0450 0.0224 0.0098 0.0697	HII
7.4000 -0.6250 -2.0000 0.2179 0.1800 0.0783 0.0209 0.0000 2.8875 0.0016 0.0538 0.0124 0.0508 0.0149 0.0333 0.0208 0.0061 0.0662	HII
7.4000 -0.6250 -1.7500 0.1614 0.2052 0.0970 0.0207 0.0000 3.2692 0.0012 0.0535 0.0118 0.0376 0.0148 0.0254 0.0184 0.0046 0.0595	HII
7.4000 -0.6250 -1.5000 0.1242 0.2300 0.1167 0.0206 0.0000 3.6284 0.0000 0.0533 0.0107 0.0291 0.0147 0.0203 0.0157 0.0017 0.0511	HII
7.5000 -0.6250 -4.0000 1.2371 0.0222 0.0000 0.0234 0.0000 0.0353 0.0092 0.0598 0.0020 0.4754 0.0169 0.3764 0.0194 0.0259 0.0226	HII
7.5000 -0.6250 -3.7500 1.4165 0.0351 0.0013 0.0230 0.0000 0.1130 0.0105 0.0588 0.0032 0.4889 0.0166 0.3191 0.0223 0.0322 0.0328	HII
7.5000 -0.6250 -3.5000 1.4942 0.0529 0.0042 0.0226 0.0000 0.3186 0.0109 0.0578 0.0049 0.4634 0.0163 0.2586 0.0253 0.0365 0.0449	HII
7.5000 -0.6250 -3.2500 1.3747 0.0751 0.0108 0.0222 0.0000 0.7238 0.0099 0.0568 0.0069 0.3858 0.0160 0.1999 0.0284 0.0360 0.0578	HII
7.5000 -0.6250 -3.0000 1.0926 0.1001 0.0216 0.0219 0.0000 1.2856 0.0078 0.0560 0.0092 0.2840 0.0157 0.1486 0.0314 0.0302 0.0698	HII
7.5000 -0.6250 -2.7500 0.7864 0.1270 0.0356 0.0216 0.0000 1.8846 0.0056 0.0553 0.0114 0.1947 0.0155 0.1077 0.0338 0.0228 0.0794	HII
7.5000 -0.6250 -2.5000 0.5428 0.1550 0.0516 0.0214 0.0000 2.4491 0.0040 0.0548 0.0133 0.1308 0.0153 0.0771 0.0351 0.0164 0.0851	HII
7.5000 -0.6250 -2.2500 0.3757 0.1837 0.0692 0.0212 0.0000 2.9663 0.0028 0.0544 0.0144 0.0893 0.0152 0.0557 0.0346 0.0117 0.0857	HII
7.5000 -0.6250 -2.0000 0.2674 0.2126 0.0883 0.0210 0.0000 3.4420 0.0020 0.0542 0.0146 0.0632 0.0151 0.0411 0.0322 0.0086 0.0813	HII
7.5000 -0.6250 -1.7500 0.1977 0.2411 0.1086 0.0209 0.0000 3.8831 0.0015 0.0539 0.0139 0.0467 0.0150 0.0314 0.0286 0.0055 0.0729	HII
7.5000 -0.6250 -1.5000 0.1519 0.2693 0.1300 0.0208 0.0000 4.2979 0.0012 0.0537 0.0125 0.0360 0.0149 0.0249 0.0244 0.0043 0.0626	HII
7.6000 -0.6250 -4.0000 1.5011 0.0263 0.0000 0.0234 0.0000 0.0425 0.0111 0.0598 0.0024 0.5858 0.0169 0.4651 0.0189 0.0309 0.0278	HII
7.6000 -0.6250 -3.7500 1.7157 0.0416 0.0015 0.0230 0.0000 0.1351 0.0126 0.0589 0.0039 0.6028 0.0166 0.3944 0.0217 0.0382 0.0403	HII
7.6000 -0.6250 -3.5000 1.8095 0.0629 0.0048 0.0226 0.0000 0.3802 0.0132 0.0579 0.0059 0.5727 0.0163 0.3198 0.0247 0.0433 0.0552	HII
7.6000 -0.6250 -3.2500 1.6674 0.0892 0.0123 0.0223 0.0000 0.8635 0.0120 0.0570 0.0083 0.4785 0.0160 0.2473 0.0277 0.0426 0.0710	HII
7.6000 -0.6250 -3.0000 1.3281 0.1188 0.0246 0.0220 0.0000 1.5325 0.0095 0.0562 0.0109 0.3534 0.0158 0.1838 0.0305 0.0360 0.0855	HII
7.6000 -0.6250 -2.7500 0.9579 0.1502 0.0401 0.0217 0.0000 2.2424 0.0069 0.0556 0.0134 0.2427 0.0156 0.1329 0.0328 0.0272 0.0971	HII
7.6000 -0.6250 -2.5000 0.6620 0.1824 0.0578 0.0215 0.0000 2.9064 0.0048 0.0551 0.0156 0.1630 0.0154 0.0952 0.0340 0.0196 0.1039	HII
7.6000 -0.6250 -2.2500 0.4581 0.2150 0.0769 0.0213 0.0000 3.5057 0.0034 0.0548 0.0169 0.1111 0.0153 0.0686 0.0335 0.0140 0.1046	HII
7.6000 -0.6250 -2.0000 0.3257 0.2475 0.0973 0.0212 0.0000 4.0526 0.0024 0.0546 0.0170 0.0784 0.0152 0.0506 0.0312 0.0102 0.0991	HII
7.6000 -0.6250 -1.7500 0.2404 0.2796 0.1190 0.0211 0.0000 4.5591 0.0018 0.0544 0.0162 0.0577 0.0151 0.0385 0.0277 0.0077 0.0888	HII
7.6000 -0.6250 -1.5000 0.1844 0.3114 0.1419 0.0210 0.0000 5.0348 0.0014 0.0541 0.0146 0.0444 0.0150 0.0306 0.0237 0.0051 0.0761	HII
7.7000 -0.6250 -4.0000 1.7923 0.0306 0.0000 0.0234 0.0000 0.0502 0.0131 0.0598 0.0029 0.7154 0.0169 0.5706 0.0290 0.0358 0.0339	HII
7.7000 -0.6250 -3.7500 2.0462 0.0485 0.0017 0.0230 0.0000 0.1590 0.0149 0.0590 0.0046 0.7368 0.0167 0.4847 0.0333 0.0443 0.0491	HII
7.7000 -0.6250 -3.5000 2.1591 0.0735 0.0053 0.0227 0.0000 0.4464 0.0156 0.0581 0.0069 0.7020 0.0164 0.3931 0.0379 0.0504 0.0672	HII
7.7000 -0.6250 -3.2500 1.9931 0.1043 0.0136 0.0224 0.0000 1.0132 0.0142 0.0572 0.0097 0.5891 0.0161 0.3040 0.0424 0.0496 0.0863	HII
7.7000 -0.6250 -3.0000 1.5930 0.1386 0.0270 0.0221 0.0000 1.7968 0.0113 0.0565 0.0127 0.4368 0.0159 0.2258 0.0466 0.0419 0.1038	HII
7.7000 -0.6250 -2.7500 1.1519 0.1744 0.0439 0.0218 0.0000 2.6229 0.0082 0.0559 0.0155 0.3005 0.0157 0.1634 0.0500 0.0318 0.1175	HII
7.7000 -0.6250 -2.5000 0.7978 0.2107 0.0627 0.0216 0.0000 3.3896 0.0058 0.0555 0.0179 0.2019 0.0155 0.1168 0.0517 0.0229 0.1255	HII
7.7000 -0.6250 -2.2500 0.5524 0.2470 0.0828 0.0215 0.0000 4.0759 0.0041 0.0552 0.0193 0.1373 0.0154 0.0841 0.0509 0.0164 0.1263	HII
7.7000 -0.6250 -2.0000 0.3926 0.2830 0.1041 0.0214 0.0000 4.6952 0.0029 0.0550 0.0195 0.0966 0.0153 0.0618 0.0475 0.0120 0.1196	HII
7.7000 -0.6250 -1.7500 0.2895 0.3188 0.1268 0.0213 0.0000 5.2713 0.0022 0.0548 0.0185 0.0709 0.0153 0.0471 0.0422 0.0091 0.1072	HII
7.7000 -0.6250 -1.5000 0.2219 0.3544 0.1511 0.0211 0.0000 5.8180 0.0017 0.0546 0.0167 0.0544 0.0152 0.0373 0.0361 0.0060 0.0919	HII
7.8000 -0.6250 -4.0000 2.1113 0.0352 0.0000 0.0234 0.0000 0.0589 0.0152 0.0598 0.0033 0.8666 0.0169 0.6945 0.0279 0.0409 0.0411	HII
7.8000 -0.6250 -3.7500 2.4092 0.0558 0.0018 0.0231 0.0000 0.1844 0.0173 0.0591 0.0053 0.8939 0.0167 0.5915 0.0320 0.0504 0.0593	HII
7.8000 -0.6250 -3.5000 2.5386 0.0845 0.0057 0.0228 0.0000 0.5155 0.0182 0.0583 0.0079 0.8535 0.0165 0.4802 0.0363 0.0573 0.0811	HII
7.8000 -0.6250 -3.2500 2.3475 0.1197 0.0146 0.0225 0.0000 1.1685 0.0166 0.0575 0.0111 0.7195 0.0162 0.3714 0.0406 0.0565 0.1040	HII
7.8000 -0.6250 -3.0000 1.8819 0.1586 0.0287 0.0222 0.0000 2.0679 0.0133 0.0568 0.0144 0.5357 0.0160 0.2758 0.0445 0.0479 0.1247	HII
7.8000 -0.6250 -2.7500 1.3669 0.1986 0.0463 0.0220 0.0000 3.0127 0.0097 0.0563 0.0176 0.3696 0.0158 0.1993 0.0475 0.0365 0.1408	HII
7.8000 -0.6250 -2.5000 0.9497 0.2386 0.0657 0.0218 0.0000 3.8822 0.0069 0.0558 0.0201 0.2484 0.0157 0.1424 0.0490 0.0265 0.1500	HII
7.8000 -0.6250 -2.2500 0.6583 0.2782 0.0863 0.0217 0.0000 4.6554 0.0048 0.0556 0.0216 0.1687 0.0155 0.1023 0.0483 0.0190 0.1506	HII
7.8000 -0.6250 -2.0000 0.4680 0.3176 0.1081 0.0215 0.0000 5.3530 0.0035 0.0554 0.0218 0.1185 0.0155 0.0752 0.0451 0.0138 0.1428	HII
7.8000 -0.6250 -1.7500 0.3452 0.3570 0.1314 0.0214 0.0000 6.0012 0.0026 0.0552 0.0207 0.0867 0.0154 0.0572 0.0401 0.0105 0.1282	HII
7.8000 -0.6250 -1.5000 0.2646 0.3969 0.1566 0.0213 0.0000 6.6236 0.0020 0.0550 0.0188 0.0663 0.0153 0.0452 0.0344 0.0081 0.1101	HII
7.9000 -0.6250 -4.0000 2.4157 0.0393 0.0000 0.0234 0.0000 0.0667 0.0171 0.0599 0.0037 1.0329 0.0170 0.8344 0.0417 0.0447 0.0488	HII
7.9000 -0.6250 -3.7500 2.7557 0.0623 0.0019 0.0231 0.0000 0.2079 0.0195 0.0593 0.0059 1.0668 0.0168 0.7125 0.0479 0.0552 0.0705	HII
7.9000 -0.6250 -3.5000 2.9064 0.0944 0.0059 0.0228 0.0000 0.5790 0.0205 0.0585 0.0089 1.0222 0.0165 0.5796 0.0543 0.0626 0.0964	HII
7.9000 -0.6250 -3.2500 2.6952 0.1336 0.0148 0.0226 0.0000 1.3092 0.0189 0.0578 0.0123 0.8666 0.0163 0.4486 0.0606 0.0619 0.1233	HII
7.9000 -0.6250 -3.0000 2.1740 0.1764 0.0291 0.0223 0.0000 2.3176 0.0152 0.0571 0.0159 0.6492 0.0161 0.3332 0.0662 0.0529 0.1475	HII
7.9000 -0.6250 -2.7500 1.5883 0.2199 0.0466 0.0221 0.0000 3.3726 0.0112 0.0566 0.0193 0.4496 0.0159 0.2408 0.0705 0.0407 0.1661	HII
7.9000 -0.6250 -2.5000 1.1092 0.2629 0.0659 0.0219 0.0000 4.3385 0.0080 0.0562 0.0220 0.3027 0.0158 0.1720 0.0726 0.0296 0.1766	HII
7.9000 -0.6250 -2.2500 0.7718 0.3055 0.0863 0.0218 0.0000 5.1964 0.0056 0.0559 0.0236 0.2055 0.0157 0.1235 0.0715 0.0215 0.1773	HII
7.9000 -0.6250 -2.0000 0.5498 0.3480 0.1080 0.0217 0.0000 5.9730 0.0041 0.0558 0.0238 0.1440 0.0156 0.0906 0.0670 0.0158 0.1681	HII
7.9000 -0.6250 -1.7500 0.4061 0.3911 0.1315 0.0216 0.0000 6.7034 0.0030 0.0556 0.0227 0.1052 0.0155 0.0688 0.0598 0.0120 0.1512	HII
7.9000 -0.6250 -1.5000 0.3116 0.4354 0.1572 0.0215 0.0000 7.4105 0.0024 0.0554 0.0207 0.0803 0.0155 0.0544 0.0514 0.0093 0.1304	HII
8.0000 -0.6250 -4.0000 2.6907 0.0426 0.0000 0.0234 0.0000 0.0735 0.0187 0.0600 0.0041 1.2117 0.0170 0.9886 0.0389 0.0472 0.0572	HII
8.0000 -0.6250 -3.7500 3.0764 0.0679 0.0018 0.0232 0.0000 0.2286 0.0214 0.0595 0.0065 1.2552 0.0168 0.8478 0.0447 0.0583 0.0826	HII
8.0000 -0.6250 -3.5000 3.2496 0.1028 0.0057 0.0229 0.0000 0.6343 0.0226 0.0587 0.0096 1.2073 0.0166 0.6914 0.0506 0.0661 0.1129	HII
8.0000 -0.6250 -3.2500 3.0236 0.1452 0.0144 0.0227 0.0000 1.4297 0.0209 0.0580 0.0133 1.0299 0.0164 0.5358 0.0562 0.0656 0.1441	HII
8.0000 -0.6250 -3.0000 2.4554 0.1910 0.0280 0.0224 0.0000 2.5275 0.0171 0.0574 0.0171 0.7769 0.0162 0.3982 0.0612 0.0566 0.1720	HII
8.0000 -0.6250 -2.7500 1.8094 0.2371 0.0448 0.0222 0.0000 3.6813 0.0127 0.0569 0.0206 0.5410 0.0160 0.2877 0.0650 0.0440 0.1931	HII
8.0000 -0.6250 -2.5000 1.2726 0.2824 0.0633 0.0221 0.0000 4.7379 0.0091 0.0566 0.0234 0.3652 0.0159 0.2055 0.0668 0.0324 0.2050	HII
8.0000 -0.6250 -2.2500 0.8900 0.3273 0.0829 0.0220 0.0000 5.6752 0.0065 0.0563 0.0250 0.2481 0.0158 0.1476 0.0659 0.0237 0.2058	HII
8.0000 -0.6250 -2.0000 0.6365 0.3728 0.1041 0.0219 0.0000 6.5317 0.0047 0.0561 0.0253 0.1737 0.0157 0.1083 0.0619 0.0174 0.1954	HII
8.0000 -0.6250 -1.7500 0.4713 0.4194 0.1271 0.0218 0.0000 7.3445 0.0035 0.0560 0.0243 0.1267 0.0157 0.0823 0.0555 0.0133 0.1763	HII
8.0000 -0.6250 -1.5000 0.3624 0.4683 0.1530 0.0217 0.0000 8.1470 0.0027 0.0558 0.0223 0.0966 0.0156 0.0650 0.0480 0.0105 0.1524	HII
8.1000 -0.6250 -4.0000 2.8347 0.0438 0.0000 0.0234 0.0000 0.0767 0.0191 0.0601 0.0042 1.3762 0.0171 1.1391 0.0557 0.0458 0.0649	HII
8.1000 -0.6250 -3.7500 3.2639 0.0701 0.0016 0.0233 0.0000 0.2392 0.0221 0.0597 0.0066 1.4335 0.0169 0.9838 0.0642 0.0573 0.0940	HII
8.1000 -0.6250 -3.5000 3.4704 0.1067 0.0051 0.0230 0.0000 0.6642 0.0236 0.0590 0.0099 1.3887 0.0167 0.8069 0.0728 0.0655 0.1288	HII
8.1000 -0.6250 -3.2500 3.2580 0.1510 0.0129 0.0228 0.0000 1.4983 0.0221 0.0583 0.0137 1.1959 0.0165 0.6277 0.0808 0.0659 0.1645	HII
8.1000 -0.6250 -3.0000 2.6775 0.1986 0.0251 0.0225 0.0000 2.6545 0.0183 0.0578 0.0176 0.9113 0.0163 0.4676 0.0876 0.0576 0.1961	HII
8.1000 -0.6250 -2.7500 1.9977 0.2461 0.0404 0.0223 0.0000 3.8777 0.0139 0.0573 0.0211 0.6397 0.0162 0.3385 0.0928 0.0456 0.2201	HII
8.1000 -0.6250 -2.5000 1.4210 0.2929 0.0573 0.0222 0.0000 5.0080 0.0101 0.0569 0.0239 0.4341 0.0160 0.2422 0.0954 0.0343 0.2336	HII
8.1000 -0.6250 -2.2500 1.0024 0.3394 0.0756 0.0221 0.0000 6.0200 0.0072 0.0567 0.0257 0.2956 0.0159 0.1741 0.0944 0.0253 0.2348	HII
8.1000 -0.6250 -2.0000 0.7211 0.3872 0.0955 0.0220 0.0000 6.9538 0.0053 0.0565 0.0261 0.2070 0.0159 0.1279 0.0891 0.0189 0.2235	HII
8.1000 -0.6250 -1.7500 0.5362 0.4372 0.1176 0.0219 0.0000 7.8521 0.0040 0.0564 0.0253 0.1509 0.0158 0.0972 0.0804 0.0145 0.2024	HII
8.1000 -0.6250 -1.5000 0.4139 0.4905 0.1428 0.0218 0.0000 8.7527 0.0031 0.0562 0.0234 0.1149 0.0158 0.0769 0.0700 0.0115 0.1757	HII
8.2000 -0.6250 -4.0000 2.8234 0.0416 0.0000 0.0233 0.0000 0.0752 0.0184 0.0600 0.0040 1.5092 0.0170 1.2725 0.0485 0.0410 0.0710	HII
8.2000 -0.6250 -3.7500 3.2991 0.0677 0.0013 0.0232 0.0000 0.2364 0.0216 0.0597 0.0064 1.5888 0.0169 1.1126 0.0564 0.0524 0.1038	HII
8.2000 -0.6250 -3.5000 3.5512 0.1042 0.0042 0.0230 0.0000 0.6604 0.0234 0.0592 0.0097 1.5559 0.0168 0.9208 0.0642 0.0610 0.1429	HII
8.2000 -0.6250 -3.2500 3.3787 0.1486 0.0106 0.0228 0.0000 1.4972 0.0224 0.0586 0.0135 1.3570 0.0166 0.7207 0.0713 0.0624 0.1830	HII
8.2000 -0.6250 -3.0000 2.8201 0.1963 0.0208 0.0226 0.0000 2.6665 0.0189 0.0581 0.0172 1.0474 0.0164 0.5388 0.0772 0.0559 0.2184	HII
8.2000 -0.6250 -2.7500 2.1398 0.2439 0.0338 0.0225 0.0000 3.9199 0.0146 0.0576 0.0206 0.7432 0.0163 0.3910 0.0817 0.0452 0.2453	HII
8.2000 -0.6250 -2.5000 1.5452 0.2909 0.0485 0.0223 0.0000 5.0959 0.0108 0.0573 0.0235 0.5082 0.0162 0.2805 0.0841 0.0347 0.2610	HII
8.2000 -0.6250 -2.2500 1.1022 0.3380 0.0646 0.0222 0.0000 6.1605 0.0079 0.0571 0.0253 0.3474 0.0161 0.2021 0.0835 0.0260 0.2633	HII
8.2000 -0.6250 -2.0000 0.7992 0.3868 0.0823 0.0222 0.0000 7.1527 0.0058 0.0569 0.0260 0.2438 0.0160 0.1487 0.0794 0.0198 0.2519	HII
8.2000 -0.6250 -1.7500 0.5981 0.4388 0.1025 0.0221 0.0000 8.1229 0.0044 0.0568 0.0254 0.1778 0.0160 0.1132 0.0723 0.0154 0.2294	HII
8.2000 -0.6250 -1.5000 0.4636 0.4953 0.1258 0.0220 0.0000 9.1130 0.0035 0.0566 0.0239 0.1353 0.0159 0.0897 0.0635 0.0122 0.2006	HII
8.3000 -0.6250 -4.0000 2.4819 0.0336 0.0000 0.0231 0.0000 0.0645 0.0152 0.0595 0.0033 1.5331 0.0169 1.3275 0.0617 0.0309 0.0720	HII
8.3000 -0.6250 -3.7500 2.9975 0.0569 0.0000 0.0231 0.0000 0.2078 0.0186 0.0595 0.0055 1.6500 0.0169 1.1892 0.0733 0.0411 0.1073	HII
8.3000 -0.6250 -3.5000 3.3215 0.0904 0.0029 0.0230 0.0000 0.5933 0.0208 0.0592 0.0085 1.6506 0.0168 1.0027 0.0847 0.0500 0.1502	HII
8.3000 -0.6250 -3.2500 3.2504 0.1323 0.0075 0.0229 0.0000 1.3714 0.0206 0.0588 0.0120 1.4721 0.0167 0.7953 0.0949 0.0531 0.1947	HII
8.3000 -0.6250 -3.0000 2.7844 0.1775 0.0151 0.0227 0.0000 2.4816 0.0180 0.0583 0.0155 1.1590 0.0165 0.5993 0.1031 0.0491 0.2337	HII
8.3000 -0.6250 -2.7500 2.1675 0.2233 0.0249 0.0226 0.0000 3.7016 0.0143 0.0580 0.0187 0.8361 0.0164 0.4374 0.1093 0.0413 0.2638	HII
8.3000 -0.6250 -2.5000 1.5993 0.2687 0.0365 0.0225 0.0000 4.8700 0.0109 0.0577 0.0215 0.5785 0.0163 0.3151 0.1130 0.0327 0.2822	HII
8.3000 -0.6250 -2.2500 1.1607 0.3146 0.0495 0.0224 0.0000 5.9478 0.0081 0.0575 0.0234 0.3985 0.0162 0.2278 0.1131 0.0252 0.2868	HII
8.3000 -0.6250 -2.0000 0.8526 0.3627 0.0643 0.0223 0.0000 6.9687 0.0061 0.0573 0.0244 0.2808 0.0162 0.1682 0.1088 0.0195 0.2770	HII
8.3000 -0.6250 -1.7500 0.6440 0.4144 0.0812 0.0222 0.0000 7.9742 0.0047 0.0572 0.0242 0.2053 0.0161 0.1283 0.1003 0.0154 0.2547	HII
8.3000 -0.6250 -1.5000 0.5030 0.4722 0.1013 0.0222 0.0000 9.0261 0.0038 0.0571 0.0232 0.1565 0.0161 0.1020 0.0892 0.0124 0.2251	HII
8.4000 -0.6250 -4.0000 2.0114 0.0251 0.0000 0.0228 0.0000 0.0519 0.0114 0.0589 0.0025 1.4819 0.0168 1.3195 0.0472 0.0206 0.0701	HII
8.4000 -0.6250 -3.7500 2.5403 0.0445 0.0000 0.0230 0.0000 0.1726 0.0147 0.0593 0.0043 1.6419 0.0168 1.2202 0.0578 0.0293 0.1071	HII
8.4000 -0.6250 -3.5000 2.9323 0.0739 0.0018 0.0230 0.0000 0.5087 0.0173 0.0592 0.0070 1.6897 0.0168 1.0563 0.0683 0.0377 0.1535	HII
8.4000 -0.6250 -3.2500 2.9664 0.1115 0.0049 0.0229 0.0000 1.2021 0.0178 0.0589 0.0102 1.5453 0.0167 0.8524 0.0775 0.0418 0.2018	HII
8.4000 -0.6250 -3.0000 2.6239 0.1530 0.0101 0.0228 0.0000 2.2162 0.0161 0.0586 0.0133 1.2456 0.0166 0.6497 0.0847 0.0404 0.2446	HII
8.4000 -0.6250 -2.7500 2.1017 0.1954 0.0171 0.0227 0.0000 3.3589 0.0133 0.0583 0.0162 0.9158 0.0165 0.4778 0.0901 0.0354 0.2777	HII
8.4000 -0.6250 -2.5000 1.5899 0.2378 0.0256 0.0226 0.0000 4.4826 0.0104 0.0581 0.0188 0.6426 0.0165 0.3461 0.0936 0.0291 0.2990	HII
8.4000 -0.6250 -2.2500 1.1779 0.2811 0.0356 0.0225 0.0000 5.5416 0.0080 0.0579 0.0208 0.4470 0.0164 0.2516 0.0944 0.0232 0.3062	HII
8.4000 -0.6250 -2.0000 0.8790 0.3270 0.0471 0.0224 0.0000 6.5614 0.0061 0.0578 0.0220 0.3169 0.0163 0.1865 0.0918 0.0185 0.2984	HII
8.4000 -0.6250 -1.7500 0.6722 0.3767 0.0606 0.0224 0.0000 7.5780 0.0048 0.0577 0.0222 0.2327 0.0163 0.1428 0.0856 0.0150 0.2771	HII
8.4000 -0.6250 -1.5000 0.5300 0.4334 0.0770 0.0223 0.0000 8.6610 0.0039 0.0576 0.0216 0.1777 0.0162 0.1139 0.0772 0.0122 0.2474	HII
8.5000 -0.6250 -4.0000 1.3218 0.0129 0.0000 0.0223 0.0000 0.0311 0.0066 0.0580 0.0015 1.2595 0.0165 1.1493 0.0505 0.0101 0.0618	HII
8.5000 -0.6250 -3.7500 1.7959 0.0252 0.0000 0.0227 0.0000 0.1094 0.0093 0.0588 0.0028 1.4604 0.0167 1.1147 0.0646 0.0159 0.0978	HII
8.5000 -0.6250 -3.5000 2.2521 0.0462 0.0000 0.0228 0.0000 0.3485 0.0120 0.0591 0.0050 1.5827 0.0168 1.0096 0.0799 0.0231 0.1463	HII
8.5000 -0.6250 -3.2500 2.4532 0.0759 0.0025 0.0228 0.0000 0.8854 0.0133 0.0590 0.0077 1.5163 0.0168 0.8419 0.0937 0.0281 0.1988	HII
8.5000 -0.6250 -3.0000 2.3049 0.1109 0.0054 0.0228 0.0000 1.7223 0.0128 0.0589 0.0104 1.2681 0.0167 0.6544 0.1043 0.0294 0.2454	HII
8.5000 -0.6250 -2.7500 1.9365 0.1478 0.0096 0.0227 0.0000 2.7137 0.0111 0.0587 0.0129 0.9580 0.0167 0.4867 0.1120 0.0274 0.2817	HII
8.5000 -0.6250 -2.5000 1.5207 0.1859 0.0151 0.0227 0.0000 3.7339 0.0090 0.0585 0.0151 0.6851 0.0166 0.3552 0.1176 0.0237 0.3069	HII
8.5000 -0.6250 -2.2500 1.1575 0.2254 0.0218 0.0226 0.0000 4.7286 0.0071 0.0584 0.0171 0.4821 0.0165 0.2598 0.1205 0.0196 0.3195	HII
8.5000 -0.6250 -2.0000 0.8806 0.2675 0.0298 0.0226 0.0000 5.7068 0.0056 0.0583 0.0185 0.3440 0.0165 0.1936 0.1199 0.0163 0.3179	HII
8.5000 -0.6250 -1.7500 0.6823 0.3134 0.0394 0.0225 0.0000 6.6924 0.0045 0.0582 0.0193 0.2534 0.0165 0.1489 0.1149 0.0134 0.3020	HII
8.5000 -0.6250 -1.5000 0.5428 0.3656 0.0512 0.0225 0.0000 7.7456 0.0037 0.0581 0.0194 0.1940 0.0164 0.1192 0.1064 0.0113 0.2756	HII
8.6000 -0.6250 -4.0000 0.7554 0.0045 0.0000 0.0218 0.0000 0.0139 0.0032 0.0568 0.0000 0.9844 0.0162 0.9107 0.0315 0.0017 0.0519	HII
8.6000 -0.6250 -3.7500 1.1100 0.0098 0.0000 0.0223 0.0000 0.0517 0.0050 0.0582 0.0016 1.1945 0.0166 0.9263 0.0422 0.0072 0.0847	HII
8.6000 -0.6250 -3.5000 1.5609 0.0208 0.0000 0.0226 0.0000 0.1849 0.0072 0.0589 0.0032 1.3850 0.0168 0.8897 0.0556 0.0120 0.1336	HII
8.6000 -0.6250 -3.2500 1.9252 0.0398 0.0000 0.0228 0.0000 0.5365 0.0090 0.0590 0.0054 1.4232 0.0168 0.7802 0.0690 0.0172 0.1915	HII
8.6000 -0.6250 -3.0000 1.9824 0.0649 0.0024 0.0228 0.0000 1.1567 0.0093 0.0590 0.0077 1.2446 0.0168 0.6212 0.0791 0.0201 0.2433	HII
8.6000 -0.6250 -2.7500 1.7871 0.0939 0.0047 0.0228 0.0000 1.9519 0.0085 0.0590 0.0098 0.9697 0.0168 0.4675 0.0860 0.0203 0.2829	HII
8.6000 -0.6250 -2.5000 1.4753 0.1254 0.0077 0.0228 0.0000 2.8166 0.0071 0.0590 0.0116 0.7060 0.0167 0.3425 0.0910 0.0186 0.3112	HII
8.6000 -0.6250 -2.2500 1.1610 0.1596 0.0116 0.0227 0.0000 3.7028 0.0058 0.0589 0.0134 0.5012 0.0167 0.2509 0.0949 0.0163 0.3298	HII
8.6000 -0.6250 -2.0000 0.9012 0.1967 0.0165 0.0227 0.0000 4.6006 0.0046 0.0588 0.0149 0.3585 0.0167 0.1874 0.0973 0.0137 0.3376	HII
8.6000 -0.6250 -1.7500 0.7055 0.2372 0.0225 0.0227 0.0000 5.5137 0.0038 0.0588 0.0162 0.2637 0.0166 0.1443 0.0972 0.0117 0.3325	HII
8.6000 -0.6250 -1.5000 0.5645 0.2830 0.0301 0.0226 0.0000 6.4910 0.0031 0.0587 0.0170 0.2014 0.0166 0.1158 0.0941 0.0100 0.3152	HII
8.7000 -0.6250 -4.0000 0.3403 0.0013 0.0000 0.0213 0.0000 0.0052 0.0012 0.0561 0.0000 0.6725 0.0160 0.6395 0.0277 0.0000 0.0393	HII
8.7000 -0.6250 -3.7500 0.5373 0.0030 0.0000 0.0221 0.0000 0.0201 0.0020 0.0580 0.0000 0.8486 0.0165 0.6810 0.0386 0.0000 0.0655	HII
8.7000 -0.6250 -3.5000 0.8476 0.0073 0.0000 0.0226 0.0000 0.0809 0.0033 0.0589 0.0016 1.0523 0.0168 0.6964 0.0541 0.0028 0.1090	HII
8.7000 -0.6250 -3.2500 1.2373 0.0169 0.0000 0.0227 0.0000 0.2820 0.0049 0.0592 0.0032 1.1893 0.0169 0.6598 0.0732 0.0078 0.1695	HII
8.7000 -0.6250 -3.0000 1.4826 0.0324 0.0000 0.0228 0.0000 0.7032 0.0058 0.0593 0.0052 1.1264 0.0169 0.5577 0.0898 0.0113 0.2294	HII
8.7000 -0.6250 -2.7500 1.4726 0.0516 0.0019 0.0228 0.0000 1.2861 0.0057 0.0594 0.0069 0.9140 0.0169 0.4296 0.1002 0.0128 0.2733	HII
8.7000 -0.6250 -2.5000 1.3095 0.0741 0.0034 0.0229 0.0000 1.9596 0.0051 0.0594 0.0084 0.6828 0.0169 0.3182 0.1071 0.0130 0.3040	HII
8.7000 -0.6250 -2.2500 1.0892 0.1004 0.0055 0.0229 0.0000 2.6897 0.0042 0.0594 0.0097 0.4917 0.0169 0.2343 0.1129 0.0122 0.3261	HII
8.7000 -0.6250 -2.0000 0.8761 0.1307 0.0082 0.0228 0.0000 3.4673 0.0035 0.0594 0.0111 0.3534 0.0168 0.1754 0.1182 0.0108 0.3409	HII
8.7000 -0.6250 -1.7500 0.7010 0.1653 0.0117 0.0228 0.0000 4.2913 0.0029 0.0594 0.0125 0.2600 0.0168 0.1355 0.1221 0.0095 0.3463	HII
8.7000 -0.6250 -1.5000 0.5670 0.2045 0.0163 0.0228 0.0000 5.1801 0.0024 0.0593 0.0136 0.1982 0.0168 0.1088 0.1233 0.0083 0.3402	HII
8.8000 -0.6250 -4.0000 0.1401 0.0000 0.0000 0.0210 0.0000 0.0019 0.0000 0.0555 0.0000 0.4375 0.0159 0.4272 0.0148 0.0000 0.0288	HII
8.8000 -0.6250 -3.7500 0.2377 0.0000 0.0000 0.0220 0.0000 0.0074 0.0000 0.0578 0.0000 0.5728 0.0165 0.4771 0.0214 0.0000 0.0490	HII
8.8000 -0.6250 -3.5000 0.4075 0.0023 0.0000 0.0225 0.0000 0.0320 0.0013 0.0591 0.0000 0.7453 0.0169 0.5143 0.0313 0.0000 0.0846	HII
8.8000 -0.6250 -3.2500 0.6901 0.0062 0.0000 0.0228 0.0000 0.1323 0.0023 0.0596 0.0016 0.9170 0.0170 0.5252 0.0458 0.0012 0.1418	HII
8.8000 -0.6250 -3.0000 0.9848 0.0142 0.0000 0.0229 0.0000 0.3903 0.0032 0.0597 0.0031 0.9535 0.0170 0.4791 0.0611 0.0046 0.2073	HII
8.8000 -0.6250 -2.7500 1.1210 0.0255 0.0000 0.0229 0.0000 0.7911 0.0035 0.0598 0.0046 0.8241 0.0170 0.3864 0.0715 0.0073 0.2579	HII
8.8000 -0.6250 -2.5000 1.0981 0.0391 0.0014 0.0229 0.0000 1.2710 0.0034 0.0599 0.0058 0.6369 0.0170 0.2915 0.0775 0.0086 0.2906	HII
8.8000 -0.6250 -2.2500 0.9848 0.0562 0.0024 0.0230 0.0000 1.8214 0.0030 0.0599 0.0069 0.4673 0.0170 0.2162 0.0822 0.0087 0.3139	HII
8.8000 -0.6250 -2.0000 0.8373 0.0779 0.0038 0.0230 0.0000 2.4453 0.0025 0.0599 0.0080 0.3385 0.0170 0.1623 0.0870 0.0083 0.3323	HII
8.8000 -0.6250 -1.7500 0.6941 0.1048 0.0057 0.0229 0.0000 3.1471 0.0021 0.0599 0.0091 0.2492 0.0170 0.1256 0.0920 0.0077 0.3456	HII
8.8000 -0.6250 -1.5000 0.5729 0.1370 0.0084 0.0229 0.0000 3.9327 0.0018 0.0599 0.0104 0.1895 0.0170 0.1010 0.0962 0.0059 0.3507	HII
8.9000 -0.6250 -4.0000 0.0403 0.0000 0.0000 0.0171 0.0000 0.0011 0.0000 0.0457 0.0000 0.2119 0.0132 0.1729 0.0095 0.0000 0.0197	HII
8.9000 -0.6250 -3.7500 0.0546 0.0000 0.0000 0.0195 0.0000 0.0038 0.0000 0.0520 0.0000 0.2456 0.0150 0.1704 0.0129 0.0000 0.0327	HII
8.9000 -0.6250 -3.5000 0.0796 0.0000 0.0000 0.0212 0.0000 0.0130 0.0000 0.0563 0.0000 0.2821 0.0161 0.1649 0.0176 0.0000 0.0524	HII
8.9000 -0.6250 -3.2500 0.2140 0.0010 0.0000 0.0225 0.0000 0.0344 0.0000 0.0593 0.0000 0.5093 0.0169 0.3128 0.0319 0.0000 0.0870	HII
8.9000 -0.6250 -3.0000 0.3877 0.0030 0.0000 0.0227 0.0000 0.1305 0.0000 0.0597 0.0011 0.6153 0.0170 0.3233 0.0488 0.0000 0.1454	HII
8.9000 -0.6250 -2.7500 0.5593 0.0067 0.0000 0.0228 0.0000 0.3204 0.0014 0.0600 0.0019 0.6103 0.0171 0.2900 0.0641 0.0000 0.2007	HII
8.9000 -0.6250 -2.5000 0.6707 0.0115 0.0000 0.0229 0.0000 0.5690 0.0016 0.0601 0.0028 0.5201 0.0171 0.2329 0.0740 0.0014 0.2384	HII
8.9000 -0.6250 -2.2500 0.7144 0.0178 0.0000 0.0230 0.0000 0.8718 0.0017 0.0603 0.0037 0.4070 0.0171 0.1786 0.0807 0.0028 0.2643	HII
8.9000 -0.6250 -2.0000 0.6963 0.0267 0.0011 0.0230 0.0000 1.2423 0.0015 0.0604 0.0045 0.3051 0.0172 0.1359 0.0867 0.0044 0.2847	HII
8.9000 -0.6250 -1.7500 0.6368 0.0400 0.0018 0.0230 0.0000 1.7026 0.0013 0.0604 0.0053 0.2275 0.0171 0.1056 0.0935 0.0047 0.3035	HII
8.9000 -0.6250 -1.5000 0.5570 0.0592 0.0029 0.0230 0.0000 2.2654 0.0012 0.0604 0.0062 0.1728 0.0171 0.0849 0.1012 0.0044 0.3195	HII
9.0000 -0.6250 -4.0000 0.0036 0.0000 0.0000 0.0097 0.0000 0.0000 0.0000 0.0259 0.0000 0.0480 0.0074 0.0430 0.0016 0.0000 0.0050	HII
9.0000 -0.6250 -3.7500 0.0065 0.0000 0.0000 0.0108 0.0000 0.0000 0.0000 0.0286 0.0000 0.0654 0.0082 0.0502 0.0026 0.0000 0.0095	HII
9.0000 -0.6250 -3.5000 0.0152 0.0000 0.0000 0.0115 0.0000 0.0020 0.0000 0.0306 0.0000 0.1002 0.0087 0.0637 0.0047 0.0000 0.0194	HII
9.0000 -0.6250 -3.2500 0.0549 0.0000 0.0000 0.0192 0.0000 0.0148 0.0000 0.0513 0.0000 0.2174 0.0149 0.1156 0.0128 0.0000 0.0572	HII
9.0000 -0.6250 -3.0000 0.0891 0.0000 0.0000 0.0214 0.0000 0.0486 0.0000 0.0569 0.0000 0.2259 0.0163 0.1095 0.0189 0.0000 0.0908	HII
9.0000 -0.6250 -2.7500 0.1396 0.0000 0.0000 0.0224 0.0000 0.0623 0.0000 0.0594 0.0000 0.3272 0.0169 0.1609 0.0243 0.0000 0.1124	HII
9.0000 -0.6250 -2.5000 0.2543 0.0014 0.0000 0.0227 0.0000 0.1330 0.0000 0.0599 0.0000 0.3583 0.0171 0.1555 0.0345 0.0000 0.1604	HII
9.0000 -0.6250 -2.2500 0.4241 0.0025 0.0000 0.0228 0.0000 0.2305 0.0000 0.0602 0.0016 0.3477 0.0171 0.1378 0.0445 0.0000 0.2045	HII
9.0000 -0.6250 -2.0000 0.6350 0.0037 0.0000 0.0229 0.0000 0.3480 0.0000 0.0604 0.0026 0.3031 0.0172 0.1151 0.0535 0.0013 0.2415	HII
9.0000 -0.6250 -1.7500 0.8458 0.0053 0.0000 0.0229 0.0000 0.4898 0.0000 0.0606 0.0036 0.2441 0.0172 0.0934 0.0610 0.0046 0.2704	HII
9.0000 -0.6250 -1.5000 0.9745 0.0078 0.0000 0.0230 0.0000 0.6865 0.0000 0.0606 0.0046 0.1875 0.0172 0.0751 0.0661 0.0073 0.2887	HII
9.1000 -0.6250 -4.0000 0.0000 0.0000 0.0000 0.0078 0.0000 0.0000 0.0000 0.0210 0.0000 0.0076 0.0060 0.0076 0.0000 0.0000 0.0010	HII
9.1000 -0.6250 -3.7500 0.0000 0.0000 0.0000 0.0090 0.0000 0.0000 0.0000 0.0242 0.0000 0.0116 0.0069 0.0100 0.0000 0.0000 0.0021	HII
9.1000 -0.6250 -3.5000 0.0000 0.0000 0.0000 0.0100 0.0000 0.0000 0.0000 0.0267 0.0000 0.0194 0.0076 0.0141 0.0011 0.0000 0.0048	HII
9.1000 -0.6250 -3.2500 0.0032 0.0000 0.0000 0.0107 0.0000 0.0000 0.0000 0.0284 0.0000 0.0400 0.0081 0.0240 0.0028 0.0000 0.0123	HII
9.1000 -0.6250 -3.0000 0.0140 0.0000 0.0000 0.0116 0.0000 0.0065 0.0000 0.0306 0.0000 0.0783 0.0087 0.0398 0.0073 0.0000 0.0316	HII
9.1000 -0.6250 -2.7500 0.0320 0.0000 0.0000 0.0123 0.0000 0.0270 0.0000 0.0324 0.0000 0.0899 0.0092 0.0429 0.0129 0.0000 0.0561	HII
9.1000 -0.6250 -2.5000 0.0316 0.0000 0.0000 0.0135 0.0000 0.0530 0.0000 0.0357 0.0000 0.0603 0.0103 0.0294 0.0149 0.0000 0.0677	HII
9.1000 -0.6250 -2.2500 0.0175 0.0000 0.0000 0.0131 0.0000 0.0610 0.0000 0.0346 0.0000 0.0282 0.0099 0.0145 0.0125 0.0000 0.0607	HII
9.1000 -0.6250 -2.0000 0.0067 0.0000 0.0000 0.0134 0.0000 0.0492 0.0000 0.0354 0.0000 0.0115 0.0101 0.0060 0.0090 0.0000 0.0472	HII
9.1000 -0.6250 -1.7500 0.0023 0.0000 0.0000 0.0136 0.0000 0.0355 0.0000 0.0361 0.0000 0.0049 0.0103 0.0024 0.0062 0.0000 0.0354	HII
9.1000 -0.6250 -1.5000 0.0000 0.0000 0.0000 0.0138 0.0000 0.0282 0.0000 0.0366 0.0000 0.0025 0.0104 0.0000 0.0048 0.0000 0.0283	HII
6.9000 -0.5000 -4.0000 0.3433 0.0107 0.0000 0.0234 0.0000 0.0103 0.0035 0.0600 0.0000 0.1687 0.0169 0.0995 0.0052 0.0077 0.0060	HII
6.9000 -0.5000 -3.7500 0.3934 0.0166 0.0000 0.0229 0.0000 0.0330 0.0039 0.0586 0.0000 0.1727 0.0165 0.0841 0.0060 0.0094 0.0088	HII
6.9000 -0.5000 -3.5000 0.4142 0.0248 0.0014 0.0224 0.0000 0.0929 0.0041 0.0573 0.0014 0.1621 0.0161 0.0680 0.0068 0.0107 0.0120	HII
6.9000 -0.5000 -3.2500 0.3784 0.0350 0.0035 0.0219 0.0000 0.2108 0.0037 0.0561 0.0020 0.1332 0.0158 0.0526 0.0076 0.0105 0.0155	HII
6.9000 -0.5000 -3.0000 0.2980 0.0467 0.0072 0.0215 0.0000 0.3737 0.0028 0.0551 0.0027 0.0970 0.0154 0.0392 0.0085 0.0087 0.0187	HII
6.9000 -0.5000 -2.7500 0.2130 0.0597 0.0120 0.0211 0.0000 0.5493 0.0020 0.0542 0.0034 0.0661 0.0151 0.0284 0.0091 0.0056 0.0214	HII
6.9000 -0.5000 -2.5000 0.1467 0.0740 0.0178 0.0208 0.0000 0.7206 0.0014 0.0534 0.0040 0.0445 0.0149 0.0203 0.0095 0.0040 0.0230	HII
6.9000 -0.5000 -2.2500 0.1017 0.0894 0.0247 0.0205 0.0000 0.8846 0.0010 0.0529 0.0044 0.0306 0.0147 0.0147 0.0094 0.0014 0.0232	HII
6.9000 -0.5000 -2.0000 0.0729 0.1056 0.0326 0.0203 0.0000 1.0427 0.0000 0.0525 0.0046 0.0219 0.0145 0.0110 0.0087 0.0010 0.0221	HII
6.9000 -0.5000 -1.7500 0.0543 0.1223 0.0414 0.0201 0.0000 1.1942 0.0000 0.0521 0.0044 0.0164 0.0144 0.0084 0.0077 0.0000 0.0200	HII
6.9000 -0.5000 -1.5000 0.0422 0.1388 0.0508 0.0199 0.0000 1.3385 0.0000 0.0518 0.0040 0.0128 0.0142 0.0068 0.0066 0.0000 0.0174	HII
7.0000 -0.5000 -4.0000 0.4287 0.0084 0.0000 0.0234 0.0000 0.0128 0.0043 0.0600 0.0000 0.2114 0.0170 0.1248 0.0066 0.0094 0.0076	HII
7.0000 -0.5000 -3.7500 0.4913 0.0131 0.0000 0.0229 0.0000 0.0410 0.0049 0.0587 0.0011 0.2165 0.0166 0.1055 0.0075 0.0117 0.0110	HII
7.0000 -0.5000 -3.5000 0.5172 0.0195 0.0017 0.0224 0.0000 0.1156 0.0051 0.0574 0.0017 0.2034 0.0162 0.0855 0.0085 0.0133 0.0150	HII
7.0000 -0.5000 -3.2500 0.4730 0.0275 0.0044 0.0220 0.0000 0.2622 0.0046 0.0562 0.0025 0.1672 0.0158 0.0660 0.0096 0.0130 0.0194	HII
7.0000 -0.5000 -3.0000 0.3728 0.0367 0.0088 0.0215 0.0000 0.4649 0.0036 0.0552 0.0033 0.1218 0.0155 0.0492 0.0106 0.0108 0.0235	HII
7.0000 -0.5000 -2.7500 0.2666 0.0468 0.0147 0.0212 0.0000 0.6831 0.0026 0.0543 0.0042 0.0831 0.0152 0.0356 0.0114 0.0081 0.0268	HII
7.0000 -0.5000 -2.5000 0.1836 0.0579 0.0218 0.0209 0.0000 0.8952 0.0018 0.0536 0.0050 0.0559 0.0149 0.0256 0.0119 0.0051 0.0287	HII
7.0000 -0.5000 -2.2500 0.1272 0.0698 0.0301 0.0206 0.0000 1.0970 0.0013 0.0530 0.0055 0.0384 0.0147 0.0186 0.0117 0.0017 0.0290	HII
7.0000 -0.5000 -2.0000 0.0911 0.0822 0.0396 0.0204 0.0000 1.2898 0.0000 0.0527 0.0056 0.0275 0.0146 0.0138 0.0109 0.0013 0.0276	HII
7.0000 -0.5000 -1.7500 0.0678 0.0947 0.0499 0.0202 0.0000 1.4730 0.0000 0.0523 0.0054 0.0205 0.0144 0.0106 0.0097 0.0000 0.0249	HII
7.0000 -0.5000 -1.5000 0.0525 0.1072 0.0609 0.0200 0.0000 1.6466 0.0000 0.0520 0.0049 0.0160 0.0143 0.0084 0.0082 0.0000 0.0216	HII
7.1000 -0.5000 -4.0000 0.5347 0.0104 0.0000 0.0234 0.0000 0.0159 0.0054 0.0600 0.0000 0.2648 0.0170 0.1565 0.0082 0.0117 0.0095	HII
7.1000 -0.5000 -3.7500 0.6128 0.0162 0.0000 0.0230 0.0000 0.0509 0.0061 0.0587 0.0014 0.2712 0.0166 0.1324 0.0094 0.0145 0.0137	HII
7.1000 -0.5000 -3.5000 0.6454 0.0242 0.0021 0.0225 0.0000 0.1436 0.0064 0.0574 0.0022 0.2549 0.0162 0.1072 0.0107 0.0164 0.0188	HII
7.1000 -0.5000 -3.2500 0.5908 0.0342 0.0054 0.0220 0.0000 0.3259 0.0057 0.0563 0.0031 0.2098 0.0158 0.0828 0.0120 0.0163 0.0243	HII
7.1000 -0.5000 -3.0000 0.4662 0.0456 0.0108 0.0216 0.0000 0.5783 0.0044 0.0553 0.0042 0.1530 0.0155 0.0616 0.0133 0.0135 0.0294	HII
7.1000 -0.5000 -2.7500 0.3337 0.0582 0.0181 0.0212 0.0000 0.8501 0.0032 0.0544 0.0052 0.1045 0.0152 0.0447 0.0143 0.0102 0.0335	HII
7.1000 -0.5000 -2.5000 0.2300 0.0720 0.0269 0.0209 0.0000 1.1141 0.0022 0.0537 0.0062 0.0703 0.0150 0.0321 0.0149 0.0073 0.0360	HII
7.1000 -0.5000 -2.2500 0.1595 0.0867 0.0371 0.0207 0.0000 1.3655 0.0016 0.0532 0.0068 0.0483 0.0148 0.0233 0.0147 0.0044 0.0364	HII
7.1000 -0.5000 -2.0000 0.1141 0.1021 0.0487 0.0205 0.0000 1.6061 0.0011 0.0528 0.0070 0.0345 0.0146 0.0173 0.0137 0.0016 0.0346	HII
7.1000 -0.5000 -1.7500 0.0850 0.1179 0.0615 0.0203 0.0000 1.8364 0.0000 0.0525 0.0067 0.0257 0.0145 0.0133 0.0121 0.0012 0.0313	HII
7.1000 -0.5000 -1.5000 0.0658 0.1337 0.0754 0.0201 0.0000 2.0564 0.0000 0.0521 0.0062 0.0201 0.0144 0.0107 0.0103 0.0000 0.0271	HII
7.2000 -0.5000 -4.0000 0.6640 0.0128 0.0000 0.0234 0.0000 0.0196 0.0067 0.0600 0.0011 0.3307 0.0170 0.1957 0.0081 0.0144 0.0118	HII
7.2000 -0.5000 -3.7500 0.7609 0.0200 0.0000 0.0230 0.0000 0.0628 0.0076 0.0588 0.0018 0.3390 0.0166 0.1655 0.0093 0.0179 0.0171	HII
7.2000 -0.5000 -3.5000 0.8016 0.0298 0.0025 0.0225 0.0000 0.1771 0.0079 0.0575 0.0027 0.3190 0.0162 0.1341 0.0106 0.0203 0.0235	HII
7.2000 -0.5000 -3.2500 0.7344 0.0421 0.0065 0.0220 0.0000 0.4022 0.0071 0.0564 0.0038 0.2630 0.0158 0.1036 0.0119 0.0199 0.0303	HII
7.2000 -0.5000 -3.0000 0.5804 0.0562 0.0131 0.0216 0.0000 0.7140 0.0055 0.0554 0.0051 0.1921 0.0155 0.0772 0.0131 0.0167 0.0367	HII
7.2000 -0.5000 -2.7500 0.4159 0.0717 0.0219 0.0213 0.0000 1.0490 0.0040 0.0546 0.0064 0.1313 0.0153 0.0559 0.0142 0.0126 0.0418	HII
7.2000 -0.5000 -2.5000 0.2868 0.0884 0.0324 0.0210 0.0000 1.3726 0.0028 0.0539 0.0076 0.0883 0.0150 0.0401 0.0148 0.0091 0.0449	HII
7.2000 -0.5000 -2.2500 0.1988 0.1061 0.0444 0.0208 0.0000 1.6785 0.0020 0.0534 0.0083 0.0606 0.0149 0.0291 0.0146 0.0055 0.0453	HII
7.2000 -0.5000 -2.0000 0.1420 0.1245 0.0579 0.0206 0.0000 1.9684 0.0014 0.0531 0.0085 0.0432 0.0147 0.0215 0.0135 0.0040 0.0431	HII
7.2000 -0.5000 -1.7500 0.1056 0.1432 0.0727 0.0204 0.0000 2.2442 0.0011 0.0528 0.0082 0.0322 0.0146 0.0166 0.0120 0.0015 0.0388	HII
7.2000 -0.5000 -1.5000 0.0816 0.1618 0.0886 0.0202 0.0000 2.5054 0.0000 0.0525 0.0074 0.0250 0.0145 0.0133 0.0102 0.0011 0.0335	HII
7.3000 -0.5000 -4.0000 0.8206 0.0154 0.0000 0.0234 0.0000 0.0240 0.0082 0.0599 0.0014 0.4118 0.0169 0.2438 0.0127 0.0176 0.0147	HII
7.3000 -0.5000 -3.7500 0.9402 0.0242 0.0000 0.0230 0.0000 0.0768 0.0094 0.0588 0.0022 0.4226 0.0166 0.2064 0.0146 0.0218 0.0213	HII
7.3000 -0.5000 -3.5000 0.9909 0.0363 0.0030 0.0225 0.0000 0.2166 0.0097 0.0576 0.0033 0.3986 0.0162 0.1671 0.0165 0.0250 0.0292	HII
7.3000 -0.5000 -3.2500 0.9092 0.0514 0.0078 0.0221 0.0000 0.4922 0.0087 0.0565 0.0047 0.3297 0.0159 0.1293 0.0186 0.0245 0.0377	HII
7.3000 -0.5000 -3.0000 0.7201 0.0686 0.0157 0.0217 0.0000 0.8745 0.0069 0.0556 0.0063 0.2414 0.0156 0.0961 0.0206 0.0206 0.0456	HII
7.3000 -0.5000 -2.7500 0.5167 0.0874 0.0261 0.0214 0.0000 1.2847 0.0049 0.0548 0.0079 0.1651 0.0153 0.0697 0.0222 0.0155 0.0520	HII
7.3000 -0.5000 -2.5000 0.3564 0.1075 0.0384 0.0211 0.0000 1.6779 0.0035 0.0542 0.0092 0.1111 0.0151 0.0501 0.0231 0.0110 0.0558	HII
7.3000 -0.5000 -2.2500 0.2469 0.1286 0.0523 0.0209 0.0000 2.0463 0.0024 0.0537 0.0101 0.0761 0.0149 0.0362 0.0228 0.0078 0.0563	HII
7.3000 -0.5000 -2.0000 0.1761 0.1502 0.0677 0.0207 0.0000 2.3913 0.0018 0.0534 0.0103 0.0541 0.0148 0.0268 0.0212 0.0050 0.0535	HII
7.3000 -0.5000 -1.7500 0.1308 0.1720 0.0845 0.0206 0.0000 2.7170 0.0013 0.0532 0.0099 0.0402 0.0147 0.0205 0.0187 0.0028 0.0481	HII
7.3000 -0.5000 -1.5000 0.1009 0.1935 0.1022 0.0204 0.0000 3.0235 0.0010 0.0529 0.0089 0.0312 0.0146 0.0164 0.0160 0.0014 0.0415	HII
7.4000 -0.5000 -4.0000 1.0087 0.0185 0.0000 0.0234 0.0000 0.0291 0.0100 0.0599 0.0016 0.5113 0.0169 0.3031 0.0125 0.0214 0.0182	HII
7.4000 -0.5000 -3.7500 1.1556 0.0292 0.0011 0.0230 0.0000 0.0933 0.0114 0.0588 0.0027 0.5253 0.0166 0.2567 0.0143 0.0265 0.0265	HII
7.4000 -0.5000 -3.5000 1.2187 0.0439 0.0035 0.0225 0.0000 0.2632 0.0119 0.0577 0.0040 0.4967 0.0163 0.2080 0.0163 0.0301 0.0363	HII
7.4000 -0.5000 -3.2500 1.1203 0.0623 0.0092 0.0221 0.0000 0.5985 0.0108 0.0567 0.0057 0.4123 0.0159 0.1608 0.0183 0.0296 0.0467	HII
7.4000 -0.5000 -3.0000 0.8889 0.0832 0.0185 0.0218 0.0000 1.0638 0.0085 0.0558 0.0076 0.3027 0.0156 0.1196 0.0202 0.0250 0.0565	HII
7.4000 -0.5000 -2.7500 0.6388 0.1058 0.0307 0.0215 0.0000 1.5619 0.0061 0.0550 0.0095 0.2073 0.0154 0.0867 0.0218 0.0188 0.0644	HII
7.4000 -0.5000 -2.5000 0.4409 0.1297 0.0448 0.0212 0.0000 2.0356 0.0043 0.0545 0.0111 0.1393 0.0152 0.0622 0.0226 0.0135 0.0691	HII
7.4000 -0.5000 -2.2500 0.3053 0.1545 0.0607 0.0210 0.0000 2.4745 0.0030 0.0541 0.0121 0.0953 0.0151 0.0450 0.0223 0.0096 0.0696	HII
7.4000 -0.5000 -2.0000 0.2176 0.1796 0.0780 0.0209 0.0000 2.8813 0.0022 0.0538 0.0123 0.0676 0.0149 0.0333 0.0208 0.0061 0.0661	HII
7.4000 -0.5000 -1.7500 0.1611 0.2046 0.0965 0.0207 0.0000 3.2615 0.0016 0.0536 0.0118 0.0501 0.0148 0.0254 0.0184 0.0046 0.0594	HII
7.4000 -0.5000 -1.5000 0.1239 0.2293 0.1161 0.0206 0.0000 3.6189 0.0013 0.0533 0.0106 0.0387 0.0147 0.0203 0.0157 0.0017 0.0510	HII
7.5000 -0.5000 -4.0000 1.2301 0.0221 0.0000 0.0234 0.0000 0.0351 0.0122 0.0599 0.0020 0.6320 0.0169 0.3755 0.0194 0.0257 0.0225	HII
7.5000 -0.5000 -3.7500 1.4077 0.0348 0.0013 0.0230 0.0000 0.1123 0.0139 0.0589 0.0032 0.6498 0.0166 0.3182 0.0222 0.0318 0.0326	HII
7.5000 -0.5000 -3.5000 1.4859 0.0526 0.0041 0.0226 0.0000 0.3167 0.0145 0.0578 0.0049 0.6162 0.0163 0.2579 0.0252 0.0362 0.0448	HII
7.5000 -0.5000 -3.2500 1.3683 0.0747 0.0107 0.0222 0.0000 0.7203 0.0131 0.0568 0.0069 0.5133 0.0160 0.1995 0.0284 0.0357 0.0576	HII
7.5000 -0.5000 -3.0000 1.0888 0.0997 0.0215 0.0219 0.0000 1.2810 0.0104 0.0560 0.0091 0.3781 0.0157 0.1484 0.0313 0.0301 0.0696	HII
7.5000 -0.5000 -2.7500 0.7842 0.1266 0.0354 0.0216 0.0000 1.8793 0.0075 0.0553 0.0114 0.2593 0.0155 0.1075 0.0338 0.0228 0.0792	HII
7.5000 -0.5000 -2.5000 0.5417 0.1546 0.0513 0.0214 0.0000 2.4432 0.0053 0.0548 0.0132 0.1743 0.0153 0.0771 0.0350 0.0164 0.0850	HII
7.5000 -0.5000 -2.2500 0.3749 0.1832 0.0689 0.0212 0.0000 2.9588 0.0037 0.0544 0.0144 0.1189 0.0152 0.0555 0.0345 0.0117 0.0856	HII
7.5000 -0.5000 -2.0000 0.2669 0.2119 0.0878 0.0210 0.0000 3.4329 0.0027 0.0542 0.0146 0.0842 0.0151 0.0410 0.0322 0.0086 0.0811	HII
7.5000 -0.5000 -1.7500 0.1972 0.2403 0.1080 0.0209 0.0000 3.8723 0.0020 0.0540 0.0139 0.0622 0.0150 0.0314 0.0285 0.0055 0.0728	HII
7.5000 -0.5000 -1.5000 0.1515 0.2684 0.1292 0.0208 0.0000 4.2855 0.0015 0.0537 0.0125 0.0479 0.0149 0.0249 0.0243 0.0043 0.0625	HII
7.6000 -0.5000 -4.0000 1.4897 0.0261 0.0000 0.0234 0.0000 0.0422 0.0146 0.0598 0.0024 0.7779 0.0169 0.4636 0.0189 0.0304 0.0277	HII
7.6000 -0.5000 -3.7500 1.7019 0.0413 0.0015 0.0230 0.0000 0.1340 0.0166 0.0589 0.0038 0.8003 0.0166 0.3932 0.0216 0.0378 0.0401	HII
7.6000 -0.5000 -3.5000 1.7960 0.0624 0.0047 0.0226 0.0000 0.3772 0.0174 0.0580 0.0058 0.7607 0.0163 0.3189 0.0246 0.0429 0.0550	HII
7.6000 -0.5000 -3.2500 1.6569 0.0886 0.0122 0.0223 0.0000 0.8579 0.0158 0.0570 0.0082 0.6362 0.0161 0.2466 0.0276 0.0423 0.0707	HII
7.6000 -0.5000 -3.0000 1.3221 0.1182 0.0243 0.0220 0.0000 1.5251 0.0126 0.0563 0.0108 0.4702 0.0158 0.1834 0.0304 0.0358 0.0853	HII
7.6000 -0.5000 -2.7500 0.9546 0.1496 0.0398 0.0217 0.0000 2.2343 0.0091 0.0556 0.0134 0.3230 0.0156 0.1327 0.0327 0.0272 0.0969	HII
7.6000 -0.5000 -2.5000 0.6601 0.1817 0.0574 0.0215 0.0000 2.8969 0.0064 0.0551 0.0155 0.2170 0.0154 0.0951 0.0339 0.0195 0.1037	HII
7.6000 -0.5000 -2.2500 0.4568 0.2142 0.0764 0.0213 0.0000 3.4948 0.0045 0.0548 0.0168 0.1479 0.0153 0.0685 0.0334 0.0139 0.1044	HII
7.6000 -0.5000 -2.0000 0.3248 0.2466 0.0967 0.0212 0.0000 4.0397 0.0032 0.0546 0.0170 0.1043 0.0152 0.0505 0.0312 0.0101 0.0989	HII
7.6000 -0.5000 -1.7500 0.2397 0.2785 0.1182 0.0211 0.0000 4.5443 0.0024 0.0544 0.0161 0.0768 0.0151 0.0385 0.0276 0.0077 0.0886	HII
7.6000 -0.5000 -1.5000 0.1839 0.3102 0.1410 0.0210 0.0000 5.0180 0.0019 0.0542 0.0145 0.0590 0.0150 0.0305 0.0236 0.0051 0.0760	HII
7.7000 -0.5000 -4.0000 1.7733 0.0303 0.0000 0.0234 0.0000 0.0497 0.0172 0.0599 0.0028 0.9484 0.0169 0.5680 0.0289 0.0353 0.0337	HII
7.7000 -0.5000 -3.7500 2.0256 0.0480 0.0016 0.0231 0.0000 0.1573 0.0196 0.0590 0.0045 0.9772 0.0167 0.4826 0.0331 0.0436 0.0488	HII
7.7000 -0.5000 -3.5000 2.1365 0.0727 0.0052 0.0227 0.0000 0.4415 0.0206 0.0581 0.0068 0.9311 0.0164 0.3916 0.0376 0.0495 0.0668	HII
7.7000 -0.5000 -3.2500 1.9763 0.1033 0.0134 0.0224 0.0000 1.0043 0.0188 0.0573 0.0096 0.7823 0.0161 0.3030 0.0422 0.0490 0.0859	HII
7.7000 -0.5000 -3.0000 1.5830 0.1376 0.0267 0.0221 0.0000 1.7850 0.0150 0.0565 0.0126 0.5807 0.0159 0.2253 0.0465 0.0416 0.1034	HII
7.7000 -0.5000 -2.7500 1.1466 0.1734 0.0434 0.0218 0.0000 2.6098 0.0109 0.0560 0.0154 0.3998 0.0157 0.1630 0.0498 0.0317 0.1172	HII
7.7000 -0.5000 -2.5000 0.7948 0.2097 0.0622 0.0217 0.0000 3.3754 0.0077 0.0555 0.0178 0.2687 0.0155 0.1166 0.0516 0.0228 0.1252	HII
7.7000 -0.5000 -2.2500 0.5505 0.2459 0.0822 0.0215 0.0000 4.0604 0.0054 0.0552 0.0192 0.1828 0.0154 0.0839 0.0508 0.0164 0.1260	HII
7.7000 -0.5000 -2.0000 0.3912 0.2817 0.1034 0.0214 0.0000 4.6782 0.0039 0.0550 0.0194 0.1286 0.0153 0.0617 0.0474 0.0120 0.1194	HII
7.7000 -0.5000 -1.7500 0.2886 0.3173 0.1258 0.0213 0.0000 5.2506 0.0029 0.0548 0.0184 0.0944 0.0153 0.0470 0.0421 0.0090 0.1070	HII
7.7000 -0.5000 -1.5000 0.2212 0.3528 0.1499 0.0212 0.0000 5.7953 0.0022 0.0546 0.0166 0.0724 0.0152 0.0373 0.0360 0.0059 0.0917	HII
7.8000 -0.5000 -4.0000 2.0810 0.0347 0.0000 0.0234 0.0000 0.0581 0.0200 0.0599 0.0033 1.1466 0.0170 0.6905 0.0277 0.0401 0.0407	HII
7.8000 -0.5000 -3.7500 2.3723 0.0550 0.0018 0.0231 0.0000 0.1816 0.0227 0.0592 0.0052 1.1821 0.0167 0.5880 0.0317 0.0495 0.0588	HII
7.8000 -0.5000 -3.5000 2.5030 0.0832 0.0056 0.0228 0.0000 0.5080 0.0238 0.0583 0.0078 1.1297 0.0165 0.4776 0.0360 0.0560 0.0805	HII
7.8000 -0.5000 -3.2500 2.3208 0.1182 0.0143 0.0225 0.0000 1.1544 0.0219 0.0575 0.0109 0.9540 0.0162 0.3696 0.0403 0.0555 0.1033	HII
7.8000 -0.5000 -3.0000 1.8665 0.1570 0.0283 0.0222 0.0000 2.0501 0.0176 0.0568 0.0143 0.7115 0.0160 0.2747 0.0442 0.0473 0.1241	HII
7.8000 -0.5000 -2.7500 1.3585 0.1971 0.0457 0.0220 0.0000 2.9936 0.0129 0.0563 0.0174 0.4913 0.0158 0.1988 0.0473 0.0362 0.1403	HII
7.8000 -0.5000 -2.5000 0.9447 0.2371 0.0650 0.0218 0.0000 3.8609 0.0091 0.0559 0.0200 0.3304 0.0157 0.1420 0.0489 0.0263 0.1495	HII
7.8000 -0.5000 -2.2500 0.6554 0.2766 0.0855 0.0217 0.0000 4.6329 0.0064 0.0556 0.0215 0.2245 0.0156 0.1021 0.0481 0.0188 0.1502	HII
7.8000 -0.5000 -2.0000 0.4662 0.3159 0.1072 0.0216 0.0000 5.3303 0.0046 0.0554 0.0217 0.1576 0.0155 0.0750 0.0450 0.0137 0.1424	HII
7.8000 -0.5000 -1.7500 0.3438 0.3552 0.1303 0.0215 0.0000 5.9755 0.0034 0.0552 0.0206 0.1154 0.0154 0.0571 0.0400 0.0103 0.1279	HII
7.8000 -0.5000 -1.5000 0.2636 0.3950 0.1554 0.0213 0.0000 6.5972 0.0027 0.0550 0.0187 0.0882 0.0153 0.0452 0.0343 0.0081 0.1098	HII
7.9000 -0.5000 -4.0000 2.3664 0.0385 0.0000 0.0234 0.0000 0.0653 0.0223 0.0600 0.0036 1.3617 0.0170 0.8272 0.0413 0.0434 0.0483	HII
7.9000 -0.5000 -3.7500 2.7001 0.0611 0.0018 0.0232 0.0000 0.2035 0.0255 0.0593 0.0058 1.4066 0.0168 0.7064 0.0474 0.0537 0.0697	HII
7.9000 -0.5000 -3.5000 2.8523 0.0925 0.0057 0.0229 0.0000 0.5677 0.0268 0.0586 0.0087 1.3494 0.0165 0.5750 0.0538 0.0609 0.0954	HII
7.9000 -0.5000 -3.2500 2.6541 0.1313 0.0144 0.0226 0.0000 1.2884 0.0248 0.0578 0.0121 1.1465 0.0163 0.4456 0.0600 0.0605 0.1222	HII
7.9000 -0.5000 -3.0000 2.1486 0.1740 0.0284 0.0223 0.0000 2.2896 0.0201 0.0571 0.0157 0.8607 0.0161 0.3314 0.0657 0.0519 0.1465	HII
7.9000 -0.5000 -2.7500 1.5750 0.2177 0.0459 0.0221 0.0000 3.3437 0.0149 0.0566 0.0191 0.5970 0.0159 0.2398 0.0701 0.0401 0.1653	HII
7.9000 -0.5000 -2.5000 1.1018 0.2608 0.0650 0.0219 0.0000 4.3081 0.0106 0.0562 0.0218 0.4022 0.0158 0.1713 0.0723 0.0294 0.1758	HII
7.9000 -0.5000 -2.2500 0.7674 0.3033 0.0853 0.0218 0.0000 5.1650 0.0075 0.0560 0.0234 0.2732 0.0157 0.1231 0.0713 0.0213 0.1766	HII
7.9000 -0.5000 -2.0000 0.5469 0.3458 0.1069 0.0217 0.0000 5.9410 0.0054 0.0558 0.0236 0.1914 0.0156 0.0904 0.0667 0.0156 0.1675	HII
7.9000 -0.5000 -1.7500 0.4040 0.3888 0.1302 0.0216 0.0000 6.6708 0.0040 0.0556 0.0226 0.1399 0.0155 0.0686 0.0596 0.0117 0.1508	HII
7.9000 -0.5000 -1.5000 0.3101 0.4330 0.1558 0.0215 0.0000 7.3762 0.0031 0.0554 0.0206 0.1067 0.0155 0.0543 0.0513 0.0093 0.1300	HII
8.0000 -0.5000 -4.0000 2.6174 0.0415 0.0000 0.0234 0.0000 0.0715 0.0242 0.0601 0.0039 1.5911 0.0170 0.9770 0.0383 0.0453 0.0563	HII
8.0000 -0.5000 -3.7500 2.9911 0.0660 0.0017 0.0232 0.0000 0.2221 0.0276 0.0595 0.0062 1.6477 0.0168 0.8377 0.0440 0.0560 0.0813	HII
8.0000 -0.5000 -3.5000 3.1666 0.1000 0.0055 0.0229 0.0000 0.6176 0.0292 0.0588 0.0093 1.5874 0.0166 0.6840 0.0499 0.0637 0.1112	HII
8.0000 -0.5000 -3.2500 2.9600 0.1418 0.0138 0.0227 0.0000 1.3987 0.0273 0.0581 0.0130 1.3581 0.0164 0.5310 0.0555 0.0637 0.1423	HII
8.0000 -0.5000 -3.0000 2.4162 0.1875 0.0271 0.0224 0.0000 2.4863 0.0223 0.0575 0.0168 1.0276 0.0162 0.3952 0.0606 0.0552 0.1703	HII
8.0000 -0.5000 -2.7500 1.7881 0.2338 0.0438 0.0222 0.0000 3.6371 0.0167 0.0570 0.0203 0.7171 0.0160 0.2861 0.0645 0.0433 0.1918	HII
8.0000 -0.5000 -2.5000 1.2610 0.2794 0.0622 0.0221 0.0000 4.6943 0.0120 0.0566 0.0231 0.4847 0.0159 0.2046 0.0664 0.0320 0.2039	HII
8.0000 -0.5000 -2.2500 0.8834 0.3244 0.0817 0.0220 0.0000 5.6323 0.0086 0.0563 0.0248 0.3294 0.0158 0.1470 0.0656 0.0234 0.2048	HII
8.0000 -0.5000 -2.0000 0.6322 0.3699 0.1028 0.0219 0.0000 6.4896 0.0062 0.0562 0.0251 0.2307 0.0157 0.1079 0.0617 0.0173 0.1947	HII
8.0000 -0.5000 -1.7500 0.4684 0.4166 0.1258 0.0218 0.0000 7.3029 0.0047 0.0560 0.0241 0.1684 0.0157 0.0820 0.0554 0.0132 0.1757	HII
8.0000 -0.5000 -1.5000 0.3602 0.4654 0.1515 0.0217 0.0000 8.1055 0.0036 0.0558 0.0222 0.1283 0.0156 0.0648 0.0479 0.0103 0.1520	HII
8.1000 -0.5000 -4.0000 2.7298 0.0422 0.0000 0.0234 0.0000 0.0739 0.0245 0.0602 0.0040 1.7962 0.0171 1.1203 0.0546 0.0433 0.0635	HII
8.1000 -0.5000 -3.7500 3.1434 0.0675 0.0015 0.0233 0.0000 0.2303 0.0283 0.0597 0.0064 1.8716 0.0169 0.9680 0.0629 0.0541 0.0920	HII
8.1000 -0.5000 -3.5000 3.3531 0.1029 0.0048 0.0230 0.0000 0.6410 0.0302 0.0591 0.0095 1.8169 0.0167 0.7951 0.0714 0.0624 0.1262	HII
8.1000 -0.5000 -3.2500 3.1674 0.1464 0.0122 0.0228 0.0000 1.4556 0.0286 0.0584 0.0133 1.5708 0.0165 0.6200 0.0795 0.0632 0.1617	HII
8.1000 -0.5000 -3.0000 2.6201 0.1938 0.0241 0.0226 0.0000 2.5972 0.0238 0.0578 0.0171 1.2017 0.0163 0.4630 0.0865 0.0559 0.1936	HII
8.1000 -0.5000 -2.7500 1.9664 0.2417 0.0392 0.0224 0.0000 3.8170 0.0182 0.0573 0.0207 0.8462 0.0162 0.3359 0.0919 0.0446 0.2180	HII
8.1000 -0.5000 -2.5000 1.4043 0.2889 0.0560 0.0222 0.0000 4.9495 0.0133 0.0570 0.0236 0.5752 0.0160 0.2407 0.0947 0.0336 0.2320	HII
8.1000 -0.5000 -2.2500 0.9924 0.3356 0.0742 0.0221 0.0000 5.9628 0.0096 0.0567 0.0254 0.3919 0.0160 0.1731 0.0938 0.0250 0.2334	HII
8.1000 -0.5000 -2.0000 0.7149 0.3834 0.0940 0.0220 0.0000 6.8975 0.0070 0.0565 0.0258 0.2746 0.0159 0.1272 0.0887 0.0186 0.2224	HII
8.1000 -0.5000 -1.7500 0.5321 0.4336 0.1160 0.0219 0.0000 7.7986 0.0053 0.0564 0.0250 0.2003 0.0158 0.0968 0.0801 0.0144 0.2015	HII
8.1000 -0.5000 -1.5000 0.4107 0.4869 0.1411 0.0218 0.0000 8.6994 0.0041 0.0562 0.0232 0.1525 0.0158 0.0765 0.0698 0.0113 0.1751	HII
8.2000 -0.5000 -4.0000 2.6834 0.0396 0.0000 0.0234 0.0000 0.0715 0.0231 0.0601 0.0037 1.9547 0.0171 1.2436 0.0472 0.0382 0.0690	HII
8.2000 -0.5000 -3.7500 3.1401 0.0644 0.0012 0.0233 0.0000 0.2248 0.0272 0.0598 0.0061 2.0599 0.0170 1.0886 0.0549 0.0487 0.1009	HII
8.2000 -0.5000 -3.5000 3.3931 0.0994 0.0039 0.0231 0.0000 0.6304 0.0296 0.0592 0.0092 2.0224 0.0168 0.9026 0.0626 0.0572 0.1392	HII
8.2000 -0.5000 -3.2500 3.2547 0.1428 0.0099 0.0229 0.0000 1.4412 0.0286 0.0587 0.0129 1.7729 0.0166 0.7089 0.0697 0.0590 0.1791	HII
8.2000 -0.5000 -3.0000 2.7395 0.1901 0.0197 0.0226 0.0000 2.5915 0.0244 0.0581 0.0166 1.3753 0.0164 0.5316 0.0759 0.0534 0.2148	HII
8.2000 -0.5000 -2.7500 2.0939 0.2381 0.0324 0.0225 0.0000 3.8388 0.0190 0.0577 0.0201 0.9799 0.0163 0.3870 0.0806 0.0438 0.2423	HII
8.2000 -0.5000 -2.5000 1.5194 0.2855 0.0470 0.0223 0.0000 5.0157 0.0141 0.0573 0.0230 0.6717 0.0162 0.2781 0.0832 0.0338 0.2585	HII
8.2000 -0.5000 -2.2500 1.0875 0.3330 0.0630 0.0222 0.0000 6.0839 0.0103 0.0571 0.0249 0.4599 0.0161 0.2006 0.0828 0.0255 0.2613	HII
8.2000 -0.5000 -2.0000 0.7900 0.3820 0.0807 0.0222 0.0000 7.0792 0.0077 0.0569 0.0257 0.3228 0.0160 0.1477 0.0789 0.0194 0.2503	HII
8.2000 -0.5000 -1.7500 0.5919 0.4342 0.1008 0.0221 0.0000 8.0535 0.0059 0.0568 0.0251 0.2356 0.0160 0.1125 0.0720 0.0151 0.2282	HII
8.2000 -0.5000 -1.5000 0.4591 0.4910 0.1241 0.0220 0.0000 9.0476 0.0046 0.0567 0.0236 0.1793 0.0159 0.0891 0.0633 0.0121 0.1997	HII
8.3000 -0.5000 -4.0000 2.3221 0.0316 0.0000 0.0231 0.0000 0.0605 0.0188 0.0596 0.0030 1.9671 0.0169 1.2867 0.0595 0.0279 0.0694	HII
8.3000 -0.5000 -3.7500 2.8082 0.0533 0.0000 0.0231 0.0000 0.1948 0.0230 0.0596 0.0051 2.1189 0.0169 1.1541 0.0708 0.0374 0.1034	HII
8.3000 -0.5000 -3.5000 3.1297 0.0851 0.0026 0.0230 0.0000 0.5592 0.0259 0.0593 0.0079 2.1277 0.0168 0.9761 0.0820 0.0459 0.1452	HII
8.3000 -0.5000 -3.2500 3.0883 0.1253 0.0068 0.0229 0.0000 1.3047 0.0259 0.0588 0.0113 1.9079 0.0167 0.7770 0.0922 0.0492 0.1891	HII
8.3000 -0.5000 -3.0000 2.6758 0.1701 0.0140 0.0227 0.0000 2.3887 0.0229 0.0584 0.0148 1.5125 0.0165 0.5882 0.1007 0.0464 0.2285	HII
8.3000 -0.5000 -2.7500 2.1025 0.2160 0.0236 0.0226 0.0000 3.5975 0.0184 0.0580 0.0181 1.0970 0.0164 0.4310 0.1074 0.0395 0.2593	HII
8.3000 -0.5000 -2.5000 1.5624 0.2619 0.0350 0.0225 0.0000 4.7659 0.0141 0.0578 0.0209 0.7618 0.0163 0.3113 0.1114 0.0315 0.2785	HII
8.3000 -0.5000 -2.2500 1.1389 0.3081 0.0479 0.0224 0.0000 5.8461 0.0106 0.0575 0.0229 0.5259 0.0162 0.2254 0.1118 0.0245 0.2838	HII
8.3000 -0.5000 -2.0000 0.8390 0.3566 0.0625 0.0223 0.0000 6.8702 0.0080 0.0574 0.0240 0.3710 0.0162 0.1666 0.1078 0.0191 0.2746	HII
8.3000 -0.5000 -1.7500 0.6349 0.4087 0.0794 0.0222 0.0000 7.8835 0.0062 0.0573 0.0239 0.2714 0.0161 0.1272 0.0996 0.0151 0.2530	HII
8.3000 -0.5000 -1.5000 0.4964 0.4667 0.0995 0.0222 0.0000 8.9393 0.0049 0.0571 0.0229 0.2069 0.0161 0.1011 0.0887 0.0123 0.2238	HII
8.4000 -0.5000 -4.0000 1.8498 0.0231 0.0000 0.0228 0.0000 0.0480 0.0138 0.0590 0.0023 1.8817 0.0168 1.2672 0.0451 0.0181 0.0670	HII
8.4000 -0.5000 -3.7500 2.3396 0.0411 0.0000 0.0230 0.0000 0.1594 0.0179 0.0593 0.0040 2.0870 0.0169 1.1735 0.0552 0.0260 0.1023	HII
8.4000 -0.5000 -3.5000 2.7179 0.0684 0.0016 0.0230 0.0000 0.4727 0.0212 0.0593 0.0064 2.1566 0.0168 1.0192 0.0654 0.0337 0.1471	HII
8.4000 -0.5000 -3.2500 2.7769 0.1041 0.0043 0.0229 0.0000 1.1291 0.0221 0.0590 0.0094 1.9852 0.0168 0.8265 0.0746 0.0380 0.1946	HII
8.4000 -0.5000 -3.0000 2.4877 0.1446 0.0092 0.0228 0.0000 2.1089 0.0203 0.0587 0.0125 1.6129 0.0166 0.6335 0.0821 0.0374 0.2376	HII
8.4000 -0.5000 -2.7500 2.0149 0.1867 0.0159 0.0227 0.0000 3.2321 0.0169 0.0584 0.0155 1.1936 0.0166 0.4680 0.0879 0.0332 0.2714	HII
8.4000 -0.5000 -2.5000 1.5386 0.2296 0.0242 0.0226 0.0000 4.3518 0.0134 0.0582 0.0181 0.8418 0.0165 0.3403 0.0918 0.0277 0.2938	HII
8.4000 -0.5000 -2.2500 1.1470 0.2733 0.0340 0.0225 0.0000 5.4131 0.0103 0.0580 0.0202 0.5874 0.0164 0.2479 0.0929 0.0223 0.3020	HII
8.4000 -0.5000 -2.0000 0.8596 0.3195 0.0454 0.0224 0.0000 6.4360 0.0080 0.0578 0.0214 0.4172 0.0163 0.1841 0.0906 0.0178 0.2950	HII
8.4000 -0.5000 -1.7500 0.6589 0.3696 0.0588 0.0224 0.0000 7.4606 0.0063 0.0577 0.0218 0.3066 0.0163 0.1411 0.0848 0.0145 0.2746	HII
8.4000 -0.5000 -1.5000 0.5206 0.4264 0.0750 0.0223 0.0000 8.5461 0.0051 0.0576 0.0213 0.2344 0.0162 0.1127 0.0766 0.0120 0.2455	HII
8.5000 -0.5000 -4.0000 1.1993 0.0117 0.0000 0.0223 0.0000 0.0284 0.0079 0.0581 0.0014 1.5863 0.0165 1.0946 0.0479 0.0087 0.0587	HII
8.5000 -0.5000 -3.7500 1.6248 0.0228 0.0000 0.0227 0.0000 0.0996 0.0111 0.0589 0.0025 1.8363 0.0168 1.0611 0.0612 0.0138 0.0926	HII
8.5000 -0.5000 -3.5000 2.0428 0.0419 0.0000 0.0228 0.0000 0.3180 0.0143 0.0592 0.0045 1.9942 0.0168 0.9631 0.0757 0.0201 0.1387	HII
8.5000 -0.5000 -3.2500 2.2491 0.0693 0.0021 0.0229 0.0000 0.8173 0.0161 0.0591 0.0069 1.9243 0.0168 0.8074 0.0892 0.0249 0.1897	HII
8.5000 -0.5000 -3.0000 2.1431 0.1027 0.0048 0.0228 0.0000 1.6136 0.0157 0.0589 0.0095 1.6238 0.0167 0.6318 0.1001 0.0264 0.2362	HII
8.5000 -0.5000 -2.7500 1.8245 0.1388 0.0087 0.0227 0.0000 2.5760 0.0138 0.0588 0.0120 1.2365 0.0167 0.4725 0.1083 0.0250 0.2732	HII
8.5000 -0.5000 -2.5000 1.4492 0.1767 0.0139 0.0227 0.0000 3.5806 0.0114 0.0586 0.0143 0.8899 0.0166 0.3466 0.1144 0.0221 0.2994	HII
8.5000 -0.5000 -2.2500 1.1128 0.2162 0.0204 0.0226 0.0000 4.5704 0.0091 0.0585 0.0163 0.6291 0.0166 0.2543 0.1178 0.0186 0.3131	HII
8.5000 -0.5000 -2.0000 0.8520 0.2586 0.0282 0.0226 0.0000 5.5489 0.0072 0.0584 0.0179 0.4502 0.0165 0.1900 0.1177 0.0154 0.3126	HII
8.5000 -0.5000 -1.7500 0.6631 0.3046 0.0377 0.0225 0.0000 6.5371 0.0058 0.0583 0.0187 0.3322 0.0165 0.1464 0.1132 0.0129 0.2978	HII
8.5000 -0.5000 -1.5000 0.5292 0.3569 0.0493 0.0225 0.0000 7.5950 0.0048 0.0581 0.0189 0.2547 0.0164 0.1173 0.1051 0.0108 0.2724	HII
8.6000 -0.5000 -4.0000 0.6802 0.0040 0.0000 0.0218 0.0000 0.0127 0.0038 0.0569 0.0000 1.2348 0.0162 0.8633 0.0298 0.0014 0.0492	HII
8.6000 -0.5000 -3.7500 0.9898 0.0087 0.0000 0.0224 0.0000 0.0465 0.0058 0.0583 0.0014 1.4895 0.0166 0.8742 0.0397 0.0052 0.0798	HII
8.6000 -0.5000 -3.5000 1.3869 0.0184 0.0000 0.0227 0.0000 0.1657 0.0084 0.0589 0.0028 1.7241 0.0168 0.8389 0.0520 0.0101 0.1255	HII
8.6000 -0.5000 -3.2500 1.7220 0.0354 0.0000 0.0228 0.0000 0.4853 0.0105 0.0591 0.0048 1.7803 0.0168 0.7384 0.0648 0.0146 0.1807	HII
8.6000 -0.5000 -3.0000 1.7985 0.0585 0.0021 0.0228 0.0000 1.0615 0.0111 0.0591 0.0069 1.5716 0.0168 0.5920 0.0748 0.0173 0.2315	HII
8.6000 -0.5000 -2.7500 1.6461 0.0860 0.0040 0.0228 0.0000 1.8167 0.0103 0.0591 0.0090 1.2359 0.0168 0.4484 0.0821 0.0180 0.2714	HII
8.6000 -0.5000 -2.5000 1.3776 0.1166 0.0068 0.0228 0.0000 2.6534 0.0088 0.0590 0.0108 0.9068 0.0168 0.3305 0.0875 0.0169 0.3006	HII
8.6000 -0.5000 -2.2500 1.0968 0.1502 0.0105 0.0228 0.0000 3.5242 0.0072 0.0590 0.0125 0.6477 0.0167 0.2432 0.0918 0.0150 0.3204	HII
8.6000 -0.5000 -2.0000 0.8587 0.1869 0.0152 0.0227 0.0000 4.4120 0.0058 0.0589 0.0142 0.4651 0.0167 0.1822 0.0946 0.0128 0.3295	HII
8.6000 -0.5000 -1.7500 0.6768 0.2272 0.0211 0.0227 0.0000 5.3236 0.0048 0.0588 0.0155 0.3431 0.0167 0.1408 0.0949 0.0110 0.3257	HII
8.6000 -0.5000 -1.5000 0.5435 0.2726 0.0284 0.0226 0.0000 6.2948 0.0040 0.0588 0.0163 0.2626 0.0166 0.1131 0.0923 0.0095 0.3096	HII
8.7000 -0.5000 -4.0000 0.3077 0.0011 0.0000 0.0213 0.0000 0.0048 0.0014 0.0561 0.0000 0.8459 0.0160 0.6067 0.0263 0.0000 0.0374	HII
8.7000 -0.5000 -3.7500 0.4794 0.0027 0.0000 0.0221 0.0000 0.0181 0.0023 0.0580 0.0000 1.0589 0.0165 0.6421 0.0363 0.0000 0.0619	HII
8.7000 -0.5000 -3.5000 0.7449 0.0064 0.0000 0.0226 0.0000 0.0718 0.0038 0.0590 0.0014 1.3020 0.0168 0.6526 0.0503 0.0015 0.1021	HII
8.7000 -0.5000 -3.2500 1.0806 0.0146 0.0000 0.0228 0.0000 0.2490 0.0055 0.0594 0.0027 1.4678 0.0169 0.6169 0.0678 0.0056 0.1582	HII
8.7000 -0.5000 -3.0000 1.3104 0.0284 0.0000 0.0228 0.0000 0.6296 0.0067 0.0594 0.0045 1.4022 0.0169 0.5246 0.0837 0.0094 0.2154	HII
8.7000 -0.5000 -2.7500 1.3208 0.0458 0.0016 0.0229 0.0000 1.1672 0.0067 0.0595 0.0061 1.1482 0.0169 0.4065 0.0941 0.0109 0.2587	HII
8.7000 -0.5000 -2.5000 1.1937 0.0669 0.0029 0.0229 0.0000 1.8018 0.0061 0.0595 0.0075 0.8656 0.0169 0.3030 0.1014 0.0113 0.2898	HII
8.7000 -0.5000 -2.2500 1.0072 0.0920 0.0048 0.0229 0.0000 2.5038 0.0052 0.0595 0.0089 0.6279 0.0169 0.2243 0.1077 0.0108 0.3130	HII
8.7000 -0.5000 -2.0000 0.8190 0.1213 0.0073 0.0229 0.0000 3.2612 0.0043 0.0595 0.0103 0.4536 0.0169 0.1686 0.1135 0.0099 0.3290	HII
8.7000 -0.5000 -1.7500 0.6612 0.1550 0.0107 0.0228 0.0000 4.0724 0.0036 0.0594 0.0117 0.3350 0.0168 0.1308 0.1179 0.0087 0.3359	HII
8.7000 -0.5000 -1.5000 0.5386 0.1935 0.0150 0.0228 0.0000 4.9509 0.0030 0.0594 0.0129 0.2562 0.0168 0.1053 0.1197 0.0078 0.3314	HII
8.8000 -0.5000 -4.0000 0.1271 0.0000 0.0000 0.0210 0.0000 0.0018 0.0000 0.0555 0.0000 0.5515 0.0159 0.4052 0.0141 0.0000 0.0275	HII
8.8000 -0.5000 -3.7500 0.2132 0.0000 0.0000 0.0219 0.0000 0.0067 0.0000 0.0579 0.0000 0.7169 0.0165 0.4502 0.0202 0.0000 0.0465	HII
8.8000 -0.5000 -3.5000 0.3573 0.0020 0.0000 0.0225 0.0000 0.0282 0.0015 0.0592 0.0000 0.9208 0.0169 0.4807 0.0291 0.0000 0.0792	HII
8.8000 -0.5000 -3.2500 0.5926 0.0053 0.0000 0.0228 0.0000 0.1147 0.0025 0.0597 0.0014 1.1213 0.0170 0.4868 0.0420 0.0000 0.1314	HII
8.8000 -0.5000 -3.0000 0.8426 0.0120 0.0000 0.0229 0.0000 0.3379 0.0035 0.0598 0.0026 1.1662 0.0170 0.4434 0.0559 0.0017 0.1918	HII
8.8000 -0.5000 -2.7500 0.9726 0.0217 0.0000 0.0229 0.0000 0.6930 0.0040 0.0599 0.0039 1.0173 0.0171 0.3598 0.0658 0.0051 0.2401	HII
8.8000 -0.5000 -2.5000 0.9709 0.0338 0.0011 0.0230 0.0000 1.1274 0.0040 0.0600 0.0050 0.7945 0.0171 0.2732 0.0719 0.0062 0.2723	HII
8.8000 -0.5000 -2.2500 0.8871 0.0495 0.0020 0.0230 0.0000 1.6397 0.0036 0.0600 0.0061 0.5883 0.0171 0.2039 0.0768 0.0077 0.2962	HII
8.8000 -0.5000 -2.0000 0.7656 0.0699 0.0033 0.0230 0.0000 2.2349 0.0030 0.0601 0.0072 0.4291 0.0170 0.1539 0.0819 0.0073 0.3158	HII
8.8000 -0.5000 -1.7500 0.6428 0.0955 0.0050 0.0230 0.0000 2.9144 0.0026 0.0600 0.0084 0.3176 0.0170 0.1198 0.0873 0.0059 0.3307	HII
8.8000 -0.5000 -1.5000 0.5362 0.1265 0.0075 0.0229 0.0000 3.6822 0.0022 0.0600 0.0096 0.2425 0.0170 0.0967 0.0921 0.0055 0.3376	HII
8.9000 -0.5000 -4.0000 0.0325 0.0000 0.0000 0.0138 0.0000 0.0000 0.0000 0.0367 0.0000 0.2292 0.0105 0.1399 0.0077 0.0000 0.0161	HII
8.9000 -0.5000 -3.7500 0.0481 0.0000 0.0000 0.0196 0.0000 0.0034 0.0000 0.0521 0.0000 0.3058 0.0150 0.1599 0.0121 0.0000 0.0310	HII
8.9000 -0.5000 -3.5000 0.0756 0.0000 0.0000 0.0213 0.0000 0.0127 0.0000 0.0566 0.0000 0.3672 0.0162 0.1608 0.0173 0.0000 0.0519	HII
8.9000 -0.5000 -3.2500 0.1828 0.0000 0.0000 0.0225 0.0000 0.0293 0.0000 0.0594 0.0000 0.6209 0.0169 0.2888 0.0291 0.0000 0.0803	HII
8.9000 -0.5000 -3.0000 0.3211 0.0025 0.0000 0.0227 0.0000 0.1075 0.0010 0.0598 0.0000 0.7398 0.0171 0.2943 0.0438 0.0000 0.1321	HII
8.9000 -0.5000 -2.7500 0.4645 0.0053 0.0000 0.0229 0.0000 0.2610 0.0015 0.0601 0.0016 0.7361 0.0171 0.2636 0.0573 0.0000 0.1822	HII
8.9000 -0.5000 -2.5000 0.5804 0.0094 0.0000 0.0230 0.0000 0.4647 0.0018 0.0603 0.0024 0.6390 0.0172 0.2138 0.0670 0.0011 0.2192	HII
8.9000 -0.5000 -2.2500 0.6498 0.0149 0.0000 0.0230 0.0000 0.7243 0.0019 0.0604 0.0032 0.5091 0.0172 0.1656 0.0741 0.0016 0.2461	HII
8.9000 -0.5000 -2.0000 0.6498 0.0226 0.0000 0.0230 0.0000 1.0569 0.0018 0.0605 0.0040 0.3846 0.0172 0.1268 0.0800 0.0040 0.2662	HII
8.9000 -0.5000 -1.7500 0.5718 0.0343 0.0015 0.0231 0.0000 1.4978 0.0016 0.0606 0.0046 0.2848 0.0172 0.0987 0.0859 0.0040 0.2823	HII
8.9000 -0.5000 -1.5000 0.5083 0.0518 0.0025 0.0230 0.0000 2.0323 0.0014 0.0605 0.0056 0.2177 0.0171 0.0800 0.0941 0.0040 0.3003	HII
9.0000 -0.5000 -4.0000 0.0032 0.0000 0.0000 0.0097 0.0000 0.0000 0.0000 0.0259 0.0000 0.0602 0.0074 0.0405 0.0015 0.0000 0.0047	HII
9.0000 -0.5000 -3.7500 0.0057 0.0000 0.0000 0.0107 0.0000 0.0000 0.0000 0.0286 0.0000 0.0813 0.0082 0.0470 0.0024 0.0000 0.0090	HII
9.0000 -0.5000 -3.5000 0.0131 0.0000 0.0000 0.0115 0.0000 0.0018 0.0000 0.0306 0.0000 0.1225 0.0087 0.0587 0.0044 0.0000 0.0181	HII
9.0000 -0.5000 -3.2500 0.0436 0.0000 0.0000 0.0193 0.0000 0.0123 0.0000 0.0515 0.0000 0.2547 0.0149 0.1023 0.0113 0.0000 0.0515	HII
9.0000 -0.5000 -3.0000 0.0730 0.0000 0.0000 0.0214 0.0000 0.0419 0.0000 0.0566 0.0000 0.2702 0.0162 0.0989 0.0171 0.0000 0.0838	HII
9.0000 -0.5000 -2.7500 0.0809 0.0000 0.0000 0.0222 0.0000 0.0913 0.0000 0.0592 0.0000 0.1983 0.0170 0.0726 0.0202 0.0000 0.1045	HII
9.0000 -0.5000 -2.5000 0.1918 0.0000 0.0000 0.0227 0.0000 0.0972 0.0000 0.0601 0.0000 0.4137 0.0171 0.1354 0.0288 0.0000 0.1375	HII
9.0000 -0.5000 -2.2500 0.0367 0.0014 0.0000 0.0223 0.0000 0.1726 0.0000 0.0595 0.0000 0.0538 0.0171 0.0228 0.0184 0.0000 0.1044	HII
9.0000 -0.5000 -2.0000 0.0222 0.0020 0.0000 0.0208 0.0000 0.2089 0.0000 0.0552 0.0000 0.0268 0.0159 0.0118 0.0176 0.0000 0.1006	HII
9.0000 -0.5000 -1.7500 0.0127 0.0025 0.0000 0.0196 0.0000 0.2236 0.0000 0.0523 0.0000 0.0140 0.0151 0.0061 0.0163 0.0000 0.0926	HII
9.0000 -0.5000 -1.5000 0.0078 0.0032 0.0000 0.0195 0.0000 0.2478 0.0000 0.0520 0.0000 0.0082 0.0150 0.0034 0.0160 0.0000 0.0886	HII
9.1000 -0.5000 -4.0000 0.0000 0.0000 0.0000 0.0078 0.0000 0.0000 0.0000 0.0209 0.0000 0.0093 0.0060 0.0069 0.0000 0.0000 0.0000	HII
9.1000 -0.5000 -3.7500 0.0000 0.0000 0.0000 0.0090 0.0000 0.0000 0.0000 0.0242 0.0000 0.0142 0.0069 0.0092 0.0000 0.0000 0.0020	HII
9.1000 -0.5000 -3.5000 0.0000 0.0000 0.0000 0.0100 0.0000 0.0000 0.0000 0.0267 0.0000 0.0234 0.0076 0.0128 0.0010 0.0000 0.0044	HII
9.1000 -0.5000 -3.2500 0.0025 0.0000 0.0000 0.0107 0.0000 0.0000 0.0000 0.0285 0.0000 0.0463 0.0081 0.0209 0.0025 0.0000 0.0110	HII
9.1000 -0.5000 -3.0000 0.0096 0.0000 0.0000 0.0116 0.0000 0.0047 0.0000 0.0306 0.0000 0.0840 0.0087 0.0323 0.0059 0.0000 0.0265	HII
9.1000 -0.5000 -2.7500 0.0191 0.0000 0.0000 0.0123 0.0000 0.0178 0.0000 0.0325 0.0000 0.0904 0.0093 0.0328 0.0098 0.0000 0.0447	HII
9.1000 -0.5000 -2.5000 0.0177 0.0000 0.0000 0.0128 0.0000 0.0329 0.0000 0.0337 0.0000 0.0577 0.0096 0.0213 0.0107 0.0000 0.0514	HII
9.1000 -0.5000 -2.2500 0.0089 0.0000 0.0000 0.0131 0.0000 0.0350 0.0000 0.0348 0.0000 0.0263 0.0099 0.0101 0.0086 0.0000 0.0450	HII
9.1000 -0.5000 -2.0000 0.0032 0.0000 0.0000 0.0134 0.0000 0.0264 0.0000 0.0356 0.0000 0.0104 0.0101 0.0040 0.0059 0.0000 0.0336	HII
9.1000 -0.5000 -1.7500 0.0000 0.0000 0.0000 0.0137 0.0000 0.0179 0.0000 0.0363 0.0000 0.0044 0.0103 0.0000 0.0039 0.0000 0.0243	HII
9.1000 -0.5000 -1.5000 0.0000 0.0000 0.0000 0.0138 0.0000 0.0137 0.0000 0.0368 0.0000 0.0023 0.0105 0.0000 0.0029 0.0000 0.0189	HII
6.9000 -0.3750 -4.0000 0.3426 0.0106 0.0000 0.0234 0.0000 0.0102 0.0046 0.0600 0.0000 0.2248 0.0169 0.0994 0.0052 0.0075 0.0060	HII
6.9000 -0.3750 -3.7500 0.3927 0.0166 0.0000 0.0229 0.0000 0.0329 0.0053 0.0587 0.0000 0.2301 0.0165 0.0840 0.0060 0.0094 0.0087	HII
6.9000 -0.3750 -3.5000 0.4135 0.0248 0.0014 0.0224 0.0000 0.0928 0.0054 0.0573 0.0014 0.2161 0.0161 0.0680 0.0068 0.0107 0.0120	HII
6.9000 -0.3750 -3.2500 0.3779 0.0350 0.0035 0.0219 0.0000 0.2105 0.0049 0.0561 0.0020 0.1775 0.0158 0.0525 0.0076 0.0105 0.0155	HII
6.9000 -0.3750 -3.0000 0.2978 0.0467 0.0071 0.0215 0.0000 0.3733 0.0038 0.0551 0.0027 0.1293 0.0154 0.0391 0.0085 0.0087 0.0187	HII
6.9000 -0.3750 -2.7500 0.2129 0.0597 0.0120 0.0211 0.0000 0.5488 0.0027 0.0542 0.0034 0.0882 0.0151 0.0284 0.0091 0.0056 0.0214	HII
6.9000 -0.3750 -2.5000 0.1466 0.0739 0.0178 0.0208 0.0000 0.7201 0.0019 0.0535 0.0040 0.0593 0.0149 0.0203 0.0095 0.0040 0.0230	HII
6.9000 -0.3750 -2.2500 0.1016 0.0893 0.0247 0.0206 0.0000 0.8839 0.0013 0.0529 0.0044 0.0408 0.0147 0.0147 0.0094 0.0014 0.0232	HII
6.9000 -0.3750 -2.0000 0.0728 0.1055 0.0325 0.0203 0.0000 1.0416 0.0000 0.0525 0.0046 0.0292 0.0145 0.0110 0.0087 0.0010 0.0221	HII
6.9000 -0.3750 -1.7500 0.0543 0.1221 0.0413 0.0201 0.0000 1.1927 0.0000 0.0521 0.0044 0.0218 0.0144 0.0084 0.0077 0.0000 0.0200	HII
6.9000 -0.3750 -1.5000 0.0421 0.1386 0.0507 0.0199 0.0000 1.3366 0.0000 0.0518 0.0040 0.0170 0.0143 0.0068 0.0066 0.0000 0.0174	HII
7.0000 -0.3750 -4.0000 0.4278 0.0083 0.0000 0.0234 0.0000 0.0127 0.0058 0.0600 0.0000 0.2816 0.0170 0.1248 0.0066 0.0094 0.0076	HII
7.0000 -0.3750 -3.7500 0.4902 0.0130 0.0000 0.0229 0.0000 0.0409 0.0065 0.0587 0.0011 0.2884 0.0166 0.1055 0.0075 0.0117 0.0109	HII
7.0000 -0.3750 -3.5000 0.5162 0.0195 0.0017 0.0224 0.0000 0.1153 0.0068 0.0574 0.0017 0.2709 0.0162 0.0853 0.0085 0.0132 0.0150	HII
7.0000 -0.3750 -3.2500 0.4722 0.0274 0.0043 0.0220 0.0000 0.2618 0.0061 0.0562 0.0025 0.2228 0.0158 0.0660 0.0096 0.0130 0.0194	HII
7.0000 -0.3750 -3.0000 0.3724 0.0366 0.0088 0.0215 0.0000 0.4644 0.0047 0.0552 0.0033 0.1624 0.0155 0.0490 0.0106 0.0108 0.0235	HII
7.0000 -0.3750 -2.7500 0.2664 0.0468 0.0147 0.0212 0.0000 0.6824 0.0034 0.0543 0.0042 0.1108 0.0152 0.0356 0.0114 0.0081 0.0268	HII
7.0000 -0.3750 -2.5000 0.1834 0.0578 0.0218 0.0209 0.0000 0.8943 0.0024 0.0536 0.0050 0.0746 0.0149 0.0256 0.0119 0.0051 0.0287	HII
7.0000 -0.3750 -2.2500 0.1272 0.0697 0.0301 0.0206 0.0000 1.0959 0.0017 0.0531 0.0055 0.0512 0.0147 0.0185 0.0117 0.0017 0.0290	HII
7.0000 -0.3750 -2.0000 0.0909 0.0820 0.0394 0.0204 0.0000 1.2882 0.0012 0.0527 0.0056 0.0366 0.0146 0.0138 0.0109 0.0013 0.0276	HII
7.0000 -0.3750 -1.7500 0.0677 0.0946 0.0497 0.0202 0.0000 1.4709 0.0000 0.0524 0.0054 0.0273 0.0145 0.0105 0.0096 0.0000 0.0249	HII
7.0000 -0.3750 -1.5000 0.0525 0.1070 0.0607 0.0200 0.0000 1.6437 0.0000 0.0520 0.0049 0.0213 0.0143 0.0084 0.0082 0.0000 0.0216	HII
7.1000 -0.3750 -4.0000 0.5332 0.0104 0.0000 0.0235 0.0000 0.0158 0.0072 0.0600 0.0000 0.3526 0.0170 0.1563 0.0082 0.0115 0.0094	HII
7.1000 -0.3750 -3.7500 0.6110 0.0162 0.0000 0.0230 0.0000 0.0508 0.0081 0.0587 0.0014 0.3611 0.0166 0.1322 0.0094 0.0145 0.0137	HII
7.1000 -0.3750 -3.5000 0.6438 0.0242 0.0020 0.0225 0.0000 0.1432 0.0084 0.0575 0.0022 0.3396 0.0162 0.1070 0.0107 0.0164 0.0188	HII
7.1000 -0.3750 -3.2500 0.5896 0.0341 0.0053 0.0220 0.0000 0.3253 0.0076 0.0563 0.0031 0.2795 0.0158 0.0828 0.0120 0.0160 0.0242	HII
7.1000 -0.3750 -3.0000 0.4655 0.0455 0.0108 0.0216 0.0000 0.5774 0.0059 0.0553 0.0042 0.2039 0.0155 0.0616 0.0133 0.0135 0.0294	HII
7.1000 -0.3750 -2.7500 0.3334 0.0581 0.0181 0.0212 0.0000 0.8491 0.0043 0.0544 0.0052 0.1392 0.0152 0.0447 0.0143 0.0101 0.0335	HII
7.1000 -0.3750 -2.5000 0.2298 0.0719 0.0268 0.0209 0.0000 1.1128 0.0030 0.0537 0.0062 0.0937 0.0150 0.0321 0.0149 0.0073 0.0360	HII
7.1000 -0.3750 -2.2500 0.1594 0.0865 0.0370 0.0207 0.0000 1.3637 0.0021 0.0532 0.0068 0.0643 0.0148 0.0233 0.0147 0.0044 0.0363	HII
7.1000 -0.3750 -2.0000 0.1139 0.1019 0.0485 0.0205 0.0000 1.6037 0.0015 0.0528 0.0070 0.0459 0.0146 0.0173 0.0137 0.0016 0.0346	HII
7.1000 -0.3750 -1.7500 0.0849 0.1176 0.0613 0.0203 0.0000 1.8330 0.0011 0.0525 0.0067 0.0343 0.0145 0.0133 0.0121 0.0012 0.0312	HII
7.1000 -0.3750 -1.5000 0.0658 0.1333 0.0751 0.0201 0.0000 2.0518 0.0000 0.0522 0.0061 0.0267 0.0144 0.0107 0.0103 0.0000 0.0271	HII
7.2000 -0.3750 -4.0000 0.6619 0.0127 0.0000 0.0235 0.0000 0.0195 0.0089 0.0600 0.0011 0.4403 0.0170 0.1954 0.0081 0.0142 0.0118	HII
7.2000 -0.3750 -3.7500 0.7582 0.0199 0.0000 0.0230 0.0000 0.0626 0.0101 0.0588 0.0018 0.4512 0.0166 0.1654 0.0093 0.0178 0.0171	HII
7.2000 -0.3750 -3.5000 0.7989 0.0297 0.0025 0.0225 0.0000 0.1765 0.0105 0.0575 0.0027 0.4247 0.0162 0.1339 0.0106 0.0202 0.0235	HII
7.2000 -0.3750 -3.2500 0.7325 0.0420 0.0065 0.0220 0.0000 0.4011 0.0094 0.0564 0.0038 0.3504 0.0159 0.1036 0.0119 0.0199 0.0302	HII
7.2000 -0.3750 -3.0000 0.5792 0.0561 0.0131 0.0216 0.0000 0.7125 0.0073 0.0554 0.0051 0.2560 0.0155 0.0770 0.0131 0.0167 0.0366	HII
7.2000 -0.3750 -2.7500 0.4153 0.0715 0.0218 0.0213 0.0000 1.0473 0.0053 0.0546 0.0064 0.1749 0.0153 0.0559 0.0142 0.0125 0.0418	HII
7.2000 -0.3750 -2.5000 0.2863 0.0882 0.0323 0.0210 0.0000 1.3704 0.0037 0.0539 0.0076 0.1177 0.0150 0.0401 0.0147 0.0091 0.0448	HII
7.2000 -0.3750 -2.2500 0.1985 0.1059 0.0442 0.0208 0.0000 1.6757 0.0026 0.0534 0.0083 0.0807 0.0149 0.0291 0.0145 0.0055 0.0453	HII
7.2000 -0.3750 -2.0000 0.1419 0.1242 0.0577 0.0206 0.0000 1.9647 0.0019 0.0531 0.0085 0.0575 0.0147 0.0215 0.0135 0.0040 0.0430	HII
7.2000 -0.3750 -1.7500 0.1054 0.1428 0.0724 0.0204 0.0000 2.2393 0.0014 0.0528 0.0082 0.0429 0.0146 0.0166 0.0120 0.0015 0.0388	HII
7.2000 -0.3750 -1.5000 0.0815 0.1612 0.0881 0.0202 0.0000 2.4989 0.0011 0.0525 0.0074 0.0333 0.0145 0.0132 0.0102 0.0011 0.0335	HII
7.3000 -0.3750 -4.0000 0.8171 0.0154 0.0000 0.0234 0.0000 0.0239 0.0109 0.0600 0.0013 0.5479 0.0169 0.2434 0.0127 0.0174 0.0147	HII
7.3000 -0.3750 -3.7500 0.9357 0.0241 0.0000 0.0230 0.0000 0.0764 0.0124 0.0588 0.0022 0.5621 0.0166 0.2060 0.0145 0.0217 0.0213	HII
7.3000 -0.3750 -3.5000 0.9869 0.0362 0.0030 0.0225 0.0000 0.2157 0.0129 0.0576 0.0033 0.5305 0.0162 0.1668 0.0165 0.0246 0.0292	HII
7.3000 -0.3750 -3.2500 0.9061 0.0512 0.0077 0.0221 0.0000 0.4904 0.0116 0.0565 0.0047 0.4390 0.0159 0.1291 0.0185 0.0243 0.0376	HII
7.3000 -0.3750 -3.0000 0.7183 0.0684 0.0156 0.0217 0.0000 0.8722 0.0091 0.0556 0.0063 0.3216 0.0156 0.0961 0.0205 0.0204 0.0455	HII
7.3000 -0.3750 -2.7500 0.5157 0.0872 0.0260 0.0214 0.0000 1.2819 0.0066 0.0548 0.0078 0.2200 0.0153 0.0697 0.0222 0.0154 0.0519	HII
7.3000 -0.3750 -2.5000 0.3558 0.1073 0.0382 0.0211 0.0000 1.6745 0.0046 0.0542 0.0092 0.1480 0.0151 0.0500 0.0230 0.0110 0.0557	HII
7.3000 -0.3750 -2.2500 0.2465 0.1283 0.0521 0.0209 0.0000 2.0420 0.0032 0.0538 0.0101 0.1014 0.0150 0.0361 0.0227 0.0078 0.0562	HII
7.3000 -0.3750 -2.0000 0.1759 0.1498 0.0674 0.0207 0.0000 2.3857 0.0023 0.0534 0.0103 0.0721 0.0148 0.0268 0.0212 0.0050 0.0534	HII
7.3000 -0.3750 -1.7500 0.1305 0.1714 0.0840 0.0206 0.0000 2.7096 0.0018 0.0532 0.0098 0.0536 0.0147 0.0205 0.0187 0.0028 0.0480	HII
7.3000 -0.3750 -1.5000 0.1006 0.1928 0.1016 0.0204 0.0000 3.0144 0.0014 0.0529 0.0089 0.0415 0.0146 0.0163 0.0160 0.0014 0.0414	HII
7.4000 -0.3750 -4.0000 1.0027 0.0184 0.0000 0.0234 0.0000 0.0290 0.0133 0.0599 0.0016 0.6796 0.0169 0.3024 0.0125 0.0211 0.0182	HII
7.4000 -0.3750 -3.7500 1.1483 0.0290 0.0011 0.0230 0.0000 0.0927 0.0152 0.0588 0.0026 0.6982 0.0166 0.2561 0.0143 0.0263 0.0264	HII
7.4000 -0.3750 -3.5000 1.2115 0.0437 0.0035 0.0226 0.0000 0.2616 0.0158 0.0577 0.0040 0.6605 0.0163 0.2075 0.0162 0.0300 0.0362	HII
7.4000 -0.3750 -3.2500 1.1151 0.0620 0.0091 0.0221 0.0000 0.5957 0.0143 0.0567 0.0057 0.5486 0.0159 0.1605 0.0182 0.0296 0.0466	HII
7.4000 -0.3750 -3.0000 0.8858 0.0828 0.0184 0.0218 0.0000 1.0601 0.0112 0.0558 0.0076 0.4030 0.0157 0.1194 0.0202 0.0250 0.0564	HII
7.4000 -0.3750 -2.7500 0.6371 0.1054 0.0305 0.0215 0.0000 1.5575 0.0081 0.0551 0.0095 0.2761 0.0154 0.0866 0.0218 0.0188 0.0643	HII
7.4000 -0.3750 -2.5000 0.4399 0.1293 0.0446 0.0212 0.0000 2.0303 0.0057 0.0545 0.0111 0.1856 0.0152 0.0622 0.0226 0.0135 0.0690	HII
7.4000 -0.3750 -2.2500 0.3046 0.1540 0.0604 0.0210 0.0000 2.4679 0.0040 0.0541 0.0121 0.1269 0.0151 0.0449 0.0223 0.0095 0.0695	HII
7.4000 -0.3750 -2.0000 0.2171 0.1790 0.0775 0.0209 0.0000 2.8731 0.0029 0.0538 0.0123 0.0900 0.0149 0.0332 0.0208 0.0060 0.0660	HII
7.4000 -0.3750 -1.7500 0.1607 0.2038 0.0959 0.0208 0.0000 3.2511 0.0022 0.0536 0.0117 0.0667 0.0149 0.0254 0.0184 0.0046 0.0593	HII
7.4000 -0.3750 -1.5000 0.1237 0.2283 0.1152 0.0206 0.0000 3.6063 0.0017 0.0533 0.0106 0.0516 0.0148 0.0202 0.0157 0.0017 0.0509	HII
7.5000 -0.3750 -4.0000 1.2205 0.0219 0.0000 0.0234 0.0000 0.0349 0.0161 0.0599 0.0020 0.8392 0.0169 0.3745 0.0193 0.0253 0.0224	HII
7.5000 -0.3750 -3.7500 1.3963 0.0346 0.0013 0.0230 0.0000 0.1114 0.0183 0.0589 0.0032 0.8628 0.0166 0.3172 0.0221 0.0314 0.0325	HII
7.5000 -0.3750 -3.5000 1.4743 0.0522 0.0041 0.0226 0.0000 0.3142 0.0191 0.0579 0.0048 0.8185 0.0163 0.2572 0.0251 0.0358 0.0446	HII
7.5000 -0.3750 -3.2500 1.3599 0.0742 0.0105 0.0222 0.0000 0.7157 0.0174 0.0569 0.0068 0.6824 0.0160 0.1990 0.0283 0.0353 0.0574	HII
7.5000 -0.3750 -3.0000 1.0838 0.0992 0.0213 0.0219 0.0000 1.2749 0.0137 0.0560 0.0091 0.5031 0.0157 0.1481 0.0312 0.0299 0.0695	HII
7.5000 -0.3750 -2.7500 0.7814 0.1260 0.0351 0.0216 0.0000 1.8722 0.0100 0.0554 0.0113 0.3452 0.0155 0.1073 0.0337 0.0227 0.0791	HII
7.5000 -0.3750 -2.5000 0.5400 0.1540 0.0510 0.0214 0.0000 2.4350 0.0070 0.0548 0.0132 0.2320 0.0153 0.0769 0.0350 0.0163 0.0848	HII
7.5000 -0.3750 -2.2500 0.3739 0.1825 0.0684 0.0212 0.0000 2.9491 0.0049 0.0545 0.0143 0.1584 0.0152 0.0555 0.0345 0.0116 0.0854	HII
7.5000 -0.3750 -2.0000 0.2661 0.2110 0.0872 0.0211 0.0000 3.4210 0.0035 0.0542 0.0145 0.1120 0.0151 0.0410 0.0321 0.0086 0.0810	HII
7.5000 -0.3750 -1.7500 0.1967 0.2393 0.1072 0.0209 0.0000 3.8581 0.0026 0.0540 0.0138 0.0827 0.0150 0.0313 0.0285 0.0055 0.0726	HII
7.5000 -0.3750 -1.5000 0.1510 0.2671 0.1282 0.0208 0.0000 4.2681 0.0020 0.0538 0.0124 0.0638 0.0149 0.0249 0.0243 0.0043 0.0623	HII
7.6000 -0.3750 -4.0000 1.4740 0.0258 0.0000 0.0234 0.0000 0.0418 0.0193 0.0599 0.0024 1.0314 0.0169 0.4616 0.0188 0.0300 0.0275	HII
7.6000 -0.3750 -3.7500 1.6840 0.0408 0.0014 0.0230 0.0000 0.1326 0.0219 0.0590 0.0038 1.0613 0.0167 0.3916 0.0215 0.0372 0.0399	HII
7.6000 -0.3750 -3.5000 1.7779 0.0617 0.0046 0.0227 0.0000 0.3732 0.0229 0.0580 0.0057 1.0092 0.0164 0.3177 0.0245 0.0422 0.0547	HII
7.6000 -0.3750 -3.2500 1.6433 0.0878 0.0120 0.0223 0.0000 0.8505 0.0209 0.0571 0.0081 0.8450 0.0161 0.2459 0.0275 0.0418 0.0704	HII
7.6000 -0.3750 -3.0000 1.3138 0.1173 0.0240 0.0220 0.0000 1.5153 0.0166 0.0563 0.0107 0.6252 0.0158 0.1829 0.0303 0.0354 0.0850	HII
7.6000 -0.3750 -2.7500 0.9500 0.1487 0.0394 0.0217 0.0000 2.2229 0.0121 0.0557 0.0133 0.4298 0.0156 0.1325 0.0327 0.0269 0.0966	HII
7.6000 -0.3750 -2.5000 0.6575 0.1808 0.0569 0.0215 0.0000 2.8845 0.0085 0.0552 0.0154 0.2889 0.0154 0.0949 0.0338 0.0194 0.1034	HII
7.6000 -0.3750 -2.2500 0.4552 0.2132 0.0758 0.0214 0.0000 3.4806 0.0060 0.0548 0.0167 0.1968 0.0153 0.0683 0.0334 0.0138 0.1042	HII
7.6000 -0.3750 -2.0000 0.3237 0.2454 0.0959 0.0212 0.0000 4.0228 0.0043 0.0546 0.0169 0.1388 0.0152 0.0504 0.0311 0.0100 0.0987	HII
7.6000 -0.3750 -1.7500 0.2389 0.2771 0.1172 0.0211 0.0000 4.5250 0.0032 0.0544 0.0160 0.1022 0.0151 0.0384 0.0276 0.0077 0.0884	HII
7.6000 -0.3750 -1.5000 0.1832 0.3085 0.1397 0.0210 0.0000 4.9959 0.0025 0.0542 0.0144 0.0785 0.0151 0.0305 0.0236 0.0051 0.0758	HII
7.7000 -0.3750 -4.0000 1.7484 0.0299 0.0000 0.0234 0.0000 0.0490 0.0226 0.0599 0.0028 1.2550 0.0170 0.5647 0.0287 0.0345 0.0335	HII
7.7000 -0.3750 -3.7500 1.9950 0.0473 0.0016 0.0231 0.0000 0.1549 0.0257 0.0591 0.0044 1.2924 0.0167 0.4796 0.0329 0.0426 0.0484	HII
7.7000 -0.3750 -3.5000 2.1075 0.0716 0.0051 0.0227 0.0000 0.4352 0.0270 0.0582 0.0067 1.2328 0.0164 0.3894 0.0374 0.0486 0.0663	HII
7.7000 -0.3750 -3.2500 1.9539 0.1020 0.0131 0.0224 0.0000 0.9925 0.0247 0.0573 0.0094 1.0374 0.0162 0.3017 0.0419 0.0482 0.0853	HII
7.7000 -0.3750 -3.0000 1.5697 0.1362 0.0262 0.0221 0.0000 1.7694 0.0198 0.0566 0.0124 0.7712 0.0159 0.2244 0.0462 0.0410 0.1029	HII
7.7000 -0.3750 -2.7500 1.1393 0.1720 0.0429 0.0219 0.0000 2.5923 0.0145 0.0560 0.0153 0.5315 0.0157 0.1625 0.0496 0.0314 0.1167	HII
7.7000 -0.3750 -2.5000 0.7907 0.2083 0.0615 0.0217 0.0000 3.3564 0.0102 0.0555 0.0177 0.3574 0.0156 0.1163 0.0514 0.0228 0.1247	HII
7.7000 -0.3750 -2.2500 0.5480 0.2444 0.0814 0.0215 0.0000 4.0399 0.0072 0.0552 0.0191 0.2431 0.0154 0.0837 0.0506 0.0163 0.1256	HII
7.7000 -0.3750 -2.0000 0.3895 0.2801 0.1023 0.0214 0.0000 4.6549 0.0052 0.0550 0.0193 0.1710 0.0153 0.0616 0.0472 0.0119 0.1190	HII
7.7000 -0.3750 -1.7500 0.2874 0.3155 0.1246 0.0213 0.0000 5.2256 0.0038 0.0548 0.0183 0.1255 0.0153 0.0469 0.0420 0.0089 0.1067	HII
7.7000 -0.3750 -1.5000 0.2202 0.3508 0.1485 0.0212 0.0000 5.7672 0.0030 0.0546 0.0165 0.0962 0.0152 0.0371 0.0359 0.0059 0.0915	HII
7.8000 -0.3750 -4.0000 2.0417 0.0341 0.0000 0.0234 0.0000 0.0570 0.0261 0.0599 0.0032 1.5129 0.0170 0.6849 0.0274 0.0390 0.0403	HII
7.8000 -0.3750 -3.7500 2.3252 0.0539 0.0017 0.0231 0.0000 0.1779 0.0296 0.0592 0.0051 1.5592 0.0168 0.5832 0.0314 0.0479 0.0581	HII
7.8000 -0.3750 -3.5000 2.4566 0.0816 0.0054 0.0228 0.0000 0.4981 0.0311 0.0584 0.0076 1.4916 0.0165 0.4739 0.0357 0.0546 0.0796	HII
7.8000 -0.3750 -3.2500 2.2852 0.1162 0.0138 0.0225 0.0000 1.1358 0.0287 0.0576 0.0107 1.2622 0.0162 0.3673 0.0399 0.0543 0.1023	HII
7.8000 -0.3750 -3.0000 1.8451 0.1550 0.0276 0.0222 0.0000 2.0259 0.0231 0.0569 0.0141 0.9434 0.0160 0.2734 0.0439 0.0465 0.1232	HII
7.8000 -0.3750 -2.7500 1.3466 0.1950 0.0449 0.0220 0.0000 2.9661 0.0170 0.0563 0.0172 0.6524 0.0158 0.1979 0.0471 0.0358 0.1395	HII
7.8000 -0.3750 -2.5000 0.9383 0.2351 0.0641 0.0218 0.0000 3.8329 0.0120 0.0559 0.0198 0.4391 0.0157 0.1415 0.0487 0.0259 0.1488	HII
7.8000 -0.3750 -2.2500 0.6516 0.2745 0.0844 0.0217 0.0000 4.6030 0.0085 0.0556 0.0213 0.2983 0.0156 0.1018 0.0480 0.0186 0.1496	HII
7.8000 -0.3750 -2.0000 0.4637 0.3137 0.1060 0.0216 0.0000 5.2988 0.0061 0.0554 0.0215 0.2094 0.0155 0.0748 0.0448 0.0137 0.1419	HII
7.8000 -0.3750 -1.7500 0.3421 0.3528 0.1289 0.0215 0.0000 5.9422 0.0046 0.0552 0.0205 0.1533 0.0154 0.0569 0.0399 0.0103 0.1275	HII
7.8000 -0.3750 -1.5000 0.2622 0.3925 0.1538 0.0213 0.0000 6.5621 0.0035 0.0551 0.0186 0.1172 0.0153 0.0450 0.0343 0.0081 0.1095	HII
7.9000 -0.3750 -4.0000 2.3031 0.0375 0.0000 0.0234 0.0000 0.0636 0.0289 0.0600 0.0035 1.7887 0.0170 0.8176 0.0407 0.0417 0.0475	HII
7.9000 -0.3750 -3.7500 2.6266 0.0594 0.0017 0.0232 0.0000 0.1979 0.0329 0.0594 0.0056 1.8475 0.0168 0.6984 0.0467 0.0515 0.0686	HII
7.9000 -0.3750 -3.5000 2.7792 0.0900 0.0054 0.0229 0.0000 0.5526 0.0347 0.0586 0.0084 1.7745 0.0166 0.5691 0.0530 0.0586 0.0939	HII
7.9000 -0.3750 -3.2500 2.5984 0.1283 0.0138 0.0226 0.0000 1.2600 0.0323 0.0579 0.0118 1.5122 0.0163 0.4417 0.0593 0.0587 0.1206	HII
7.9000 -0.3750 -3.0000 2.1148 0.1709 0.0275 0.0223 0.0000 2.2523 0.0263 0.0572 0.0154 1.1386 0.0161 0.3291 0.0651 0.0508 0.1451	HII
7.9000 -0.3750 -2.7500 1.5567 0.2147 0.0448 0.0221 0.0000 3.3034 0.0196 0.0567 0.0188 0.7915 0.0159 0.2384 0.0696 0.0395 0.1641	HII
7.9000 -0.3750 -2.5000 1.0918 0.2579 0.0638 0.0220 0.0000 4.2678 0.0139 0.0563 0.0215 0.5338 0.0158 0.1706 0.0719 0.0289 0.1748	HII
7.9000 -0.3750 -2.2500 0.7614 0.3005 0.0840 0.0218 0.0000 5.1235 0.0099 0.0560 0.0231 0.3627 0.0157 0.1226 0.0709 0.0210 0.1757	HII
7.9000 -0.3750 -2.0000 0.5431 0.3429 0.1054 0.0217 0.0000 5.8993 0.0072 0.0558 0.0234 0.2542 0.0156 0.0900 0.0665 0.0155 0.1668	HII
7.9000 -0.3750 -1.7500 0.4014 0.3858 0.1286 0.0216 0.0000 6.6275 0.0053 0.0557 0.0224 0.1858 0.0156 0.0683 0.0594 0.0117 0.1502	HII
7.9000 -0.3750 -1.5000 0.3082 0.4299 0.1540 0.0215 0.0000 7.3318 0.0041 0.0555 0.0204 0.1417 0.0155 0.0541 0.0512 0.0091 0.1296	HII
8.0000 -0.3750 -4.0000 2.5217 0.0400 0.0000 0.0234 0.0000 0.0689 0.0309 0.0602 0.0038 2.0777 0.0170 0.9613 0.0376 0.0429 0.0551	HII
8.0000 -0.3750 -3.7500 2.8817 0.0635 0.0016 0.0232 0.0000 0.2138 0.0353 0.0596 0.0060 2.1521 0.0169 0.8247 0.0432 0.0531 0.0796	HII
8.0000 -0.3750 -3.5000 3.0570 0.0964 0.0051 0.0230 0.0000 0.5954 0.0375 0.0589 0.0090 2.0765 0.0167 0.6740 0.0489 0.0605 0.1089	HII
8.0000 -0.3750 -3.2500 2.8763 0.1374 0.0130 0.0227 0.0000 1.3573 0.0352 0.0582 0.0125 1.7838 0.0164 0.5246 0.0546 0.0610 0.1399	HII
8.0000 -0.3750 -3.0000 2.3645 0.1830 0.0260 0.0225 0.0000 2.4319 0.0291 0.0575 0.0163 1.3552 0.0162 0.3915 0.0598 0.0536 0.1681	HII
8.0000 -0.3750 -2.7500 1.7599 0.2296 0.0425 0.0223 0.0000 3.5791 0.0219 0.0570 0.0199 0.9486 0.0161 0.2839 0.0638 0.0423 0.1899	HII
8.0000 -0.3750 -2.5000 1.2457 0.2754 0.0607 0.0221 0.0000 4.6372 0.0158 0.0566 0.0227 0.6422 0.0159 0.2033 0.0659 0.0315 0.2024	HII
8.0000 -0.3750 -2.2500 0.8744 0.3205 0.0801 0.0220 0.0000 5.5757 0.0113 0.0564 0.0245 0.4368 0.0158 0.1461 0.0652 0.0231 0.2036	HII
8.0000 -0.3750 -2.0000 0.6266 0.3660 0.1010 0.0219 0.0000 6.4322 0.0082 0.0562 0.0248 0.3060 0.0158 0.1074 0.0613 0.0172 0.1936	HII
8.0000 -0.3750 -1.7500 0.4645 0.4129 0.1240 0.0218 0.0000 7.2490 0.0062 0.0560 0.0239 0.2233 0.0157 0.0816 0.0551 0.0130 0.1749	HII
8.0000 -0.3750 -1.5000 0.3573 0.4616 0.1495 0.0217 0.0000 8.0501 0.0048 0.0559 0.0220 0.1701 0.0156 0.0645 0.0477 0.0103 0.1514	HII
8.1000 -0.3750 -4.0000 2.5938 0.0402 0.0000 0.0235 0.0000 0.0702 0.0308 0.0603 0.0037 2.3267 0.0171 1.0952 0.0531 0.0402 0.0617	HII
8.1000 -0.3750 -3.7500 2.9884 0.0642 0.0014 0.0233 0.0000 0.2187 0.0356 0.0598 0.0060 2.4255 0.0170 0.9470 0.0612 0.0504 0.0894	HII
8.1000 -0.3750 -3.5000 3.2004 0.0980 0.0044 0.0231 0.0000 0.6111 0.0382 0.0592 0.0090 2.3611 0.0168 0.7794 0.0696 0.0582 0.1228	HII
8.1000 -0.3750 -3.2500 3.0466 0.1404 0.0113 0.0228 0.0000 1.3990 0.0365 0.0585 0.0127 2.0514 0.0165 0.6097 0.0777 0.0597 0.1581	HII
8.1000 -0.3750 -3.0000 2.5447 0.1876 0.0228 0.0226 0.0000 2.5222 0.0308 0.0579 0.0165 1.5782 0.0163 0.4569 0.0850 0.0534 0.1903	HII
8.1000 -0.3750 -2.7500 1.9245 0.2359 0.0376 0.0224 0.0000 3.7364 0.0237 0.0574 0.0201 1.1158 0.0162 0.3325 0.0907 0.0431 0.2153	HII
8.1000 -0.3750 -2.5000 1.3813 0.2835 0.0543 0.0222 0.0000 4.8708 0.0173 0.0570 0.0231 0.7604 0.0161 0.2386 0.0938 0.0328 0.2297	HII
8.1000 -0.3750 -2.2500 0.9793 0.3305 0.0724 0.0221 0.0000 5.8866 0.0126 0.0568 0.0249 0.5188 0.0160 0.1719 0.0930 0.0245 0.2316	HII
8.1000 -0.3750 -2.0000 0.7066 0.3786 0.0921 0.0220 0.0000 6.8246 0.0092 0.0566 0.0255 0.3637 0.0159 0.1264 0.0881 0.0184 0.2210	HII
8.1000 -0.3750 -1.7500 0.5264 0.4289 0.1140 0.0219 0.0000 7.7277 0.0070 0.0564 0.0248 0.2653 0.0158 0.0962 0.0797 0.0142 0.2004	HII
8.1000 -0.3750 -1.5000 0.4065 0.4824 0.1390 0.0219 0.0000 8.6318 0.0055 0.0563 0.0230 0.2019 0.0158 0.0760 0.0696 0.0113 0.1744	HII
8.2000 -0.3750 -4.0000 2.5076 0.0371 0.0000 0.0234 0.0000 0.0668 0.0285 0.0602 0.0035 2.5071 0.0171 1.2059 0.0455 0.0345 0.0664	HII
8.2000 -0.3750 -3.7500 2.9372 0.0603 0.0011 0.0233 0.0000 0.2102 0.0336 0.0599 0.0056 2.6438 0.0170 1.0566 0.0530 0.0443 0.0971	HII
8.2000 -0.3750 -3.5000 3.1933 0.0934 0.0034 0.0231 0.0000 0.5926 0.0368 0.0593 0.0086 2.6062 0.0168 0.8788 0.0605 0.0524 0.1344	HII
8.2000 -0.3750 -3.2500 3.0928 0.1352 0.0090 0.0229 0.0000 1.3694 0.0360 0.0587 0.0121 2.2991 0.0166 0.6930 0.0677 0.0549 0.1739	HII
8.2000 -0.3750 -3.0000 2.6321 0.1820 0.0183 0.0227 0.0000 2.4927 0.0311 0.0582 0.0158 1.7954 0.0165 0.5220 0.0741 0.0504 0.2099	HII
8.2000 -0.3750 -2.7500 2.0327 0.2303 0.0307 0.0225 0.0000 3.7311 0.0245 0.0577 0.0194 1.2865 0.0163 0.3815 0.0792 0.0418 0.2382	HII
8.2000 -0.3750 -2.5000 1.4852 0.2783 0.0451 0.0224 0.0000 4.9081 0.0183 0.0574 0.0224 0.8848 0.0162 0.2749 0.0821 0.0328 0.2552	HII
8.2000 -0.3750 -2.2500 1.0678 0.3263 0.0610 0.0223 0.0000 5.9811 0.0135 0.0571 0.0244 0.6070 0.0161 0.1985 0.0819 0.0250 0.2586	HII
8.2000 -0.3750 -2.0000 0.7779 0.3757 0.0786 0.0222 0.0000 6.9822 0.0101 0.0570 0.0252 0.4266 0.0160 0.1463 0.0782 0.0190 0.2482	HII
8.2000 -0.3750 -1.7500 0.5836 0.4283 0.0986 0.0221 0.0000 7.9614 0.0077 0.0568 0.0248 0.3115 0.0160 0.1116 0.0715 0.0149 0.2267	HII
8.2000 -0.3750 -1.5000 0.4531 0.4852 0.1218 0.0220 0.0000 8.9600 0.0061 0.0567 0.0234 0.2371 0.0159 0.0884 0.0630 0.0120 0.1986	HII
8.3000 -0.3750 -4.0000 2.1264 0.0291 0.0000 0.0231 0.0000 0.0556 0.0227 0.0597 0.0027 2.4923 0.0170 1.2346 0.0568 0.0246 0.0661	HII
8.3000 -0.3750 -3.7500 2.5761 0.0490 0.0000 0.0232 0.0000 0.1789 0.0278 0.0597 0.0046 2.6878 0.0170 1.1090 0.0675 0.0331 0.0985	HII
8.3000 -0.3750 -3.5000 2.8907 0.0784 0.0022 0.0231 0.0000 0.5167 0.0316 0.0594 0.0072 2.7113 0.0169 0.9415 0.0784 0.0409 0.1388	HII
8.3000 -0.3750 -3.2500 2.8858 0.1166 0.0060 0.0229 0.0000 1.2206 0.0320 0.0589 0.0105 2.4496 0.0167 0.7534 0.0886 0.0446 0.1820	HII
8.3000 -0.3750 -3.0000 2.5362 0.1605 0.0127 0.0227 0.0000 2.2699 0.0287 0.0585 0.0139 1.9590 0.0166 0.5737 0.0976 0.0429 0.2218	HII
8.3000 -0.3750 -2.7500 2.0170 0.2065 0.0219 0.0226 0.0000 3.4615 0.0235 0.0581 0.0172 1.4308 0.0164 0.4224 0.1047 0.0372 0.2535	HII
8.3000 -0.3750 -2.5000 1.5132 0.2529 0.0331 0.0225 0.0000 4.6281 0.0181 0.0578 0.0201 0.9985 0.0163 0.3062 0.1093 0.0301 0.2737	HII
8.3000 -0.3750 -2.2500 1.1101 0.2997 0.0458 0.0224 0.0000 5.7126 0.0137 0.0576 0.0223 0.6913 0.0163 0.2223 0.1102 0.0237 0.2799	HII
8.3000 -0.3750 -2.0000 0.8211 0.3485 0.0603 0.0223 0.0000 6.7417 0.0104 0.0574 0.0234 0.4885 0.0162 0.1645 0.1065 0.0186 0.2715	HII
8.3000 -0.3750 -1.7500 0.6229 0.4012 0.0771 0.0223 0.0000 7.7637 0.0081 0.0573 0.0234 0.3578 0.0161 0.1258 0.0986 0.0147 0.2507	HII
8.3000 -0.3750 -1.5000 0.4878 0.4595 0.0971 0.0222 0.0000 8.8272 0.0065 0.0572 0.0226 0.2729 0.0161 0.1000 0.0881 0.0120 0.2222	HII
8.4000 -0.3750 -4.0000 1.6632 0.0209 0.0000 0.0228 0.0000 0.0434 0.0163 0.0591 0.0020 2.3578 0.0168 1.2031 0.0426 0.0156 0.0632	HII
8.4000 -0.3750 -3.7500 2.1009 0.0370 0.0000 0.0230 0.0000 0.1438 0.0211 0.0595 0.0035 2.6135 0.0169 1.1147 0.0520 0.0223 0.0963	HII
8.4000 -0.3750 -3.5000 2.4569 0.0617 0.0013 0.0230 0.0000 0.4288 0.0252 0.0594 0.0057 2.7128 0.0169 0.9721 0.0618 0.0292 0.1390	HII
8.4000 -0.3750 -3.2500 2.5421 0.0949 0.0037 0.0229 0.0000 1.0381 0.0266 0.0591 0.0085 2.5181 0.0168 0.7931 0.0709 0.0336 0.1853	HII
8.4000 -0.3750 -3.0000 2.3140 0.1339 0.0080 0.0228 0.0000 1.9729 0.0249 0.0588 0.0115 2.0665 0.0167 0.6121 0.0787 0.0337 0.2284	HII
8.4000 -0.3750 -2.7500 1.9038 0.1757 0.0143 0.0227 0.0000 3.0698 0.0211 0.0585 0.0145 1.5434 0.0166 0.4552 0.0850 0.0306 0.2633	HII
8.4000 -0.3750 -2.5000 1.4706 0.2188 0.0224 0.0226 0.0000 4.1798 0.0169 0.0582 0.0172 1.0953 0.0165 0.3326 0.0894 0.0259 0.2868	HII
8.4000 -0.3750 -2.2500 1.1062 0.2630 0.0320 0.0225 0.0000 5.2423 0.0132 0.0580 0.0194 0.7676 0.0164 0.2430 0.0910 0.0211 0.2963	HII
8.4000 -0.3750 -2.0000 0.8337 0.3095 0.0432 0.0225 0.0000 6.2686 0.0103 0.0579 0.0207 0.5466 0.0164 0.1809 0.0891 0.0172 0.2904	HII
8.4000 -0.3750 -1.7500 0.6416 0.3601 0.0564 0.0224 0.0000 7.3003 0.0081 0.0578 0.0212 0.4023 0.0163 0.1390 0.0837 0.0139 0.2711	HII
8.4000 -0.3750 -1.5000 0.5079 0.4173 0.0725 0.0223 0.0000 8.3956 0.0066 0.0576 0.0208 0.3079 0.0163 0.1109 0.0758 0.0115 0.2430	HII
8.5000 -0.3750 -4.0000 1.0607 0.0104 0.0000 0.0224 0.0000 0.0254 0.0091 0.0582 0.0012 1.9684 0.0166 1.0292 0.0448 0.0073 0.0550	HII
8.5000 -0.3750 -3.7500 1.4287 0.0201 0.0000 0.0227 0.0000 0.0883 0.0127 0.0590 0.0022 2.2707 0.0168 0.9959 0.0570 0.0115 0.0864	HII
8.5000 -0.3750 -3.5000 1.8002 0.0368 0.0000 0.0229 0.0000 0.2825 0.0165 0.0593 0.0039 2.4705 0.0169 0.9056 0.0705 0.0167 0.1295	HII
8.5000 -0.3750 -3.2500 2.0080 0.0616 0.0017 0.0229 0.0000 0.7360 0.0188 0.0592 0.0061 2.4049 0.0168 0.7643 0.0836 0.0210 0.1785	HII
8.5000 -0.3750 -3.0000 1.9453 0.0927 0.0040 0.0228 0.0000 1.4792 0.0187 0.0591 0.0086 2.0512 0.0168 0.6027 0.0947 0.0229 0.2245	HII
8.5000 -0.3750 -2.7500 1.6840 0.1276 0.0076 0.0228 0.0000 2.4004 0.0167 0.0589 0.0110 1.5778 0.0167 0.4541 0.1034 0.0223 0.2621	HII
8.5000 -0.3750 -2.5000 1.3583 0.1650 0.0125 0.0227 0.0000 3.3827 0.0140 0.0587 0.0133 1.1454 0.0166 0.3352 0.1101 0.0201 0.2896	HII
8.5000 -0.3750 -2.2500 1.0552 0.2044 0.0186 0.0227 0.0000 4.3641 0.0114 0.0585 0.0154 0.8146 0.0166 0.2471 0.1143 0.0172 0.3047	HII
8.5000 -0.3750 -2.0000 0.8147 0.2468 0.0262 0.0226 0.0000 5.3403 0.0091 0.0584 0.0170 0.5852 0.0165 0.1852 0.1148 0.0145 0.3056	HII
8.5000 -0.3750 -1.7500 0.6375 0.2928 0.0354 0.0226 0.0000 6.3290 0.0074 0.0583 0.0180 0.4329 0.0165 0.1431 0.1109 0.0122 0.2922	HII
8.5000 -0.3750 -1.5000 0.5109 0.3455 0.0469 0.0225 0.0000 7.3938 0.0061 0.0582 0.0183 0.3324 0.0164 0.1149 0.1034 0.0103 0.2682	HII
8.6000 -0.3750 -4.0000 0.5967 0.0035 0.0000 0.0218 0.0000 0.0113 0.0044 0.0569 0.0000 1.5254 0.0162 0.8070 0.0277 0.0012 0.0461	HII
8.6000 -0.3750 -3.7500 0.8571 0.0075 0.0000 0.0224 0.0000 0.0408 0.0066 0.0584 0.0012 1.8257 0.0166 0.8129 0.0366 0.0043 0.0740	HII
8.6000 -0.3750 -3.5000 1.1925 0.0157 0.0000 0.0227 0.0000 0.1440 0.0094 0.0591 0.0024 2.1054 0.0168 0.7782 0.0478 0.0081 0.1159	HII
8.6000 -0.3750 -3.2500 1.4907 0.0304 0.0000 0.0228 0.0000 0.4260 0.0119 0.0593 0.0041 2.1856 0.0169 0.6875 0.0597 0.0119 0.1677	HII
8.6000 -0.3750 -3.0000 1.5823 0.0511 0.0016 0.0228 0.0000 0.9477 0.0127 0.0593 0.0060 1.9507 0.0169 0.5555 0.0696 0.0144 0.2168	HII
8.6000 -0.3750 -2.7500 1.4755 0.0765 0.0034 0.0228 0.0000 1.6495 0.0120 0.0592 0.0079 1.5515 0.0168 0.4242 0.0771 0.0154 0.2567	HII
8.6000 -0.3750 -2.5000 1.2558 0.1056 0.0058 0.0228 0.0000 2.4473 0.0105 0.0591 0.0097 1.1493 0.0168 0.3149 0.0830 0.0147 0.2869	HII
8.6000 -0.3750 -2.2500 1.0154 0.1382 0.0092 0.0228 0.0000 3.2931 0.0087 0.0591 0.0115 0.8276 0.0168 0.2332 0.0878 0.0133 0.3080	HII
8.6000 -0.3750 -2.0000 0.8041 0.1743 0.0137 0.0227 0.0000 4.1671 0.0072 0.0590 0.0132 0.5976 0.0167 0.1755 0.0911 0.0117 0.3186	HII
8.6000 -0.3750 -1.7500 0.6389 0.2142 0.0192 0.0227 0.0000 5.0716 0.0060 0.0589 0.0145 0.4425 0.0167 0.1361 0.0919 0.0100 0.3165	HII
8.6000 -0.3750 -1.5000 0.5169 0.2594 0.0263 0.0227 0.0000 6.0424 0.0050 0.0588 0.0155 0.3397 0.0166 0.1096 0.0898 0.0087 0.3023	HII
8.7000 -0.3750 -4.0000 0.2706 0.0010 0.0000 0.0213 0.0000 0.0043 0.0016 0.0561 0.0000 1.0469 0.0160 0.5671 0.0245 0.0000 0.0352	HII
8.7000 -0.3750 -3.7500 0.4160 0.0023 0.0000 0.0221 0.0000 0.0160 0.0026 0.0581 0.0000 1.2999 0.0166 0.5965 0.0336 0.0000 0.0577	HII
8.7000 -0.3750 -3.5000 0.6334 0.0054 0.0000 0.0226 0.0000 0.0618 0.0042 0.0591 0.0011 1.5801 0.0169 0.6013 0.0460 0.0012 0.0940	HII
8.7000 -0.3750 -3.2500 0.9107 0.0122 0.0000 0.0228 0.0000 0.2130 0.0061 0.0595 0.0023 1.7755 0.0170 0.5668 0.0616 0.0044 0.1451	HII
8.7000 -0.3750 -3.0000 1.1142 0.0238 0.0000 0.0229 0.0000 0.5438 0.0074 0.0596 0.0038 1.7081 0.0170 0.4839 0.0763 0.0073 0.1985	HII
8.7000 -0.3750 -2.7500 1.1426 0.0391 0.0012 0.0229 0.0000 1.0236 0.0075 0.0596 0.0052 1.4141 0.0170 0.3777 0.0865 0.0088 0.2403	HII
8.7000 -0.3750 -2.5000 1.0537 0.0582 0.0023 0.0229 0.0000 1.6062 0.0070 0.0597 0.0066 1.0782 0.0170 0.2837 0.0941 0.0095 0.2716	HII
8.7000 -0.3750 -2.2500 0.9054 0.0816 0.0040 0.0229 0.0000 2.2675 0.0061 0.0596 0.0079 0.7894 0.0169 0.2115 0.1009 0.0093 0.2957	HII
8.7000 -0.3750 -2.0000 0.7480 0.1095 0.0063 0.0229 0.0000 2.9975 0.0051 0.0596 0.0093 0.5745 0.0169 0.1600 0.1072 0.0086 0.3133	HII
8.7000 -0.3750 -1.7500 0.6114 0.1420 0.0094 0.0229 0.0000 3.7898 0.0043 0.0595 0.0107 0.4266 0.0169 0.1246 0.1123 0.0078 0.3221	HII
8.7000 -0.3750 -1.5000 0.5026 0.1797 0.0135 0.0228 0.0000 4.6576 0.0037 0.0595 0.0120 0.3275 0.0168 0.1008 0.1149 0.0060 0.3198	HII
8.8000 -0.3750 -4.0000 0.1122 0.0000 0.0000 0.0210 0.0000 0.0016 0.0000 0.0556 0.0000 0.6845 0.0159 0.3792 0.0131 0.0000 0.0259	HII
8.8000 -0.3750 -3.7500 0.1858 0.0000 0.0000 0.0219 0.0000 0.0060 0.0000 0.0579 0.0000 0.8828 0.0165 0.4185 0.0187 0.0000 0.0435	HII
8.8000 -0.3750 -3.5000 0.3032 0.0017 0.0000 0.0225 0.0000 0.0242 0.0017 0.0593 0.0000 1.1161 0.0169 0.4414 0.0265 0.0000 0.0729	HII
8.8000 -0.3750 -3.2500 0.4901 0.0043 0.0000 0.0228 0.0000 0.0957 0.0027 0.0598 0.0011 1.3421 0.0171 0.4426 0.0377 0.0000 0.1194	HII
8.8000 -0.3750 -3.0000 0.6901 0.0096 0.0000 0.0229 0.0000 0.2801 0.0037 0.0600 0.0021 1.3922 0.0171 0.4017 0.0499 0.0013 0.1735	HII
8.8000 -0.3750 -2.7500 0.8089 0.0177 0.0000 0.0230 0.0000 0.5817 0.0043 0.0601 0.0032 1.2292 0.0171 0.3283 0.0591 0.0040 0.2187	HII
8.8000 -0.3750 -2.5000 0.8225 0.0279 0.0000 0.0230 0.0000 0.9558 0.0044 0.0602 0.0041 0.9686 0.0171 0.2503 0.0648 0.0048 0.2490	HII
8.8000 -0.3750 -2.2500 0.7700 0.0416 0.0015 0.0230 0.0000 1.4169 0.0040 0.0602 0.0051 0.7258 0.0171 0.1883 0.0699 0.0053 0.2733	HII
8.8000 -0.3750 -2.0000 0.6799 0.0601 0.0026 0.0230 0.0000 1.9710 0.0035 0.0602 0.0062 0.5349 0.0171 0.1434 0.0754 0.0053 0.2943	HII
8.8000 -0.3750 -1.7500 0.5794 0.0840 0.0042 0.0230 0.0000 2.6200 0.0030 0.0602 0.0074 0.3984 0.0171 0.1123 0.0813 0.0051 0.3111	HII
8.8000 -0.3750 -1.5000 0.4895 0.1135 0.0064 0.0230 0.0000 3.3648 0.0026 0.0601 0.0086 0.3058 0.0170 0.0912 0.0866 0.0048 0.3205	HII
8.9000 -0.3750 -4.0000 0.0257 0.0000 0.0000 0.0117 0.0000 0.0000 0.0000 0.0309 0.0000 0.2508 0.0088 0.1150 0.0063 0.0000 0.0133	HII
8.9000 -0.3750 -3.7500 0.0460 0.0000 0.0000 0.0192 0.0000 0.0033 0.0000 0.0513 0.0000 0.3959 0.0148 0.1551 0.0118 0.0000 0.0302	HII
8.9000 -0.3750 -3.5000 0.0647 0.0000 0.0000 0.0210 0.0000 0.0112 0.0000 0.0557 0.0000 0.4451 0.0160 0.1468 0.0158 0.0000 0.0480	HII
8.9000 -0.3750 -3.2500 0.1500 0.0000 0.0000 0.0225 0.0000 0.0240 0.0000 0.0595 0.0000 0.7397 0.0170 0.2609 0.0260 0.0000 0.0726	HII
8.9000 -0.3750 -3.0000 0.2525 0.0019 0.0000 0.0228 0.0000 0.0839 0.0011 0.0600 0.0000 0.8640 0.0171 0.2611 0.0380 0.0000 0.1168	HII
8.9000 -0.3750 -2.7500 0.3650 0.0040 0.0000 0.0229 0.0000 0.1978 0.0015 0.0603 0.0012 0.8617 0.0172 0.2328 0.0494 0.0000 0.1602	HII
8.9000 -0.3750 -2.5000 0.4642 0.0071 0.0000 0.0230 0.0000 0.3553 0.0019 0.0605 0.0018 0.7557 0.0172 0.1895 0.0577 0.0000 0.1929	HII
8.9000 -0.3750 -2.2500 0.5445 0.0115 0.0000 0.0231 0.0000 0.5658 0.0021 0.0607 0.0025 0.6140 0.0173 0.1486 0.0648 0.0012 0.2191	HII
8.9000 -0.3750 -2.0000 0.5759 0.0179 0.0000 0.0231 0.0000 0.8485 0.0020 0.0608 0.0033 0.4724 0.0173 0.1151 0.0711 0.0016 0.2408	HII
8.9000 -0.3750 -1.7500 0.5436 0.0278 0.0012 0.0231 0.0000 1.2320 0.0018 0.0608 0.0040 0.3556 0.0172 0.0905 0.0777 0.0017 0.2599	HII
8.9000 -0.3750 -1.5000 0.4506 0.0433 0.0020 0.0231 0.0000 1.7505 0.0016 0.0607 0.0047 0.2694 0.0172 0.0737 0.0850 0.0016 0.2755	HII
9.0000 -0.3750 -4.0000 0.0028 0.0000 0.0000 0.0097 0.0000 0.0000 0.0000 0.0258 0.0000 0.0741 0.0074 0.0375 0.0014 0.0000 0.0044	HII
9.0000 -0.3750 -3.7500 0.0049 0.0000 0.0000 0.0107 0.0000 0.0000 0.0000 0.0286 0.0000 0.0993 0.0082 0.0432 0.0022 0.0000 0.0083	HII
9.0000 -0.3750 -3.5000 0.0108 0.0000 0.0000 0.0115 0.0000 0.0015 0.0000 0.0306 0.0000 0.1459 0.0087 0.0527 0.0039 0.0000 0.0166	HII
9.0000 -0.3750 -3.2500 0.0300 0.0000 0.0000 0.0120 0.0000 0.0085 0.0000 0.0318 0.0000 0.2288 0.0091 0.0688 0.0077 0.0000 0.0348	HII
9.0000 -0.3750 -3.0000 0.0629 0.0000 0.0000 0.0200 0.0000 0.0380 0.0000 0.0531 0.0000 0.3223 0.0153 0.0888 0.0155 0.0000 0.0766	HII
9.0000 -0.3750 -2.7500 0.0641 0.0000 0.0000 0.0209 0.0000 0.0808 0.0000 0.0556 0.0000 0.2236 0.0160 0.0626 0.0180 0.0000 0.0944	HII
9.0000 -0.3750 -2.5000 0.0431 0.0000 0.0000 0.0210 0.0000 0.1124 0.0000 0.0558 0.0000 0.1157 0.0160 0.0349 0.0168 0.0000 0.0942	HII
9.0000 -0.3750 -2.2500 0.0262 0.0011 0.0000 0.0196 0.0000 0.1388 0.0000 0.0522 0.0000 0.0555 0.0150 0.0181 0.0153 0.0000 0.0881	HII
9.0000 -0.3750 -2.0000 0.0131 0.0012 0.0000 0.0167 0.0000 0.1361 0.0000 0.0443 0.0000 0.0244 0.0128 0.0083 0.0123 0.0000 0.0722	HII
9.0000 -0.3750 -1.7500 0.0064 0.0013 0.0000 0.0139 0.0000 0.1239 0.0000 0.0368 0.0000 0.0111 0.0106 0.0037 0.0098 0.0000 0.0577	HII
9.0000 -0.3750 -1.5000 0.0037 0.0015 0.0000 0.0128 0.0000 0.1280 0.0000 0.0340 0.0000 0.0060 0.0097 0.0010 0.0090 0.0000 0.0514	HII
9.1000 -0.3750 -4.0000 0.0000 0.0000 0.0000 0.0078 0.0000 0.0000 0.0000 0.0209 0.0000 0.0111 0.0060 0.0062 0.0000 0.0000 0.0000	HII
9.1000 -0.3750 -3.7500 0.0000 0.0000 0.0000 0.0090 0.0000 0.0000 0.0000 0.0241 0.0000 0.0169 0.0069 0.0083 0.0000 0.0000 0.0018	HII
9.1000 -0.3750 -3.5000 0.0000 0.0000 0.0000 0.0100 0.0000 0.0000 0.0000 0.0267 0.0000 0.0274 0.0076 0.0114 0.0000 0.0000 0.0040	HII
9.1000 -0.3750 -3.2500 0.0000 0.0000 0.0000 0.0107 0.0000 0.0000 0.0000 0.0285 0.0000 0.0512 0.0081 0.0175 0.0020 0.0000 0.0095	HII
9.1000 -0.3750 -3.0000 0.0057 0.0000 0.0000 0.0115 0.0000 0.0031 0.0000 0.0306 0.0000 0.0840 0.0087 0.0246 0.0045 0.0000 0.0211	HII
9.1000 -0.3750 -2.7500 0.0094 0.0000 0.0000 0.0123 0.0000 0.0099 0.0000 0.0325 0.0000 0.0815 0.0093 0.0224 0.0066 0.0000 0.0325	HII
9.1000 -0.3750 -2.5000 0.0073 0.0000 0.0000 0.0128 0.0000 0.0161 0.0000 0.0339 0.0000 0.0479 0.0097 0.0135 0.0066 0.0000 0.0348	HII
9.1000 -0.3750 -2.2500 0.0032 0.0000 0.0000 0.0132 0.0000 0.0153 0.0000 0.0349 0.0000 0.0206 0.0100 0.0059 0.0050 0.0000 0.0287	HII
9.1000 -0.3750 -2.0000 0.0000 0.0000 0.0000 0.0135 0.0000 0.0105 0.0000 0.0358 0.0000 0.0079 0.0102 0.0012 0.0031 0.0000 0.0203	HII
9.1000 -0.3750 -1.7500 0.0000 0.0000 0.0000 0.0137 0.0000 0.0066 0.0000 0.0365 0.0000 0.0035 0.0104 0.0000 0.0020 0.0000 0.0139	HII
9.1000 -0.3750 -1.5000 0.0000 0.0000 0.0000 0.0139 0.0000 0.0049 0.0000 0.0371 0.0000 0.0021 0.0106 0.0000 0.0014 0.0000 0.0105	HII
6.9000 -0.2500 -4.0000 0.3419 0.0106 0.0000 0.0235 0.0000 0.0102 0.0061 0.0600 0.0000 0.2994 0.0170 0.0994 0.0052 0.0074 0.0060	HII
6.9000 -0.2500 -3.7500 0.3919 0.0166 0.0000 0.0229 0.0000 0.0328 0.0070 0.0587 0.0000 0.3065 0.0166 0.0840 0.0060 0.0094 0.0087	HII
6.9000 -0.2500 -3.5000 0.4126 0.0247 0.0013 0.0224 0.0000 0.0926 0.0072 0.0574 0.0014 0.2878 0.0162 0.0680 0.0068 0.0106 0.0120	HII
6.9000 -0.2500 -3.2500 0.3772 0.0349 0.0035 0.0219 0.0000 0.2101 0.0065 0.0562 0.0020 0.2366 0.0158 0.0525 0.0076 0.0105 0.0155	HII
6.9000 -0.2500 -3.0000 0.2974 0.0466 0.0071 0.0215 0.0000 0.3729 0.0050 0.0551 0.0027 0.1723 0.0154 0.0391 0.0085 0.0087 0.0187	HII
6.9000 -0.2500 -2.7500 0.2127 0.0596 0.0119 0.0211 0.0000 0.5483 0.0036 0.0542 0.0034 0.1175 0.0151 0.0284 0.0091 0.0056 0.0214	HII
6.9000 -0.2500 -2.5000 0.1464 0.0739 0.0178 0.0208 0.0000 0.7193 0.0025 0.0535 0.0040 0.0791 0.0149 0.0203 0.0095 0.0040 0.0229	HII
6.9000 -0.2500 -2.2500 0.1016 0.0892 0.0246 0.0206 0.0000 0.8829 0.0018 0.0529 0.0044 0.0544 0.0147 0.0147 0.0094 0.0014 0.0232	HII
6.9000 -0.2500 -2.0000 0.0727 0.1053 0.0324 0.0203 0.0000 1.0402 0.0013 0.0525 0.0046 0.0389 0.0145 0.0110 0.0087 0.0010 0.0221	HII
6.9000 -0.2500 -1.7500 0.0543 0.1218 0.0411 0.0201 0.0000 1.1908 0.0000 0.0521 0.0044 0.0291 0.0144 0.0084 0.0077 0.0000 0.0200	HII
6.9000 -0.2500 -1.5000 0.0420 0.1383 0.0504 0.0199 0.0000 1.3340 0.0000 0.0518 0.0040 0.0227 0.0143 0.0068 0.0066 0.0000 0.0173	HII
7.0000 -0.2500 -4.0000 0.4266 0.0083 0.0000 0.0235 0.0000 0.0127 0.0077 0.0600 0.0000 0.3750 0.0170 0.1246 0.0066 0.0093 0.0075	HII
7.0000 -0.2500 -3.7500 0.4888 0.0130 0.0000 0.0230 0.0000 0.0408 0.0087 0.0587 0.0011 0.3840 0.0166 0.1053 0.0075 0.0115 0.0109	HII
7.0000 -0.2500 -3.5000 0.5149 0.0194 0.0017 0.0224 0.0000 0.1150 0.0090 0.0574 0.0017 0.3608 0.0162 0.0853 0.0085 0.0132 0.0150	HII
7.0000 -0.2500 -3.2500 0.4713 0.0274 0.0043 0.0220 0.0000 0.2612 0.0081 0.0562 0.0025 0.2969 0.0158 0.0659 0.0096 0.0129 0.0193	HII
7.0000 -0.2500 -3.0000 0.3718 0.0365 0.0088 0.0216 0.0000 0.4636 0.0063 0.0552 0.0033 0.2164 0.0155 0.0490 0.0106 0.0108 0.0234	HII
7.0000 -0.2500 -2.7500 0.2661 0.0467 0.0146 0.0212 0.0000 0.6815 0.0045 0.0543 0.0042 0.1477 0.0152 0.0356 0.0114 0.0081 0.0267	HII
7.0000 -0.2500 -2.5000 0.1833 0.0578 0.0217 0.0209 0.0000 0.8932 0.0032 0.0536 0.0050 0.0994 0.0149 0.0256 0.0119 0.0051 0.0287	HII
7.0000 -0.2500 -2.2500 0.1271 0.0696 0.0300 0.0206 0.0000 1.0944 0.0022 0.0531 0.0055 0.0683 0.0147 0.0185 0.0117 0.0017 0.0290	HII
7.0000 -0.2500 -2.0000 0.0909 0.0819 0.0393 0.0204 0.0000 1.2862 0.0016 0.0527 0.0056 0.0488 0.0146 0.0138 0.0109 0.0013 0.0276	HII
7.0000 -0.2500 -1.7500 0.0677 0.0944 0.0495 0.0202 0.0000 1.4680 0.0012 0.0524 0.0054 0.0364 0.0145 0.0105 0.0096 0.0000 0.0249	HII
7.0000 -0.2500 -1.5000 0.0524 0.1067 0.0604 0.0200 0.0000 1.6398 0.0000 0.0521 0.0049 0.0284 0.0143 0.0084 0.0082 0.0000 0.0215	HII
7.1000 -0.2500 -4.0000 0.5315 0.0103 0.0000 0.0235 0.0000 0.0158 0.0095 0.0601 0.0000 0.4693 0.0170 0.1562 0.0082 0.0115 0.0094	HII
7.1000 -0.2500 -3.7500 0.6088 0.0161 0.0000 0.0230 0.0000 0.0506 0.0108 0.0588 0.0014 0.4807 0.0166 0.1320 0.0094 0.0144 0.0137	HII
7.1000 -0.2500 -3.5000 0.6416 0.0241 0.0020 0.0225 0.0000 0.1427 0.0112 0.0575 0.0022 0.4521 0.0162 0.1070 0.0106 0.0164 0.0188	HII
7.1000 -0.2500 -3.2500 0.5880 0.0340 0.0053 0.0220 0.0000 0.3244 0.0101 0.0563 0.0031 0.3723 0.0158 0.0827 0.0120 0.0160 0.0242	HII
7.1000 -0.2500 -3.0000 0.4645 0.0454 0.0108 0.0216 0.0000 0.5762 0.0079 0.0553 0.0041 0.2717 0.0155 0.0616 0.0132 0.0135 0.0293	HII
7.1000 -0.2500 -2.7500 0.3328 0.0580 0.0180 0.0212 0.0000 0.8476 0.0057 0.0544 0.0052 0.1855 0.0152 0.0447 0.0143 0.0101 0.0335	HII
7.1000 -0.2500 -2.5000 0.2294 0.0717 0.0267 0.0209 0.0000 1.1110 0.0040 0.0537 0.0061 0.1248 0.0150 0.0321 0.0149 0.0073 0.0359	HII
7.1000 -0.2500 -2.2500 0.1592 0.0864 0.0368 0.0207 0.0000 1.3613 0.0028 0.0532 0.0068 0.0857 0.0148 0.0233 0.0147 0.0044 0.0363	HII
7.1000 -0.2500 -2.0000 0.1139 0.1017 0.0483 0.0205 0.0000 1.6005 0.0020 0.0528 0.0070 0.0612 0.0146 0.0172 0.0137 0.0016 0.0346	HII
7.1000 -0.2500 -1.7500 0.0847 0.1173 0.0609 0.0203 0.0000 1.8284 0.0015 0.0525 0.0067 0.0457 0.0145 0.0133 0.0121 0.0012 0.0312	HII
7.1000 -0.2500 -1.5000 0.0656 0.1329 0.0746 0.0201 0.0000 2.0459 0.0012 0.0522 0.0061 0.0356 0.0144 0.0107 0.0103 0.0000 0.0270	HII
7.2000 -0.2500 -4.0000 0.6588 0.0127 0.0000 0.0235 0.0000 0.0194 0.0118 0.0601 0.0011 0.5857 0.0170 0.1951 0.0081 0.0142 0.0118	HII
7.2000 -0.2500 -3.7500 0.7547 0.0198 0.0000 0.0230 0.0000 0.0623 0.0134 0.0588 0.0018 0.6002 0.0166 0.1650 0.0093 0.0177 0.0171	HII
7.2000 -0.2500 -3.5000 0.7954 0.0296 0.0025 0.0225 0.0000 0.1757 0.0139 0.0576 0.0027 0.5652 0.0162 0.1337 0.0105 0.0201 0.0234	HII
7.2000 -0.2500 -3.2500 0.7301 0.0418 0.0064 0.0221 0.0000 0.3997 0.0125 0.0564 0.0038 0.4665 0.0159 0.1034 0.0118 0.0198 0.0302	HII
7.2000 -0.2500 -3.0000 0.5778 0.0559 0.0130 0.0217 0.0000 0.7106 0.0098 0.0554 0.0051 0.3410 0.0155 0.0770 0.0131 0.0166 0.0366	HII
7.2000 -0.2500 -2.7500 0.4145 0.0713 0.0217 0.0213 0.0000 1.0450 0.0070 0.0546 0.0064 0.2331 0.0153 0.0559 0.0142 0.0124 0.0417	HII
7.2000 -0.2500 -2.5000 0.2858 0.0880 0.0321 0.0210 0.0000 1.3676 0.0049 0.0540 0.0075 0.1568 0.0150 0.0401 0.0147 0.0091 0.0448	HII
7.2000 -0.2500 -2.2500 0.1981 0.1056 0.0440 0.0208 0.0000 1.6720 0.0035 0.0535 0.0083 0.1075 0.0149 0.0291 0.0145 0.0055 0.0452	HII
7.2000 -0.2500 -2.0000 0.1416 0.1238 0.0574 0.0206 0.0000 1.9597 0.0025 0.0531 0.0085 0.0766 0.0147 0.0215 0.0135 0.0040 0.0430	HII
7.2000 -0.2500 -1.7500 0.1052 0.1423 0.0719 0.0204 0.0000 2.2324 0.0019 0.0528 0.0081 0.0571 0.0146 0.0165 0.0119 0.0015 0.0387	HII
7.2000 -0.2500 -1.5000 0.0812 0.1606 0.0875 0.0202 0.0000 2.4902 0.0015 0.0525 0.0074 0.0444 0.0145 0.0132 0.0102 0.0011 0.0334	HII
7.3000 -0.2500 -4.0000 0.8120 0.0153 0.0000 0.0234 0.0000 0.0237 0.0144 0.0600 0.0013 0.7283 0.0170 0.2428 0.0127 0.0173 0.0146	HII
7.3000 -0.2500 -3.7500 0.9299 0.0239 0.0000 0.0230 0.0000 0.0760 0.0164 0.0588 0.0021 0.7472 0.0166 0.2055 0.0145 0.0215 0.0212	HII
7.3000 -0.2500 -3.5000 0.9812 0.0359 0.0029 0.0225 0.0000 0.2144 0.0171 0.0577 0.0033 0.7054 0.0162 0.1665 0.0164 0.0245 0.0291	HII
7.3000 -0.2500 -3.2500 0.9021 0.0509 0.0077 0.0221 0.0000 0.4881 0.0154 0.0566 0.0047 0.5842 0.0159 0.1288 0.0185 0.0242 0.0375	HII
7.3000 -0.2500 -3.0000 0.7157 0.0681 0.0155 0.0217 0.0000 0.8691 0.0121 0.0556 0.0062 0.4282 0.0156 0.0959 0.0205 0.0203 0.0454	HII
7.3000 -0.2500 -2.7500 0.5143 0.0869 0.0258 0.0214 0.0000 1.2782 0.0087 0.0548 0.0078 0.2930 0.0153 0.0695 0.0221 0.0154 0.0518	HII
7.3000 -0.2500 -2.5000 0.3550 0.1069 0.0380 0.0211 0.0000 1.6701 0.0061 0.0542 0.0092 0.1971 0.0151 0.0499 0.0230 0.0110 0.0556	HII
7.3000 -0.2500 -2.2500 0.2460 0.1279 0.0518 0.0209 0.0000 2.0363 0.0043 0.0538 0.0100 0.1350 0.0150 0.0361 0.0227 0.0078 0.0561	HII
7.3000 -0.2500 -2.0000 0.1755 0.1493 0.0670 0.0207 0.0000 2.3783 0.0031 0.0535 0.0102 0.0960 0.0148 0.0268 0.0211 0.0050 0.0533	HII
7.3000 -0.2500 -1.7500 0.1301 0.1707 0.0834 0.0206 0.0000 2.7001 0.0023 0.0532 0.0098 0.0713 0.0147 0.0205 0.0187 0.0028 0.0479	HII
7.3000 -0.2500 -1.5000 0.1004 0.1918 0.1007 0.0204 0.0000 3.0024 0.0018 0.0529 0.0088 0.0552 0.0146 0.0163 0.0159 0.0014 0.0413	HII
7.4000 -0.2500 -4.0000 0.9948 0.0183 0.0000 0.0234 0.0000 0.0287 0.0176 0.0600 0.0016 0.9025 0.0170 0.3014 0.0124 0.0209 0.0181	HII
7.4000 -0.2500 -3.7500 1.1388 0.0287 0.0011 0.0230 0.0000 0.0920 0.0200 0.0589 0.0026 0.9270 0.0166 0.2553 0.0142 0.0259 0.0262	HII
7.4000 -0.2500 -3.5000 1.2023 0.0433 0.0035 0.0226 0.0000 0.2595 0.0209 0.0578 0.0040 0.8774 0.0163 0.2070 0.0162 0.0296 0.0360	HII
7.4000 -0.2500 -3.2500 1.1081 0.0615 0.0090 0.0222 0.0000 0.5918 0.0189 0.0567 0.0056 0.7294 0.0160 0.1601 0.0182 0.0292 0.0464	HII
7.4000 -0.2500 -3.0000 0.8818 0.0824 0.0182 0.0218 0.0000 1.0550 0.0149 0.0558 0.0075 0.5363 0.0157 0.1192 0.0201 0.0246 0.0562	HII
7.4000 -0.2500 -2.7500 0.6350 0.1050 0.0303 0.0215 0.0000 1.5517 0.0108 0.0551 0.0094 0.3675 0.0154 0.0865 0.0217 0.0186 0.0641	HII
7.4000 -0.2500 -2.5000 0.4386 0.1288 0.0443 0.0213 0.0000 2.0233 0.0076 0.0545 0.0110 0.2472 0.0152 0.0620 0.0226 0.0135 0.0688	HII
7.4000 -0.2500 -2.2500 0.3038 0.1533 0.0599 0.0211 0.0000 2.4592 0.0053 0.0541 0.0120 0.1690 0.0151 0.0448 0.0223 0.0095 0.0694	HII
7.4000 -0.2500 -2.0000 0.2164 0.1781 0.0769 0.0209 0.0000 2.8622 0.0038 0.0538 0.0122 0.1199 0.0150 0.0331 0.0208 0.0060 0.0658	HII
7.4000 -0.2500 -1.7500 0.1602 0.2028 0.0950 0.0208 0.0000 3.2376 0.0029 0.0536 0.0117 0.0888 0.0149 0.0254 0.0184 0.0046 0.0591	HII
7.4000 -0.2500 -1.5000 0.1232 0.2270 0.1142 0.0206 0.0000 3.5899 0.0022 0.0534 0.0105 0.0686 0.0148 0.0202 0.0157 0.0017 0.0508	HII
7.5000 -0.2500 -4.0000 1.2078 0.0217 0.0000 0.0234 0.0000 0.0345 0.0212 0.0600 0.0020 1.1127 0.0170 0.3729 0.0192 0.0250 0.0223	HII
7.5000 -0.2500 -3.7500 1.3806 0.0342 0.0012 0.0230 0.0000 0.1101 0.0241 0.0590 0.0031 1.1438 0.0167 0.3159 0.0220 0.0309 0.0323	HII
7.5000 -0.2500 -3.5000 1.4593 0.0516 0.0040 0.0226 0.0000 0.3108 0.0252 0.0579 0.0048 1.0858 0.0163 0.2563 0.0250 0.0352 0.0443	HII
7.5000 -0.2500 -3.2500 1.3489 0.0735 0.0104 0.0222 0.0000 0.7097 0.0230 0.0569 0.0068 0.9065 0.0160 0.1984 0.0281 0.0350 0.0572	HII
7.5000 -0.2500 -3.0000 1.0771 0.0985 0.0210 0.0219 0.0000 1.2667 0.0182 0.0561 0.0090 0.6690 0.0157 0.1477 0.0311 0.0296 0.0692	HII
7.5000 -0.2500 -2.7500 0.7778 0.1253 0.0347 0.0216 0.0000 1.8628 0.0132 0.0554 0.0112 0.4593 0.0155 0.1071 0.0336 0.0224 0.0788	HII
7.5000 -0.2500 -2.5000 0.5379 0.1532 0.0505 0.0214 0.0000 2.4241 0.0093 0.0549 0.0131 0.3088 0.0153 0.0767 0.0349 0.0163 0.0846	HII
7.5000 -0.2500 -2.2500 0.3725 0.1815 0.0678 0.0212 0.0000 2.9361 0.0065 0.0545 0.0142 0.2108 0.0152 0.0554 0.0344 0.0115 0.0852	HII
7.5000 -0.2500 -2.0000 0.2651 0.2099 0.0864 0.0211 0.0000 3.4053 0.0047 0.0542 0.0144 0.1491 0.0151 0.0409 0.0321 0.0085 0.0808	HII
7.5000 -0.2500 -1.7500 0.1960 0.2379 0.1061 0.0209 0.0000 3.8394 0.0035 0.0540 0.0137 0.1101 0.0150 0.0312 0.0284 0.0055 0.0724	HII
7.5000 -0.2500 -1.5000 0.1504 0.2654 0.1268 0.0208 0.0000 4.2458 0.0027 0.0538 0.0124 0.0848 0.0149 0.0248 0.0242 0.0042 0.0621	HII
7.6000 -0.2500 -4.0000 1.4528 0.0255 0.0000 0.0234 0.0000 0.0412 0.0253 0.0600 0.0023 1.3647 0.0170 0.4589 0.0186 0.0294 0.0273	HII
7.6000 -0.2500 -3.7500 1.6587 0.0402 0.0014 0.0231 0.0000 0.1305 0.0287 0.0590 0.0037 1.4038 0.0167 0.3893 0.0214 0.0363 0.0395	HII
7.6000 -0.2500 -3.5000 1.7531 0.0608 0.0045 0.0227 0.0000 0.3679 0.0301 0.0581 0.0056 1.3361 0.0164 0.3160 0.0243 0.0414 0.0542	HII
7.6000 -0.2500 -3.2500 1.6248 0.0867 0.0117 0.0223 0.0000 0.8406 0.0275 0.0572 0.0080 1.1206 0.0161 0.2448 0.0273 0.0410 0.0699	HII
7.6000 -0.2500 -3.0000 1.3028 0.1162 0.0236 0.0220 0.0000 1.5021 0.0220 0.0563 0.0106 0.8304 0.0158 0.1823 0.0302 0.0350 0.0845	HII
7.6000 -0.2500 -2.7500 0.9441 0.1475 0.0389 0.0217 0.0000 2.2081 0.0160 0.0557 0.0132 0.5714 0.0156 0.1321 0.0325 0.0267 0.0962	HII
7.6000 -0.2500 -2.5000 0.6540 0.1796 0.0563 0.0215 0.0000 2.8678 0.0113 0.0552 0.0153 0.3842 0.0154 0.0946 0.0337 0.0193 0.1030	HII
7.6000 -0.2500 -2.2500 0.4531 0.2118 0.0750 0.0214 0.0000 3.4615 0.0079 0.0549 0.0166 0.2618 0.0153 0.0682 0.0333 0.0137 0.1039	HII
7.6000 -0.2500 -2.0000 0.3222 0.2438 0.0949 0.0212 0.0000 4.0007 0.0057 0.0546 0.0168 0.1846 0.0152 0.0503 0.0310 0.0100 0.0984	HII
7.6000 -0.2500 -1.7500 0.2378 0.2753 0.1159 0.0211 0.0000 4.4996 0.0042 0.0545 0.0159 0.1359 0.0151 0.0383 0.0275 0.0077 0.0881	HII
7.6000 -0.2500 -1.5000 0.1823 0.3064 0.1381 0.0210 0.0000 4.9667 0.0033 0.0542 0.0143 0.1044 0.0151 0.0304 0.0235 0.0051 0.0756	HII
7.7000 -0.2500 -4.0000 1.7144 0.0293 0.0000 0.0234 0.0000 0.0481 0.0295 0.0600 0.0027 1.6556 0.0170 0.5602 0.0284 0.0336 0.0331	HII
7.7000 -0.2500 -3.7500 1.9556 0.0463 0.0015 0.0231 0.0000 0.1518 0.0335 0.0592 0.0043 1.7049 0.0167 0.4758 0.0325 0.0414 0.0478	HII
7.7000 -0.2500 -3.5000 2.0681 0.0702 0.0049 0.0228 0.0000 0.4267 0.0352 0.0583 0.0065 1.6278 0.0164 0.3866 0.0370 0.0473 0.0656	HII
7.7000 -0.2500 -3.2500 1.9239 0.1003 0.0127 0.0224 0.0000 0.9767 0.0324 0.0574 0.0092 1.3728 0.0162 0.2998 0.0416 0.0470 0.0845	HII
7.7000 -0.2500 -3.0000 1.5516 0.1344 0.0256 0.0221 0.0000 1.7485 0.0260 0.0566 0.0122 1.0228 0.0159 0.2234 0.0459 0.0404 0.1022	HII
7.7000 -0.2500 -2.7500 1.1295 0.1703 0.0421 0.0219 0.0000 2.5690 0.0191 0.0560 0.0151 0.7058 0.0157 0.1618 0.0494 0.0309 0.1161	HII
7.7000 -0.2500 -2.5000 0.7852 0.2064 0.0606 0.0217 0.0000 3.3310 0.0135 0.0556 0.0175 0.4748 0.0156 0.1159 0.0511 0.0224 0.1242	HII
7.7000 -0.2500 -2.2500 0.5446 0.2424 0.0802 0.0215 0.0000 4.0119 0.0095 0.0553 0.0189 0.3231 0.0155 0.0834 0.0504 0.0160 0.1251	HII
7.7000 -0.2500 -2.0000 0.3874 0.2779 0.1010 0.0214 0.0000 4.6245 0.0068 0.0551 0.0191 0.2273 0.0154 0.0613 0.0471 0.0117 0.1186	HII
7.7000 -0.2500 -1.7500 0.2857 0.3130 0.1230 0.0213 0.0000 5.1912 0.0051 0.0549 0.0181 0.1668 0.0153 0.0467 0.0418 0.0088 0.1063	HII
7.7000 -0.2500 -1.5000 0.2189 0.3481 0.1466 0.0212 0.0000 5.7296 0.0039 0.0547 0.0164 0.1278 0.0152 0.0370 0.0358 0.0059 0.0911	HII
7.8000 -0.2500 -4.0000 1.9872 0.0332 0.0000 0.0234 0.0000 0.0555 0.0337 0.0600 0.0031 1.9876 0.0170 0.6772 0.0270 0.0374 0.0397	HII
7.8000 -0.2500 -3.7500 2.2630 0.0524 0.0016 0.0232 0.0000 0.1730 0.0383 0.0593 0.0049 2.0486 0.0168 0.5768 0.0310 0.0460 0.0572	HII
7.8000 -0.2500 -3.5000 2.3941 0.0794 0.0051 0.0228 0.0000 0.4849 0.0403 0.0585 0.0074 1.9621 0.0165 0.4690 0.0352 0.0524 0.0784	HII
7.8000 -0.2500 -3.2500 2.2367 0.1135 0.0132 0.0225 0.0000 1.1107 0.0374 0.0577 0.0104 1.6650 0.0163 0.3642 0.0395 0.0526 0.1010	HII
7.8000 -0.2500 -3.0000 1.8164 0.1522 0.0268 0.0222 0.0000 1.9935 0.0303 0.0570 0.0138 1.2484 0.0160 0.2716 0.0435 0.0455 0.1221	HII
7.8000 -0.2500 -2.7500 1.3310 0.1924 0.0439 0.0220 0.0000 2.9311 0.0224 0.0564 0.0170 0.8650 0.0158 0.1968 0.0467 0.0351 0.1385	HII
7.8000 -0.2500 -2.5000 0.9297 0.2324 0.0629 0.0218 0.0000 3.7955 0.0159 0.0560 0.0196 0.5827 0.0157 0.1408 0.0484 0.0257 0.1480	HII
7.8000 -0.2500 -2.2500 0.6464 0.2718 0.0830 0.0217 0.0000 4.5637 0.0112 0.0557 0.0211 0.3961 0.0156 0.1013 0.0477 0.0185 0.1488	HII
7.8000 -0.2500 -2.0000 0.4602 0.3107 0.1043 0.0216 0.0000 5.2563 0.0081 0.0555 0.0213 0.2780 0.0155 0.0744 0.0446 0.0135 0.1412	HII
7.8000 -0.2500 -1.7500 0.3397 0.3497 0.1270 0.0215 0.0000 5.8980 0.0060 0.0553 0.0203 0.2036 0.0154 0.0566 0.0397 0.0102 0.1269	HII
7.8000 -0.2500 -1.5000 0.2603 0.3891 0.1515 0.0214 0.0000 6.5136 0.0047 0.0551 0.0184 0.1556 0.0154 0.0448 0.0341 0.0081 0.1091	HII
7.9000 -0.2500 -4.0000 2.2198 0.0362 0.0000 0.0234 0.0000 0.0613 0.0369 0.0601 0.0034 2.3367 0.0170 0.8048 0.0400 0.0396 0.0466	HII
7.9000 -0.2500 -3.7500 2.5294 0.0572 0.0016 0.0232 0.0000 0.1904 0.0420 0.0595 0.0054 2.4129 0.0168 0.6875 0.0458 0.0487 0.0671	HII
7.9000 -0.2500 -3.5000 2.6837 0.0867 0.0050 0.0229 0.0000 0.5328 0.0445 0.0587 0.0081 2.3219 0.0166 0.5608 0.0520 0.0556 0.0920	HII
7.9000 -0.2500 -3.2500 2.5234 0.1242 0.0130 0.0226 0.0000 1.2221 0.0417 0.0580 0.0114 1.9862 0.0164 0.4363 0.0583 0.0561 0.1186	HII
7.9000 -0.2500 -3.0000 2.0693 0.1667 0.0264 0.0224 0.0000 2.2026 0.0342 0.0573 0.0150 1.5019 0.0161 0.3260 0.0642 0.0491 0.1432	HII
7.9000 -0.2500 -2.7500 1.5321 0.2107 0.0434 0.0221 0.0000 3.2502 0.0256 0.0567 0.0184 1.0470 0.0160 0.2366 0.0689 0.0386 0.1625	HII
7.9000 -0.2500 -2.5000 1.0785 0.2541 0.0623 0.0220 0.0000 4.2144 0.0183 0.0563 0.0212 0.7073 0.0158 0.1694 0.0713 0.0285 0.1735	HII
7.9000 -0.2500 -2.2500 0.7535 0.2966 0.0822 0.0218 0.0000 5.0683 0.0130 0.0560 0.0228 0.4809 0.0157 0.1219 0.0704 0.0208 0.1746	HII
7.9000 -0.2500 -2.0000 0.5381 0.3390 0.1035 0.0217 0.0000 5.8430 0.0094 0.0558 0.0231 0.3371 0.0156 0.0895 0.0661 0.0152 0.1659	HII
7.9000 -0.2500 -1.7500 0.3979 0.3819 0.1265 0.0216 0.0000 6.5712 0.0071 0.0557 0.0221 0.2463 0.0156 0.0680 0.0591 0.0115 0.1495	HII
7.9000 -0.2500 -1.5000 0.3054 0.4258 0.1516 0.0215 0.0000 7.2737 0.0055 0.0555 0.0202 0.1879 0.0155 0.0538 0.0510 0.0091 0.1290	HII
8.0000 -0.2500 -4.0000 2.3961 0.0381 0.0000 0.0235 0.0000 0.0654 0.0389 0.0603 0.0036 2.6919 0.0171 0.9402 0.0366 0.0397 0.0535	HII
8.0000 -0.2500 -3.7500 2.7385 0.0604 0.0015 0.0233 0.0000 0.2030 0.0444 0.0597 0.0056 2.7890 0.0169 0.8069 0.0420 0.0492 0.0773	HII
8.0000 -0.2500 -3.5000 2.9160 0.0917 0.0046 0.0230 0.0000 0.5669 0.0474 0.0590 0.0085 2.6983 0.0167 0.6607 0.0476 0.0565 0.1060	HII
8.0000 -0.2500 -3.2500 2.7656 0.1316 0.0121 0.0227 0.0000 1.3035 0.0449 0.0583 0.0119 2.3298 0.0165 0.5158 0.0534 0.0576 0.1367	HII
8.0000 -0.2500 -3.0000 2.2964 0.1770 0.0246 0.0225 0.0000 2.3602 0.0375 0.0576 0.0157 1.7803 0.0163 0.3864 0.0587 0.0512 0.1652	HII
8.0000 -0.2500 -2.7500 1.7226 0.2239 0.0407 0.0223 0.0000 3.5025 0.0285 0.0571 0.0193 1.2512 0.0161 0.2811 0.0630 0.0409 0.1875	HII
8.0000 -0.2500 -2.5000 1.2253 0.2701 0.0588 0.0221 0.0000 4.5608 0.0207 0.0567 0.0223 0.8489 0.0160 0.2016 0.0652 0.0308 0.2004	HII
8.0000 -0.2500 -2.2500 0.8627 0.3154 0.0781 0.0220 0.0000 5.5016 0.0148 0.0564 0.0241 0.5781 0.0158 0.1450 0.0646 0.0227 0.2019	HII
8.0000 -0.2500 -2.0000 0.6191 0.3610 0.0988 0.0219 0.0000 6.3586 0.0108 0.0562 0.0245 0.4052 0.0158 0.1065 0.0609 0.0168 0.1923	HII
8.0000 -0.2500 -1.7500 0.4594 0.4079 0.1215 0.0218 0.0000 7.1744 0.0081 0.0561 0.0236 0.2957 0.0157 0.0811 0.0548 0.0128 0.1738	HII
8.0000 -0.2500 -1.5000 0.3535 0.4567 0.1469 0.0217 0.0000 7.9778 0.0063 0.0559 0.0218 0.2253 0.0156 0.0641 0.0475 0.0101 0.1506	HII
8.1000 -0.2500 -4.0000 2.4189 0.0376 0.0000 0.0235 0.0000 0.0655 0.0379 0.0604 0.0035 2.9816 0.0171 1.0618 0.0512 0.0364 0.0593	HII
8.1000 -0.2500 -3.7500 2.7919 0.0600 0.0012 0.0233 0.0000 0.2039 0.0439 0.0599 0.0055 3.1120 0.0170 0.9193 0.0590 0.0456 0.0859	HII
8.1000 -0.2500 -3.5000 3.0052 0.0918 0.0039 0.0231 0.0000 0.5728 0.0475 0.0593 0.0084 3.0402 0.0168 0.7586 0.0671 0.0532 0.1184	HII
8.1000 -0.2500 -3.2500 2.8929 0.1327 0.0102 0.0228 0.0000 1.3265 0.0459 0.0586 0.0119 2.6602 0.0166 0.5961 0.0753 0.0554 0.1533	HII
8.1000 -0.2500 -3.0000 2.4460 0.1795 0.0211 0.0226 0.0000 2.4247 0.0393 0.0580 0.0157 2.0613 0.0164 0.4488 0.0830 0.0504 0.1859	HII
8.1000 -0.2500 -2.7500 1.8690 0.2282 0.0356 0.0224 0.0000 3.6304 0.0305 0.0575 0.0194 1.4656 0.0162 0.3278 0.0891 0.0414 0.2116	HII
8.1000 -0.2500 -2.5000 1.3504 0.2763 0.0521 0.0223 0.0000 4.7647 0.0225 0.0571 0.0224 1.0019 0.0161 0.2358 0.0925 0.0318 0.2267	HII
8.1000 -0.2500 -2.2500 0.9617 0.3238 0.0700 0.0221 0.0000 5.7857 0.0164 0.0568 0.0244 0.6848 0.0160 0.1701 0.0920 0.0237 0.2292	HII
8.1000 -0.2500 -2.0000 0.6957 0.3722 0.0896 0.0220 0.0000 6.7286 0.0121 0.0566 0.0250 0.4805 0.0159 0.1252 0.0873 0.0179 0.2191	HII
8.1000 -0.2500 -1.7500 0.5189 0.4226 0.1114 0.0220 0.0000 7.6341 0.0092 0.0565 0.0244 0.3506 0.0158 0.0953 0.0792 0.0138 0.1990	HII
8.1000 -0.2500 -1.5000 0.4011 0.4763 0.1362 0.0219 0.0000 8.5421 0.0072 0.0563 0.0227 0.2669 0.0158 0.0755 0.0692 0.0110 0.1733	HII
8.2000 -0.2500 -4.0000 2.2912 0.0341 0.0000 0.0234 0.0000 0.0611 0.0343 0.0603 0.0031 3.1736 0.0171 1.1571 0.0434 0.0304 0.0631	HII
8.2000 -0.2500 -3.7500 2.6888 0.0553 0.0000 0.0233 0.0000 0.1922 0.0406 0.0600 0.0051 3.3512 0.0170 1.0156 0.0505 0.0390 0.0923	HII
8.2000 -0.2500 -3.5000 2.9431 0.0858 0.0029 0.0231 0.0000 0.5453 0.0448 0.0595 0.0078 3.3187 0.0169 0.8477 0.0578 0.0465 0.1282	HII
8.2000 -0.2500 -3.2500 2.8863 0.1255 0.0079 0.0229 0.0000 1.2772 0.0444 0.0589 0.0111 2.9516 0.0167 0.6718 0.0650 0.0496 0.1670	HII
8.2000 -0.2500 -3.0000 2.4954 0.1716 0.0166 0.0227 0.0000 2.3664 0.0390 0.0583 0.0149 2.3269 0.0165 0.5094 0.0717 0.0467 0.2035	HII
8.2000 -0.2500 -2.7500 1.9528 0.2203 0.0285 0.0225 0.0000 3.5911 0.0312 0.0578 0.0185 1.6796 0.0163 0.3742 0.0772 0.0396 0.2328	HII
8.2000 -0.2500 -2.5000 1.4402 0.2690 0.0426 0.0224 0.0000 4.7679 0.0236 0.0575 0.0216 1.1607 0.0162 0.2705 0.0806 0.0314 0.2507	HII
8.2000 -0.2500 -2.2500 1.0417 0.3175 0.0584 0.0223 0.0000 5.8464 0.0175 0.0572 0.0237 0.7984 0.0161 0.1959 0.0808 0.0240 0.2550	HII
8.2000 -0.2500 -2.0000 0.7617 0.3674 0.0759 0.0222 0.0000 6.8535 0.0131 0.0570 0.0246 0.5618 0.0161 0.1446 0.0773 0.0185 0.2455	HII
8.2000 -0.2500 -1.7500 0.5727 0.4205 0.0958 0.0221 0.0000 7.8422 0.0100 0.0569 0.0243 0.4105 0.0160 0.1103 0.0709 0.0145 0.2246	HII
8.2000 -0.2500 -1.5000 0.4453 0.4778 0.1189 0.0220 0.0000 8.8466 0.0079 0.0567 0.0230 0.3126 0.0159 0.0874 0.0625 0.0116 0.1972	HII
8.3000 -0.2500 -4.0000 1.8970 0.0261 0.0000 0.0232 0.0000 0.0498 0.0265 0.0598 0.0024 3.1096 0.0170 1.1695 0.0534 0.0209 0.0620	HII
8.3000 -0.2500 -3.7500 2.3025 0.0439 0.0000 0.0232 0.0000 0.1602 0.0326 0.0598 0.0040 3.3582 0.0170 1.0527 0.0635 0.0282 0.0924	HII
8.3000 -0.2500 -3.5000 2.6014 0.0704 0.0018 0.0231 0.0000 0.4657 0.0374 0.0595 0.0064 3.4033 0.0169 0.8971 0.0739 0.0352 0.1308	HII
8.3000 -0.2500 -3.2500 2.6333 0.1059 0.0051 0.0229 0.0000 1.1166 0.0385 0.0591 0.0094 3.1033 0.0168 0.7225 0.0841 0.0392 0.1728	HII
8.3000 -0.2500 -3.0000 2.3573 0.1484 0.0111 0.0228 0.0000 2.1180 0.0352 0.0586 0.0128 2.5102 0.0166 0.5544 0.0935 0.0387 0.2129	HII
8.3000 -0.2500 -2.7500 1.9074 0.1944 0.0198 0.0226 0.0000 3.2866 0.0293 0.0582 0.0161 1.8516 0.0165 0.4110 0.1013 0.0343 0.2458	HII
8.3000 -0.2500 -2.5000 1.4481 0.2412 0.0306 0.0225 0.0000 4.4468 0.0230 0.0579 0.0191 1.3004 0.0164 0.2994 0.1065 0.0282 0.2672	HII
8.3000 -0.2500 -2.2500 1.0720 0.2887 0.0432 0.0224 0.0000 5.5367 0.0176 0.0576 0.0214 0.9042 0.0163 0.2181 0.1079 0.0224 0.2746	HII
8.3000 -0.2500 -2.0000 0.7972 0.3379 0.0574 0.0223 0.0000 6.5707 0.0134 0.0575 0.0227 0.6403 0.0162 0.1617 0.1048 0.0178 0.2673	HII
8.3000 -0.2500 -1.7500 0.6070 0.3910 0.0741 0.0223 0.0000 7.6010 0.0105 0.0573 0.0228 0.4696 0.0162 0.1239 0.0974 0.0142 0.2475	HII
8.3000 -0.2500 -1.5000 0.4763 0.4498 0.0939 0.0222 0.0000 8.6733 0.0084 0.0572 0.0221 0.3585 0.0161 0.0986 0.0872 0.0115 0.2199	HII
8.4000 -0.2500 -4.0000 1.4516 0.0184 0.0000 0.0229 0.0000 0.0383 0.0186 0.0592 0.0017 2.9031 0.0169 1.1255 0.0396 0.0129 0.0587	HII
8.4000 -0.2500 -3.7500 1.8318 0.0323 0.0000 0.0230 0.0000 0.1261 0.0240 0.0596 0.0030 3.2166 0.0170 1.0437 0.0482 0.0184 0.0893	HII
8.4000 -0.2500 -3.5000 2.1554 0.0540 0.0010 0.0230 0.0000 0.3780 0.0289 0.0595 0.0049 3.3533 0.0169 0.9137 0.0574 0.0242 0.1293	HII
8.4000 -0.2500 -3.2500 2.2637 0.0840 0.0030 0.0230 0.0000 0.9302 0.0311 0.0593 0.0074 3.1438 0.0168 0.7508 0.0663 0.0284 0.1739	HII
8.4000 -0.2500 -3.0000 2.1015 0.1209 0.0068 0.0228 0.0000 1.8043 0.0297 0.0589 0.0103 2.6122 0.0167 0.5845 0.0744 0.0293 0.2168	HII
8.4000 -0.2500 -2.7500 1.7612 0.1618 0.0125 0.0227 0.0000 2.8621 0.0258 0.0586 0.0133 1.9727 0.0166 0.4381 0.0813 0.0274 0.2526	HII
8.4000 -0.2500 -2.5000 1.3824 0.2048 0.0201 0.0226 0.0000 3.9563 0.0210 0.0583 0.0160 1.4125 0.0165 0.3222 0.0862 0.0237 0.2776	HII
8.4000 -0.2500 -2.2500 1.0528 0.2495 0.0294 0.0225 0.0000 5.0179 0.0166 0.0581 0.0183 0.9958 0.0164 0.2366 0.0884 0.0196 0.2886	HII
8.4000 -0.2500 -2.0000 0.7999 0.2965 0.0404 0.0225 0.0000 6.0506 0.0131 0.0579 0.0198 0.7116 0.0164 0.1766 0.0871 0.0160 0.2844	HII
8.4000 -0.2500 -1.7500 0.6190 0.3477 0.0534 0.0224 0.0000 7.0923 0.0104 0.0578 0.0204 0.5250 0.0163 0.1359 0.0822 0.0132 0.2664	HII
8.4000 -0.2500 -1.5000 0.4917 0.4052 0.0693 0.0223 0.0000 8.1954 0.0085 0.0577 0.0202 0.4023 0.0163 0.1088 0.0747 0.0110 0.2395	HII
8.5000 -0.2500 -4.0000 0.9090 0.0090 0.0000 0.0224 0.0000 0.0222 0.0102 0.0583 0.0000 2.3981 0.0166 0.9523 0.0412 0.0051 0.0507	HII
8.5000 -0.2500 -3.7500 1.2176 0.0171 0.0000 0.0228 0.0000 0.0760 0.0141 0.0591 0.0018 2.7565 0.0168 0.9198 0.0521 0.0092 0.0793	HII
8.5000 -0.2500 -3.5000 1.5341 0.0313 0.0000 0.0229 0.0000 0.2432 0.0183 0.0594 0.0032 3.0012 0.0169 0.8376 0.0645 0.0133 0.1188	HII
8.5000 -0.2500 -3.2500 1.7314 0.0528 0.0013 0.0229 0.0000 0.6422 0.0212 0.0594 0.0052 2.9459 0.0169 0.7112 0.0769 0.0171 0.1649	HII
8.5000 -0.2500 -3.0000 1.7095 0.0809 0.0032 0.0229 0.0000 1.3167 0.0215 0.0592 0.0074 2.5443 0.0168 0.5658 0.0879 0.0191 0.2097	HII
8.5000 -0.2500 -2.7500 1.5117 0.1137 0.0063 0.0228 0.0000 2.1812 0.0197 0.0590 0.0097 1.9826 0.0168 0.4302 0.0972 0.0191 0.2478	HII
8.5000 -0.2500 -2.5000 1.2429 0.1502 0.0107 0.0227 0.0000 3.1299 0.0169 0.0588 0.0121 1.4548 0.0167 0.3202 0.1046 0.0177 0.2767	HII
8.5000 -0.2500 -2.2500 0.9810 0.1894 0.0165 0.0227 0.0000 4.0978 0.0139 0.0586 0.0142 1.0432 0.0166 0.2375 0.1096 0.0155 0.2936	HII
8.5000 -0.2500 -2.0000 0.7661 0.2317 0.0238 0.0226 0.0000 5.0694 0.0113 0.0585 0.0159 0.7535 0.0166 0.1788 0.1109 0.0132 0.2963	HII
8.5000 -0.2500 -1.7500 0.6048 0.2779 0.0327 0.0226 0.0000 6.0615 0.0093 0.0584 0.0170 0.5595 0.0165 0.1386 0.1078 0.0113 0.2848	HII
8.5000 -0.2500 -1.5000 0.4875 0.3306 0.0438 0.0225 0.0000 7.1314 0.0078 0.0583 0.0175 0.4309 0.0165 0.1116 0.1011 0.0095 0.2625	HII
8.6000 -0.2500 -4.0000 0.5071 0.0030 0.0000 0.0218 0.0000 0.0098 0.0048 0.0570 0.0000 1.8500 0.0163 0.7422 0.0254 0.0000 0.0425	HII
8.6000 -0.2500 -3.7500 0.7183 0.0063 0.0000 0.0224 0.0000 0.0347 0.0071 0.0585 0.0010 2.1954 0.0167 0.7429 0.0332 0.0016 0.0676	HII
8.6000 -0.2500 -3.5000 0.9883 0.0130 0.0000 0.0227 0.0000 0.1210 0.0101 0.0592 0.0019 2.5164 0.0169 0.7085 0.0430 0.0053 0.1051	HII
8.6000 -0.2500 -3.2500 1.2387 0.0250 0.0000 0.0228 0.0000 0.3598 0.0128 0.0594 0.0033 2.6204 0.0169 0.6273 0.0538 0.0091 0.1522	HII
8.6000 -0.2500 -3.0000 1.3378 0.0427 0.0012 0.0229 0.0000 0.8147 0.0140 0.0594 0.0050 2.3672 0.0169 0.5111 0.0632 0.0113 0.1989	HII
8.6000 -0.2500 -2.7500 1.2742 0.0653 0.0026 0.0229 0.0000 1.4471 0.0135 0.0594 0.0067 1.9080 0.0169 0.3937 0.0708 0.0123 0.2381	HII
8.6000 -0.2500 -2.5000 1.1086 0.0922 0.0047 0.0228 0.0000 2.1892 0.0121 0.0593 0.0085 1.4311 0.0168 0.2948 0.0771 0.0123 0.2690	HII
8.6000 -0.2500 -2.2500 0.9142 0.1233 0.0077 0.0228 0.0000 2.9990 0.0103 0.0592 0.0102 1.0410 0.0168 0.2201 0.0825 0.0115 0.2917	HII
8.6000 -0.2500 -2.0000 0.7354 0.1584 0.0118 0.0228 0.0000 3.8529 0.0086 0.0591 0.0119 0.7575 0.0168 0.1667 0.0864 0.0103 0.3043	HII
8.6000 -0.2500 -1.7500 0.5915 0.1976 0.0170 0.0227 0.0000 4.7465 0.0073 0.0590 0.0134 0.5640 0.0167 0.1299 0.0880 0.0091 0.3045	HII
8.6000 -0.2500 -1.5000 0.4828 0.2423 0.0238 0.0227 0.0000 5.7136 0.0062 0.0589 0.0145 0.4347 0.0167 0.1050 0.0866 0.0081 0.2925	HII
8.7000 -0.2500 -4.0000 0.2310 0.0000 0.0000 0.0213 0.0000 0.0038 0.0018 0.0562 0.0000 1.2737 0.0160 0.5219 0.0225 0.0000 0.0326	HII
8.7000 -0.2500 -3.7500 0.3492 0.0019 0.0000 0.0221 0.0000 0.0137 0.0029 0.0581 0.0000 1.5657 0.0166 0.5447 0.0305 0.0000 0.0529	HII
8.7000 -0.2500 -3.5000 0.5198 0.0044 0.0000 0.0226 0.0000 0.0514 0.0044 0.0592 0.0000 1.8782 0.0169 0.5436 0.0412 0.0000 0.0851	HII
8.7000 -0.2500 -3.2500 0.7353 0.0097 0.0000 0.0228 0.0000 0.1746 0.0063 0.0597 0.0018 2.0950 0.0170 0.5093 0.0546 0.0015 0.1302	HII
8.7000 -0.2500 -3.0000 0.9035 0.0190 0.0000 0.0229 0.0000 0.4483 0.0077 0.0598 0.0030 2.0264 0.0170 0.4361 0.0677 0.0047 0.1786	HII
8.7000 -0.2500 -2.7500 0.9436 0.0316 0.0000 0.0229 0.0000 0.8561 0.0081 0.0598 0.0042 1.6978 0.0170 0.3427 0.0773 0.0058 0.2178	HII
8.7000 -0.2500 -2.5000 0.8894 0.0481 0.0017 0.0230 0.0000 1.3683 0.0077 0.0598 0.0054 1.3108 0.0170 0.2594 0.0849 0.0073 0.2484	HII
8.7000 -0.2500 -2.2500 0.7844 0.0691 0.0031 0.0229 0.0000 1.9760 0.0069 0.0598 0.0067 0.9724 0.0170 0.1952 0.0922 0.0076 0.2735	HII
8.7000 -0.2500 -2.0000 0.6616 0.0950 0.0051 0.0229 0.0000 2.6665 0.0059 0.0598 0.0081 0.7146 0.0170 0.1489 0.0992 0.0072 0.2928	HII
8.7000 -0.2500 -1.7500 0.5498 0.1260 0.0079 0.0229 0.0000 3.4343 0.0051 0.0597 0.0095 0.5346 0.0169 0.1168 0.1051 0.0058 0.3041	HII
8.7000 -0.2500 -1.5000 0.4581 0.1625 0.0116 0.0229 0.0000 4.2862 0.0044 0.0596 0.0108 0.4127 0.0169 0.0951 0.1087 0.0052 0.3047	HII
8.8000 -0.2500 -4.0000 0.0961 0.0000 0.0000 0.0210 0.0000 0.0014 0.0000 0.0555 0.0000 0.8347 0.0159 0.3485 0.0121 0.0000 0.0241	HII
8.8000 -0.2500 -3.7500 0.1566 0.0000 0.0000 0.0219 0.0000 0.0052 0.0011 0.0579 0.0000 1.0662 0.0165 0.3823 0.0170 0.0000 0.0400	HII
8.8000 -0.2500 -3.5000 0.2481 0.0014 0.0000 0.0225 0.0000 0.0201 0.0018 0.0593 0.0000 1.3242 0.0169 0.3977 0.0237 0.0000 0.0660	HII
8.8000 -0.2500 -3.2500 0.3874 0.0033 0.0000 0.0228 0.0000 0.0763 0.0028 0.0600 0.0000 1.5646 0.0171 0.3932 0.0330 0.0000 0.1060	HII
8.8000 -0.2500 -3.0000 0.5361 0.0073 0.0000 0.0229 0.0000 0.2195 0.0038 0.0602 0.0016 1.6140 0.0172 0.3544 0.0431 0.0000 0.1527	HII
8.8000 -0.2500 -2.7500 0.6319 0.0133 0.0000 0.0230 0.0000 0.4550 0.0044 0.0603 0.0024 1.4337 0.0172 0.2900 0.0509 0.0013 0.1921	HII
8.8000 -0.2500 -2.5000 0.6583 0.0213 0.0000 0.0231 0.0000 0.7582 0.0046 0.0604 0.0032 1.1456 0.0172 0.2225 0.0562 0.0017 0.2199	HII
8.8000 -0.2500 -2.2500 0.6358 0.0327 0.0011 0.0231 0.0000 1.1532 0.0043 0.0605 0.0041 0.8718 0.0172 0.1693 0.0613 0.0040 0.2440	HII
8.8000 -0.2500 -2.0000 0.5774 0.0487 0.0020 0.0231 0.0000 1.6517 0.0039 0.0604 0.0051 0.6504 0.0172 0.1302 0.0671 0.0042 0.2663	HII
8.8000 -0.2500 -1.7500 0.5042 0.0702 0.0033 0.0231 0.0000 2.2574 0.0034 0.0604 0.0062 0.4894 0.0171 0.1030 0.0735 0.0042 0.2857	HII
8.8000 -0.2500 -1.5000 0.4338 0.0978 0.0052 0.0230 0.0000 2.9711 0.0030 0.0603 0.0075 0.3787 0.0171 0.0844 0.0796 0.0040 0.2983	HII
8.9000 -0.2500 -4.0000 0.0218 0.0000 0.0000 0.0116 0.0000 0.0000 0.0000 0.0309 0.0000 0.3038 0.0088 0.1050 0.0058 0.0000 0.0123	HII
8.9000 -0.2500 -3.7500 0.0381 0.0000 0.0000 0.0193 0.0000 0.0028 0.0000 0.0514 0.0000 0.4743 0.0148 0.1403 0.0106 0.0000 0.0277	HII
8.9000 -0.2500 -3.5000 0.0619 0.0000 0.0000 0.0208 0.0000 0.0111 0.0000 0.0552 0.0000 0.5804 0.0159 0.1432 0.0156 0.0000 0.0474	HII
8.9000 -0.2500 -3.2500 0.1177 0.0000 0.0000 0.0225 0.0000 0.0187 0.0000 0.0595 0.0000 0.8580 0.0170 0.2303 0.0226 0.0000 0.0641	HII
8.9000 -0.2500 -3.0000 0.1879 0.0013 0.0000 0.0228 0.0000 0.0611 0.0010 0.0602 0.0000 0.9775 0.0172 0.2252 0.0318 0.0000 0.0999	HII
8.9000 -0.2500 -2.7500 0.2644 0.0027 0.0000 0.0229 0.0000 0.1379 0.0014 0.0605 0.0000 0.9655 0.0173 0.1979 0.0403 0.0000 0.1343	HII
8.9000 -0.2500 -2.5000 0.3431 0.0048 0.0000 0.0231 0.0000 0.2454 0.0018 0.0608 0.0013 0.8575 0.0173 0.1614 0.0470 0.0000 0.1612	HII
8.9000 -0.2500 -2.2500 0.4205 0.0080 0.0000 0.0231 0.0000 0.4012 0.0021 0.0610 0.0019 0.7112 0.0173 0.1280 0.0533 0.0000 0.1846	HII
8.9000 -0.2500 -2.0000 0.4698 0.0129 0.0000 0.0232 0.0000 0.6272 0.0021 0.0611 0.0025 0.5585 0.0174 0.1007 0.0596 0.0012 0.2064	HII
8.9000 -0.2500 -1.7500 0.4712 0.0208 0.0000 0.0232 0.0000 0.9496 0.0020 0.0611 0.0032 0.4280 0.0173 0.0803 0.0666 0.0014 0.2277	HII
8.9000 -0.2500 -1.5000 0.4196 0.0337 0.0015 0.0231 0.0000 1.3999 0.0018 0.0610 0.0039 0.3291 0.0173 0.0661 0.0746 0.0014 0.2477	HII
9.0000 -0.2500 -4.0000 0.0023 0.0000 0.0000 0.0097 0.0000 0.0000 0.0000 0.0258 0.0000 0.0890 0.0074 0.0339 0.0013 0.0000 0.0041	HII
9.0000 -0.2500 -3.7500 0.0041 0.0000 0.0000 0.0107 0.0000 0.0000 0.0000 0.0286 0.0000 0.1181 0.0082 0.0387 0.0020 0.0000 0.0076	HII
9.0000 -0.2500 -3.5000 0.0083 0.0000 0.0000 0.0115 0.0000 0.0012 0.0000 0.0306 0.0000 0.1683 0.0087 0.0459 0.0034 0.0000 0.0148	HII
9.0000 -0.2500 -3.2500 0.0207 0.0000 0.0000 0.0120 0.0000 0.0063 0.0000 0.0318 0.0000 0.2472 0.0091 0.0564 0.0063 0.0000 0.0294	HII
9.0000 -0.2500 -3.0000 0.0424 0.0000 0.0000 0.0184 0.0000 0.0276 0.0000 0.0493 0.0000 0.3334 0.0144 0.0694 0.0122 0.0000 0.0615	HII
9.0000 -0.2500 -2.7500 0.0401 0.0000 0.0000 0.0181 0.0000 0.0555 0.0000 0.0485 0.0000 0.2157 0.0141 0.0458 0.0132 0.0000 0.0712	HII
9.0000 -0.2500 -2.5000 0.0244 0.0000 0.0000 0.0163 0.0000 0.0711 0.0000 0.0434 0.0000 0.1009 0.0126 0.0231 0.0113 0.0000 0.0647	HII
9.0000 -0.2500 -2.2500 0.0118 0.0000 0.0000 0.0143 0.0000 0.0710 0.0000 0.0379 0.0000 0.0424 0.0108 0.0105 0.0088 0.0000 0.0533	HII
9.0000 -0.2500 -2.0000 0.0055 0.0000 0.0000 0.0146 0.0000 0.0658 0.0000 0.0387 0.0000 0.0194 0.0110 0.0050 0.0072 0.0000 0.0460	HII
9.0000 -0.2500 -1.7500 0.0028 0.0000 0.0000 0.0148 0.0000 0.0651 0.0000 0.0392 0.0000 0.0101 0.0112 0.0025 0.0065 0.0000 0.0418	HII
9.0000 -0.2500 -1.5000 0.0010 0.0000 0.0000 0.0149 0.0000 0.0743 0.0000 0.0396 0.0000 0.0062 0.0113 0.0000 0.0065 0.0000 0.0410	HII
9.1000 -0.2500 -4.0000 0.0000 0.0000 0.0000 0.0078 0.0000 0.0000 0.0000 0.0208 0.0000 0.0127 0.0060 0.0054 0.0000 0.0000 0.0000	HII
9.1000 -0.2500 -3.7500 0.0000 0.0000 0.0000 0.0090 0.0000 0.0000 0.0000 0.0241 0.0000 0.0194 0.0069 0.0071 0.0000 0.0000 0.0016	HII
9.1000 -0.2500 -3.5000 0.0000 0.0000 0.0000 0.0100 0.0000 0.0000 0.0000 0.0267 0.0000 0.0306 0.0076 0.0096 0.0000 0.0000 0.0034	HII
9.1000 -0.2500 -3.2500 0.0000 0.0000 0.0000 0.0107 0.0000 0.0000 0.0000 0.0285 0.0000 0.0535 0.0081 0.0139 0.0016 0.0000 0.0078	HII
9.1000 -0.2500 -3.0000 0.0029 0.0000 0.0000 0.0115 0.0000 0.0018 0.0000 0.0306 0.0000 0.0762 0.0087 0.0170 0.0031 0.0000 0.0155	HII
9.1000 -0.2500 -2.7500 0.0034 0.0000 0.0000 0.0123 0.0000 0.0044 0.0000 0.0326 0.0000 0.0627 0.0093 0.0131 0.0039 0.0000 0.0208	HII
9.1000 -0.2500 -2.5000 0.0011 0.0000 0.0000 0.0128 0.0000 0.0056 0.0000 0.0340 0.0000 0.0319 0.0097 0.0067 0.0033 0.0000 0.0196	HII
9.1000 -0.2500 -2.2500 0.0000 0.0000 0.0000 0.0132 0.0000 0.0044 0.0000 0.0352 0.0000 0.0126 0.0100 0.0026 0.0021 0.0000 0.0145	HII
9.1000 -0.2500 -2.0000 0.0000 0.0000 0.0000 0.0135 0.0000 0.0027 0.0000 0.0361 0.0000 0.0050 0.0103 0.0000 0.0012 0.0000 0.0095	HII
9.1000 -0.2500 -1.7500 0.0000 0.0000 0.0000 0.0137 0.0000 0.0016 0.0000 0.0368 0.0000 0.0026 0.0105 0.0000 0.0000 0.0000 0.0061	HII
9.1000 -0.2500 -1.5000 0.0000 0.0000 0.0000 0.0139 0.0000 0.0013 0.0000 0.0374 0.0000 0.0019 0.0107 0.0000 0.0000 0.0000 0.0045	HII
6.9000 -0.1250 -4.0000 0.3409 0.0106 0.0000 0.0235 0.0000 0.0102 0.0082 0.0600 0.0000 0.3986 0.0170 0.0992 0.0052 0.0073 0.0060	HII
6.9000 -0.1250 -3.7500 0.3908 0.0165 0.0000 0.0229 0.0000 0.0327 0.0093 0.0587 0.0000 0.4081 0.0166 0.0839 0.0060 0.0093 0.0087	HII
6.9000 -0.1250 -3.5000 0.4114 0.0247 0.0013 0.0224 0.0000 0.0923 0.0096 0.0574 0.0014 0.3833 0.0162 0.0679 0.0068 0.0106 0.0120	HII
6.9000 -0.1250 -3.2500 0.3765 0.0348 0.0035 0.0220 0.0000 0.2097 0.0086 0.0562 0.0020 0.3152 0.0158 0.0525 0.0076 0.0103 0.0154	HII
6.9000 -0.1250 -3.0000 0.2969 0.0465 0.0071 0.0215 0.0000 0.3722 0.0067 0.0551 0.0027 0.2296 0.0155 0.0390 0.0084 0.0086 0.0187	HII
6.9000 -0.1250 -2.7500 0.2124 0.0595 0.0119 0.0212 0.0000 0.5475 0.0048 0.0542 0.0034 0.1567 0.0152 0.0284 0.0091 0.0056 0.0214	HII
6.9000 -0.1250 -2.5000 0.1463 0.0737 0.0177 0.0208 0.0000 0.7183 0.0034 0.0535 0.0040 0.1054 0.0149 0.0203 0.0095 0.0040 0.0229	HII
6.9000 -0.1250 -2.2500 0.1015 0.0890 0.0245 0.0206 0.0000 0.8816 0.0024 0.0529 0.0044 0.0725 0.0147 0.0147 0.0094 0.0014 0.0232	HII
6.9000 -0.1250 -2.0000 0.0726 0.1051 0.0323 0.0203 0.0000 1.0384 0.0017 0.0525 0.0045 0.0518 0.0145 0.0110 0.0087 0.0010 0.0221	HII
6.9000 -0.1250 -1.7500 0.0541 0.1215 0.0409 0.0201 0.0000 1.1882 0.0013 0.0522 0.0044 0.0388 0.0144 0.0084 0.0077 0.0000 0.0200	HII
6.9000 -0.1250 -1.5000 0.0420 0.1378 0.0502 0.0199 0.0000 1.3306 0.0010 0.0518 0.0040 0.0302 0.0143 0.0068 0.0066 0.0000 0.0173	HII
7.0000 -0.1250 -4.0000 0.4250 0.0083 0.0000 0.0235 0.0000 0.0127 0.0102 0.0600 0.0000 0.4991 0.0170 0.1244 0.0065 0.0093 0.0075	HII
7.0000 -0.1250 -3.7500 0.4871 0.0129 0.0000 0.0230 0.0000 0.0406 0.0116 0.0587 0.0011 0.5111 0.0166 0.1052 0.0075 0.0115 0.0109	HII
7.0000 -0.1250 -3.5000 0.5131 0.0193 0.0016 0.0225 0.0000 0.1146 0.0120 0.0575 0.0017 0.4804 0.0162 0.0852 0.0085 0.0132 0.0150	HII
7.0000 -0.1250 -3.2500 0.4699 0.0273 0.0043 0.0220 0.0000 0.2605 0.0107 0.0563 0.0025 0.3954 0.0158 0.0658 0.0095 0.0129 0.0193	HII
7.0000 -0.1250 -3.0000 0.3710 0.0365 0.0087 0.0216 0.0000 0.4626 0.0084 0.0552 0.0033 0.2883 0.0155 0.0490 0.0106 0.0108 0.0234	HII
7.0000 -0.1250 -2.7500 0.2656 0.0466 0.0146 0.0212 0.0000 0.6804 0.0060 0.0543 0.0042 0.1968 0.0152 0.0356 0.0114 0.0081 0.0267	HII
7.0000 -0.1250 -2.5000 0.1831 0.0576 0.0217 0.0209 0.0000 0.8917 0.0042 0.0536 0.0049 0.1324 0.0149 0.0256 0.0119 0.0051 0.0287	HII
7.0000 -0.1250 -2.2500 0.1269 0.0694 0.0299 0.0206 0.0000 1.0923 0.0030 0.0531 0.0054 0.0910 0.0147 0.0185 0.0117 0.0017 0.0290	HII
7.0000 -0.1250 -2.0000 0.0907 0.0817 0.0391 0.0204 0.0000 1.2835 0.0022 0.0527 0.0056 0.0650 0.0146 0.0137 0.0109 0.0012 0.0276	HII
7.0000 -0.1250 -1.7500 0.0676 0.0941 0.0492 0.0203 0.0000 1.4642 0.0016 0.0524 0.0054 0.0485 0.0145 0.0105 0.0096 0.0000 0.0249	HII
7.0000 -0.1250 -1.5000 0.0522 0.1063 0.0600 0.0201 0.0000 1.6349 0.0013 0.0521 0.0049 0.0378 0.0144 0.0084 0.0082 0.0000 0.0215	HII
7.1000 -0.1250 -4.0000 0.5289 0.0103 0.0000 0.0235 0.0000 0.0157 0.0126 0.0601 0.0000 0.6243 0.0170 0.1558 0.0082 0.0115 0.0094	HII
7.1000 -0.1250 -3.7500 0.6060 0.0160 0.0000 0.0230 0.0000 0.0503 0.0144 0.0588 0.0014 0.6395 0.0166 0.1318 0.0093 0.0142 0.0136	HII
7.1000 -0.1250 -3.5000 0.6387 0.0240 0.0020 0.0225 0.0000 0.1420 0.0149 0.0575 0.0021 0.6015 0.0162 0.1068 0.0106 0.0163 0.0187	HII
7.1000 -0.1250 -3.2500 0.5857 0.0338 0.0053 0.0220 0.0000 0.3230 0.0134 0.0564 0.0031 0.4957 0.0158 0.0826 0.0119 0.0159 0.0241	HII
7.1000 -0.1250 -3.0000 0.4633 0.0453 0.0107 0.0216 0.0000 0.5747 0.0104 0.0553 0.0041 0.3619 0.0155 0.0615 0.0132 0.0134 0.0293	HII
7.1000 -0.1250 -2.7500 0.3322 0.0579 0.0179 0.0212 0.0000 0.8457 0.0075 0.0545 0.0052 0.2472 0.0152 0.0446 0.0143 0.0100 0.0334	HII
7.1000 -0.1250 -2.5000 0.2291 0.0715 0.0266 0.0209 0.0000 1.1086 0.0053 0.0538 0.0061 0.1664 0.0150 0.0321 0.0149 0.0073 0.0359	HII
7.1000 -0.1250 -2.2500 0.1588 0.0861 0.0366 0.0207 0.0000 1.3581 0.0037 0.0532 0.0067 0.1142 0.0148 0.0233 0.0147 0.0044 0.0363	HII
7.1000 -0.1250 -2.0000 0.1136 0.1013 0.0480 0.0205 0.0000 1.5960 0.0027 0.0529 0.0069 0.0815 0.0146 0.0172 0.0137 0.0016 0.0345	HII
7.1000 -0.1250 -1.7500 0.0845 0.1168 0.0605 0.0203 0.0000 1.8225 0.0020 0.0525 0.0067 0.0608 0.0145 0.0133 0.0121 0.0012 0.0311	HII
7.1000 -0.1250 -1.5000 0.0655 0.1322 0.0740 0.0201 0.0000 2.0381 0.0016 0.0522 0.0061 0.0474 0.0144 0.0106 0.0103 0.0000 0.0269	HII
7.2000 -0.1250 -4.0000 0.6548 0.0126 0.0000 0.0235 0.0000 0.0193 0.0156 0.0601 0.0011 0.7785 0.0170 0.1947 0.0081 0.0141 0.0117	HII
7.2000 -0.1250 -3.7500 0.7499 0.0197 0.0000 0.0230 0.0000 0.0619 0.0177 0.0589 0.0017 0.7978 0.0166 0.1647 0.0092 0.0174 0.0170	HII
7.2000 -0.1250 -3.5000 0.7909 0.0294 0.0024 0.0225 0.0000 0.1747 0.0184 0.0576 0.0026 0.7516 0.0162 0.1334 0.0105 0.0199 0.0233	HII
7.2000 -0.1250 -3.2500 0.7266 0.0416 0.0064 0.0221 0.0000 0.3978 0.0166 0.0565 0.0038 0.6208 0.0159 0.1032 0.0118 0.0196 0.0301	HII
7.2000 -0.1250 -3.0000 0.5758 0.0557 0.0129 0.0217 0.0000 0.7080 0.0130 0.0555 0.0051 0.4540 0.0156 0.0769 0.0131 0.0164 0.0365	HII
7.2000 -0.1250 -2.7500 0.4133 0.0711 0.0216 0.0213 0.0000 1.0419 0.0094 0.0547 0.0064 0.3104 0.0153 0.0558 0.0141 0.0124 0.0417	HII
7.2000 -0.1250 -2.5000 0.2852 0.0877 0.0319 0.0210 0.0000 1.3639 0.0066 0.0540 0.0075 0.2089 0.0151 0.0401 0.0147 0.0090 0.0447	HII
7.2000 -0.1250 -2.2500 0.1977 0.1052 0.0438 0.0208 0.0000 1.6671 0.0046 0.0535 0.0082 0.1432 0.0149 0.0290 0.0145 0.0055 0.0451	HII
7.2000 -0.1250 -2.0000 0.1412 0.1233 0.0570 0.0206 0.0000 1.9533 0.0033 0.0532 0.0084 0.1021 0.0147 0.0215 0.0135 0.0040 0.0429	HII
7.2000 -0.1250 -1.7500 0.1049 0.1416 0.0714 0.0204 0.0000 2.2238 0.0025 0.0529 0.0081 0.0760 0.0146 0.0165 0.0119 0.0014 0.0386	HII
7.2000 -0.1250 -1.5000 0.0810 0.1597 0.0866 0.0203 0.0000 2.4788 0.0019 0.0526 0.0073 0.0590 0.0145 0.0131 0.0102 0.0011 0.0333	HII
7.3000 -0.1250 -4.0000 0.8053 0.0151 0.0000 0.0235 0.0000 0.0235 0.0191 0.0601 0.0013 0.9669 0.0170 0.2420 0.0126 0.0172 0.0146	HII
7.3000 -0.1250 -3.7500 0.9221 0.0237 0.0000 0.0230 0.0000 0.0753 0.0217 0.0589 0.0021 0.9921 0.0166 0.2049 0.0144 0.0213 0.0211	HII
7.3000 -0.1250 -3.5000 0.9733 0.0356 0.0029 0.0226 0.0000 0.2126 0.0226 0.0577 0.0032 0.9370 0.0163 0.1661 0.0164 0.0242 0.0290	HII
7.3000 -0.1250 -3.2500 0.8964 0.0506 0.0076 0.0221 0.0000 0.4850 0.0204 0.0566 0.0046 0.7767 0.0159 0.1286 0.0184 0.0240 0.0374	HII
7.3000 -0.1250 -3.0000 0.7125 0.0677 0.0154 0.0217 0.0000 0.8649 0.0161 0.0557 0.0062 0.5699 0.0156 0.0957 0.0204 0.0201 0.0453	HII
7.3000 -0.1250 -2.7500 0.5124 0.0865 0.0256 0.0214 0.0000 1.2733 0.0116 0.0549 0.0078 0.3901 0.0154 0.0695 0.0221 0.0152 0.0517	HII
7.3000 -0.1250 -2.5000 0.3539 0.1065 0.0377 0.0211 0.0000 1.6641 0.0081 0.0543 0.0091 0.2624 0.0151 0.0499 0.0230 0.0110 0.0555	HII
7.3000 -0.1250 -2.2500 0.2453 0.1273 0.0514 0.0209 0.0000 2.0288 0.0057 0.0538 0.0100 0.1797 0.0150 0.0361 0.0227 0.0078 0.0560	HII
7.3000 -0.1250 -2.0000 0.1749 0.1485 0.0664 0.0208 0.0000 2.3689 0.0041 0.0535 0.0102 0.1278 0.0148 0.0267 0.0211 0.0049 0.0532	HII
7.3000 -0.1250 -1.7500 0.1298 0.1697 0.0826 0.0206 0.0000 2.6876 0.0031 0.0533 0.0097 0.0949 0.0147 0.0205 0.0186 0.0028 0.0478	HII
7.3000 -0.1250 -1.5000 0.0999 0.1906 0.0996 0.0204 0.0000 2.9865 0.0024 0.0530 0.0088 0.0735 0.0146 0.0163 0.0159 0.0014 0.0411	HII
7.4000 -0.1250 -4.0000 0.9844 0.0181 0.0000 0.0234 0.0000 0.0284 0.0232 0.0600 0.0016 1.1967 0.0170 0.3002 0.0123 0.0206 0.0180	HII
7.4000 -0.1250 -3.7500 1.1262 0.0284 0.0010 0.0230 0.0000 0.0909 0.0263 0.0589 0.0026 1.2290 0.0166 0.2543 0.0141 0.0255 0.0261	HII
7.4000 -0.1250 -3.5000 1.1899 0.0428 0.0034 0.0226 0.0000 0.2568 0.0275 0.0578 0.0039 1.1640 0.0163 0.2062 0.0161 0.0292 0.0358	HII
7.4000 -0.1250 -3.2500 1.0989 0.0609 0.0089 0.0222 0.0000 0.5867 0.0250 0.0568 0.0056 0.9688 0.0160 0.1596 0.0181 0.0288 0.0462	HII
7.4000 -0.1250 -3.0000 0.8763 0.0818 0.0180 0.0218 0.0000 1.0482 0.0198 0.0559 0.0075 0.7132 0.0157 0.1189 0.0200 0.0245 0.0560	HII
7.4000 -0.1250 -2.7500 0.6319 0.1043 0.0300 0.0215 0.0000 1.5437 0.0143 0.0552 0.0094 0.4891 0.0154 0.0863 0.0217 0.0186 0.0640	HII
7.4000 -0.1250 -2.5000 0.4369 0.1281 0.0439 0.0213 0.0000 2.0140 0.0100 0.0546 0.0110 0.3290 0.0152 0.0620 0.0225 0.0134 0.0687	HII
7.4000 -0.1250 -2.2500 0.3027 0.1525 0.0594 0.0211 0.0000 2.4478 0.0071 0.0542 0.0120 0.2249 0.0151 0.0447 0.0222 0.0095 0.0692	HII
7.4000 -0.1250 -2.0000 0.2156 0.1771 0.0761 0.0209 0.0000 2.8479 0.0051 0.0539 0.0122 0.1595 0.0150 0.0331 0.0207 0.0059 0.0657	HII
7.4000 -0.1250 -1.7500 0.1595 0.2015 0.0940 0.0208 0.0000 3.2199 0.0038 0.0537 0.0116 0.1180 0.0149 0.0252 0.0183 0.0045 0.0589	HII
7.4000 -0.1250 -1.5000 0.1227 0.2254 0.1128 0.0206 0.0000 3.5683 0.0029 0.0534 0.0104 0.0912 0.0148 0.0201 0.0156 0.0017 0.0506	HII
7.5000 -0.1250 -4.0000 1.1900 0.0214 0.0000 0.0234 0.0000 0.0340 0.0278 0.0600 0.0019 1.4722 0.0170 0.3708 0.0191 0.0245 0.0221	HII
7.5000 -0.1250 -3.7500 1.3610 0.0337 0.0012 0.0231 0.0000 0.1085 0.0316 0.0590 0.0031 1.5136 0.0167 0.3141 0.0218 0.0302 0.0320	HII
7.5000 -0.1250 -3.5000 1.4381 0.0508 0.0039 0.0227 0.0000 0.3061 0.0331 0.0580 0.0047 1.4373 0.0164 0.2549 0.0248 0.0345 0.0440	HII
7.5000 -0.1250 -3.2500 1.3336 0.0726 0.0101 0.0223 0.0000 0.7013 0.0302 0.0570 0.0067 1.2023 0.0160 0.1976 0.0280 0.0343 0.0568	HII
7.5000 -0.1250 -3.0000 1.0681 0.0975 0.0206 0.0219 0.0000 1.2557 0.0240 0.0561 0.0089 0.8887 0.0158 0.1472 0.0310 0.0292 0.0689	HII
7.5000 -0.1250 -2.7500 0.7728 0.1243 0.0343 0.0216 0.0000 1.8501 0.0175 0.0555 0.0111 0.6107 0.0155 0.1068 0.0334 0.0223 0.0785	HII
7.5000 -0.1250 -2.5000 0.5350 0.1521 0.0499 0.0214 0.0000 2.4097 0.0123 0.0549 0.0130 0.4107 0.0154 0.0766 0.0347 0.0160 0.0843	HII
7.5000 -0.1250 -2.2500 0.3707 0.1803 0.0670 0.0212 0.0000 2.9189 0.0086 0.0545 0.0141 0.2803 0.0152 0.0553 0.0343 0.0115 0.0849	HII
7.5000 -0.1250 -2.0000 0.2638 0.2083 0.0854 0.0211 0.0000 3.3846 0.0062 0.0543 0.0143 0.1982 0.0151 0.0408 0.0320 0.0083 0.0805	HII
7.5000 -0.1250 -1.7500 0.1949 0.2361 0.1047 0.0210 0.0000 3.8148 0.0046 0.0541 0.0136 0.1463 0.0150 0.0312 0.0283 0.0055 0.0722	HII
7.5000 -0.1250 -1.5000 0.1496 0.2633 0.1251 0.0208 0.0000 4.2168 0.0036 0.0539 0.0122 0.1126 0.0149 0.0247 0.0241 0.0042 0.0619	HII
7.6000 -0.1250 -4.0000 1.4252 0.0250 0.0000 0.0234 0.0000 0.0404 0.0330 0.0600 0.0023 1.8008 0.0170 0.4553 0.0185 0.0285 0.0270	HII
7.6000 -0.1250 -3.7500 1.6256 0.0394 0.0013 0.0231 0.0000 0.1279 0.0375 0.0591 0.0036 1.8519 0.0167 0.3862 0.0211 0.0352 0.0391	HII
7.6000 -0.1250 -3.5000 1.7202 0.0596 0.0043 0.0227 0.0000 0.3606 0.0393 0.0582 0.0055 1.7644 0.0164 0.3137 0.0240 0.0401 0.0536	HII
7.6000 -0.1250 -3.2500 1.6000 0.0852 0.0113 0.0224 0.0000 0.8273 0.0361 0.0572 0.0078 1.4831 0.0161 0.2433 0.0271 0.0401 0.0693	HII
7.6000 -0.1250 -3.0000 1.2881 0.1147 0.0231 0.0220 0.0000 1.4845 0.0289 0.0564 0.0105 1.1015 0.0159 0.1814 0.0300 0.0344 0.0840	HII
7.6000 -0.1250 -2.7500 0.9358 0.1460 0.0382 0.0218 0.0000 2.1879 0.0212 0.0558 0.0130 0.7589 0.0156 0.1315 0.0323 0.0263 0.0957	HII
7.6000 -0.1250 -2.5000 0.6495 0.1780 0.0554 0.0216 0.0000 2.8456 0.0149 0.0553 0.0152 0.5105 0.0155 0.0944 0.0336 0.0191 0.1026	HII
7.6000 -0.1250 -2.2500 0.4502 0.2100 0.0739 0.0214 0.0000 3.4362 0.0105 0.0549 0.0164 0.3479 0.0153 0.0680 0.0331 0.0137 0.1034	HII
7.6000 -0.1250 -2.0000 0.3202 0.2417 0.0935 0.0213 0.0000 3.9715 0.0075 0.0547 0.0166 0.2453 0.0152 0.0501 0.0309 0.0100 0.0979	HII
7.6000 -0.1250 -1.7500 0.2363 0.2729 0.1142 0.0211 0.0000 4.4660 0.0056 0.0545 0.0158 0.1805 0.0152 0.0382 0.0274 0.0074 0.0878	HII
7.6000 -0.1250 -1.5000 0.1811 0.3036 0.1360 0.0210 0.0000 4.9289 0.0043 0.0543 0.0142 0.1386 0.0151 0.0303 0.0234 0.0051 0.0752	HII
7.7000 -0.1250 -4.0000 1.6704 0.0286 0.0000 0.0234 0.0000 0.0472 0.0381 0.0601 0.0026 2.1757 0.0170 0.5535 0.0280 0.0323 0.0327	HII
7.7000 -0.1250 -3.7500 1.9019 0.0450 0.0014 0.0231 0.0000 0.1475 0.0433 0.0593 0.0042 2.2395 0.0168 0.4705 0.0321 0.0396 0.0471	HII
7.7000 -0.1250 -3.5000 2.0146 0.0683 0.0046 0.0228 0.0000 0.4152 0.0456 0.0584 0.0063 2.1411 0.0165 0.3826 0.0365 0.0455 0.0646	HII
7.7000 -0.1250 -3.2500 1.8837 0.0979 0.0122 0.0225 0.0000 0.9556 0.0422 0.0575 0.0090 1.8114 0.0162 0.2972 0.0411 0.0456 0.0835	HII
7.7000 -0.1250 -3.0000 1.5276 0.1320 0.0249 0.0222 0.0000 1.7206 0.0341 0.0567 0.0120 1.3536 0.0160 0.2218 0.0455 0.0395 0.1012	HII
7.7000 -0.1250 -2.7500 1.1165 0.1679 0.0411 0.0219 0.0000 2.5380 0.0251 0.0561 0.0149 0.9360 0.0158 0.1610 0.0490 0.0304 0.1153	HII
7.7000 -0.1250 -2.5000 0.7778 0.2040 0.0593 0.0217 0.0000 3.2970 0.0178 0.0557 0.0173 0.6302 0.0156 0.1154 0.0508 0.0221 0.1234	HII
7.7000 -0.1250 -2.2500 0.5402 0.2398 0.0788 0.0216 0.0000 3.9752 0.0125 0.0553 0.0187 0.4289 0.0155 0.0830 0.0502 0.0159 0.1244	HII
7.7000 -0.1250 -2.0000 0.3843 0.2750 0.0993 0.0214 0.0000 4.5843 0.0090 0.0551 0.0189 0.3017 0.0154 0.0611 0.0468 0.0116 0.1180	HII
7.7000 -0.1250 -1.7500 0.2835 0.3099 0.1210 0.0213 0.0000 5.1474 0.0067 0.0549 0.0180 0.2213 0.0153 0.0466 0.0416 0.0087 0.1058	HII
7.7000 -0.1250 -1.5000 0.2173 0.3446 0.1442 0.0212 0.0000 5.6818 0.0052 0.0547 0.0162 0.1695 0.0152 0.0368 0.0357 0.0059 0.0907	HII
7.8000 -0.1250 -4.0000 1.9151 0.0320 0.0000 0.0235 0.0000 0.0535 0.0431 0.0601 0.0030 2.5968 0.0170 0.6667 0.0265 0.0354 0.0389	HII
7.8000 -0.1250 -3.7500 2.1791 0.0504 0.0015 0.0232 0.0000 0.1664 0.0489 0.0594 0.0047 2.6756 0.0168 0.5678 0.0304 0.0436 0.0560	HII
7.8000 -0.1250 -3.5000 2.3109 0.0765 0.0048 0.0229 0.0000 0.4673 0.0517 0.0586 0.0071 2.5676 0.0166 0.4625 0.0345 0.0498 0.0768	HII
7.8000 -0.1250 -3.2500 2.1737 0.1100 0.0125 0.0226 0.0000 1.0780 0.0483 0.0578 0.0101 2.1882 0.0163 0.3598 0.0388 0.0504 0.0993	HII
7.8000 -0.1250 -3.0000 1.7775 0.1485 0.0257 0.0223 0.0000 1.9499 0.0395 0.0570 0.0134 1.6472 0.0161 0.2690 0.0429 0.0440 0.1205	HII
7.8000 -0.1250 -2.7500 1.3102 0.1888 0.0425 0.0220 0.0000 2.8835 0.0294 0.0565 0.0166 1.1446 0.0159 0.1954 0.0463 0.0343 0.1372	HII
7.8000 -0.1250 -2.5000 0.9183 0.2289 0.0613 0.0219 0.0000 3.7468 0.0209 0.0560 0.0192 0.7721 0.0157 0.1400 0.0480 0.0252 0.1468	HII
7.8000 -0.1250 -2.2500 0.6395 0.2681 0.0812 0.0217 0.0000 4.5122 0.0148 0.0557 0.0208 0.5251 0.0156 0.1007 0.0474 0.0181 0.1478	HII
7.8000 -0.1250 -2.0000 0.4557 0.3069 0.1022 0.0216 0.0000 5.2017 0.0107 0.0555 0.0210 0.3686 0.0155 0.0741 0.0444 0.0134 0.1403	HII
7.8000 -0.1250 -1.7500 0.3365 0.3458 0.1247 0.0215 0.0000 5.8423 0.0080 0.0553 0.0201 0.2698 0.0154 0.0564 0.0395 0.0100 0.1262	HII
7.8000 -0.1250 -1.5000 0.2580 0.3848 0.1488 0.0214 0.0000 6.4527 0.0062 0.0551 0.0182 0.2062 0.0154 0.0445 0.0340 0.0078 0.1085	HII
7.9000 -0.1250 -4.0000 2.1094 0.0344 0.0000 0.0235 0.0000 0.0582 0.0464 0.0603 0.0032 3.0283 0.0171 0.7875 0.0389 0.0367 0.0452	HII
7.9000 -0.1250 -3.7500 2.4021 0.0543 0.0014 0.0233 0.0000 0.1806 0.0528 0.0596 0.0050 3.1266 0.0169 0.6728 0.0446 0.0451 0.0652	HII
7.9000 -0.1250 -3.5000 2.5577 0.0825 0.0046 0.0230 0.0000 0.5067 0.0562 0.0589 0.0076 3.0166 0.0166 0.5498 0.0506 0.0519 0.0895	HII
7.9000 -0.1250 -3.2500 2.4255 0.1189 0.0120 0.0227 0.0000 1.1728 0.0531 0.0581 0.0108 2.5945 0.0164 0.4292 0.0570 0.0531 0.1158	HII
7.9000 -0.1250 -3.0000 2.0095 0.1612 0.0249 0.0224 0.0000 2.1368 0.0442 0.0574 0.0144 1.9734 0.0162 0.3218 0.0631 0.0471 0.1407	HII
7.9000 -0.1250 -2.7500 1.4996 0.2055 0.0416 0.0222 0.0000 3.1806 0.0334 0.0568 0.0179 1.3813 0.0160 0.2342 0.0680 0.0374 0.1604	HII
7.9000 -0.1250 -2.5000 1.0606 0.2490 0.0602 0.0220 0.0000 4.1421 0.0240 0.0564 0.0207 0.9350 0.0158 0.1680 0.0705 0.0279 0.1717	HII
7.9000 -0.1250 -2.2500 0.7432 0.2917 0.0800 0.0219 0.0000 4.9965 0.0171 0.0561 0.0224 0.6363 0.0157 0.1209 0.0698 0.0203 0.1731	HII
7.9000 -0.1250 -2.0000 0.5314 0.3340 0.1010 0.0218 0.0000 5.7703 0.0124 0.0559 0.0228 0.4462 0.0157 0.0888 0.0656 0.0150 0.1646	HII
7.9000 -0.1250 -1.7500 0.3933 0.3768 0.1237 0.0217 0.0000 6.4961 0.0093 0.0557 0.0218 0.3260 0.0156 0.0676 0.0588 0.0114 0.1484	HII
7.9000 -0.1250 -1.5000 0.3020 0.4205 0.1486 0.0216 0.0000 7.1984 0.0072 0.0556 0.0200 0.2487 0.0155 0.0534 0.0507 0.0089 0.1282	HII
8.0000 -0.1250 -4.0000 2.2340 0.0356 0.0000 0.0235 0.0000 0.0610 0.0478 0.0604 0.0033 3.4504 0.0171 0.9120 0.0353 0.0360 0.0514	HII
8.0000 -0.1250 -3.7500 2.5539 0.0563 0.0013 0.0233 0.0000 0.1890 0.0547 0.0598 0.0052 3.5762 0.0170 0.7832 0.0404 0.0445 0.0742	HII
8.0000 -0.1250 -3.5000 2.7322 0.0857 0.0041 0.0231 0.0000 0.5300 0.0587 0.0591 0.0078 3.4716 0.0167 0.6428 0.0459 0.0514 0.1020	HII
8.0000 -0.1250 -3.2500 2.6229 0.1242 0.0109 0.0228 0.0000 1.2337 0.0565 0.0584 0.0112 3.0205 0.0165 0.5042 0.0517 0.0533 0.1325	HII
8.0000 -0.1250 -3.0000 2.2057 0.1692 0.0227 0.0225 0.0000 2.2661 0.0478 0.0577 0.0150 2.3252 0.0163 0.3795 0.0573 0.0482 0.1613	HII
8.0000 -0.1250 -2.7500 1.6725 0.2165 0.0385 0.0223 0.0000 3.4003 0.0368 0.0572 0.0186 1.6435 0.0161 0.2771 0.0618 0.0392 0.1842	HII
8.0000 -0.1250 -2.5000 1.1982 0.2631 0.0563 0.0221 0.0000 4.4603 0.0269 0.0568 0.0216 1.1189 0.0160 0.1992 0.0643 0.0296 0.1977	HII
8.0000 -0.1250 -2.2500 0.8470 0.3087 0.0754 0.0220 0.0000 5.4032 0.0194 0.0565 0.0235 0.7630 0.0159 0.1436 0.0639 0.0220 0.1997	HII
8.0000 -0.1250 -2.0000 0.6093 0.3545 0.0959 0.0219 0.0000 6.2620 0.0142 0.0563 0.0240 0.5351 0.0158 0.1056 0.0604 0.0164 0.1905	HII
8.0000 -0.1250 -1.7500 0.4525 0.4014 0.1185 0.0218 0.0000 7.0792 0.0107 0.0561 0.0232 0.3906 0.0157 0.0804 0.0544 0.0126 0.1724	HII
8.0000 -0.1250 -1.5000 0.3485 0.4502 0.1436 0.0217 0.0000 7.8837 0.0083 0.0560 0.0214 0.2976 0.0157 0.0636 0.0473 0.0100 0.1496	HII
8.1000 -0.1250 -4.0000 2.2056 0.0345 0.0000 0.0235 0.0000 0.0597 0.0455 0.0605 0.0031 3.7716 0.0172 1.0189 0.0488 0.0318 0.0563	HII
8.1000 -0.1250 -3.7500 2.5475 0.0548 0.0010 0.0234 0.0000 0.1857 0.0528 0.0601 0.0050 3.9390 0.0170 0.8831 0.0562 0.0400 0.0815	HII
8.1000 -0.1250 -3.5000 2.7603 0.0841 0.0033 0.0231 0.0000 0.5247 0.0575 0.0594 0.0076 3.8659 0.0168 0.7311 0.0640 0.0470 0.1127	HII
8.1000 -0.1250 -3.2500 2.6943 0.1229 0.0089 0.0229 0.0000 1.2344 0.0565 0.0587 0.0109 3.4133 0.0166 0.5778 0.0723 0.0500 0.1471	HII
8.1000 -0.1250 -3.0000 2.3165 0.1690 0.0191 0.0226 0.0000 2.2975 0.0493 0.0581 0.0147 2.6712 0.0164 0.4378 0.0803 0.0466 0.1801	HII
8.1000 -0.1250 -2.7500 1.7955 0.2181 0.0330 0.0224 0.0000 3.4915 0.0389 0.0576 0.0185 1.9139 0.0162 0.3216 0.0869 0.0390 0.2067	HII
8.1000 -0.1250 -2.5000 1.3101 0.2669 0.0492 0.0223 0.0000 4.6273 0.0291 0.0572 0.0216 1.3148 0.0161 0.2322 0.0907 0.0304 0.2227	HII
8.1000 -0.1250 -2.2500 0.9387 0.3150 0.0670 0.0222 0.0000 5.6538 0.0213 0.0569 0.0237 0.9008 0.0160 0.1678 0.0907 0.0230 0.2260	HII
8.1000 -0.1250 -2.0000 0.6811 0.3637 0.0864 0.0221 0.0000 6.5994 0.0157 0.0567 0.0244 0.6327 0.0159 0.1237 0.0863 0.0174 0.2166	HII
8.1000 -0.1250 -1.7500 0.5090 0.4144 0.1079 0.0220 0.0000 7.5103 0.0120 0.0565 0.0239 0.4619 0.0159 0.0942 0.0784 0.0135 0.1970	HII
8.1000 -0.1250 -1.5000 0.3939 0.4684 0.1326 0.0219 0.0000 8.4236 0.0094 0.0564 0.0223 0.3517 0.0158 0.0746 0.0687 0.0108 0.1719	HII
8.2000 -0.1250 -4.0000 2.0355 0.0305 0.0000 0.0235 0.0000 0.0544 0.0400 0.0605 0.0027 3.9523 0.0172 1.0958 0.0407 0.0257 0.0590	HII
8.2000 -0.1250 -3.7500 2.3916 0.0493 0.0000 0.0234 0.0000 0.1709 0.0474 0.0602 0.0044 4.1772 0.0171 0.9632 0.0473 0.0331 0.0863	HII
8.2000 -0.1250 -3.5000 2.6385 0.0767 0.0024 0.0232 0.0000 0.4883 0.0528 0.0596 0.0068 4.1592 0.0169 0.8074 0.0543 0.0399 0.1204	HII
8.2000 -0.1250 -3.2500 2.6304 0.1137 0.0066 0.0230 0.0000 1.1638 0.0533 0.0590 0.0100 3.7390 0.0167 0.6445 0.0616 0.0436 0.1584	HII
8.2000 -0.1250 -3.0000 2.3206 0.1586 0.0145 0.0227 0.0000 2.2047 0.0479 0.0584 0.0136 2.9843 0.0165 0.4926 0.0687 0.0421 0.1953	HII
8.2000 -0.1250 -2.7500 1.8473 0.2073 0.0258 0.0226 0.0000 3.4078 0.0391 0.0579 0.0173 2.1748 0.0164 0.3643 0.0747 0.0365 0.2256	HII
8.2000 -0.1250 -2.5000 1.3807 0.2567 0.0395 0.0224 0.0000 4.5842 0.0300 0.0576 0.0205 1.5133 0.0163 0.2647 0.0785 0.0294 0.2449	HII
8.2000 -0.1250 -2.2500 1.0072 0.3060 0.0550 0.0223 0.0000 5.6684 0.0225 0.0573 0.0228 1.0448 0.0162 0.1922 0.0792 0.0229 0.2503	HII
8.2000 -0.1250 -2.0000 0.7404 0.3566 0.0723 0.0222 0.0000 6.6851 0.0169 0.0571 0.0239 0.7367 0.0161 0.1421 0.0761 0.0177 0.2418	HII
8.2000 -0.1250 -1.7500 0.5584 0.4101 0.0921 0.0221 0.0000 7.6804 0.0130 0.0569 0.0237 0.5388 0.0160 0.1086 0.0700 0.0139 0.2219	HII
8.2000 -0.1250 -1.5000 0.4348 0.4680 0.1150 0.0220 0.0000 8.6958 0.0103 0.0568 0.0225 0.4105 0.0160 0.0862 0.0620 0.0113 0.1952	HII
8.3000 -0.1250 -4.0000 1.6390 0.0227 0.0000 0.0232 0.0000 0.0433 0.0299 0.0600 0.0020 3.8074 0.0171 1.0905 0.0494 0.0170 0.0572	HII
8.3000 -0.1250 -3.7500 1.9896 0.0380 0.0000 0.0232 0.0000 0.1389 0.0369 0.0600 0.0034 4.1132 0.0171 0.9831 0.0586 0.0229 0.0851	HII
8.3000 -0.1250 -3.5000 2.2667 0.0612 0.0014 0.0231 0.0000 0.4068 0.0426 0.0597 0.0055 4.1923 0.0170 0.8418 0.0684 0.0288 0.1210	HII
8.3000 -0.1250 -3.2500 2.3326 0.0932 0.0041 0.0230 0.0000 0.9930 0.0447 0.0592 0.0081 3.8654 0.0168 0.6833 0.0784 0.0328 0.1615	HII
8.3000 -0.1250 -3.0000 2.1350 0.1335 0.0093 0.0228 0.0000 1.9292 0.0420 0.0587 0.0114 3.1707 0.0167 0.5293 0.0882 0.0334 0.2016	HII
8.3000 -0.1250 -2.7500 1.7647 0.1788 0.0173 0.0227 0.0000 3.0612 0.0358 0.0583 0.0147 2.3681 0.0165 0.3958 0.0968 0.0306 0.2356	HII
8.3000 -0.1250 -2.5000 1.3640 0.2261 0.0276 0.0225 0.0000 4.2122 0.0286 0.0580 0.0179 1.6789 0.0164 0.2903 0.1028 0.0259 0.2587	HII
8.3000 -0.1250 -2.2500 1.0218 0.2742 0.0398 0.0224 0.0000 5.3051 0.0222 0.0577 0.0203 1.1739 0.0163 0.2124 0.1050 0.0210 0.2677	HII
8.3000 -0.1250 -2.0000 0.7658 0.3242 0.0538 0.0224 0.0000 6.3500 0.0171 0.0575 0.0217 0.8341 0.0162 0.1579 0.1025 0.0168 0.2618	HII
8.3000 -0.1250 -1.7500 0.5859 0.3779 0.0702 0.0223 0.0000 7.3892 0.0134 0.0574 0.0220 0.6129 0.0162 0.1213 0.0957 0.0135 0.2433	HII
8.3000 -0.1250 -1.5000 0.4612 0.4372 0.0897 0.0222 0.0000 8.4716 0.0108 0.0572 0.0214 0.4685 0.0161 0.0967 0.0861 0.0110 0.2169	HII
8.4000 -0.1250 -4.0000 1.2232 0.0156 0.0000 0.0229 0.0000 0.0327 0.0204 0.0594 0.0014 3.5012 0.0169 1.0345 0.0361 0.0100 0.0536	HII
8.4000 -0.1250 -3.7500 1.5403 0.0273 0.0000 0.0231 0.0000 0.1070 0.0263 0.0598 0.0025 3.8754 0.0170 0.9597 0.0439 0.0144 0.0812	HII
8.4000 -0.1250 -3.5000 1.8193 0.0455 0.0000 0.0231 0.0000 0.3218 0.0318 0.0597 0.0041 4.0525 0.0170 0.8428 0.0522 0.0191 0.1178	HII
8.4000 -0.1250 -3.2500 1.9434 0.0717 0.0023 0.0230 0.0000 0.8058 0.0348 0.0594 0.0063 3.8432 0.0169 0.6982 0.0608 0.0228 0.1599	HII
8.4000 -0.1250 -3.0000 1.8450 0.1053 0.0054 0.0229 0.0000 1.6013 0.0341 0.0591 0.0089 3.2402 0.0168 0.5492 0.0690 0.0242 0.2021	HII
8.4000 -0.1250 -2.7500 1.5837 0.1445 0.0104 0.0228 0.0000 2.6017 0.0304 0.0587 0.0117 2.4824 0.0167 0.4159 0.0764 0.0234 0.2388	HII
8.4000 -0.1250 -2.5000 1.2708 0.1873 0.0174 0.0227 0.0000 3.6719 0.0254 0.0584 0.0146 1.7989 0.0166 0.3085 0.0821 0.0210 0.2656	HII
8.4000 -0.1250 -2.2500 0.9833 0.2322 0.0262 0.0226 0.0000 4.7275 0.0205 0.0582 0.0170 1.2785 0.0165 0.2280 0.0850 0.0178 0.2786	HII
8.4000 -0.1250 -2.0000 0.7557 0.2798 0.0368 0.0225 0.0000 5.7658 0.0163 0.0580 0.0186 0.9183 0.0164 0.1709 0.0844 0.0149 0.2763	HII
8.4000 -0.1250 -1.7500 0.5890 0.3312 0.0495 0.0224 0.0000 6.8132 0.0131 0.0579 0.0194 0.6795 0.0163 0.1320 0.0801 0.0123 0.2602	HII
8.4000 -0.1250 -1.5000 0.4703 0.3895 0.0651 0.0224 0.0000 7.9326 0.0108 0.0577 0.0194 0.5221 0.0163 0.1059 0.0733 0.0103 0.2350	HII
8.5000 -0.1250 -4.0000 0.7531 0.0075 0.0000 0.0224 0.0000 0.0188 0.0109 0.0584 0.0000 2.8640 0.0166 0.8658 0.0372 0.0028 0.0461	HII
8.5000 -0.1250 -3.7500 0.9983 0.0141 0.0000 0.0228 0.0000 0.0633 0.0150 0.0593 0.0015 3.2717 0.0169 0.8329 0.0467 0.0059 0.0713	HII
8.5000 -0.1250 -3.5000 1.2553 0.0255 0.0000 0.0230 0.0000 0.2016 0.0194 0.0596 0.0026 3.5596 0.0170 0.7589 0.0576 0.0100 0.1067	HII
8.5000 -0.1250 -3.2500 1.4337 0.0434 0.0000 0.0230 0.0000 0.5392 0.0227 0.0596 0.0042 3.5258 0.0170 0.6487 0.0691 0.0130 0.1491	HII
8.5000 -0.1250 -3.0000 1.4435 0.0676 0.0024 0.0229 0.0000 1.1290 0.0236 0.0594 0.0061 3.0848 0.0169 0.5206 0.0797 0.0150 0.1918	HII
8.5000 -0.1250 -2.7500 1.3076 0.0975 0.0049 0.0229 0.0000 1.9169 0.0222 0.0592 0.0083 2.4401 0.0168 0.4001 0.0893 0.0154 0.2298	HII
8.5000 -0.1250 -2.5000 1.1017 0.1320 0.0087 0.0228 0.0000 2.8137 0.0196 0.0590 0.0105 1.8155 0.0167 0.3006 0.0975 0.0147 0.2599	HII
8.5000 -0.1250 -2.2500 0.8876 0.1703 0.0140 0.0227 0.0000 3.7549 0.0165 0.0588 0.0127 1.3158 0.0167 0.2250 0.1034 0.0134 0.2788	HII
8.5000 -0.1250 -2.0000 0.7044 0.2123 0.0207 0.0227 0.0000 4.7190 0.0137 0.0586 0.0146 0.9578 0.0166 0.1704 0.1057 0.0117 0.2841	HII
8.5000 -0.1250 -1.7500 0.5625 0.2586 0.0292 0.0226 0.0000 5.7137 0.0114 0.0585 0.0158 0.7150 0.0165 0.1328 0.1038 0.0102 0.2751	HII
8.5000 -0.1250 -1.5000 0.4573 0.3115 0.0399 0.0225 0.0000 6.7891 0.0096 0.0583 0.0165 0.5527 0.0165 0.1073 0.0980 0.0088 0.2551	HII
8.6000 -0.1250 -4.0000 0.4167 0.0025 0.0000 0.0218 0.0000 0.0083 0.0051 0.0571 0.0000 2.1999 0.0163 0.6706 0.0228 0.0000 0.0386	HII
8.6000 -0.1250 -3.7500 0.5804 0.0051 0.0000 0.0224 0.0000 0.0287 0.0074 0.0586 0.0000 2.5841 0.0167 0.6662 0.0295 0.0012 0.0607	HII
8.6000 -0.1250 -3.5000 0.7865 0.0103 0.0000 0.0228 0.0000 0.0980 0.0103 0.0594 0.0015 2.9372 0.0169 0.6316 0.0379 0.0028 0.0934	HII
8.6000 -0.1250 -3.2500 0.9853 0.0196 0.0000 0.0229 0.0000 0.2911 0.0131 0.0596 0.0026 3.0649 0.0170 0.5601 0.0472 0.0056 0.1352	HII
8.6000 -0.1250 -3.0000 1.0763 0.0338 0.0000 0.0229 0.0000 0.6678 0.0145 0.0597 0.0039 2.7933 0.0170 0.4587 0.0558 0.0082 0.1777	HII
8.6000 -0.1250 -2.7500 1.0478 0.0528 0.0018 0.0229 0.0000 1.2106 0.0144 0.0596 0.0054 2.2834 0.0169 0.3565 0.0632 0.0093 0.2151	HII
8.6000 -0.1250 -2.5000 0.9362 0.0766 0.0035 0.0229 0.0000 1.8763 0.0132 0.0595 0.0070 1.7391 0.0169 0.2697 0.0697 0.0095 0.2462	HII
8.6000 -0.1250 -2.2500 0.7921 0.1053 0.0060 0.0229 0.0000 2.6334 0.0116 0.0594 0.0087 1.2821 0.0169 0.2034 0.0757 0.0093 0.2705	HII
8.6000 -0.1250 -2.0000 0.6509 0.1388 0.0096 0.0228 0.0000 3.4556 0.0100 0.0593 0.0104 0.9426 0.0168 0.1554 0.0804 0.0086 0.2856	HII
8.6000 -0.1250 -1.7500 0.5326 0.1769 0.0144 0.0228 0.0000 4.3340 0.0085 0.0592 0.0120 0.7073 0.0168 0.1219 0.0828 0.0078 0.2887	HII
8.6000 -0.1250 -1.5000 0.4403 0.2208 0.0206 0.0227 0.0000 5.2921 0.0074 0.0590 0.0132 0.5484 0.0167 0.0992 0.0824 0.0060 0.2797	HII
8.7000 -0.1250 -4.0000 0.1904 0.0000 0.0000 0.0213 0.0000 0.0032 0.0019 0.0562 0.0000 1.5186 0.0160 0.4712 0.0202 0.0000 0.0297	HII
8.7000 -0.1250 -3.7500 0.2823 0.0016 0.0000 0.0221 0.0000 0.0114 0.0030 0.0582 0.0000 1.8443 0.0166 0.4873 0.0271 0.0000 0.0476	HII
8.7000 -0.1250 -3.5000 0.4098 0.0034 0.0000 0.0226 0.0000 0.0413 0.0045 0.0594 0.0000 2.1808 0.0169 0.4813 0.0361 0.0000 0.0755	HII
8.7000 -0.1250 -3.2500 0.5664 0.0073 0.0000 0.0229 0.0000 0.1366 0.0062 0.0599 0.0013 2.4052 0.0171 0.4468 0.0471 0.0010 0.1141	HII
8.7000 -0.1250 -3.0000 0.6924 0.0142 0.0000 0.0230 0.0000 0.3486 0.0076 0.0600 0.0022 2.3288 0.0171 0.3820 0.0581 0.0015 0.1559	HII
8.7000 -0.1250 -2.7500 0.7332 0.0238 0.0000 0.0230 0.0000 0.6707 0.0081 0.0601 0.0031 1.9710 0.0171 0.3014 0.0664 0.0040 0.1908	HII
8.7000 -0.1250 -2.5000 0.7108 0.0370 0.0012 0.0230 0.0000 1.0945 0.0079 0.0601 0.0041 1.5465 0.0171 0.2304 0.0737 0.0046 0.2197	HII
8.7000 -0.1250 -2.2500 0.6452 0.0548 0.0022 0.0230 0.0000 1.6256 0.0073 0.0601 0.0053 1.1644 0.0171 0.1752 0.0811 0.0048 0.2450	HII
8.7000 -0.1250 -2.0000 0.5601 0.0780 0.0038 0.0230 0.0000 2.2604 0.0065 0.0600 0.0066 0.8673 0.0170 0.1351 0.0888 0.0048 0.2663	HII
8.7000 -0.1250 -1.7500 0.4763 0.1067 0.0062 0.0229 0.0000 2.9915 0.0057 0.0599 0.0080 0.6554 0.0170 0.1070 0.0958 0.0047 0.2806	HII
8.7000 -0.1250 -1.5000 0.4042 0.1413 0.0095 0.0229 0.0000 3.8163 0.0051 0.0598 0.0094 0.5101 0.0169 0.0878 0.1006 0.0044 0.2848	HII
8.8000 -0.1250 -4.0000 0.0793 0.0000 0.0000 0.0209 0.0000 0.0012 0.0000 0.0555 0.0000 0.9958 0.0158 0.3137 0.0109 0.0000 0.0220	HII
8.8000 -0.1250 -3.7500 0.1269 0.0000 0.0000 0.0219 0.0000 0.0043 0.0011 0.0580 0.0000 1.2580 0.0166 0.3416 0.0152 0.0000 0.0361	HII
8.8000 -0.1250 -3.5000 0.1951 0.0011 0.0000 0.0225 0.0000 0.0161 0.0018 0.0594 0.0000 1.5351 0.0170 0.3507 0.0207 0.0000 0.0585	HII
8.8000 -0.1250 -3.2500 0.2915 0.0024 0.0000 0.0228 0.0000 0.0575 0.0027 0.0601 0.0000 1.7722 0.0172 0.3400 0.0280 0.0000 0.0917	HII
8.8000 -0.1250 -3.0000 0.3911 0.0051 0.0000 0.0230 0.0000 0.1590 0.0035 0.0604 0.0011 1.8047 0.0172 0.3026 0.0358 0.0000 0.1296	HII
8.8000 -0.1250 -2.7500 0.4594 0.0092 0.0000 0.0231 0.0000 0.3245 0.0041 0.0606 0.0016 1.6072 0.0173 0.2466 0.0418 0.0000 0.1616	HII
8.8000 -0.1250 -2.5000 0.4957 0.0148 0.0000 0.0231 0.0000 0.5406 0.0044 0.0607 0.0023 1.3067 0.0173 0.1901 0.0462 0.0011 0.1856	HII
8.8000 -0.1250 -2.2500 0.4977 0.0234 0.0000 0.0231 0.0000 0.8517 0.0044 0.0608 0.0030 1.0126 0.0173 0.1461 0.0509 0.0013 0.2080	HII
8.8000 -0.1250 -2.0000 0.4625 0.0363 0.0013 0.0231 0.0000 1.2830 0.0041 0.0608 0.0038 0.7658 0.0173 0.1142 0.0568 0.0015 0.2306	HII
8.8000 -0.1250 -1.7500 0.4176 0.0548 0.0024 0.0231 0.0000 1.8279 0.0037 0.0607 0.0049 0.5843 0.0172 0.0915 0.0638 0.0015 0.2530	HII
8.8000 -0.1250 -1.5000 0.3694 0.0794 0.0040 0.0231 0.0000 2.4929 0.0033 0.0606 0.0061 0.4575 0.0171 0.0760 0.0707 0.0015 0.2697	HII
8.9000 -0.1250 -4.0000 0.0176 0.0000 0.0000 0.0116 0.0000 0.0000 0.0000 0.0308 0.0000 0.3590 0.0088 0.0935 0.0052 0.0000 0.0112	HII
8.9000 -0.1250 -3.7500 0.0275 0.0000 0.0000 0.0125 0.0000 0.0020 0.0000 0.0330 0.0000 0.4426 0.0094 0.0975 0.0075 0.0000 0.0194	HII
8.9000 -0.1250 -3.5000 0.0483 0.0000 0.0000 0.0204 0.0000 0.0090 0.0000 0.0542 0.0000 0.6671 0.0156 0.1243 0.0135 0.0000 0.0419	HII
8.9000 -0.1250 -3.2500 0.0693 0.0000 0.0000 0.0216 0.0000 0.0297 0.0000 0.0572 0.0000 0.6898 0.0164 0.1121 0.0183 0.0000 0.0640	HII
8.9000 -0.1250 -3.0000 0.1309 0.0000 0.0000 0.0228 0.0000 0.0408 0.0000 0.0604 0.0000 1.0637 0.0172 0.1874 0.0255 0.0000 0.0820	HII
8.9000 -0.1250 -2.7500 0.1761 0.0016 0.0000 0.0230 0.0000 0.0850 0.0013 0.0608 0.0000 1.0304 0.0173 0.1607 0.0308 0.0000 0.1059	HII
8.9000 -0.1250 -2.5000 0.0325 0.0016 0.0000 0.0222 0.0000 0.1461 0.0000 0.0589 0.0000 0.1392 0.0169 0.0268 0.0194 0.0000 0.0850	HII
8.9000 -0.1250 -2.2500 0.0201 0.0021 0.0000 0.0218 0.0000 0.1806 0.0000 0.0579 0.0000 0.0702 0.0166 0.0148 0.0189 0.0000 0.0845	HII
8.9000 -0.1250 -2.0000 0.0136 0.0030 0.0000 0.0215 0.0000 0.2279 0.0000 0.0573 0.0000 0.0396 0.0165 0.0086 0.0197 0.0000 0.0866	HII
8.9000 -0.1250 -1.7500 0.0090 0.0039 0.0000 0.0219 0.0000 0.2658 0.0000 0.0585 0.0000 0.0237 0.0168 0.0050 0.0199 0.0000 0.0859	HII
8.9000 -0.1250 -1.5000 0.3570 0.0240 0.0010 0.0232 0.0000 1.0368 0.0019 0.0614 0.0030 0.3872 0.0174 0.0571 0.0615 0.0011 0.2104	HII
9.0000 -0.1250 -4.0000 0.0010 0.0000 0.0000 0.0096 0.0000 0.0000 0.0000 0.0258 0.0000 0.1033 0.0074 0.0296 0.0011 0.0000 0.0037	HII
9.0000 -0.1250 -3.7500 0.0032 0.0000 0.0000 0.0107 0.0000 0.0000 0.0000 0.0286 0.0000 0.1358 0.0081 0.0336 0.0017 0.0000 0.0068	HII
9.0000 -0.1250 -3.5000 0.0060 0.0000 0.0000 0.0115 0.0000 0.0000 0.0000 0.0306 0.0000 0.1860 0.0087 0.0384 0.0029 0.0000 0.0127	HII
9.0000 -0.1250 -3.2500 0.0129 0.0000 0.0000 0.0120 0.0000 0.0043 0.0000 0.0319 0.0000 0.2519 0.0091 0.0438 0.0049 0.0000 0.0237	HII
9.0000 -0.1250 -3.0000 0.0195 0.0000 0.0000 0.0128 0.0000 0.0140 0.0000 0.0339 0.0000 0.2503 0.0097 0.0397 0.0069 0.0000 0.0366	HII
9.0000 -0.1250 -2.7500 0.0154 0.0000 0.0000 0.0135 0.0000 0.0245 0.0000 0.0357 0.0000 0.1517 0.0102 0.0246 0.0070 0.0000 0.0405	HII
9.0000 -0.1250 -2.5000 0.0074 0.0000 0.0000 0.0140 0.0000 0.0264 0.0000 0.0371 0.0000 0.0666 0.0106 0.0117 0.0055 0.0000 0.0356	HII
9.0000 -0.1250 -2.2500 0.0029 0.0000 0.0000 0.0144 0.0000 0.0224 0.0000 0.0382 0.0000 0.0268 0.0109 0.0049 0.0040 0.0000 0.0284	HII
9.0000 -0.1250 -2.0000 0.0000 0.0000 0.0000 0.0147 0.0000 0.0187 0.0000 0.0391 0.0000 0.0118 0.0111 0.0012 0.0030 0.0000 0.0230	HII
9.0000 -0.1250 -1.7500 0.0000 0.0000 0.0000 0.0149 0.0000 0.0176 0.0000 0.0397 0.0000 0.0063 0.0113 0.0000 0.0026 0.0000 0.0202	HII
9.0000 -0.1250 -1.5000 0.0000 0.0000 0.0000 0.0150 0.0000 0.0203 0.0000 0.0400 0.0000 0.0041 0.0114 0.0000 0.0026 0.0000 0.0199	HII
9.1000 -0.1250 -4.0000 0.0000 0.0000 0.0000 0.0077 0.0000 0.0000 0.0000 0.0208 0.0000 0.0137 0.0059 0.0043 0.0000 0.0000 0.0000	HII
9.1000 -0.1250 -3.7500 0.0000 0.0000 0.0000 0.0090 0.0000 0.0000 0.0000 0.0241 0.0000 0.0210 0.0069 0.0058 0.0000 0.0000 0.0014	HII
9.1000 -0.1250 -3.5000 0.0000 0.0000 0.0000 0.0099 0.0000 0.0000 0.0000 0.0267 0.0000 0.0322 0.0076 0.0076 0.0000 0.0000 0.0029	HII
9.1000 -0.1250 -3.2500 0.0000 0.0000 0.0000 0.0106 0.0000 0.0000 0.0000 0.0285 0.0000 0.0509 0.0081 0.0100 0.0012 0.0000 0.0060	HII
9.1000 -0.1250 -3.0000 0.0000 0.0000 0.0000 0.0115 0.0000 0.0000 0.0000 0.0306 0.0000 0.0604 0.0087 0.0103 0.0019 0.0000 0.0102	HII
9.1000 -0.1250 -2.7500 0.0000 0.0000 0.0000 0.0122 0.0000 0.0014 0.0000 0.0326 0.0000 0.0386 0.0093 0.0061 0.0018 0.0000 0.0111	HII
9.1000 -0.1250 -2.5000 0.0000 0.0000 0.0000 0.0128 0.0000 0.0012 0.0000 0.0342 0.0000 0.0157 0.0098 0.0024 0.0011 0.0000 0.0083	HII
9.1000 -0.1250 -2.2500 0.0000 0.0000 0.0000 0.0132 0.0000 0.0000 0.0000 0.0354 0.0000 0.0061 0.0101 0.0000 0.0000 0.0000 0.0052	HII
9.1000 -0.1250 -2.0000 0.0000 0.0000 0.0000 0.0135 0.0000 0.0000 0.0000 0.0364 0.0000 0.0031 0.0104 0.0000 0.0000 0.0000 0.0030	HII
9.1000 -0.1250 -1.7500 0.0000 0.0000 0.0000 0.0138 0.0000 0.0000 0.0000 0.0372 0.0000 0.0023 0.0106 0.0000 0.0000 0.0000 0.0018	HII
9.1000 -0.1250 -1.5000 0.0000 0.0000 0.0000 0.0140 0.0000 0.0000 0.0000 0.0378 0.0000 0.0021 0.0108 0.0000 0.0000 0.0000 0.0013	HII
6.9000 0.0000 -4.0000 0.3396 0.0105 0.0000 0.0235 0.0000 0.0102 0.0108 0.0601 0.0000 0.5305 0.0170 0.0991 0.0052 0.0073 0.0060	HII
6.9000 0.0000 -3.7500 0.3891 0.0164 0.0000 0.0230 0.0000 0.0326 0.0123 0.0587 0.0000 0.5431 0.0166 0.0838 0.0060 0.0092 0.0087	HII
6.9000 0.0000 -3.5000 0.4100 0.0246 0.0013 0.0224 0.0000 0.0920 0.0128 0.0574 0.0014 0.5103 0.0162 0.0678 0.0068 0.0105 0.0119	HII
6.9000 0.0000 -3.2500 0.3754 0.0347 0.0035 0.0220 0.0000 0.2090 0.0114 0.0562 0.0020 0.4197 0.0158 0.0525 0.0076 0.0103 0.0154	HII
6.9000 0.0000 -3.0000 0.2963 0.0464 0.0071 0.0215 0.0000 0.3714 0.0089 0.0552 0.0027 0.3059 0.0155 0.0390 0.0084 0.0086 0.0187	HII
6.9000 0.0000 -2.7500 0.2120 0.0594 0.0119 0.0212 0.0000 0.5465 0.0064 0.0543 0.0034 0.2088 0.0152 0.0283 0.0091 0.0056 0.0213	HII
6.9000 0.0000 -2.5000 0.1461 0.0736 0.0176 0.0208 0.0000 0.7171 0.0045 0.0535 0.0040 0.1405 0.0149 0.0203 0.0095 0.0040 0.0229	HII
6.9000 0.0000 -2.2500 0.1013 0.0888 0.0244 0.0206 0.0000 0.8799 0.0032 0.0530 0.0044 0.0965 0.0147 0.0147 0.0094 0.0014 0.0232	HII
6.9000 0.0000 -2.0000 0.0726 0.1048 0.0322 0.0204 0.0000 1.0359 0.0023 0.0525 0.0045 0.0690 0.0145 0.0110 0.0087 0.0010 0.0221	HII
6.9000 0.0000 -1.7500 0.0541 0.1211 0.0407 0.0202 0.0000 1.1849 0.0017 0.0522 0.0044 0.0516 0.0144 0.0084 0.0077 0.0000 0.0199	HII
6.9000 0.0000 -1.5000 0.0420 0.1372 0.0498 0.0200 0.0000 1.3259 0.0013 0.0519 0.0040 0.0402 0.0143 0.0068 0.0066 0.0000 0.0173	HII
7.0000 0.0000 -4.0000 0.4229 0.0082 0.0000 0.0235 0.0000 0.0126 0.0135 0.0601 0.0000 0.6639 0.0170 0.1241 0.0065 0.0092 0.0075	HII
7.0000 0.0000 -3.7500 0.4845 0.0129 0.0000 0.0230 0.0000 0.0404 0.0153 0.0588 0.0011 0.6798 0.0166 0.1050 0.0075 0.0115 0.0109	HII
7.0000 0.0000 -3.5000 0.5106 0.0192 0.0016 0.0225 0.0000 0.1141 0.0159 0.0575 0.0017 0.6391 0.0162 0.0850 0.0085 0.0130 0.0149	HII
7.0000 0.0000 -3.2500 0.4682 0.0272 0.0043 0.0220 0.0000 0.2595 0.0143 0.0563 0.0025 0.5264 0.0158 0.0658 0.0095 0.0128 0.0193	HII
7.0000 0.0000 -3.0000 0.3700 0.0363 0.0087 0.0216 0.0000 0.4613 0.0111 0.0553 0.0033 0.3840 0.0155 0.0490 0.0105 0.0108 0.0234	HII
7.0000 0.0000 -2.7500 0.2651 0.0465 0.0145 0.0212 0.0000 0.6788 0.0080 0.0544 0.0042 0.2622 0.0152 0.0355 0.0114 0.0081 0.0267	HII
7.0000 0.0000 -2.5000 0.1827 0.0575 0.0216 0.0209 0.0000 0.8897 0.0056 0.0537 0.0049 0.1764 0.0150 0.0256 0.0119 0.0050 0.0286	HII
7.0000 0.0000 -2.2500 0.1267 0.0692 0.0297 0.0207 0.0000 1.0897 0.0040 0.0531 0.0054 0.1212 0.0148 0.0185 0.0117 0.0017 0.0289	HII
7.0000 0.0000 -2.0000 0.0906 0.0814 0.0389 0.0204 0.0000 1.2797 0.0029 0.0528 0.0056 0.0865 0.0146 0.0137 0.0109 0.0012 0.0275	HII
7.0000 0.0000 -1.7500 0.0674 0.0937 0.0489 0.0203 0.0000 1.4593 0.0022 0.0525 0.0053 0.0646 0.0145 0.0105 0.0096 0.0000 0.0248	HII
7.0000 0.0000 -1.5000 0.0522 0.1058 0.0594 0.0201 0.0000 1.6282 0.0017 0.0521 0.0049 0.0502 0.0144 0.0084 0.0082 0.0000 0.0214	HII
7.1000 0.0000 -4.0000 0.5255 0.0102 0.0000 0.0235 0.0000 0.0156 0.0167 0.0601 0.0000 0.8297 0.0170 0.1555 0.0082 0.0113 0.0094	HII
7.1000 0.0000 -3.7500 0.6020 0.0159 0.0000 0.0230 0.0000 0.0500 0.0190 0.0588 0.0014 0.8499 0.0166 0.1315 0.0093 0.0142 0.0136	HII
7.1000 0.0000 -3.5000 0.6349 0.0238 0.0020 0.0225 0.0000 0.1412 0.0197 0.0576 0.0021 0.7998 0.0162 0.1065 0.0106 0.0160 0.0187	HII
7.1000 0.0000 -3.2500 0.5830 0.0337 0.0052 0.0220 0.0000 0.3215 0.0177 0.0564 0.0031 0.6596 0.0159 0.0824 0.0119 0.0159 0.0241	HII
7.1000 0.0000 -3.0000 0.4617 0.0451 0.0106 0.0216 0.0000 0.5725 0.0139 0.0554 0.0041 0.4819 0.0155 0.0614 0.0132 0.0133 0.0292	HII
7.1000 0.0000 -2.7500 0.3312 0.0577 0.0178 0.0213 0.0000 0.8432 0.0100 0.0545 0.0052 0.3293 0.0152 0.0446 0.0143 0.0100 0.0334	HII
7.1000 0.0000 -2.5000 0.2285 0.0713 0.0264 0.0210 0.0000 1.1054 0.0070 0.0538 0.0061 0.2216 0.0150 0.0320 0.0148 0.0073 0.0358	HII
7.1000 0.0000 -2.2500 0.1585 0.0858 0.0364 0.0207 0.0000 1.3539 0.0049 0.0533 0.0067 0.1521 0.0148 0.0231 0.0146 0.0044 0.0362	HII
7.1000 0.0000 -2.0000 0.1133 0.1009 0.0476 0.0205 0.0000 1.5902 0.0036 0.0529 0.0069 0.1085 0.0147 0.0172 0.0136 0.0015 0.0344	HII
7.1000 0.0000 -1.7500 0.0843 0.1162 0.0600 0.0203 0.0000 1.8148 0.0027 0.0526 0.0066 0.0810 0.0145 0.0133 0.0120 0.0012 0.0311	HII
7.1000 0.0000 -1.5000 0.0652 0.1314 0.0732 0.0201 0.0000 2.0276 0.0021 0.0523 0.0060 0.0630 0.0144 0.0105 0.0103 0.0000 0.0268	HII
7.2000 0.0000 -4.0000 0.6493 0.0125 0.0000 0.0235 0.0000 0.0191 0.0206 0.0602 0.0011 1.0335 0.0170 0.1940 0.0081 0.0138 0.0117	HII
7.2000 0.0000 -3.7500 0.7434 0.0195 0.0000 0.0230 0.0000 0.0614 0.0234 0.0589 0.0017 1.0592 0.0166 0.1641 0.0092 0.0172 0.0169	HII
7.2000 0.0000 -3.5000 0.7847 0.0292 0.0024 0.0225 0.0000 0.1733 0.0243 0.0577 0.0026 0.9984 0.0163 0.1330 0.0105 0.0196 0.0232	HII
7.2000 0.0000 -3.2500 0.7218 0.0413 0.0063 0.0221 0.0000 0.3951 0.0219 0.0565 0.0038 0.8253 0.0159 0.1030 0.0118 0.0194 0.0300	HII
7.2000 0.0000 -3.0000 0.5731 0.0554 0.0128 0.0217 0.0000 0.7046 0.0172 0.0555 0.0050 0.6042 0.0156 0.0767 0.0130 0.0164 0.0364	HII
7.2000 0.0000 -2.7500 0.4119 0.0708 0.0214 0.0213 0.0000 1.0378 0.0124 0.0547 0.0063 0.4133 0.0153 0.0557 0.0141 0.0124 0.0416	HII
7.2000 0.0000 -2.5000 0.2843 0.0873 0.0317 0.0211 0.0000 1.3589 0.0087 0.0540 0.0075 0.2781 0.0151 0.0400 0.0147 0.0089 0.0446	HII
7.2000 0.0000 -2.2500 0.1971 0.1047 0.0434 0.0208 0.0000 1.6606 0.0061 0.0535 0.0082 0.1907 0.0149 0.0289 0.0145 0.0055 0.0450	HII
7.2000 0.0000 -2.0000 0.1407 0.1227 0.0564 0.0206 0.0000 1.9446 0.0044 0.0532 0.0084 0.1358 0.0147 0.0215 0.0135 0.0040 0.0428	HII
7.2000 0.0000 -1.7500 0.1046 0.1407 0.0706 0.0205 0.0000 2.2128 0.0033 0.0529 0.0080 0.1011 0.0146 0.0165 0.0119 0.0014 0.0385	HII
7.2000 0.0000 -1.5000 0.0807 0.1585 0.0856 0.0203 0.0000 2.4642 0.0026 0.0526 0.0073 0.0785 0.0145 0.0131 0.0101 0.0011 0.0332	HII
7.3000 0.0000 -4.0000 0.7966 0.0150 0.0000 0.0235 0.0000 0.0233 0.0251 0.0601 0.0013 1.2819 0.0170 0.2410 0.0125 0.0168 0.0145	HII
7.3000 0.0000 -3.7500 0.9116 0.0234 0.0000 0.0230 0.0000 0.0744 0.0285 0.0590 0.0021 1.3151 0.0166 0.2040 0.0143 0.0209 0.0210	HII
7.3000 0.0000 -3.5000 0.9631 0.0352 0.0028 0.0226 0.0000 0.2103 0.0298 0.0578 0.0032 1.2429 0.0163 0.1654 0.0163 0.0237 0.0288	HII
7.3000 0.0000 -3.2500 0.8888 0.0501 0.0074 0.0222 0.0000 0.4807 0.0270 0.0567 0.0046 1.0317 0.0159 0.1281 0.0183 0.0236 0.0372	HII
7.3000 0.0000 -3.0000 0.7080 0.0673 0.0152 0.0218 0.0000 0.8593 0.0213 0.0557 0.0061 0.7578 0.0156 0.0954 0.0204 0.0200 0.0452	HII
7.3000 0.0000 -2.7500 0.5100 0.0860 0.0254 0.0214 0.0000 1.2667 0.0154 0.0549 0.0077 0.5191 0.0154 0.0693 0.0220 0.0151 0.0516	HII
7.3000 0.0000 -2.5000 0.3524 0.1059 0.0374 0.0212 0.0000 1.6562 0.0108 0.0543 0.0091 0.3493 0.0152 0.0498 0.0229 0.0109 0.0554	HII
7.3000 0.0000 -2.2500 0.2443 0.1266 0.0509 0.0210 0.0000 2.0188 0.0076 0.0539 0.0099 0.2392 0.0150 0.0360 0.0226 0.0078 0.0559	HII
7.3000 0.0000 -2.0000 0.1742 0.1476 0.0657 0.0208 0.0000 2.3558 0.0055 0.0536 0.0101 0.1699 0.0149 0.0266 0.0210 0.0049 0.0530	HII
7.3000 0.0000 -1.7500 0.1291 0.1685 0.0815 0.0206 0.0000 2.6713 0.0041 0.0533 0.0096 0.1261 0.0148 0.0205 0.0186 0.0018 0.0477	HII
7.3000 0.0000 -1.5000 0.0995 0.1890 0.0982 0.0205 0.0000 2.9662 0.0032 0.0531 0.0087 0.0976 0.0147 0.0163 0.0158 0.0014 0.0410	HII
7.4000 0.0000 -4.0000 0.9700 0.0178 0.0000 0.0235 0.0000 0.0280 0.0304 0.0601 0.0016 1.5834 0.0170 0.2986 0.0123 0.0201 0.0179	HII
7.4000 0.0000 -3.7500 1.1096 0.0280 0.0010 0.0231 0.0000 0.0896 0.0345 0.0590 0.0025 1.6261 0.0167 0.2527 0.0140 0.0250 0.0259	HII
7.4000 0.0000 -3.5000 1.1730 0.0422 0.0033 0.0226 0.0000 0.2530 0.0361 0.0579 0.0038 1.5411 0.0163 0.2051 0.0159 0.0286 0.0355	HII
7.4000 0.0000 -3.2500 1.0863 0.0602 0.0087 0.0222 0.0000 0.5798 0.0329 0.0569 0.0055 1.2850 0.0160 0.1590 0.0180 0.0284 0.0459	HII
7.4000 0.0000 -3.0000 0.8690 0.0810 0.0177 0.0219 0.0000 1.0391 0.0261 0.0560 0.0074 0.9474 0.0157 0.1185 0.0199 0.0242 0.0558	HII
7.4000 0.0000 -2.7500 0.6279 0.1035 0.0296 0.0215 0.0000 1.5332 0.0190 0.0552 0.0093 0.6503 0.0155 0.0860 0.0216 0.0184 0.0637	HII
7.4000 0.0000 -2.5000 0.4345 0.1271 0.0433 0.0213 0.0000 2.0016 0.0133 0.0546 0.0109 0.4375 0.0153 0.0618 0.0224 0.0132 0.0684	HII
7.4000 0.0000 -2.2500 0.3011 0.1514 0.0586 0.0211 0.0000 2.4325 0.0094 0.0542 0.0119 0.2991 0.0151 0.0446 0.0221 0.0095 0.0690	HII
7.4000 0.0000 -2.0000 0.2145 0.1757 0.0751 0.0209 0.0000 2.8293 0.0068 0.0539 0.0121 0.2120 0.0150 0.0329 0.0206 0.0059 0.0654	HII
7.4000 0.0000 -1.7500 0.1587 0.1997 0.0926 0.0208 0.0000 3.1967 0.0050 0.0537 0.0115 0.1569 0.0149 0.0252 0.0182 0.0044 0.0587	HII
7.4000 0.0000 -1.5000 0.1220 0.2233 0.1110 0.0207 0.0000 3.5405 0.0039 0.0535 0.0103 0.1211 0.0148 0.0201 0.0156 0.0017 0.0504	HII
7.5000 0.0000 -4.0000 1.1678 0.0210 0.0000 0.0235 0.0000 0.0335 0.0362 0.0601 0.0019 1.9428 0.0170 0.3676 0.0189 0.0237 0.0219	HII
7.5000 0.0000 -3.7500 1.3324 0.0329 0.0011 0.0231 0.0000 0.1062 0.0412 0.0591 0.0030 1.9959 0.0167 0.3116 0.0216 0.0293 0.0317	HII
7.5000 0.0000 -3.5000 1.4116 0.0498 0.0037 0.0227 0.0000 0.3002 0.0432 0.0581 0.0046 1.8985 0.0164 0.2530 0.0246 0.0336 0.0435	HII
7.5000 0.0000 -3.2500 1.3132 0.0713 0.0098 0.0223 0.0000 0.6903 0.0396 0.0571 0.0065 1.5914 0.0161 0.1963 0.0277 0.0336 0.0563	HII
7.5000 0.0000 -3.0000 1.0560 0.0962 0.0202 0.0220 0.0000 1.2410 0.0317 0.0562 0.0088 1.1788 0.0158 0.1465 0.0308 0.0287 0.0684	HII
7.5000 0.0000 -2.7500 0.7662 0.1230 0.0337 0.0217 0.0000 1.8333 0.0231 0.0555 0.0110 0.8111 0.0156 0.1063 0.0333 0.0220 0.0781	HII
7.5000 0.0000 -2.5000 0.5312 0.1507 0.0491 0.0214 0.0000 2.3905 0.0163 0.0550 0.0129 0.5457 0.0154 0.0763 0.0346 0.0159 0.0839	HII
7.5000 0.0000 -2.2500 0.3683 0.1786 0.0660 0.0213 0.0000 2.8963 0.0114 0.0546 0.0140 0.3725 0.0152 0.0550 0.0341 0.0113 0.0846	HII
7.5000 0.0000 -2.0000 0.2621 0.2064 0.0840 0.0211 0.0000 3.3576 0.0082 0.0543 0.0142 0.2633 0.0151 0.0406 0.0318 0.0083 0.0801	HII
7.5000 0.0000 -1.7500 0.1936 0.2337 0.1030 0.0210 0.0000 3.7830 0.0061 0.0541 0.0135 0.1942 0.0150 0.0310 0.0282 0.0053 0.0718	HII
7.5000 0.0000 -1.5000 0.1486 0.2605 0.1229 0.0208 0.0000 4.1795 0.0047 0.0539 0.0121 0.1495 0.0150 0.0247 0.0240 0.0042 0.0616	HII
7.6000 0.0000 -4.0000 1.3877 0.0243 0.0000 0.0235 0.0000 0.0394 0.0426 0.0601 0.0022 2.3666 0.0170 0.4504 0.0182 0.0274 0.0266	HII
7.6000 0.0000 -3.7500 1.5813 0.0383 0.0013 0.0231 0.0000 0.1243 0.0484 0.0593 0.0035 2.4331 0.0167 0.3821 0.0208 0.0338 0.0385	HII
7.6000 0.0000 -3.5000 1.6761 0.0579 0.0041 0.0228 0.0000 0.3510 0.0509 0.0583 0.0053 2.3214 0.0164 0.3105 0.0237 0.0387 0.0528	HII
7.6000 0.0000 -3.2500 1.5667 0.0833 0.0109 0.0224 0.0000 0.8095 0.0470 0.0573 0.0076 1.9575 0.0162 0.2413 0.0267 0.0388 0.0684	HII
7.6000 0.0000 -3.0000 1.2681 0.1126 0.0224 0.0221 0.0000 1.4609 0.0379 0.0565 0.0103 1.4580 0.0159 0.1802 0.0297 0.0336 0.0832	HII
7.6000 0.0000 -2.7500 0.9251 0.1440 0.0373 0.0218 0.0000 2.1612 0.0278 0.0558 0.0128 1.0064 0.0157 0.1309 0.0321 0.0258 0.0950	HII
7.6000 0.0000 -2.5000 0.6433 0.1758 0.0543 0.0216 0.0000 2.8161 0.0196 0.0553 0.0150 0.6775 0.0155 0.0939 0.0334 0.0188 0.1020	HII
7.6000 0.0000 -2.2500 0.4464 0.2076 0.0725 0.0214 0.0000 3.4028 0.0138 0.0550 0.0162 0.4617 0.0154 0.0676 0.0329 0.0135 0.1028	HII
7.6000 0.0000 -2.0000 0.3176 0.2389 0.0917 0.0213 0.0000 3.9333 0.0100 0.0548 0.0164 0.3255 0.0153 0.0499 0.0307 0.0099 0.0974	HII
7.6000 0.0000 -1.7500 0.2344 0.2697 0.1120 0.0212 0.0000 4.4227 0.0074 0.0546 0.0156 0.2394 0.0152 0.0380 0.0273 0.0073 0.0873	HII
7.6000 0.0000 -1.5000 0.1796 0.3000 0.1334 0.0210 0.0000 4.8801 0.0057 0.0543 0.0140 0.1837 0.0151 0.0301 0.0233 0.0049 0.0748	HII
7.7000 0.0000 -4.0000 1.6089 0.0276 0.0000 0.0235 0.0000 0.0455 0.0487 0.0602 0.0025 2.8423 0.0170 0.5450 0.0275 0.0306 0.0320	HII
7.7000 0.0000 -3.7500 1.8314 0.0433 0.0013 0.0232 0.0000 0.1419 0.0553 0.0594 0.0040 2.9256 0.0168 0.4635 0.0314 0.0376 0.0461	HII
7.7000 0.0000 -3.5000 1.9444 0.0657 0.0043 0.0229 0.0000 0.4000 0.0584 0.0585 0.0061 2.8023 0.0165 0.3772 0.0358 0.0431 0.0633	HII
7.7000 0.0000 -3.2500 1.8300 0.0948 0.0115 0.0225 0.0000 0.9272 0.0545 0.0576 0.0087 2.3808 0.0162 0.2938 0.0404 0.0437 0.0821	HII
7.7000 0.0000 -3.0000 1.4954 0.1288 0.0238 0.0222 0.0000 1.6834 0.0445 0.0568 0.0117 1.7865 0.0160 0.2199 0.0449 0.0382 0.1000	HII
7.7000 0.0000 -2.7500 1.0989 0.1648 0.0398 0.0219 0.0000 2.4966 0.0329 0.0562 0.0146 1.2386 0.0158 0.1599 0.0485 0.0296 0.1142	HII
7.7000 0.0000 -2.5000 0.7682 0.2008 0.0578 0.0217 0.0000 3.2527 0.0234 0.0557 0.0170 0.8350 0.0156 0.1146 0.0504 0.0217 0.1225	HII
7.7000 0.0000 -2.2500 0.5341 0.2363 0.0769 0.0216 0.0000 3.9269 0.0165 0.0554 0.0184 0.5684 0.0155 0.0825 0.0498 0.0156 0.1235	HII
7.7000 0.0000 -2.0000 0.3803 0.2713 0.0971 0.0215 0.0000 4.5320 0.0119 0.0552 0.0186 0.3998 0.0154 0.0608 0.0465 0.0115 0.1172	HII
7.7000 0.0000 -1.7500 0.2806 0.3058 0.1183 0.0214 0.0000 5.0898 0.0089 0.0550 0.0177 0.2932 0.0153 0.0462 0.0414 0.0086 0.1051	HII
7.7000 0.0000 -1.5000 0.2150 0.3400 0.1410 0.0212 0.0000 5.6174 0.0069 0.0548 0.0160 0.2245 0.0152 0.0366 0.0355 0.0058 0.0902	HII
7.8000 0.0000 -4.0000 1.8205 0.0305 0.0000 0.0235 0.0000 0.0508 0.0542 0.0603 0.0028 3.3668 0.0171 0.6525 0.0258 0.0329 0.0378	HII
7.8000 0.0000 -3.7500 2.0687 0.0478 0.0013 0.0233 0.0000 0.1577 0.0614 0.0596 0.0044 3.4673 0.0169 0.5558 0.0295 0.0404 0.0544	HII
7.8000 0.0000 -3.5000 2.2018 0.0726 0.0043 0.0229 0.0000 0.4441 0.0652 0.0587 0.0067 3.3362 0.0166 0.4534 0.0336 0.0465 0.0747	HII
7.8000 0.0000 -3.2500 2.0884 0.1052 0.0116 0.0226 0.0000 1.0339 0.0616 0.0579 0.0096 2.8587 0.0163 0.3540 0.0379 0.0474 0.0970	HII
7.8000 0.0000 -3.0000 1.7258 0.1435 0.0242 0.0223 0.0000 1.8917 0.0509 0.0572 0.0129 2.1647 0.0161 0.2656 0.0422 0.0422 0.1184	HII
7.8000 0.0000 -2.7500 1.2823 0.1841 0.0408 0.0221 0.0000 2.8206 0.0382 0.0566 0.0162 1.5100 0.0159 0.1935 0.0456 0.0332 0.1354	HII
7.8000 0.0000 -2.5000 0.9026 0.2241 0.0592 0.0219 0.0000 3.6800 0.0273 0.0561 0.0188 1.0204 0.0157 0.1387 0.0475 0.0245 0.1452	HII
7.8000 0.0000 -2.2500 0.6305 0.2634 0.0789 0.0217 0.0000 4.4444 0.0194 0.0558 0.0204 0.6946 0.0156 0.0999 0.0470 0.0178 0.1465	HII
7.8000 0.0000 -2.0000 0.4497 0.3019 0.0995 0.0216 0.0000 5.1300 0.0140 0.0556 0.0207 0.4876 0.0155 0.0734 0.0440 0.0131 0.1392	HII
7.8000 0.0000 -1.7500 0.3323 0.3404 0.1215 0.0215 0.0000 5.7664 0.0105 0.0554 0.0197 0.3569 0.0155 0.0559 0.0393 0.0100 0.1253	HII
7.8000 0.0000 -1.5000 0.2548 0.3790 0.1452 0.0214 0.0000 6.3720 0.0081 0.0552 0.0179 0.2726 0.0154 0.0442 0.0338 0.0078 0.1078	HII
7.9000 0.0000 -4.0000 1.9659 0.0322 0.0000 0.0235 0.0000 0.0542 0.0571 0.0604 0.0029 3.8817 0.0171 0.7641 0.0375 0.0331 0.0434	HII
7.9000 0.0000 -3.7500 2.2372 0.0505 0.0012 0.0233 0.0000 0.1678 0.0650 0.0598 0.0046 4.0075 0.0169 0.6530 0.0429 0.0408 0.0625	HII
7.9000 0.0000 -3.5000 2.3917 0.0768 0.0040 0.0230 0.0000 0.4724 0.0694 0.0590 0.0070 3.8784 0.0167 0.5348 0.0488 0.0470 0.0860	HII
7.9000 0.0000 -3.2500 2.2968 0.1120 0.0108 0.0227 0.0000 1.1080 0.0667 0.0582 0.0101 3.3623 0.0164 0.4194 0.0552 0.0490 0.1121	HII
7.9000 0.0000 -3.0000 1.9295 0.1540 0.0230 0.0224 0.0000 2.0499 0.0563 0.0575 0.0137 2.5780 0.0162 0.3160 0.0615 0.0443 0.1374	HII
7.9000 0.0000 -2.7500 1.4558 0.1985 0.0393 0.0222 0.0000 3.0866 0.0430 0.0569 0.0173 1.8147 0.0160 0.2310 0.0667 0.0358 0.1575	HII
7.9000 0.0000 -2.5000 1.0369 0.2425 0.0576 0.0220 0.0000 4.0489 0.0312 0.0565 0.0201 1.2322 0.0159 0.1660 0.0695 0.0269 0.1694	HII
7.9000 0.0000 -2.2500 0.7292 0.2851 0.0771 0.0219 0.0000 4.9014 0.0223 0.0562 0.0219 0.8396 0.0158 0.1196 0.0690 0.0198 0.1711	HII
7.9000 0.0000 -2.0000 0.5226 0.3274 0.0978 0.0218 0.0000 5.6733 0.0163 0.0560 0.0223 0.5891 0.0157 0.0879 0.0650 0.0146 0.1629	HII
7.9000 0.0000 -1.7500 0.3871 0.3700 0.1202 0.0217 0.0000 6.3989 0.0122 0.0558 0.0214 0.4304 0.0156 0.0669 0.0583 0.0113 0.1471	HII
7.9000 0.0000 -1.5000 0.2975 0.4137 0.1447 0.0216 0.0000 7.1011 0.0095 0.0556 0.0197 0.3283 0.0155 0.0529 0.0504 0.0087 0.1272	HII
8.0000 0.0000 -4.0000 2.0320 0.0326 0.0000 0.0236 0.0000 0.0554 0.0573 0.0605 0.0029 4.3600 0.0172 0.8749 0.0336 0.0314 0.0487	HII
8.0000 0.0000 -3.7500 2.3226 0.0512 0.0011 0.0234 0.0000 0.1713 0.0655 0.0600 0.0046 4.5198 0.0170 0.7518 0.0384 0.0387 0.0702	HII
8.0000 0.0000 -3.5000 2.5012 0.0782 0.0034 0.0231 0.0000 0.4836 0.0708 0.0593 0.0071 4.4086 0.0168 0.6191 0.0437 0.0452 0.0969	HII
8.0000 0.0000 -3.2500 2.4352 0.1146 0.0094 0.0228 0.0000 1.1434 0.0693 0.0585 0.0102 3.8712 0.0166 0.4883 0.0495 0.0479 0.1268	HII
8.0000 0.0000 -3.0000 2.0871 0.1591 0.0204 0.0226 0.0000 2.1432 0.0600 0.0579 0.0140 3.0131 0.0163 0.3702 0.0554 0.0446 0.1561	HII
8.0000 0.0000 -2.7500 1.6063 0.2068 0.0357 0.0224 0.0000 3.2669 0.0469 0.0573 0.0177 2.1467 0.0162 0.2718 0.0603 0.0369 0.1799	HII
8.0000 0.0000 -2.5000 1.1622 0.2540 0.0532 0.0222 0.0000 4.3275 0.0347 0.0569 0.0208 1.4681 0.0160 0.1960 0.0631 0.0285 0.1941	HII
8.0000 0.0000 -2.2500 0.8261 0.2999 0.0720 0.0221 0.0000 5.2728 0.0251 0.0566 0.0228 1.0035 0.0159 0.1416 0.0629 0.0213 0.1968	HII
8.0000 0.0000 -2.0000 0.5960 0.3459 0.0922 0.0219 0.0000 6.1342 0.0184 0.0564 0.0234 0.7044 0.0158 0.1042 0.0596 0.0159 0.1881	HII
8.0000 0.0000 -1.7500 0.4437 0.3930 0.1145 0.0219 0.0000 6.9546 0.0139 0.0562 0.0227 0.5144 0.0157 0.0794 0.0539 0.0122 0.1706	HII
8.0000 0.0000 -1.5000 0.3420 0.4417 0.1392 0.0217 0.0000 7.7594 0.0109 0.0560 0.0210 0.3919 0.0157 0.0629 0.0469 0.0097 0.1482	HII
8.1000 0.0000 -4.0000 1.9495 0.0307 0.0000 0.0236 0.0000 0.0527 0.0528 0.0607 0.0027 4.6852 0.0172 0.9639 0.0457 0.0267 0.0525	HII
8.1000 0.0000 -3.7500 2.2548 0.0486 0.0000 0.0234 0.0000 0.1639 0.0613 0.0603 0.0043 4.8985 0.0171 0.8368 0.0526 0.0336 0.0760	HII
8.1000 0.0000 -3.5000 2.4614 0.0747 0.0026 0.0232 0.0000 0.4664 0.0673 0.0596 0.0066 4.8333 0.0169 0.6954 0.0600 0.0400 0.1054	HII
8.1000 0.0000 -3.2500 2.4452 0.1108 0.0074 0.0229 0.0000 1.1188 0.0676 0.0589 0.0097 4.3171 0.0167 0.5536 0.0683 0.0433 0.1390	HII
8.1000 0.0000 -3.0000 2.1498 0.1557 0.0166 0.0227 0.0000 2.1346 0.0604 0.0582 0.0135 3.4240 0.0165 0.4233 0.0767 0.0418 0.1725	HII
8.1000 0.0000 -2.7500 1.6994 0.2051 0.0298 0.0225 0.0000 3.3103 0.0488 0.0577 0.0173 2.4797 0.0163 0.3131 0.0840 0.0360 0.2002	HII
8.1000 0.0000 -2.5000 1.2566 0.2547 0.0456 0.0223 0.0000 4.4462 0.0370 0.0573 0.0206 1.7146 0.0161 0.2272 0.0884 0.0286 0.2174	HII
8.1000 0.0000 -2.2500 0.9076 0.3034 0.0630 0.0222 0.0000 5.4775 0.0273 0.0570 0.0228 1.1790 0.0160 0.1647 0.0889 0.0220 0.2217	HII
8.1000 0.0000 -2.0000 0.6619 0.3527 0.0822 0.0221 0.0000 6.4324 0.0203 0.0567 0.0237 0.8294 0.0160 0.1216 0.0850 0.0167 0.2132	HII
8.1000 0.0000 -1.7500 0.4959 0.4036 0.1035 0.0220 0.0000 7.3487 0.0155 0.0566 0.0232 0.6060 0.0159 0.0928 0.0775 0.0130 0.1945	HII
8.1000 0.0000 -1.5000 0.3844 0.4580 0.1279 0.0219 0.0000 8.2684 0.0122 0.0564 0.0218 0.4616 0.0158 0.0736 0.0681 0.0103 0.1701	HII
8.2000 0.0000 -4.0000 1.7450 0.0264 0.0000 0.0235 0.0000 0.0468 0.0449 0.0606 0.0023 4.8198 0.0172 1.0202 0.0375 0.0206 0.0542	HII
8.2000 0.0000 -3.7500 2.0551 0.0425 0.0000 0.0234 0.0000 0.1468 0.0532 0.0604 0.0037 5.1027 0.0171 0.8989 0.0436 0.0265 0.0792	HII
8.2000 0.0000 -3.5000 2.2858 0.0663 0.0018 0.0232 0.0000 0.4226 0.0598 0.0598 0.0058 5.1101 0.0170 0.7569 0.0501 0.0323 0.1109	HII
8.2000 0.0000 -3.2500 2.3192 0.0996 0.0052 0.0230 0.0000 1.0278 0.0616 0.0592 0.0086 4.6492 0.0168 0.6090 0.0573 0.0363 0.1474	HII
8.2000 0.0000 -3.0000 2.0996 0.1423 0.0120 0.0228 0.0000 2.0024 0.0570 0.0586 0.0121 3.7704 0.0166 0.4703 0.0647 0.0363 0.1845	HII
8.2000 0.0000 -2.7500 1.7121 0.1908 0.0225 0.0226 0.0000 3.1735 0.0478 0.0581 0.0158 2.7854 0.0164 0.3511 0.0714 0.0326 0.2161	HII
8.2000 0.0000 -2.5000 1.3031 0.2410 0.0357 0.0225 0.0000 4.3456 0.0375 0.0577 0.0192 1.9560 0.0163 0.2569 0.0758 0.0272 0.2371	HII
8.2000 0.0000 -2.2500 0.9618 0.2911 0.0508 0.0223 0.0000 5.4363 0.0285 0.0574 0.0216 1.3578 0.0162 0.1875 0.0770 0.0215 0.2440	HII
8.2000 0.0000 -2.0000 0.7119 0.3423 0.0678 0.0222 0.0000 6.4615 0.0216 0.0572 0.0229 0.9601 0.0161 0.1390 0.0745 0.0168 0.2369	HII
8.2000 0.0000 -1.7500 0.5392 0.3964 0.0872 0.0222 0.0000 7.4675 0.0167 0.0570 0.0229 0.7032 0.0160 0.1064 0.0688 0.0133 0.2182	HII
8.2000 0.0000 -1.5000 0.4211 0.4549 0.1099 0.0221 0.0000 8.4938 0.0132 0.0568 0.0219 0.5363 0.0160 0.0846 0.0612 0.0108 0.1926	HII
8.3000 0.0000 -4.0000 1.3631 0.0191 0.0000 0.0232 0.0000 0.0365 0.0324 0.0602 0.0017 4.5577 0.0171 0.9978 0.0447 0.0130 0.0517	HII
8.3000 0.0000 -3.7500 1.6532 0.0318 0.0000 0.0233 0.0000 0.1162 0.0398 0.0602 0.0028 4.9227 0.0171 0.9005 0.0529 0.0177 0.0768	HII
8.3000 0.0000 -3.5000 1.8972 0.0511 0.0010 0.0232 0.0000 0.3421 0.0465 0.0599 0.0044 5.0442 0.0170 0.7749 0.0619 0.0224 0.1095	HII
8.3000 0.0000 -3.2500 1.9881 0.0789 0.0030 0.0231 0.0000 0.8513 0.0497 0.0594 0.0068 4.7093 0.0169 0.6343 0.0715 0.0261 0.1477	HII
8.3000 0.0000 -3.0000 1.8665 0.1157 0.0073 0.0229 0.0000 1.7015 0.0480 0.0589 0.0097 3.9266 0.0167 0.4968 0.0816 0.0274 0.1873	HII
8.3000 0.0000 -2.7500 1.5871 0.1596 0.0143 0.0227 0.0000 2.7783 0.0423 0.0585 0.0130 2.9818 0.0166 0.3759 0.0909 0.0262 0.2225	HII
8.3000 0.0000 -2.5000 1.2552 0.2069 0.0239 0.0226 0.0000 3.9093 0.0347 0.0581 0.0162 2.1401 0.0164 0.2782 0.0979 0.0229 0.2474	HII
8.3000 0.0000 -2.2500 0.9564 0.2557 0.0355 0.0225 0.0000 5.0038 0.0274 0.0578 0.0188 1.5088 0.0163 0.2049 0.1010 0.0191 0.2584	HII
8.3000 0.0000 -2.0000 0.7247 0.3063 0.0492 0.0224 0.0000 6.0572 0.0214 0.0576 0.0204 1.0772 0.0163 0.1530 0.0994 0.0155 0.2544	HII
8.3000 0.0000 -1.7500 0.5582 0.3606 0.0652 0.0223 0.0000 7.1091 0.0169 0.0575 0.0210 0.7937 0.0162 0.1178 0.0934 0.0127 0.2377	HII
8.3000 0.0000 -1.5000 0.4414 0.4206 0.0844 0.0222 0.0000 8.2064 0.0137 0.0573 0.0206 0.6078 0.0161 0.0941 0.0845 0.0105 0.2128	HII
8.4000 0.0000 -4.0000 0.9907 0.0128 0.0000 0.0229 0.0000 0.0270 0.0213 0.0596 0.0011 4.1251 0.0170 0.9318 0.0322 0.0073 0.0479	HII
8.4000 0.0000 -3.7500 1.2417 0.0221 0.0000 0.0231 0.0000 0.0874 0.0274 0.0600 0.0019 4.5538 0.0171 0.8636 0.0390 0.0106 0.0722	HII
8.4000 0.0000 -3.5000 1.4718 0.0368 0.0000 0.0231 0.0000 0.2632 0.0332 0.0600 0.0032 4.7764 0.0171 0.7610 0.0464 0.0141 0.1049	HII
8.4000 0.0000 -3.2500 1.5951 0.0584 0.0016 0.0231 0.0000 0.6691 0.0370 0.0597 0.0050 4.5774 0.0170 0.6352 0.0543 0.0172 0.1436	HII
8.4000 0.0000 -3.0000 1.5512 0.0876 0.0039 0.0229 0.0000 1.3654 0.0373 0.0593 0.0073 3.9218 0.0168 0.5051 0.0624 0.0188 0.1841	HII
8.4000 0.0000 -2.7500 1.3717 0.1240 0.0081 0.0228 0.0000 2.2865 0.0344 0.0589 0.0100 3.0592 0.0167 0.3874 0.0703 0.0189 0.2213	HII
8.4000 0.0000 -2.5000 1.1307 0.1654 0.0142 0.0227 0.0000 3.3110 0.0296 0.0586 0.0128 2.2506 0.0166 0.2905 0.0767 0.0177 0.2498	HII
8.4000 0.0000 -2.2500 0.8943 0.2102 0.0224 0.0226 0.0000 4.3541 0.0245 0.0583 0.0153 1.6172 0.0165 0.2166 0.0805 0.0155 0.2653	HII
8.4000 0.0000 -2.0000 0.6983 0.2580 0.0324 0.0225 0.0000 5.3931 0.0199 0.0581 0.0171 1.1701 0.0164 0.1634 0.0808 0.0132 0.2655	HII
8.4000 0.0000 -1.7500 0.5503 0.3101 0.0446 0.0225 0.0000 6.4526 0.0162 0.0580 0.0181 0.8701 0.0164 0.1268 0.0774 0.0113 0.2519	HII
8.4000 0.0000 -1.5000 0.4423 0.3689 0.0598 0.0224 0.0000 7.5851 0.0134 0.0578 0.0184 0.6705 0.0163 0.1020 0.0714 0.0095 0.2289	HII
8.5000 0.0000 -4.0000 0.6000 0.0060 0.0000 0.0224 0.0000 0.0154 0.0111 0.0586 0.0000 3.3432 0.0167 0.7713 0.0329 0.0013 0.0411	HII
8.5000 0.0000 -3.7500 0.7868 0.0111 0.0000 0.0228 0.0000 0.0510 0.0151 0.0595 0.0011 3.7939 0.0170 0.7390 0.0410 0.0042 0.0630	HII
8.5000 0.0000 -3.5000 0.9817 0.0199 0.0000 0.0230 0.0000 0.1605 0.0194 0.0599 0.0020 4.1119 0.0170 0.6718 0.0502 0.0060 0.0936	HII
8.5000 0.0000 -3.2500 1.1284 0.0338 0.0000 0.0230 0.0000 0.4316 0.0230 0.0598 0.0032 4.0958 0.0170 0.5764 0.0602 0.0092 0.1313	HII
8.5000 0.0000 -3.0000 1.1562 0.0534 0.0016 0.0230 0.0000 0.9212 0.0243 0.0596 0.0048 3.6295 0.0170 0.4665 0.0701 0.0108 0.1706	HII
8.5000 0.0000 -2.7500 1.0762 0.0790 0.0035 0.0229 0.0000 1.6057 0.0236 0.0594 0.0066 2.9207 0.0169 0.3626 0.0797 0.0115 0.2075	HII
8.5000 0.0000 -2.5000 0.9341 0.1105 0.0065 0.0228 0.0000 2.4259 0.0215 0.0592 0.0087 2.2104 0.0168 0.2759 0.0885 0.0115 0.2384	HII
8.5000 0.0000 -2.2500 0.7735 0.1471 0.0111 0.0228 0.0000 3.3258 0.0187 0.0589 0.0109 1.6251 0.0167 0.2088 0.0954 0.0109 0.2597	HII
8.5000 0.0000 -2.0000 0.6271 0.1882 0.0172 0.0227 0.0000 4.2724 0.0159 0.0588 0.0128 1.1954 0.0166 0.1596 0.0990 0.0099 0.2679	HII
8.5000 0.0000 -1.7500 0.5089 0.2340 0.0250 0.0226 0.0000 5.2622 0.0135 0.0586 0.0143 0.8990 0.0166 0.1251 0.0984 0.0087 0.2621	HII
8.5000 0.0000 -1.5000 0.4186 0.2867 0.0352 0.0226 0.0000 6.3410 0.0115 0.0585 0.0151 0.6988 0.0165 0.1017 0.0939 0.0078 0.2451	HII
8.6000 0.0000 -4.0000 0.3293 0.0020 0.0000 0.0218 0.0000 0.0068 0.0051 0.0572 0.0000 2.5579 0.0163 0.5935 0.0201 0.0000 0.0344	HII
8.6000 0.0000 -3.7500 0.4510 0.0039 0.0000 0.0224 0.0000 0.0229 0.0073 0.0588 0.0000 2.9734 0.0168 0.5852 0.0257 0.0000 0.0534	HII
8.6000 0.0000 -3.5000 0.5988 0.0077 0.0000 0.0228 0.0000 0.0763 0.0100 0.0596 0.0011 3.3406 0.0170 0.5502 0.0325 0.0012 0.0813	HII
8.6000 0.0000 -3.2500 0.7432 0.0146 0.0000 0.0229 0.0000 0.2238 0.0126 0.0599 0.0019 3.4758 0.0171 0.4868 0.0402 0.0028 0.1169	HII
8.6000 0.0000 -3.0000 0.8170 0.0251 0.0000 0.0230 0.0000 0.5156 0.0141 0.0599 0.0029 3.1886 0.0171 0.3995 0.0475 0.0048 0.1540	HII
8.6000 0.0000 -2.7500 0.8106 0.0397 0.0012 0.0230 0.0000 0.9494 0.0143 0.0599 0.0040 2.6408 0.0170 0.3128 0.0542 0.0055 0.1878	HII
8.6000 0.0000 -2.5000 0.7460 0.0592 0.0023 0.0230 0.0000 1.5113 0.0136 0.0598 0.0054 2.0464 0.0170 0.2392 0.0606 0.0059 0.2177	HII
8.6000 0.0000 -2.2500 0.6515 0.0844 0.0043 0.0229 0.0000 2.1896 0.0123 0.0596 0.0069 1.5339 0.0169 0.1826 0.0670 0.0059 0.2432	HII
8.6000 0.0000 -1.7500 0.4612 0.1515 0.0114 0.0228 0.0000 3.8135 0.0096 0.0594 0.0102 0.8672 0.0168 0.1119 0.0760 0.0055 0.2679	HII
8.6000 0.0000 -1.5000 0.3883 0.1941 0.0170 0.0228 0.0000 4.7576 0.0085 0.0592 0.0116 0.6780 0.0168 0.0917 0.0769 0.0051 0.2629	HII
8.7000 0.0000 -4.0000 0.1512 0.0000 0.0000 0.0213 0.0000 0.0027 0.0019 0.0562 0.0000 1.7714 0.0161 0.4167 0.0179 0.0000 0.0266	HII
8.7000 0.0000 -3.7500 0.2195 0.0012 0.0000 0.0221 0.0000 0.0092 0.0030 0.0583 0.0000 2.1242 0.0166 0.4270 0.0236 0.0000 0.0421	HII
8.7000 0.0000 -3.5000 0.3089 0.0026 0.0000 0.0226 0.0000 0.0318 0.0043 0.0595 0.0000 2.4662 0.0170 0.4159 0.0308 0.0000 0.0655	HII
8.7000 0.0000 -3.2500 0.4141 0.0052 0.0000 0.0229 0.0000 0.1014 0.0058 0.0601 0.0000 2.6792 0.0171 0.3817 0.0394 0.0000 0.0973	HII
8.7000 0.0000 -3.0000 0.4973 0.0098 0.0000 0.0230 0.0000 0.2523 0.0070 0.0603 0.0015 2.5782 0.0172 0.3236 0.0478 0.0000 0.1314	HII
8.7000 0.0000 -2.7500 0.5294 0.0163 0.0000 0.0231 0.0000 0.4809 0.0075 0.0604 0.0021 2.1959 0.0172 0.2553 0.0543 0.0012 0.1599	HII
8.7000 0.0000 -2.5000 0.5263 0.0257 0.0000 0.0231 0.0000 0.7972 0.0076 0.0604 0.0029 1.7495 0.0172 0.1963 0.0604 0.0014 0.1850	HII
8.7000 0.0000 -2.2500 0.4959 0.0395 0.0013 0.0231 0.0000 1.2275 0.0072 0.0604 0.0038 1.3429 0.0172 0.1511 0.0676 0.0016 0.2094	HII
8.7000 0.0000 -2.0000 0.4466 0.0589 0.0025 0.0231 0.0000 1.7830 0.0067 0.0603 0.0050 1.0178 0.0171 0.1183 0.0758 0.0017 0.2325	HII
8.7000 0.0000 -1.7500 0.3921 0.0844 0.0044 0.0230 0.0000 2.4566 0.0061 0.0602 0.0064 0.7804 0.0171 0.0951 0.0839 0.0017 0.2504	HII
8.7000 0.0000 -1.5000 0.3416 0.1163 0.0072 0.0230 0.0000 3.2437 0.0055 0.0600 0.0078 0.6145 0.0170 0.0790 0.0902 0.0016 0.2592	HII
8.8000 0.0000 -4.0000 0.0541 0.0000 0.0000 0.0194 0.0000 0.0020 0.0000 0.0515 0.0000 0.9927 0.0148 0.1879 0.0085 0.0000 0.0219	HII
8.8000 0.0000 -3.7500 0.0984 0.0000 0.0000 0.0219 0.0000 0.0035 0.0011 0.0580 0.0000 1.4475 0.0166 0.2977 0.0132 0.0000 0.0320	HII
8.8000 0.0000 -3.5000 0.1463 0.0000 0.0000 0.0225 0.0000 0.0124 0.0017 0.0595 0.0000 1.7298 0.0170 0.3010 0.0176 0.0000 0.0507	HII
8.8000 0.0000 -3.2500 0.2078 0.0017 0.0000 0.0229 0.0000 0.0410 0.0024 0.0603 0.0000 1.9441 0.0172 0.2859 0.0231 0.0000 0.0771	HII
8.8000 0.0000 -3.0000 0.2664 0.0033 0.0000 0.0230 0.0000 0.1049 0.0031 0.0607 0.0000 1.9384 0.0173 0.2488 0.0283 0.0000 0.1056	HII
8.8000 0.0000 -2.7500 0.3091 0.0056 0.0000 0.0231 0.0000 0.2024 0.0036 0.0609 0.0010 1.7198 0.0174 0.2000 0.0322 0.0000 0.1286	HII
8.8000 0.0000 -2.5000 0.3400 0.0091 0.0000 0.0232 0.0000 0.3359 0.0039 0.0611 0.0014 1.4154 0.0174 0.1542 0.0351 0.0000 0.1459	HII
8.8000 0.0000 -2.2500 0.3598 0.0148 0.0000 0.0232 0.0000 0.5482 0.0040 0.0612 0.0019 1.1226 0.0174 0.1197 0.0391 0.0000 0.1652	HII
8.8000 0.0000 -2.0000 0.3575 0.0240 0.0000 0.0232 0.0000 0.8719 0.0039 0.0612 0.0026 0.8692 0.0174 0.0948 0.0447 0.0010 0.1879	HII
8.8000 0.0000 -1.7500 0.3291 0.0385 0.0015 0.0232 0.0000 1.3402 0.0037 0.0611 0.0035 0.6726 0.0173 0.0778 0.0518 0.0011 0.2120	HII
8.8000 0.0000 -1.5000 0.2968 0.0594 0.0027 0.0232 0.0000 1.9451 0.0034 0.0609 0.0046 0.5337 0.0173 0.0660 0.0596 0.0011 0.2332	HII
8.9000 0.0000 -4.0000 0.0136 0.0000 0.0000 0.0116 0.0000 0.0000 0.0000 0.0308 0.0000 0.4117 0.0088 0.0810 0.0045 0.0000 0.0099	HII
8.9000 0.0000 -3.7500 0.0204 0.0000 0.0000 0.0124 0.0000 0.0016 0.0000 0.0330 0.0000 0.4974 0.0094 0.0829 0.0063 0.0000 0.0169	HII
8.9000 0.0000 -3.5000 0.0367 0.0000 0.0000 0.0198 0.0000 0.0073 0.0000 0.0530 0.0000 0.7520 0.0154 0.1058 0.0116 0.0000 0.0365	HII
8.9000 0.0000 -3.2500 0.0524 0.0000 0.0000 0.0208 0.0000 0.0241 0.0000 0.0555 0.0000 0.7764 0.0160 0.0952 0.0157 0.0000 0.0559	HII
8.9000 0.0000 -3.0000 0.0470 0.0000 0.0000 0.0217 0.0000 0.0506 0.0000 0.0578 0.0000 0.5391 0.0166 0.0649 0.0169 0.0000 0.0673	HII
8.9000 0.0000 -2.7500 0.0321 0.0000 0.0000 0.0201 0.0000 0.0778 0.0000 0.0536 0.0000 0.2750 0.0155 0.0360 0.0156 0.0000 0.0669	HII
8.9000 0.0000 -2.5000 0.0164 0.0000 0.0000 0.0169 0.0000 0.0847 0.0000 0.0452 0.0000 0.1133 0.0131 0.0166 0.0123 0.0000 0.0557	HII
8.9000 0.0000 -2.2500 0.0074 0.0000 0.0000 0.0127 0.0000 0.0762 0.0000 0.0338 0.0000 0.0433 0.0096 0.0070 0.0089 0.0000 0.0418	HII
8.9000 0.0000 -2.0000 0.0048 0.0011 0.0000 0.0133 0.0000 0.0919 0.0000 0.0353 0.0000 0.0244 0.0101 0.0041 0.0092 0.0000 0.0431	HII
8.9000 0.0000 -1.7500 0.0034 0.0016 0.0000 0.0155 0.0000 0.1206 0.0000 0.0411 0.0000 0.0161 0.0118 0.0025 0.0106 0.0000 0.0484	HII
8.9000 0.0000 -1.5000 0.0028 0.0024 0.0000 0.0174 0.0000 0.1675 0.0000 0.0463 0.0000 0.0117 0.0134 0.0000 0.0124 0.0000 0.0535	HII
9.0000 0.0000 -4.0000 0.0000 0.0000 0.0000 0.0096 0.0000 0.0000 0.0000 0.0257 0.0000 0.1147 0.0073 0.0248 0.0000 0.0000 0.0032	HII
9.0000 0.0000 -3.7500 0.0013 0.0000 0.0000 0.0107 0.0000 0.0000 0.0000 0.0285 0.0000 0.1491 0.0081 0.0279 0.0014 0.0000 0.0058	HII
9.0000 0.0000 -3.5000 0.0039 0.0000 0.0000 0.0115 0.0000 0.0000 0.0000 0.0306 0.0000 0.1963 0.0087 0.0309 0.0023 0.0000 0.0106	HII
9.0000 0.0000 -3.2500 0.0069 0.0000 0.0000 0.0120 0.0000 0.0026 0.0000 0.0319 0.0000 0.2373 0.0091 0.0316 0.0035 0.0000 0.0180	HII
9.0000 0.0000 -3.0000 0.0076 0.0000 0.0000 0.0128 0.0000 0.0065 0.0000 0.0339 0.0000 0.1964 0.0097 0.0239 0.0041 0.0000 0.0239	HII
9.0000 0.0000 -2.7500 0.0037 0.0000 0.0000 0.0135 0.0000 0.0077 0.0000 0.0358 0.0000 0.0929 0.0102 0.0115 0.0032 0.0000 0.0215	HII
9.0000 0.0000 -2.5000 0.0000 0.0000 0.0000 0.0140 0.0000 0.0055 0.0000 0.0374 0.0000 0.0320 0.0107 0.0042 0.0019 0.0000 0.0152	HII
9.0000 0.0000 -2.2500 0.0000 0.0000 0.0000 0.0144 0.0000 0.0035 0.0000 0.0386 0.0000 0.0114 0.0110 0.0000 0.0011 0.0000 0.0102	HII
9.0000 0.0000 -2.0000 0.0000 0.0000 0.0000 0.0147 0.0000 0.0025 0.0000 0.0395 0.0000 0.0052 0.0113 0.0000 0.0000 0.0000 0.0075	HII
9.0000 0.0000 -1.7500 0.0000 0.0000 0.0000 0.0150 0.0000 0.0023 0.0000 0.0402 0.0000 0.0033 0.0115 0.0000 0.0000 0.0000 0.0063	HII
9.0000 0.0000 -1.5000 0.0000 0.0000 0.0000 0.0151 0.0000 0.0028 0.0000 0.0406 0.0000 0.0026 0.0116 0.0000 0.0000 0.0000 0.0062	HII
9.1000 0.0000 -4.0000 0.0000 0.0000 0.0000 0.0077 0.0000 0.0000 0.0000 0.0207 0.0000 0.0138 0.0059 0.0033 0.0000 0.0000 0.0000	HII
9.1000 0.0000 -3.7500 0.0000 0.0000 0.0000 0.0089 0.0000 0.0000 0.0000 0.0240 0.0000 0.0212 0.0069 0.0044 0.0000 0.0000 0.0011	HII
9.1000 0.0000 -3.5000 0.0000 0.0000 0.0000 0.0099 0.0000 0.0000 0.0000 0.0266 0.0000 0.0312 0.0076 0.0056 0.0000 0.0000 0.0022	HII
9.1000 0.0000 -3.2500 0.0000 0.0000 0.0000 0.0106 0.0000 0.0000 0.0000 0.0285 0.0000 0.0436 0.0081 0.0065 0.0000 0.0000 0.0042	HII
9.1000 0.0000 -3.0000 0.0000 0.0000 0.0000 0.0114 0.0000 0.0000 0.0000 0.0305 0.0000 0.0397 0.0087 0.0051 0.0000 0.0000 0.0058	HII
9.1000 0.0000 -2.7500 0.0000 0.0000 0.0000 0.0122 0.0000 0.0000 0.0000 0.0326 0.0000 0.0178 0.0093 0.0011 0.0000 0.0000 0.0045	HII
9.1000 0.0000 -2.5000 0.0000 0.0000 0.0000 0.0127 0.0000 0.0000 0.0000 0.0343 0.0000 0.0062 0.0098 0.0000 0.0000 0.0000 0.0024	HII
9.1000 0.0000 -2.2500 0.0000 0.0000 0.0000 0.0132 0.0000 0.0000 0.0000 0.0356 0.0000 0.0033 0.0102 0.0000 0.0000 0.0000 0.0011	HII
9.1000 0.0000 -2.0000 0.0000 0.0000 0.0000 0.0135 0.0000 0.0000 0.0000 0.0367 0.0000 0.0028 0.0105 0.0000 0.0000 0.0000 0.0000	HII
9.1000 0.0000 -1.7500 0.0000 0.0000 0.0000 0.0138 0.0000 0.0000 0.0000 0.0375 0.0000 0.0026 0.0107 0.0000 0.0000 0.0000 0.0000	HII
9.1000 0.0000 -1.5000 0.0000 0.0000 0.0000 0.0140 0.0000 0.0000 0.0000 0.0382 0.0000 0.0026 0.0109 0.0000 0.0000 0.0000 0.0000	HII
