12+log(O/H),log(N/O),log(U),OII_3727,NeIII_3868,OIII_4363,HeI_4471,HeII_4686,OIII_5007,NII_5755,HeI_5876,SIII_6312,NII_6584,HeI_6678,"SII_6717,31",ArIII_7135,OII_7325,SIII_9069,source
6.9,-2.0,-4.0,0.3448,0.0107,0.0,0.0234,0.0,0.0103,0.0,0.0599,0.0,0.0053,0.0169,0.0997,0.0053,0.0077,0.0061,1
6.9,-2.0,-3.75,0.3953,0.0167,0.0,0.0229,0.0,0.0331,0.0,0.0586,0.0,0.0055,0.0165,0.0842,0.006,0.0095,0.0088,1
6.9,-2.0,-3.5,0.4159,0.0249,0.0014,0.0224,0.0,0.0934,0.0,0.0573,0.0014,0.0051,0.0161,0.0682,0.0068,0.0108,0.012,1
6.9,-2.0,-3.25,0.3796,0.0351,0.0036,0.0219,0.0,0.2115,0.0,0.0561,0.002,0.0042,0.0158,0.0527,0.0077,0.0105,0.0155,1
6.9,-2.0,-3.0,0.2988,0.0469,0.0072,0.0215,0.0,0.3747,0.0,0.055,0.0027,0.0031,0.0154,0.0392,0.0085,0.0087,0.0188,1
6.9,-2.0,-2.75,0.2134,0.0599,0.012,0.0211,0.0,0.5505,0.0,0.0542,0.0034,0.0021,0.0151,0.0284,0.0092,0.0056,0.0214,1
6.9,-2.0,-2.5,0.1469,0.0742,0.0179,0.0208,0.0,0.7221,0.0,0.0534,0.004,0.0014,0.0149,0.0205,0.0095,0.004,0.023,1
6.9,-2.0,-2.25,0.1018,0.0897,0.0248,0.0205,0.0,0.8867,0.0,0.0528,0.0044,0.0,0.0147,0.0147,0.0094,0.0014,0.0232,1
6.9,-2.0,-2.0,0.073,0.106,0.0328,0.0203,0.0,1.0458,0.0,0.0524,0.0046,0.0,0.0145,0.011,0.0088,0.001,0.0222,1
6.9,-2.0,-1.75,0.0545,0.1228,0.0417,0.0201,0.0,1.1986,0.0,0.0521,0.0044,0.0,0.0144,0.0084,0.0077,0.0,0.0201,1
6.9,-2.0,-1.5,0.0423,0.1396,0.0513,0.0199,0.001,1.3444,0.0,0.0517,0.0041,0.0,0.0142,0.0068,0.0066,0.0,0.0174,1
7.0,-2.0,-4.0,0.4312,0.0084,0.0,0.0234,0.0,0.0128,0.0,0.0599,0.0,0.0067,0.0169,0.1251,0.0066,0.0095,0.0076,1
7.0,-2.0,-3.75,0.4942,0.0131,0.0,0.0229,0.0,0.0413,0.0,0.0586,0.0012,0.0069,0.0165,0.1058,0.0075,0.0117,0.011,1
7.0,-2.0,-3.5,0.5202,0.0196,0.0017,0.0224,0.0,0.1162,0.0,0.0573,0.0018,0.0064,0.0161,0.0855,0.0085,0.0134,0.0151,1
7.0,-2.0,-3.25,0.4751,0.0276,0.0044,0.0219,0.0,0.2634,0.0,0.0562,0.0025,0.0053,0.0158,0.0661,0.0096,0.0131,0.0194,1
7.0,-2.0,-3.0,0.3741,0.0368,0.0089,0.0215,0.0,0.4666,0.0,0.0551,0.0034,0.0039,0.0154,0.0492,0.0106,0.0109,0.0235,1
7.0,-2.0,-2.75,0.2673,0.047,0.0148,0.0212,0.0,0.685,0.0,0.0543,0.0042,0.0026,0.0152,0.0357,0.0115,0.0081,0.0268,1
7.0,-2.0,-2.5,0.1841,0.0581,0.022,0.0209,0.0,0.8976,0.0,0.0535,0.005,0.0018,0.0149,0.0256,0.0119,0.0051,0.0288,1
7.0,-2.0,-2.25,0.1276,0.07,0.0303,0.0206,0.0,1.1003,0.0,0.053,0.0055,0.0012,0.0147,0.0186,0.0118,0.0017,0.0291,1
7.0,-2.0,-2.0,0.0913,0.0825,0.0399,0.0204,0.0,1.2944,0.0,0.0526,0.0056,0.0,0.0146,0.0138,0.0109,0.0013,0.0277,1
7.0,-2.0,-1.75,0.0681,0.0952,0.0503,0.0202,0.0,1.4793,0.0,0.0523,0.0054,0.0,0.0144,0.0107,0.0097,0.0,0.025,1
7.0,-2.0,-1.5,0.0527,0.1079,0.0616,0.02,0.0,1.6549,0.0,0.052,0.005,0.0,0.0143,0.0085,0.0082,0.0,0.0217,1
7.1,-2.0,-4.0,0.5387,0.0105,0.0,0.0234,0.0,0.016,0.0,0.0599,0.0,0.0084,0.0169,0.1569,0.0083,0.0117,0.0095,1
7.1,-2.0,-3.75,0.6176,0.0163,0.0,0.0229,0.0,0.0513,0.0,0.0587,0.0014,0.0086,0.0165,0.1327,0.0094,0.0146,0.0138,1
7.1,-2.0,-3.5,0.6501,0.0244,0.0021,0.0224,0.0,0.1446,0.0,0.0574,0.0022,0.0081,0.0162,0.1074,0.0107,0.0167,0.0189,1
7.1,-2.0,-3.25,0.594,0.0344,0.0054,0.022,0.0,0.3278,0.0,0.0562,0.0031,0.0067,0.0158,0.083,0.012,0.0164,0.0243,1
7.1,-2.0,-3.0,0.4682,0.0458,0.0109,0.0216,0.0,0.5809,0.0,0.0552,0.0042,0.0048,0.0155,0.0618,0.0133,0.0137,0.0295,1
7.1,-2.0,-2.75,0.3348,0.0585,0.0182,0.0212,0.0,0.8532,0.0,0.0544,0.0053,0.0033,0.0152,0.0448,0.0144,0.0102,0.0336,1
7.1,-2.0,-2.5,0.2306,0.0723,0.0271,0.0209,0.0,1.118,0.0,0.0537,0.0062,0.0022,0.015,0.0322,0.0149,0.0073,0.036,1
7.1,-2.0,-2.25,0.1599,0.0871,0.0374,0.0206,0.0,1.3708,0.0,0.0531,0.0068,0.0015,0.0148,0.0233,0.0147,0.0045,0.0364,1
7.1,-2.0,-2.0,0.1144,0.1027,0.0491,0.0204,0.0,1.6134,0.0,0.0527,0.007,0.0011,0.0146,0.0173,0.0137,0.0016,0.0347,1
7.1,-2.0,-1.75,0.0853,0.1187,0.0622,0.0202,0.0,1.8462,0.0,0.0524,0.0068,0.0,0.0145,0.0133,0.0121,0.0012,0.0314,1
7.1,-2.0,-1.5,0.0662,0.1347,0.0765,0.02,0.0,2.0697,0.0,0.0521,0.0062,0.0,0.0143,0.0107,0.0104,0.0,0.0272,1
7.2,-2.0,-4.0,0.6705,0.0129,0.0,0.0234,0.0,0.0198,0.0,0.0599,0.0011,0.0105,0.0169,0.1964,0.0082,0.0145,0.0119,1
7.2,-2.0,-3.75,0.7687,0.0202,0.0,0.0229,0.0,0.0635,0.0,0.0587,0.0018,0.0108,0.0166,0.1661,0.0094,0.0181,0.0172,1
7.2,-2.0,-3.5,0.8092,0.0301,0.0025,0.0225,0.0,0.1788,0.0,0.0574,0.0027,0.0101,0.0162,0.1345,0.0106,0.0206,0.0236,1
7.2,-2.0,-3.25,0.74,0.0425,0.0066,0.022,0.0,0.4054,0.0,0.0563,0.0039,0.0083,0.0158,0.1039,0.0119,0.0201,0.0304,1
7.2,-2.0,-3.0,0.5837,0.0566,0.0133,0.0216,0.0,0.7181,0.0,0.0553,0.0052,0.0061,0.0155,0.0772,0.0132,0.0168,0.0368,1
7.2,-2.0,-2.75,0.4178,0.0721,0.0221,0.0213,0.0,1.0539,0.0,0.0545,0.0065,0.0042,0.0152,0.056,0.0142,0.0127,0.0419,1
7.2,-2.0,-2.5,0.2878,0.0888,0.0327,0.021,0.0,1.3788,0.0,0.0539,0.0076,0.0028,0.015,0.0403,0.0148,0.0091,0.045,1
7.2,-2.0,-2.25,0.1995,0.1067,0.0449,0.0207,0.0,1.6866,0.0,0.0534,0.0084,0.0019,0.0148,0.0291,0.0146,0.0056,0.0454,1
7.2,-2.0,-2.0,0.1426,0.1254,0.0586,0.0206,0.0,1.9796,0.0,0.053,0.0086,0.0014,0.0147,0.0216,0.0136,0.004,0.0432,1
7.2,-2.0,-1.75,0.1061,0.1443,0.0737,0.0204,0.0,2.2586,0.0,0.0527,0.0082,0.001,0.0146,0.0166,0.012,0.0015,0.039,1
7.2,-2.0,-1.5,0.0821,0.1633,0.0901,0.0202,0.0,2.5246,0.0,0.0524,0.0075,0.0,0.0144,0.0133,0.0102,0.0012,0.0337,1
7.3,-2.0,-4.0,0.8313,0.0156,0.0,0.0234,0.0,0.0243,0.0,0.0598,0.0014,0.0131,0.0169,0.245,0.0128,0.0179,0.0148,1
7.3,-2.0,-3.75,0.9526,0.0245,0.0,0.0229,0.0,0.0779,0.0,0.0587,0.0022,0.0135,0.0166,0.2073,0.0147,0.0223,0.0215,1
7.3,-2.0,-3.5,1.0032,0.0368,0.0031,0.0225,0.0,0.2194,0.0,0.0575,0.0034,0.0127,0.0162,0.1679,0.0166,0.0254,0.0295,1
7.3,-2.0,-3.25,0.9187,0.052,0.0079,0.022,0.0,0.4974,0.0,0.0564,0.0048,0.0105,0.0159,0.1297,0.0187,0.0249,0.0379,1
7.3,-2.0,-3.0,0.7254,0.0692,0.016,0.0217,0.0,0.8813,0.0,0.0555,0.0063,0.0077,0.0156,0.0964,0.0206,0.0208,0.0458,1
7.3,-2.0,-2.75,0.5197,0.088,0.0264,0.0214,0.0,1.2927,0.0,0.0547,0.0079,0.0052,0.0153,0.0699,0.0223,0.0156,0.0522,1
7.3,-2.0,-2.5,0.3582,0.1083,0.0388,0.0211,0.0,1.6877,0.0,0.0541,0.0093,0.0035,0.0151,0.0501,0.0231,0.0113,0.056,1
7.3,-2.0,-2.25,0.2481,0.1295,0.053,0.0209,0.0,2.0588,0.0,0.0537,0.0102,0.0024,0.0149,0.0363,0.0228,0.0081,0.0565,1
7.3,-2.0,-2.0,0.1771,0.1515,0.0687,0.0207,0.0,2.408,0.0,0.0533,0.0104,0.0017,0.0148,0.0268,0.0213,0.0051,0.0537,1
7.3,-2.0,-1.75,0.1315,0.1736,0.0859,0.0205,0.0,2.7384,0.0,0.0531,0.01,0.0013,0.0147,0.0206,0.0188,0.0028,0.0483,1
7.3,-2.0,-1.5,0.1014,0.1956,0.1041,0.0204,0.0,3.0507,0.0,0.0528,0.009,0.0,0.0146,0.0165,0.016,0.0014,0.0417,1
7.4,-2.0,-4.0,1.0263,0.0189,0.0,0.0234,0.0,0.0297,0.0,0.0598,0.0017,0.0163,0.0169,0.3051,0.0126,0.0219,0.0184,1
7.4,-2.0,-3.75,1.1756,0.0297,0.0011,0.0229,0.0,0.095,0.0,0.0587,0.0027,0.0168,0.0166,0.2584,0.0144,0.0272,0.0267,1
7.4,-2.0,-3.5,1.2384,0.0447,0.0037,0.0225,0.0,0.2676,0.0,0.0576,0.0041,0.0158,0.0162,0.2093,0.0164,0.0309,0.0366,1
7.4,-2.0,-3.25,1.1351,0.0632,0.0095,0.0221,0.0,0.6067,0.0,0.0566,0.0058,0.0131,0.0159,0.1617,0.0184,0.0304,0.0471,1
7.4,-2.0,-3.0,0.898,0.0841,0.0189,0.0217,0.0,1.075,0.0,0.0557,0.0077,0.0096,0.0156,0.1201,0.0203,0.0254,0.0568,1
7.4,-2.0,-2.75,0.6437,0.1068,0.0312,0.0214,0.0,1.5748,0.0,0.055,0.0096,0.0066,0.0154,0.087,0.0219,0.0191,0.0647,1
7.4,-2.0,-2.5,0.4438,0.1308,0.0455,0.0212,0.0,2.0509,0.0,0.0544,0.0112,0.0044,0.0152,0.0624,0.0227,0.0137,0.0694,1
7.4,-2.0,-2.25,0.3072,0.1559,0.0617,0.021,0.0,2.4937,0.0,0.054,0.0123,0.003,0.015,0.045,0.0224,0.0098,0.0699,1
7.4,-2.0,-2.0,0.219,0.1814,0.0793,0.0209,0.0,2.9055,0.0,0.0537,0.0125,0.0021,0.0149,0.0333,0.0209,0.0062,0.0664,1
7.4,-2.0,-1.75,0.1623,0.2069,0.0983,0.0207,0.0,3.2919,0.0,0.0535,0.0119,0.0016,0.0148,0.0256,0.0185,0.0046,0.0597,1
7.4,-2.0,-1.5,0.1249,0.2321,0.1186,0.0205,0.0,3.6567,0.0,0.0532,0.0108,0.0012,0.0147,0.0203,0.0158,0.0017,0.0514,1
7.5,-2.0,-4.0,1.2577,0.0226,0.0,0.0233,0.0,0.0359,0.0,0.0597,0.002,0.0202,0.0169,0.3789,0.0196,0.0265,0.0228,1
7.5,-2.0,-3.75,1.441,0.0357,0.0013,0.0229,0.0,0.115,0.0,0.0587,0.0033,0.0208,0.0166,0.321,0.0225,0.0329,0.0331,1
7.5,-2.0,-3.5,1.5182,0.0538,0.0043,0.0225,0.0,0.3238,0.0,0.0577,0.005,0.0197,0.0163,0.26,0.0255,0.0374,0.0453,1
7.5,-2.0,-3.25,1.393,0.0762,0.0111,0.0222,0.0,0.7338,0.0,0.0567,0.007,0.0164,0.016,0.2009,0.0286,0.0367,0.0582,1
7.5,-2.0,-3.0,1.1033,0.1013,0.0221,0.0218,0.0,1.2988,0.0,0.0559,0.0093,0.012,0.0157,0.1492,0.0316,0.0306,0.0702,1
7.5,-2.0,-2.75,0.7922,0.1282,0.0361,0.0216,0.0,1.8999,0.0,0.0552,0.0115,0.0082,0.0155,0.108,0.034,0.0231,0.0797,1
7.5,-2.0,-2.5,0.5464,0.1564,0.0523,0.0213,0.0,2.4671,0.0,0.0547,0.0134,0.0055,0.0153,0.0774,0.0352,0.0165,0.0854,1
7.5,-2.0,-2.25,0.3779,0.1853,0.0703,0.0212,0.0,2.9877,0.0,0.0544,0.0146,0.0038,0.0151,0.0559,0.0347,0.0117,0.0861,1
7.5,-2.0,-2.0,0.269,0.2145,0.0897,0.021,0.0,3.4679,0.0,0.0541,0.0148,0.0027,0.015,0.0412,0.0324,0.0086,0.0816,1
7.5,-2.0,-1.75,0.1989,0.2435,0.1104,0.0209,0.0,3.9147,0.0,0.0539,0.0141,0.002,0.015,0.0315,0.0287,0.0055,0.0732,1
7.5,-2.0,-1.5,0.1529,0.2722,0.1323,0.0207,0.0,4.3359,0.0,0.0537,0.0127,0.0015,0.0149,0.025,0.0245,0.0044,0.0629,1
7.6,-2.0,-3.75,1.7552,0.0426,0.0016,0.023,0.0,0.1382,0.0,0.0588,0.004,0.0257,0.0166,0.398,0.022,0.0395,0.0408,1
7.6,-2.0,-3.5,1.8488,0.0643,0.005,0.0226,0.0,0.3887,0.0,0.0578,0.006,0.0244,0.0163,0.3225,0.025,0.0447,0.0559,1
7.6,-2.0,-3.25,1.6968,0.091,0.0127,0.0222,0.0,0.8793,0.0,0.0569,0.0084,0.0204,0.016,0.249,0.028,0.0438,0.0717,1
7.6,-2.0,-3.0,1.3463,0.1207,0.0252,0.0219,0.0,1.5539,0.0,0.0561,0.0111,0.015,0.0158,0.1847,0.0308,0.0367,0.0862,1
7.6,-2.0,-2.75,0.9675,0.1521,0.041,0.0217,0.0,2.2666,0.0,0.0555,0.0136,0.0103,0.0156,0.1336,0.033,0.0277,0.0977,1
7.6,-2.0,-2.5,0.6676,0.1844,0.0589,0.0215,0.0,2.9336,0.0,0.0551,0.0158,0.0069,0.0154,0.0956,0.0342,0.0199,0.1044,1
7.6,-2.0,-2.25,0.4616,0.2173,0.0783,0.0213,0.0,3.5375,0.0,0.0547,0.0171,0.0047,0.0153,0.0689,0.0337,0.0142,0.1051,1
7.6,-2.0,-2.25,0.4616,0.2173,0.0783,0.0213,0.0,3.5375,0.0,0.0547,0.0171,0.0047,0.0153,0.0689,0.0337,0.0142,0.1051,1
7.6,-2.0,-2.0,0.3281,0.2502,0.0991,0.0212,0.0,4.0893,0.0,0.0545,0.0172,0.0033,0.0152,0.0508,0.0314,0.0103,0.0996,1
7.6,-2.0,-1.75,0.2423,0.2828,0.1213,0.0211,0.0,4.6022,0.0,0.0543,0.0164,0.0024,0.0151,0.0387,0.0278,0.0078,0.0893,1
7.6,-2.0,-1.5,0.1858,0.3151,0.1447,0.0209,0.0,5.0844,0.0,0.0541,0.0148,0.0019,0.015,0.0308,0.0238,0.0052,0.0766,1
7.6,-2.0,-4.0,1.5334,0.0269,0.0,0.0233,0.0,0.0433,0.0,0.0597,0.0025,0.025,0.0169,0.4693,0.0191,0.0318,0.0281,1
7.7,-2.0,-4.0,1.8463,0.0316,0.0,0.0233,0.0,0.0517,0.0,0.0597,0.003,0.0307,0.0169,0.5776,0.0295,0.0374,0.0345,1
7.7,-2.0,-3.75,2.1113,0.0501,0.0018,0.023,0.0,0.164,0.0,0.0589,0.0047,0.0316,0.0166,0.4905,0.0339,0.0465,0.05,1
7.7,-2.0,-3.5,2.2226,0.0758,0.0056,0.0226,0.0,0.4601,0.0,0.058,0.0071,0.0301,0.0163,0.3976,0.0384,0.0526,0.0684,1
7.7,-2.0,-3.25,2.0409,0.1071,0.0143,0.0223,0.0,1.0384,0.0,0.0571,0.01,0.0251,0.0161,0.3069,0.043,0.0514,0.0875,1
7.7,-2.0,-3.0,1.6217,0.1415,0.028,0.022,0.0,1.8303,0.0,0.0564,0.013,0.0186,0.0159,0.2276,0.0471,0.0431,0.1049,1
7.7,-2.0,-2.75,1.1676,0.1773,0.0451,0.0218,0.0,2.6608,0.0,0.0558,0.0158,0.0128,0.0157,0.1644,0.0504,0.0325,0.1185,1
7.7,-2.0,-2.5,0.8068,0.2137,0.0642,0.0216,0.0,3.431,0.0,0.0554,0.0182,0.0086,0.0155,0.1175,0.0521,0.0233,0.1264,1
7.7,-2.0,-2.25,0.5579,0.2502,0.0847,0.0215,0.0,4.1215,0.0,0.0551,0.0196,0.0058,0.0154,0.0846,0.0512,0.0167,0.1271,1
7.7,-2.0,-2.0,0.3962,0.2866,0.1063,0.0214,0.0,4.7458,0.0,0.0549,0.0198,0.0041,0.0153,0.0622,0.0478,0.0122,0.1204,1
7.7,-2.0,-1.75,0.2923,0.3229,0.1296,0.0212,0.0,5.3288,0.0,0.0547,0.0187,0.003,0.0152,0.0473,0.0424,0.0091,0.1079,1
7.7,-2.0,-1.5,0.224,0.359,0.1543,0.0211,0.0,5.8808,0.0,0.0545,0.0169,0.0023,0.0152,0.0375,0.0363,0.0061,0.0925,1
7.8,-2.0,-4.0,2.1983,0.0366,0.0,0.0233,0.0,0.0613,0.0,0.0597,0.0035,0.0374,0.0169,0.7064,0.0284,0.0435,0.042,1
7.8,-2.0,-3.75,2.5104,0.0582,0.002,0.023,0.0,0.1923,0.0,0.059,0.0056,0.0385,0.0167,0.6016,0.0327,0.0537,0.0607,1
7.8,-2.0,-3.5,2.6395,0.0881,0.0062,0.0227,0.0,0.5369,0.0,0.0581,0.0083,0.0367,0.0164,0.4878,0.0371,0.0606,0.083,1
7.8,-2.0,-3.25,2.4238,0.1241,0.0156,0.0224,0.0,1.2081,0.0,0.0573,0.0115,0.0308,0.0162,0.3763,0.0413,0.0592,0.1059,1
7.8,-2.0,-3.0,1.9282,0.1631,0.0302,0.0221,0.0,2.1208,0.0,0.0567,0.0149,0.0229,0.0159,0.2787,0.0451,0.0496,0.1265,1
7.8,-2.0,-2.75,1.3923,0.203,0.0481,0.0219,0.0,3.0718,0.0,0.0562,0.018,0.0157,0.0158,0.201,0.0481,0.0375,0.1424,1
7.8,-2.0,-2.5,0.9634,0.2429,0.0678,0.0218,0.0,3.9429,0.0,0.0558,0.0205,0.0106,0.0156,0.1435,0.0495,0.027,0.1513,1
7.8,-2.0,-2.25,0.6668,0.2828,0.0887,0.0216,0.0,4.7218,0.0,0.0555,0.022,0.0072,0.0155,0.103,0.0487,0.0194,0.1519,1
7.8,-2.0,-2.0,0.4737,0.3225,0.1109,0.0215,0.0,5.423,0.0,0.0553,0.0222,0.005,0.0154,0.0757,0.0454,0.0142,0.1439,1
7.8,-2.0,-1.75,0.3493,0.3623,0.1346,0.0214,0.0,6.0758,0.0,0.0551,0.0211,0.0037,0.0154,0.0576,0.0404,0.0106,0.1291,1
7.8,-2.0,-1.5,0.2677,0.4026,0.1603,0.0213,0.0,6.7035,0.0,0.0549,0.019,0.0028,0.0153,0.0455,0.0346,0.0083,0.1108,1
7.9,-2.0,-4.0,2.5532,0.0414,0.0,0.0233,0.0,0.0704,0.0,0.0598,0.004,0.0449,0.0169,0.8543,0.043,0.0486,0.0504,1
7.9,-2.0,-3.75,2.9159,0.066,0.0021,0.0231,0.0,0.2201,0.0,0.0591,0.0063,0.0464,0.0167,0.7292,0.0494,0.06,0.0729,1
7.9,-2.0,-3.5,3.0652,0.0999,0.0065,0.0228,0.0,0.612,0.0,0.0583,0.0095,0.0443,0.0165,0.5922,0.056,0.0676,0.0994,1
7.9,-2.0,-3.25,2.8172,0.1403,0.0162,0.0225,0.0,1.3712,0.0,0.0576,0.013,0.0374,0.0162,0.4568,0.0621,0.0661,0.1266,1
7.9,-2.0,-3.0,2.2475,0.1833,0.0311,0.0222,0.0,2.3988,0.0,0.057,0.0166,0.0278,0.016,0.3381,0.0675,0.0555,0.1505,1
7.9,-2.0,-2.75,1.6281,0.2264,0.049,0.0221,0.0,3.4593,0.0,0.0565,0.0199,0.0192,0.0159,0.2436,0.0716,0.0422,0.1686,1
7.9,-2.0,-2.5,1.1308,0.2692,0.0685,0.0219,0.0,4.4271,0.0,0.0561,0.0226,0.0129,0.0158,0.1736,0.0735,0.0306,0.1787,1
7.9,-2.0,-2.25,0.7845,0.3118,0.0892,0.0218,0.0,5.2865,0.0,0.0559,0.0241,0.0087,0.0157,0.1246,0.0723,0.022,0.1791,1
7.9,-2.0,-2.0,0.5581,0.3544,0.1113,0.0217,0.0,6.0666,0.0,0.0557,0.0243,0.0061,0.0156,0.0914,0.0676,0.016,0.1696,1
7.9,-2.0,-1.75,0.4119,0.3977,0.1351,0.0216,0.0,6.7983,0.0,0.0555,0.0231,0.0045,0.0155,0.0695,0.0602,0.0122,0.1525,1
7.9,-2.0,-1.5,0.316,0.4423,0.1613,0.0215,0.0,7.5088,0.0,0.0554,0.021,0.0034,0.0155,0.0548,0.0518,0.0095,0.1313,1
8.0,-2.0,-4.0,2.9042,0.0459,0.0,0.0233,0.0,0.0792,0.0,0.0598,0.0044,0.0533,0.0169,1.0218,0.0404,0.0527,0.0597,1
8.0,-2.0,-3.75,3.3226,0.0734,0.0021,0.0231,0.0,0.2472,0.0,0.0593,0.0071,0.0552,0.0168,0.8758,0.0466,0.0653,0.0864,1
8.0,-2.0,-3.5,3.4897,0.1108,0.0066,0.0229,0.0,0.683,0.001,0.0586,0.0105,0.0529,0.0165,0.7122,0.0527,0.0734,0.1177,1
8.0,-2.0,-3.25,3.2074,0.1549,0.0161,0.0226,0.0,1.5202,0.0,0.0579,0.0143,0.0448,0.0163,0.5494,0.0582,0.0715,0.1492,1
8.0,-2.0,-3.0,2.5677,0.2009,0.0306,0.0224,0.0,2.6467,0.0,0.0573,0.0181,0.0335,0.0161,0.4061,0.0629,0.0604,0.1766,1
8.0,-2.0,-2.75,1.8699,0.2464,0.0478,0.0222,0.0,3.8071,0.0,0.0568,0.0215,0.0232,0.016,0.2923,0.0663,0.0462,0.197,1
8.0,-2.0,-2.5,1.3057,0.2912,0.0666,0.022,0.0,4.8636,0.0,0.0565,0.0241,0.0156,0.0159,0.2083,0.0679,0.0337,0.2083,1
8.0,-2.0,-2.25,0.9093,0.3357,0.0864,0.0219,0.0,5.7983,0.0,0.0562,0.0257,0.0106,0.0158,0.1494,0.0668,0.0245,0.2085,1
8.0,-2.0,-2.0,0.6488,0.3812,0.1079,0.0218,0.0,6.6547,0.0,0.0561,0.0259,0.0074,0.0157,0.1095,0.0626,0.0179,0.1976,1
8.0,-2.0,-1.75,0.4798,0.4279,0.1313,0.0217,0.0,7.4681,0.0,0.0559,0.0248,0.0054,0.0157,0.0832,0.056,0.0137,0.178,1
8.0,-2.0,-1.5,0.3687,0.4767,0.1574,0.0216,0.0,8.2694,0.0,0.0558,0.0227,0.0041,0.0156,0.0657,0.0484,0.0108,0.1537,1
8.1,-2.0,-4.0,3.1519,0.0485,0.0,0.0234,0.0,0.0853,0.0,0.0599,0.0047,0.0616,0.017,1.1934,0.0588,0.0533,0.0689,1
8.1,-2.0,-3.75,3.6271,0.078,0.002,0.0232,0.0,0.2661,0.0011,0.0595,0.0075,0.0641,0.0168,1.0296,0.068,0.0667,0.1,1
8.1,-2.0,-3.5,3.8232,0.118,0.0062,0.0229,0.0,0.7336,0.0011,0.0588,0.0111,0.0618,0.0166,0.8408,0.0768,0.0754,0.1362,1
8.1,-2.0,-3.25,3.5288,0.1647,0.015,0.0227,0.0,1.6262,0.001,0.0582,0.0151,0.0526,0.0164,0.6498,0.0847,0.0739,0.1724,1
8.1,-2.0,-3.0,2.8435,0.2124,0.0282,0.0225,0.0,2.8214,0.0,0.0576,0.0189,0.0396,0.0163,0.4805,0.0909,0.0629,0.2032,1
8.1,-2.0,-2.75,2.0896,0.2591,0.044,0.0223,0.0,4.0553,0.0,0.0572,0.0223,0.0276,0.0161,0.3459,0.0955,0.0487,0.226,1
8.1,-2.0,-2.5,1.4709,0.3049,0.0612,0.0222,0.0,5.1829,0.0,0.0568,0.025,0.0186,0.016,0.2466,0.0975,0.036,0.2385,1
8.1,-2.0,-2.25,1.0311,0.3507,0.0797,0.0221,0.0,6.1877,0.0,0.0566,0.0266,0.0127,0.0159,0.1769,0.096,0.0263,0.2387,1
8.1,-2.0,-2.0,0.7391,0.3979,0.0997,0.022,0.0,7.1138,0.0,0.0564,0.0269,0.0089,0.0159,0.1298,0.0904,0.0195,0.2266,1
8.1,-2.0,-1.75,0.5486,0.4477,0.1221,0.0219,0.0,8.008,0.0,0.0563,0.0259,0.0065,0.0158,0.0986,0.0813,0.015,0.2047,1
8.1,-2.0,-1.5,0.4228,0.5006,0.1475,0.0218,0.0,8.9019,0.0,0.0562,0.0239,0.0049,0.0157,0.0779,0.0706,0.0117,0.1774,1
8.2,-2.0,-4.0,3.2628,0.0477,0.0,0.0233,0.0,0.0868,0.0,0.0598,0.0047,0.0691,0.017,1.3582,0.0523,0.0507,0.0771,1
8.2,-2.0,-3.75,3.8005,0.078,0.0018,0.0232,0.0,0.2727,0.0011,0.0595,0.0076,0.0726,0.0169,1.1844,0.0609,0.0643,0.1125,1
8.2,-2.0,-3.5,4.0417,0.1192,0.0054,0.023,0.0,0.7531,0.0011,0.0589,0.0113,0.0705,0.0167,0.9744,0.069,0.0736,0.154,1
8.2,-2.0,-3.25,3.7577,0.1667,0.013,0.0228,0.0,1.6668,0.0011,0.0584,0.0153,0.0606,0.0165,0.7553,0.0759,0.0727,0.1948,1
8.2,-2.0,-3.0,3.0584,0.2147,0.0243,0.0226,0.0,2.8895,0.0,0.0579,0.019,0.0461,0.0164,0.5592,0.0811,0.0627,0.229,1
8.2,-2.0,-2.75,2.2743,0.2612,0.0378,0.0224,0.0,4.1593,0.0,0.0575,0.0222,0.0324,0.0162,0.4028,0.0848,0.0495,0.2541,1
8.2,-2.0,-2.5,1.6188,0.3067,0.0528,0.0223,0.0,5.3291,0.0,0.0572,0.0248,0.022,0.0161,0.2873,0.0866,0.0372,0.2681,1
8.2,-2.0,-2.25,1.1447,0.3527,0.0691,0.0222,0.0,6.3841,0.0,0.057,0.0265,0.015,0.0161,0.2064,0.0854,0.0275,0.269,1
8.2,-2.0,-2.0,0.826,0.4006,0.0871,0.0221,0.0,7.3655,0.0,0.0568,0.027,0.0105,0.016,0.1515,0.0809,0.0207,0.2564,1
8.2,-2.0,-1.75,0.616,0.452,0.1074,0.0221,0.0,8.3252,0.0,0.0567,0.0262,0.0076,0.0159,0.1153,0.0734,0.0159,0.2328,1
8.2,-2.0,-1.5,0.4767,0.5078,0.1309,0.022,0.0,9.3036,0.0,0.0566,0.0245,0.0058,0.0159,0.0911,0.0642,0.0128,0.203,1
8.3,-2.0,-4.0,3.0187,0.0406,0.0,0.023,0.0,0.0781,0.0,0.0593,0.0041,0.0724,0.0168,1.4542,0.0685,0.0408,0.0804,1
8.3,-2.0,-3.75,3.6201,0.0687,0.0013,0.023,0.0,0.2506,0.0,0.0593,0.0068,0.0776,0.0168,1.2962,0.0813,0.0541,0.1194,1
8.3,-2.0,-3.5,3.9484,0.1081,0.004,0.0229,0.0,0.705,0.0011,0.0589,0.0104,0.0768,0.0167,1.0839,0.0934,0.0641,0.1658,1
8.3,-2.0,-3.25,3.7507,0.1541,0.0098,0.0228,0.0,1.5798,0.001,0.0585,0.0143,0.0672,0.0166,0.8486,0.1032,0.0652,0.2112,1
8.3,-2.0,-3.0,3.1147,0.2005,0.0185,0.0226,0.0,2.7641,0.0,0.0582,0.0177,0.0519,0.0165,0.6313,0.1102,0.0577,0.249,1
8.3,-2.0,-2.75,2.359,0.2451,0.0291,0.0225,0.0,4.0099,0.0,0.0578,0.0207,0.0369,0.0164,0.4558,0.1151,0.0467,0.2766,1
8.3,-2.0,-2.5,1.7084,0.2889,0.0411,0.0224,0.0,5.1771,0.0,0.0576,0.0232,0.0253,0.0163,0.3259,0.1176,0.036,0.2927,1
8.3,-2.0,-2.25,1.2241,0.3334,0.0544,0.0223,0.0,6.2433,0.0,0.0574,0.0249,0.0173,0.0162,0.2345,0.1167,0.0272,0.2953,1
8.3,-2.0,-2.0,0.8919,0.3804,0.0693,0.0223,0.0,7.2493,0.0,0.0573,0.0257,0.0122,0.0161,0.1726,0.1115,0.0208,0.2836,1
8.3,-2.0,-1.75,0.6704,0.4313,0.0864,0.0222,0.0,8.2416,0.0,0.0571,0.0253,0.0089,0.0161,0.1314,0.1023,0.0164,0.2598,1
8.3,-2.0,-1.5,0.522,0.4881,0.1068,0.0221,0.0,9.2762,0.0,0.057,0.024,0.0068,0.016,0.1042,0.0905,0.0132,0.2287,1
8.4,-2.0,-4.0,2.5833,0.0318,0.0,0.0227,0.0,0.0659,0.0,0.0587,0.0033,0.0723,0.0167,1.4883,0.0541,0.0294,0.0805,1
8.4,-2.0,-3.75,3.2433,0.0568,0.0,0.0229,0.0,0.2189,0.0,0.059,0.0058,0.0798,0.0168,1.3691,0.066,0.0416,0.1228,1
8.4,-2.0,-3.5,3.6709,0.0931,0.0028,0.0229,0.0,0.6326,0.0,0.0589,0.0091,0.0811,0.0167,1.1722,0.0774,0.0519,0.1741,1
8.4,-2.0,-3.25,3.5848,0.1361,0.0069,0.0228,0.0,1.4418,0.0,0.0587,0.0127,0.0725,0.0166,0.9306,0.0864,0.0549,0.2243,1
8.4,-2.0,-3.0,3.0499,0.1797,0.0132,0.0227,0.0,2.5505,0.0,0.0584,0.0159,0.057,0.0166,0.6975,0.0925,0.0504,0.2656,1
8.4,-2.0,-2.75,2.3628,0.2215,0.021,0.0226,0.0,3.7378,0.0,0.0581,0.0186,0.0411,0.0165,0.5059,0.0965,0.042,0.2958,1
8.4,-2.0,-2.5,1.7433,0.2626,0.0301,0.0225,0.0,4.8707,0.0,0.058,0.0209,0.0285,0.0164,0.3629,0.0988,0.0332,0.3141,1
8.4,-2.0,-2.25,1.2688,0.3044,0.0404,0.0225,0.0,5.9214,0.0,0.0578,0.0226,0.0196,0.0163,0.2619,0.0986,0.0258,0.3186,1
8.4,-2.0,-2.0,0.9358,0.3491,0.0522,0.0224,0.0,6.9265,0.0,0.0577,0.0235,0.0139,0.0163,0.1933,0.095,0.0201,0.3083,1
8.4,-2.0,-1.75,0.7104,0.3979,0.066,0.0223,0.0,7.9282,0.0,0.0576,0.0235,0.0101,0.0162,0.1476,0.0881,0.016,0.2847,1
8.4,-2.0,-1.5,0.5573,0.4535,0.0826,0.0223,0.0,8.9886,0.0,0.0575,0.0227,0.0077,0.0162,0.1174,0.0789,0.0131,0.2529,1
8.5,-2.0,-4.0,1.7911,0.0173,0.0,0.0223,0.0,0.0412,0.0,0.0578,0.0021,0.0635,0.0164,1.3368,0.0596,0.0156,0.0728,1
8.5,-2.0,-3.75,2.4492,0.0343,0.0,0.0226,0.0,0.1468,0.0,0.0585,0.004,0.0738,0.0166,1.2969,0.0767,0.025,0.116,1
8.5,-2.0,-3.5,3.0156,0.0624,0.0014,0.0227,0.0,0.4584,0.0,0.0587,0.0069,0.0791,0.0167,1.1619,0.0941,0.035,0.1715,1
8.5,-2.0,-3.25,3.1573,0.0989,0.0039,0.0228,0.0,1.1179,0.0,0.0587,0.0102,0.0738,0.0167,0.9498,0.1081,0.0404,0.2277,1
8.5,-2.0,-3.0,2.8366,0.138,0.0078,0.0227,0.0,2.0757,0.0,0.0586,0.0131,0.06,0.0166,0.7233,0.1175,0.0396,0.2738,1
8.5,-2.0,-2.75,2.2863,0.1762,0.0128,0.0227,0.0,3.1419,0.0,0.0585,0.0155,0.0442,0.0166,0.5283,0.1232,0.035,0.3071,1
8.5,-2.0,-2.5,1.7371,0.214,0.019,0.0226,0.0,4.1942,0.0,0.0584,0.0175,0.0311,0.0165,0.3805,0.1269,0.0288,0.3287,1
8.5,-2.0,-2.25,1.2905,0.2529,0.0262,0.0226,0.0,5.2004,0.0,0.0583,0.0193,0.0216,0.0165,0.2756,0.1283,0.0231,0.3379,1
8.5,-2.0,-2.0,0.9651,0.2943,0.0346,0.0225,0.0,6.1723,0.0,0.0582,0.0204,0.0153,0.0165,0.204,0.1262,0.0185,0.333,1
8.5,-2.0,-1.75,0.7389,0.3397,0.0446,0.0225,0.0,7.1507,0.0,0.0581,0.021,0.0112,0.0164,0.1562,0.1199,0.015,0.3141,1
8.5,-2.0,-1.5,0.5832,0.3911,0.0569,0.0224,0.0,8.1885,0.0,0.058,0.0208,0.0085,0.0164,0.1246,0.11,0.0124,0.2847,1
8.6,-2.0,-4.0,1.0604,0.0063,0.0,0.0217,0.0,0.0188,0.0,0.0566,0.0012,0.0506,0.0161,1.0828,0.0379,0.0057,0.0617,1
8.6,-2.0,-3.75,1.6066,0.0142,0.0,0.0223,0.0,0.0731,0.0,0.0579,0.0025,0.0626,0.0165,1.1147,0.0519,0.0122,0.1031,1
8.6,-2.0,-3.5,2.2558,0.0304,0.0,0.0226,0.0,0.2602,0.0,0.0585,0.0048,0.0723,0.0167,1.0664,0.0683,0.0203,0.1626,1
8.6,-2.0,-3.25,2.6845,0.0564,0.0017,0.0227,0.0,0.7241,0.0,0.0587,0.0078,0.0725,0.0167,0.9178,0.0831,0.0277,0.2279,1
8.6,-2.0,-3.0,2.6283,0.0874,0.0039,0.0227,0.0,1.4796,0.0,0.0587,0.0105,0.0614,0.0167,0.7138,0.0926,0.0301,0.281,1
8.6,-2.0,-2.75,2.2537,0.12,0.0069,0.0227,0.0,2.383,0.0,0.0587,0.0126,0.0464,0.0167,0.5254,0.098,0.0286,0.3178,1
8.6,-2.0,-2.5,1.7863,0.1536,0.0106,0.0227,0.0,3.3204,0.0,0.0587,0.0144,0.033,0.0167,0.3785,0.1015,0.0249,0.3426,1
8.6,-2.0,-2.25,1.3614,0.1889,0.0151,0.0227,0.0,4.2472,0.0,0.0587,0.0159,0.0231,0.0166,0.2738,0.104,0.0206,0.3574,1
8.6,-2.0,-2.0,1.0314,0.2267,0.0205,0.0227,0.0,5.1645,0.0,0.0587,0.0173,0.0163,0.0166,0.2024,0.1051,0.0168,0.3614,1
8.6,-2.0,-1.75,0.7932,0.2678,0.0271,0.0226,0.0,6.0881,0.0,0.0586,0.0183,0.0119,0.0166,0.155,0.1037,0.0138,0.3525,1
8.6,-2.0,-1.5,0.6262,0.3139,0.0353,0.0226,0.0,7.065,0.0,0.0586,0.0189,0.009,0.0166,0.1235,0.0994,0.0115,0.3313,1
8.7,-2.0,-4.0,0.4724,0.0018,0.0,0.0213,0.0,0.0069,0.0,0.0559,0.0,0.0343,0.016,0.7586,0.0331,0.0,0.0461,1
8.7,-2.0,-3.75,0.7841,0.0044,0.0,0.0221,0.0,0.0284,0.0,0.0577,0.0011,0.0446,0.0165,0.8265,0.0476,0.0016,0.0794,1
8.7,-2.0,-3.5,1.3019,0.0114,0.0,0.0225,0.0,0.1209,0.0,0.0586,0.0025,0.0569,0.0167,0.863,0.0687,0.0082,0.1361,1
8.7,-2.0,-3.25,1.8821,0.0262,0.0,0.0227,0.0,0.4115,0.0,0.0589,0.0051,0.0637,0.0168,0.8117,0.0926,0.0145,0.2103,1
8.7,-2.0,-3.0,2.1401,0.0478,0.0017,0.0227,0.0,0.9685,0.0,0.059,0.0077,0.0583,0.0168,0.669,0.1102,0.0191,0.2758,1
8.7,-2.0,-2.75,2.0099,0.0719,0.0033,0.0228,0.0,1.6847,0.0,0.0591,0.0097,0.0457,0.0168,0.5033,0.1194,0.0203,0.319,1
8.7,-2.0,-2.5,1.7001,0.0984,0.0053,0.0228,0.0,2.4642,0.0,0.0591,0.0111,0.0332,0.0168,0.3655,0.1245,0.0191,0.3466,1
8.7,-2.0,-2.25,1.3569,0.1277,0.0079,0.0228,0.0,3.2696,0.0,0.0592,0.0124,0.0234,0.0168,0.2648,0.1286,0.0168,0.365,1
8.7,-2.0,-2.0,1.0566,0.1605,0.0112,0.0228,0.0,4.0972,0.0,0.0592,0.0137,0.0166,0.0168,0.1957,0.1322,0.0142,0.3757,1
8.7,-2.0,-1.75,0.8262,0.1972,0.0153,0.0228,0.0,4.9546,0.0,0.0591,0.0149,0.0121,0.0168,0.1497,0.1345,0.0121,0.3766,1
8.7,-2.0,-1.5,0.6558,0.2381,0.0205,0.0227,0.0,5.8656,0.0,0.0591,0.0159,0.0091,0.0167,0.1193,0.1339,0.0103,0.3658,1
8.8,-2.0,-4.0,0.1907,0.0,0.0,0.021,0.0,0.0025,0.0,0.0555,0.0,0.022,0.0158,0.5035,0.0175,0.0,0.0333,1
8.8,-2.0,-3.75,0.3395,0.0013,0.0,0.022,0.0,0.0101,0.0,0.0577,0.0,0.0297,0.0165,0.5755,0.026,0.0,0.0583,1
8.8,-2.0,-3.5,0.631,0.0036,0.0,0.0225,0.0,0.0483,0.0,0.0589,0.0011,0.0405,0.0168,0.6428,0.0399,0.0011,0.1054,1
8.8,-2.0,-3.25,1.1306,0.0105,0.0,0.0227,0.0,0.2091,0.0,0.0592,0.0028,0.0512,0.0169,0.6711,0.0604,0.0052,0.1817,1
8.8,-2.0,-3.0,1.5792,0.0235,0.0,0.0228,0.0,0.5932,0.0,0.0593,0.0052,0.0522,0.0169,0.6053,0.0796,0.0106,0.2617,1
8.8,-2.0,-2.75,1.6874,0.0397,0.0015,0.0228,0.0,1.1396,0.0,0.0594,0.0071,0.0434,0.0169,0.4751,0.0903,0.0133,0.3157,1
8.8,-2.0,-2.5,1.554,0.0577,0.0025,0.0229,0.0,1.7512,0.0,0.0595,0.0085,0.0324,0.0169,0.3503,0.0953,0.0142,0.347,1
8.8,-2.0,-2.25,1.3206,0.0789,0.004,0.0229,0.0,2.4078,0.0,0.0596,0.0096,0.0232,0.0169,0.2548,0.0986,0.0135,0.367,1
8.8,-2.0,-2.0,1.0745,0.1046,0.0058,0.0229,0.0,3.1147,0.0,0.0596,0.0106,0.0164,0.0169,0.1881,0.1021,0.012,0.3814,1
8.8,-2.0,-1.75,0.862,0.1352,0.0083,0.0229,0.0,3.8786,0.0,0.0596,0.0118,0.0119,0.0169,0.1437,0.1059,0.0105,0.39,1
8.8,-2.0,-1.5,0.694,0.1708,0.0115,0.0228,0.0,4.7131,0.0,0.0596,0.0129,0.009,0.0169,0.1144,0.1087,0.0091,0.3896,1
8.9,-2.0,-4.0,0.0482,0.0,0.0,0.018,0.0,0.0013,0.0,0.0479,0.0,0.01,0.0138,0.194,0.0106,0.0,0.0218,1
8.9,-2.0,-3.75,0.0674,0.0,0.0,0.0199,0.0,0.0045,0.0,0.0528,0.0,0.0117,0.0152,0.1919,0.0145,0.0,0.0362,1
8.9,-2.0,-3.5,0.1587,0.0,0.0,0.022,0.0,0.0099,0.0,0.0581,0.0,0.0196,0.0166,0.3392,0.0244,0.0,0.057,1
8.9,-2.0,-3.25,0.3589,0.0018,0.0,0.0224,0.0,0.0574,0.0,0.0591,0.0,0.0287,0.0169,0.405,0.0427,0.0,0.1128,1
8.9,-2.0,-3.0,0.7022,0.0058,0.0,0.0226,0.0,0.2302,0.0,0.0593,0.002,0.036,0.0169,0.4334,0.0685,0.0011,0.1952,1
8.9,-2.0,-2.75,0.9974,0.0127,0.0,0.0228,0.0,0.5497,0.0,0.0595,0.0037,0.0351,0.0169,0.3859,0.0895,0.0044,0.2671,1
8.9,-2.0,-2.5,1.1143,0.0207,0.0,0.0228,0.0,0.9356,0.0,0.0596,0.005,0.0287,0.017,0.3026,0.1007,0.0061,0.3107,1
8.9,-2.0,-2.25,1.0923,0.0303,0.0013,0.0229,0.0,1.3594,0.0,0.0598,0.006,0.0216,0.017,0.2257,0.1066,0.0082,0.3357,1
8.9,-2.0,-2.0,0.9923,0.043,0.0021,0.0229,0.0,1.8374,0.0,0.0599,0.0069,0.0157,0.017,0.1677,0.1114,0.0086,0.3529,1
8.9,-2.0,-1.75,0.8574,0.0609,0.0031,0.0229,0.0,2.3931,0.0,0.06,0.0077,0.0114,0.017,0.1277,0.1169,0.0082,0.367,1
8.9,-2.0,-1.5,0.7199,0.0855,0.0046,0.0229,0.0,3.0408,0.0,0.06,0.0087,0.0086,0.017,0.1011,0.1231,0.0075,0.377,1
9.0,-2.0,-4.0,0.0049,0.0,0.0,0.0097,0.0,0.0,0.0,0.0259,0.0,0.0024,0.0074,0.051,0.0019,0.0,0.0057,1
9.0,-2.0,-3.75,0.0092,0.0,0.0,0.0108,0.0,0.0,0.0,0.0286,0.0,0.0034,0.0082,0.0607,0.0031,0.0,0.0111,1
9.0,-2.0,-3.5,0.0244,0.0,0.0,0.0115,0.0,0.0029,0.0,0.0305,0.0,0.0055,0.0087,0.0823,0.0061,0.0,0.0241,1
9.0,-2.0,-3.25,0.0904,0.0,0.0,0.0202,0.0,0.0221,0.0,0.0535,0.0,0.0123,0.0154,0.1529,0.017,0.0,0.0731,1
9.0,-2.0,-3.0,0.1421,0.0,0.0,0.022,0.0,0.0406,0.0,0.0583,0.0,0.0161,0.0166,0.2096,0.0226,0.0,0.0954,1
9.0,-2.0,-2.75,0.3147,0.0017,0.0,0.0224,0.0,0.1432,0.0,0.0589,0.0,0.0211,0.0168,0.2384,0.0391,0.0,0.1687,1
9.0,-2.0,-2.5,0.5433,0.0036,0.0,0.0226,0.0,0.3113,0.0,0.0593,0.002,0.0224,0.0169,0.2278,0.0548,0.0,0.2374,1
9.0,-2.0,-2.25,0.7868,0.0058,0.0,0.0227,0.0,0.5086,0.0,0.0596,0.0032,0.0203,0.0169,0.1929,0.0669,0.0016,0.289,1
9.0,-2.0,-2.0,1.0249,0.0082,0.0,0.0228,0.0,0.7098,0.0,0.0598,0.0045,0.0166,0.017,0.1539,0.0761,0.0055,0.3268,1
9.0,-2.0,-1.75,1.156,0.0111,0.0,0.0228,0.0,0.9415,0.0,0.06,0.0056,0.0127,0.017,0.119,0.0813,0.0086,0.3469,1
9.0,-2.0,-1.5,1.1493,0.0162,0.0011,0.0228,0.0,1.2493,0.0,0.06,0.0063,0.0094,0.017,0.0924,0.0841,0.0098,0.3555,1
9.1,-2.0,-4.0,0.0,0.0,0.0,0.0078,0.0,0.0,0.0,0.021,0.0,0.0,0.006,0.0095,0.0,0.0,0.0012,1
9.1,-2.0,-3.75,0.0,0.0,0.0,0.0091,0.0,0.0,0.0,0.0242,0.0,0.0,0.0069,0.0126,0.0,0.0,0.0026,1
9.1,-2.0,-3.5,0.0,0.0,0.0,0.01,0.0,0.0,0.0,0.0268,0.0,0.0011,0.0076,0.0186,0.0015,0.0,0.006,1
9.1,-2.0,-3.25,0.0066,0.0,0.0,0.0107,0.0,0.0015,0.0,0.0284,0.0,0.0026,0.0081,0.0358,0.0042,0.0,0.0173,1
9.1,-2.0,-3.0,0.0502,0.0,0.0,0.0158,0.0,0.0189,0.0,0.0421,0.0,0.0076,0.0123,0.0886,0.0163,0.0,0.0647,1
9.1,-2.0,-2.75,0.0983,0.0,0.0,0.0207,0.0,0.0677,0.0,0.0549,0.0,0.0087,0.0158,0.096,0.0286,0.0,0.1179,1
9.1,-2.0,-2.5,0.1272,0.0,0.0,0.0222,0.0,0.0619,0.0,0.0589,0.0,0.0117,0.0168,0.1188,0.0328,0.0,0.1353,1
9.1,-2.0,-2.25,0.347,0.0,0.0,0.0224,0.0,0.1263,0.0,0.0592,0.0012,0.0155,0.0168,0.1402,0.0551,0.0,0.2152,1
9.1,-2.0,-2.0,0.7108,0.0012,0.0,0.0226,0.0,0.1927,0.0,0.0595,0.0025,0.0162,0.0169,0.1351,0.0778,0.0011,0.2899,1
9.1,-2.0,-1.75,0.0168,0.0014,0.0,0.0169,0.0,0.1778,0.0,0.0448,0.0,0.0,0.013,0.0074,0.0201,0.0,0.094,1
9.1,-2.0,-1.5,0.0076,0.0015,0.0,0.0138,0.0,0.1537,0.0,0.0362,0.0,0.0,0.0103,0.0032,0.0155,0.0,0.0726,1
6.9,-1.875,-4.0,0.3448,0.0107,0.0,0.0234,0.0,0.0103,0.0,0.0599,0.0,0.0071,0.0169,0.0997,0.0053,0.0077,0.0061,1
6.9,-1.875,-3.75,0.3953,0.0167,0.0,0.0229,0.0,0.0331,0.0,0.0586,0.0,0.0073,0.0165,0.0842,0.006,0.0095,0.0088,1
6.9,-1.875,-3.5,0.4159,0.0249,0.0014,0.0224,0.0,0.0934,0.0,0.0573,0.0014,0.0069,0.0161,0.0682,0.0068,0.0108,0.012,1
6.9,-1.875,-3.25,0.3796,0.0351,0.0036,0.0219,0.0,0.2115,0.0,0.0561,0.002,0.0056,0.0158,0.0527,0.0077,0.0105,0.0155,1
6.9,-1.875,-3.0,0.2988,0.0469,0.0072,0.0215,0.0,0.3747,0.0,0.055,0.0027,0.0041,0.0154,0.0392,0.0085,0.0087,0.0188,1
6.9,-1.875,-2.75,0.2134,0.0599,0.012,0.0211,0.0,0.5505,0.0,0.0542,0.0034,0.0028,0.0151,0.0284,0.0092,0.0056,0.0214,1
6.9,-1.875,-2.5,0.1469,0.0742,0.0179,0.0208,0.0,0.7221,0.0,0.0534,0.004,0.0019,0.0149,0.0205,0.0095,0.004,0.023,1
6.9,-1.875,-2.25,0.1018,0.0897,0.0248,0.0205,0.0,0.8867,0.0,0.0528,0.0044,0.0013,0.0147,0.0147,0.0094,0.0014,0.0232,1
6.9,-1.875,-2.0,0.073,0.106,0.0328,0.0203,0.0,1.0458,0.0,0.0524,0.0046,0.0,0.0145,0.011,0.0088,0.001,0.0222,1
6.9,-1.875,-1.75,0.0545,0.1228,0.0417,0.0201,0.0,1.1985,0.0,0.0521,0.0044,0.0,0.0144,0.0084,0.0077,0.0,0.0201,1
6.9,-1.875,-1.5,0.0423,0.1396,0.0513,0.0199,0.001,1.3444,0.0,0.0517,0.0041,0.0,0.0142,0.0068,0.0066,0.0,0.0174,1
7.0,-1.875,-4.0,0.4312,0.0084,0.0,0.0234,0.0,0.0128,0.0,0.0599,0.0,0.0089,0.0169,0.1251,0.0066,0.0095,0.0076,1
7.0,-1.875,-3.75,0.4942,0.0131,0.0,0.0229,0.0,0.0412,0.0,0.0586,0.0012,0.0092,0.0165,0.1058,0.0075,0.0117,0.011,1
7.0,-1.875,-3.5,0.5201,0.0196,0.0017,0.0224,0.0,0.1162,0.0,0.0573,0.0018,0.0086,0.0161,0.0855,0.0085,0.0134,0.0151,1
7.0,-1.875,-3.25,0.4751,0.0276,0.0044,0.0219,0.0,0.2634,0.0,0.0562,0.0025,0.0071,0.0158,0.0661,0.0096,0.0131,0.0194,1
7.0,-1.875,-3.0,0.3741,0.0368,0.0089,0.0215,0.0,0.4666,0.0,0.0551,0.0034,0.0051,0.0154,0.0492,0.0106,0.0109,0.0235,1
7.0,-1.875,-2.75,0.2673,0.047,0.0148,0.0212,0.0,0.685,0.0,0.0543,0.0042,0.0035,0.0152,0.0357,0.0115,0.0081,0.0268,1
7.0,-1.875,-2.5,0.1841,0.0581,0.022,0.0209,0.0,0.8976,0.0,0.0535,0.005,0.0024,0.0149,0.0256,0.0119,0.0051,0.0288,1
7.0,-1.875,-2.25,0.1276,0.07,0.0303,0.0206,0.0,1.1003,0.0,0.053,0.0055,0.0016,0.0147,0.0186,0.0118,0.0017,0.0291,1
7.0,-1.875,-2.0,0.0913,0.0825,0.0399,0.0204,0.0,1.2944,0.0,0.0526,0.0056,0.0012,0.0146,0.0138,0.0109,0.0013,0.0277,1
7.0,-1.875,-1.75,0.0681,0.0952,0.0503,0.0202,0.0,1.4792,0.0,0.0523,0.0054,0.0,0.0144,0.0107,0.0097,0.0,0.025,1
7.0,-1.875,-1.5,0.0527,0.1079,0.0616,0.02,0.0,1.6548,0.0,0.052,0.005,0.0,0.0143,0.0084,0.0082,0.0,0.0217,1
7.1,-1.875,-4.0,0.5387,0.0105,0.0,0.0234,0.0,0.016,0.0,0.0599,0.0,0.0112,0.0169,0.1569,0.0083,0.0117,0.0095,1
7.1,-1.875,-3.75,0.6176,0.0163,0.0,0.0229,0.0,0.0513,0.0,0.0587,0.0014,0.0115,0.0165,0.1327,0.0094,0.0146,0.0138,1
7.1,-1.875,-3.5,0.6499,0.0244,0.0021,0.0224,0.0,0.1446,0.0,0.0574,0.0022,0.0108,0.0162,0.1074,0.0107,0.0167,0.0189,1
7.1,-1.875,-3.25,0.594,0.0344,0.0054,0.022,0.0,0.3278,0.0,0.0562,0.0031,0.0089,0.0158,0.083,0.012,0.0164,0.0243,1
7.1,-1.875,-3.0,0.4682,0.0458,0.0109,0.0216,0.0,0.5809,0.0,0.0552,0.0042,0.0065,0.0155,0.0618,0.0133,0.0137,0.0295,1
7.1,-1.875,-2.75,0.3348,0.0585,0.0182,0.0212,0.0,0.8532,0.0,0.0544,0.0053,0.0044,0.0152,0.0448,0.0144,0.0102,0.0336,1
7.1,-1.875,-2.5,0.2306,0.0723,0.0271,0.0209,0.0,1.118,0.0,0.0537,0.0062,0.003,0.015,0.0322,0.0149,0.0073,0.036,1
7.1,-1.875,-2.25,0.1599,0.0871,0.0374,0.0206,0.0,1.3708,0.0,0.0531,0.0068,0.002,0.0148,0.0233,0.0147,0.0045,0.0364,1
7.1,-1.875,-2.0,0.1144,0.1027,0.0491,0.0204,0.0,1.6133,0.0,0.0527,0.007,0.0015,0.0146,0.0173,0.0137,0.0016,0.0347,1
7.1,-1.875,-1.75,0.0853,0.1186,0.0622,0.0202,0.0,1.8461,0.0,0.0524,0.0068,0.0011,0.0145,0.0133,0.0121,0.0012,0.0314,1
7.1,-1.875,-1.5,0.0662,0.1347,0.0765,0.02,0.0,2.0695,0.0,0.0521,0.0062,0.0,0.0143,0.0107,0.0104,0.0,0.0272,1
7.2,-1.875,-4.0,0.6704,0.0129,0.0,0.0234,0.0,0.0198,0.0,0.0599,0.0011,0.014,0.0169,0.1964,0.0082,0.0145,0.0119,1
7.2,-1.875,-3.75,0.7687,0.0202,0.0,0.0229,0.0,0.0635,0.0,0.0587,0.0018,0.0144,0.0166,0.1661,0.0094,0.0181,0.0172,1
7.2,-1.875,-3.5,0.8091,0.0301,0.0025,0.0225,0.0,0.1788,0.0,0.0574,0.0027,0.0135,0.0162,0.1345,0.0106,0.0206,0.0236,1
7.2,-1.875,-3.25,0.74,0.0425,0.0066,0.022,0.0,0.4054,0.0,0.0563,0.0039,0.0111,0.0158,0.1039,0.0119,0.0201,0.0304,1
7.2,-1.875,-3.0,0.5837,0.0566,0.0133,0.0216,0.0,0.7181,0.0,0.0553,0.0052,0.0081,0.0155,0.0772,0.0132,0.0168,0.0368,1
7.2,-1.875,-2.75,0.4178,0.0721,0.0221,0.0213,0.0,1.0539,0.0,0.0545,0.0065,0.0055,0.0152,0.056,0.0142,0.0127,0.0419,1
7.2,-1.875,-2.5,0.2878,0.0888,0.0327,0.021,0.0,1.3787,0.0,0.0539,0.0076,0.0037,0.015,0.0403,0.0148,0.0091,0.045,1
7.2,-1.875,-2.25,0.1995,0.1067,0.0448,0.0207,0.0,1.6865,0.0,0.0534,0.0084,0.0026,0.0148,0.0291,0.0146,0.0056,0.0454,1
7.2,-1.875,-2.0,0.1426,0.1253,0.0586,0.0206,0.0,1.9795,0.0,0.053,0.0086,0.0018,0.0147,0.0216,0.0136,0.004,0.0432,1
7.2,-1.875,-1.75,0.1061,0.1443,0.0737,0.0204,0.0,2.2584,0.0,0.0527,0.0082,0.0014,0.0146,0.0166,0.012,0.0015,0.039,1
7.2,-1.875,-1.5,0.0821,0.1632,0.0901,0.0202,0.0,2.5243,0.0,0.0524,0.0075,0.0011,0.0144,0.0133,0.0102,0.0012,0.0337,1
7.3,-1.875,-4.0,0.8312,0.0156,0.0,0.0234,0.0,0.0243,0.0,0.0598,0.0014,0.0175,0.0169,0.2449,0.0128,0.0179,0.0148,1
7.3,-1.875,-3.75,0.9525,0.0245,0.0,0.0229,0.0,0.0778,0.0,0.0587,0.0022,0.0179,0.0166,0.2073,0.0147,0.0223,0.0215,1
7.3,-1.875,-3.5,1.0031,0.0368,0.0031,0.0225,0.0,0.2193,0.0,0.0575,0.0034,0.0169,0.0162,0.1679,0.0166,0.0253,0.0294,1
7.3,-1.875,-3.25,0.9187,0.052,0.0079,0.022,0.0,0.4974,0.0,0.0564,0.0048,0.014,0.0159,0.1297,0.0187,0.0249,0.0379,1
7.3,-1.875,-3.0,0.7254,0.0692,0.016,0.0217,0.0,0.8812,0.0,0.0555,0.0063,0.0102,0.0156,0.0964,0.0206,0.0208,0.0458,1
7.3,-1.875,-2.75,0.5196,0.088,0.0264,0.0214,0.0,1.2926,0.0,0.0547,0.0079,0.007,0.0153,0.0699,0.0223,0.0156,0.0522,1
7.3,-1.875,-2.5,0.3582,0.1082,0.0388,0.0211,0.0,1.6876,0.0,0.0541,0.0093,0.0047,0.0151,0.0501,0.0231,0.0113,0.056,1
7.3,-1.875,-2.25,0.2481,0.1295,0.053,0.0209,0.0,2.0587,0.0,0.0537,0.0102,0.0032,0.0149,0.0363,0.0228,0.0081,0.0565,1
7.3,-1.875,-2.0,0.177,0.1515,0.0687,0.0207,0.0,2.4078,0.0,0.0533,0.0104,0.0023,0.0148,0.0268,0.0213,0.0051,0.0537,1
7.3,-1.875,-1.75,0.1315,0.1736,0.0858,0.0205,0.0,2.7381,0.0,0.0531,0.01,0.0017,0.0147,0.0206,0.0188,0.0028,0.0483,1
7.3,-1.875,-1.5,0.1014,0.1956,0.1041,0.0204,0.0,3.0504,0.0,0.0528,0.009,0.0013,0.0146,0.0165,0.016,0.0014,0.0417,1
7.4,-1.875,-4.0,1.0258,0.0188,0.0,0.0234,0.0,0.0296,0.0,0.0598,0.0017,0.0218,0.0169,0.3051,0.0126,0.0219,0.0184,1
7.4,-1.875,-3.75,1.1754,0.0297,0.0011,0.0229,0.0,0.095,0.0,0.0587,0.0027,0.0223,0.0166,0.2584,0.0144,0.0272,0.0267,1
7.4,-1.875,-3.5,1.2383,0.0447,0.0037,0.0225,0.0,0.2675,0.0,0.0576,0.0041,0.0211,0.0162,0.2092,0.0164,0.0309,0.0366,1
7.4,-1.875,-3.25,1.135,0.0632,0.0095,0.0221,0.0,0.6066,0.0,0.0566,0.0058,0.0175,0.0159,0.1617,0.0184,0.0303,0.0471,1
7.4,-1.875,-3.0,0.8979,0.0841,0.0189,0.0217,0.0,1.0749,0.0,0.0557,0.0077,0.0128,0.0156,0.1201,0.0203,0.0254,0.0568,1
7.4,-1.875,-2.75,0.6437,0.1068,0.0312,0.0214,0.0,1.5747,0.0,0.055,0.0096,0.0088,0.0154,0.087,0.0219,0.0191,0.0647,1
7.4,-1.875,-2.5,0.4438,0.1308,0.0455,0.0212,0.0,2.0508,0.0,0.0544,0.0112,0.0059,0.0152,0.0624,0.0227,0.0137,0.0694,1
7.4,-1.875,-2.25,0.3072,0.1559,0.0616,0.021,0.0,2.4935,0.0,0.054,0.0123,0.004,0.015,0.045,0.0224,0.0098,0.0699,1
7.4,-1.875,-2.0,0.219,0.1814,0.0793,0.0209,0.0,2.9052,0.0,0.0537,0.0125,0.0029,0.0149,0.0333,0.0209,0.0062,0.0664,1
7.4,-1.875,-1.75,0.1623,0.2069,0.0983,0.0207,0.0,3.2916,0.0,0.0535,0.0119,0.0021,0.0148,0.0256,0.0185,0.0046,0.0597,1
7.4,-1.875,-1.5,0.1249,0.2321,0.1186,0.0205,0.0,3.6562,0.0,0.0532,0.0108,0.0016,0.0147,0.0203,0.0158,0.0017,0.0514,1
7.6,-1.875,-4.0,1.5329,0.0269,0.0,0.0233,0.0,0.0433,0.0,0.0597,0.0025,0.0333,0.0169,0.4693,0.0191,0.0318,0.0281,1
7.6,-1.875,-3.75,1.7546,0.0426,0.0016,0.023,0.0,0.1382,0.0,0.0588,0.004,0.0343,0.0166,0.3979,0.022,0.0395,0.0408,1
7.6,-1.875,-3.5,1.8482,0.0643,0.005,0.0226,0.0,0.3886,0.0,0.0578,0.006,0.0326,0.0163,0.3224,0.025,0.0447,0.0559,1
7.6,-1.875,-3.25,1.6964,0.091,0.0127,0.0222,0.0,0.879,0.0,0.0569,0.0084,0.0271,0.016,0.2489,0.028,0.0438,0.0717,1
7.6,-1.875,-3.0,1.3459,0.1207,0.0252,0.0219,0.0,1.5535,0.0,0.0561,0.0111,0.02,0.0158,0.1847,0.0308,0.0367,0.0862,1
7.6,-1.875,-2.75,0.9674,0.152,0.041,0.0217,0.0,2.2663,0.0,0.0555,0.0136,0.0137,0.0156,0.1336,0.033,0.0277,0.0976,1
7.6,-1.875,-2.5,0.6675,0.1844,0.0589,0.0215,0.0,2.9332,0.0,0.0551,0.0158,0.0092,0.0154,0.0956,0.0342,0.0199,0.1044,1
7.6,-1.875,-2.25,0.4616,0.2173,0.0783,0.0213,0.0,3.537,0.0,0.0547,0.0171,0.0063,0.0153,0.0689,0.0337,0.0142,0.1051,1
7.6,-1.875,-2.0,0.3281,0.2501,0.0991,0.0212,0.0,4.0888,0.0,0.0545,0.0172,0.0044,0.0152,0.0508,0.0314,0.0103,0.0996,1
7.6,-1.875,-1.75,0.2422,0.2827,0.1212,0.0211,0.0,4.6014,0.0,0.0543,0.0164,0.0033,0.0151,0.0387,0.0278,0.0078,0.0893,1
7.6,-1.875,-1.5,0.1858,0.315,0.1447,0.0209,0.0,5.0838,0.0,0.0541,0.0148,0.0025,0.015,0.0308,0.0238,0.0052,0.0766,1
7.7,-1.875,-4.0,1.8456,0.0316,0.0,0.0233,0.0,0.0516,0.0,0.0597,0.003,0.0409,0.0169,0.5775,0.0295,0.0374,0.0345,1
7.7,-1.875,-3.75,2.1104,0.0501,0.0018,0.023,0.0,0.164,0.0,0.0589,0.0047,0.0421,0.0166,0.4905,0.0338,0.0464,0.05,1
7.7,-1.875,-3.5,2.2211,0.0757,0.0056,0.0226,0.0,0.4597,0.0,0.058,0.0071,0.0401,0.0163,0.3975,0.0384,0.0524,0.0683,1
7.7,-1.875,-3.25,2.0404,0.107,0.0143,0.0223,0.0,1.038,0.0,0.0571,0.0099,0.0335,0.0161,0.3068,0.043,0.0514,0.0875,1
7.7,-1.875,-3.0,1.6212,0.1415,0.028,0.022,0.0,1.8298,0.0,0.0564,0.013,0.0248,0.0159,0.2276,0.0471,0.0431,0.1049,1
7.7,-1.875,-2.75,1.1675,0.1772,0.0451,0.0218,0.0,2.6603,0.0,0.0558,0.0158,0.017,0.0157,0.1644,0.0504,0.0325,0.1185,1
7.7,-1.875,-2.5,0.8066,0.2136,0.0642,0.0216,0.0,3.4304,0.0,0.0554,0.0182,0.0114,0.0155,0.1175,0.0521,0.0233,0.1264,1
7.7,-1.875,-2.25,0.5578,0.2502,0.0846,0.0215,0.0,4.1208,0.0,0.0551,0.0196,0.0078,0.0154,0.0846,0.0512,0.0167,0.1271,1
7.7,-1.875,-2.0,0.3962,0.2866,0.1063,0.0214,0.0,4.7452,0.0,0.0549,0.0197,0.0055,0.0153,0.0622,0.0478,0.0122,0.1204,1
7.7,-1.875,-1.75,0.2923,0.3228,0.1295,0.0212,0.0,5.3278,0.0,0.0547,0.0187,0.004,0.0152,0.0473,0.0424,0.0091,0.1079,1
7.7,-1.875,-1.5,0.224,0.3589,0.1543,0.0211,0.0,5.8802,0.0,0.0545,0.0169,0.0031,0.0152,0.0375,0.0363,0.0061,0.0925,1
7.8,-1.875,-4.0,2.197,0.0366,0.0,0.0233,0.0,0.0613,0.0,0.0597,0.0035,0.0498,0.0169,0.7062,0.0284,0.0434,0.042,1
7.8,-1.875,-3.75,2.5079,0.0582,0.002,0.023,0.0,0.1921,0.001,0.059,0.0055,0.0514,0.0167,0.6014,0.0327,0.0537,0.0607,1
7.8,-1.875,-3.5,2.638,0.088,0.0062,0.0227,0.0,0.5366,0.0011,0.0581,0.0083,0.049,0.0164,0.4876,0.0371,0.0605,0.083,1
7.8,-1.875,-3.25,2.4229,0.124,0.0155,0.0224,0.0,1.2076,0.0,0.0573,0.0115,0.0411,0.0162,0.3763,0.0413,0.0592,0.1059,1
7.8,-1.875,-3.0,1.929,0.1631,0.0302,0.0221,0.0,2.1212,0.0,0.0567,0.0149,0.0305,0.0159,0.2787,0.0451,0.0496,0.1266,1
7.8,-1.875,-2.75,1.392,0.203,0.0481,0.0219,0.0,3.0711,0.0,0.0562,0.018,0.021,0.0158,0.201,0.0481,0.0375,0.1424,1
7.8,-1.875,-2.5,0.9632,0.2429,0.0677,0.0218,0.0,3.942,0.0,0.0558,0.0205,0.0141,0.0156,0.1435,0.0495,0.027,0.1513,1
7.8,-1.875,-2.25,0.6667,0.2828,0.0887,0.0216,0.0,4.7209,0.0,0.0555,0.022,0.0096,0.0155,0.103,0.0487,0.0193,0.1519,1
7.8,-1.875,-2.0,0.4736,0.3225,0.1109,0.0215,0.0,5.4223,0.0,0.0553,0.0222,0.0067,0.0154,0.0757,0.0454,0.0142,0.1439,1
7.8,-1.875,-1.75,0.3493,0.3623,0.1346,0.0214,0.0,6.0756,0.0,0.0551,0.0211,0.0049,0.0154,0.0576,0.0404,0.0106,0.1291,1
7.8,-1.875,-1.5,0.2677,0.4025,0.1602,0.0213,0.0,6.7023,0.0,0.0549,0.019,0.0038,0.0153,0.0455,0.0346,0.0083,0.1108,1
7.9,-1.875,-4.0,2.5511,0.0414,0.0,0.0233,0.0,0.0704,0.001,0.0598,0.004,0.0599,0.0169,0.854,0.0429,0.0486,0.0504,1
7.9,-1.875,-3.75,2.9127,0.066,0.0021,0.0231,0.0,0.2199,0.0012,0.0591,0.0063,0.0619,0.0167,0.729,0.0494,0.0599,0.0728,1
7.9,-1.875,-3.5,3.0629,0.0998,0.0065,0.0228,0.0,0.6115,0.0012,0.0583,0.0094,0.0591,0.0165,0.592,0.0559,0.0676,0.0994,1
7.9,-1.875,-3.25,2.8155,0.1402,0.0162,0.0225,0.0,1.3704,0.0011,0.0576,0.013,0.0498,0.0162,0.4567,0.0621,0.066,0.1265,1
7.9,-1.875,-3.0,2.2464,0.1832,0.031,0.0222,0.0,2.3976,0.0,0.057,0.0166,0.0371,0.016,0.3379,0.0675,0.0555,0.1505,1
7.9,-1.875,-2.75,1.6275,0.2263,0.0489,0.0221,0.0,3.4581,0.0,0.0565,0.0199,0.0256,0.0159,0.2435,0.0716,0.0422,0.1686,1
7.9,-1.875,-2.5,1.1304,0.2691,0.0685,0.0219,0.0,4.4258,0.0,0.0561,0.0225,0.0172,0.0158,0.1736,0.0735,0.0306,0.1787,1
7.9,-1.875,-2.25,0.7843,0.3117,0.0892,0.0218,0.0,5.2852,0.0,0.0559,0.0241,0.0117,0.0157,0.1245,0.0723,0.022,0.1791,1
7.9,-1.875,-2.0,0.5581,0.3543,0.1113,0.0217,0.0,6.0653,0.0,0.0557,0.0242,0.0082,0.0156,0.0914,0.0675,0.016,0.1696,1
7.9,-1.875,-1.75,0.4119,0.3976,0.135,0.0216,0.0,6.7969,0.0,0.0555,0.0231,0.006,0.0155,0.0694,0.0602,0.0122,0.1525,1
7.9,-1.875,-1.5,0.3159,0.4422,0.1612,0.0215,0.0,7.5068,0.0,0.0554,0.021,0.0046,0.0155,0.0548,0.0518,0.0095,0.1313,1
8.0,-1.875,-4.0,2.9006,0.0458,0.0,0.0233,0.0,0.0792,0.0011,0.0598,0.0044,0.0711,0.0169,1.0215,0.0404,0.0526,0.0597,1
8.0,-1.875,-3.75,3.3185,0.0733,0.0021,0.0231,0.0,0.2469,0.0013,0.0593,0.0071,0.0736,0.0168,0.8753,0.0465,0.0651,0.0863,1
8.0,-1.875,-3.5,3.4877,0.1107,0.0066,0.0229,0.0,0.6826,0.0014,0.0586,0.0105,0.0705,0.0165,0.7119,0.0526,0.0734,0.1177,1
8.0,-1.875,-3.25,3.2046,0.1547,0.0161,0.0226,0.0,1.5188,0.0013,0.0579,0.0143,0.0597,0.0163,0.5492,0.0582,0.0715,0.1491,1
8.0,-1.875,-3.0,2.566,0.2008,0.0305,0.0224,0.0,2.6449,0.001,0.0573,0.0181,0.0447,0.0161,0.406,0.0628,0.0604,0.1766,1
8.0,-1.875,-2.75,1.8692,0.2462,0.0478,0.0222,0.0,3.8055,0.0,0.0568,0.0215,0.0309,0.016,0.2923,0.0663,0.0462,0.197,1
8.0,-1.875,-2.5,1.3052,0.2911,0.0665,0.022,0.0,4.8615,0.0,0.0565,0.0241,0.0208,0.0159,0.2083,0.0679,0.0337,0.2082,1
8.0,-1.875,-2.25,0.909,0.3357,0.0864,0.0219,0.0,5.7972,0.0,0.0562,0.0257,0.0141,0.0158,0.1494,0.0668,0.0245,0.2085,1
8.0,-1.875,-2.0,0.6486,0.381,0.1078,0.0218,0.0,6.6529,0.0,0.0561,0.0259,0.0099,0.0157,0.1095,0.0626,0.0179,0.1976,1
8.0,-1.875,-1.75,0.4796,0.4277,0.1312,0.0217,0.0,7.466,0.0,0.0559,0.0248,0.0072,0.0157,0.0832,0.056,0.0137,0.178,1
8.0,-1.875,-1.5,0.3685,0.4766,0.1574,0.0216,0.0,8.2676,0.0,0.0558,0.0227,0.0055,0.0156,0.0657,0.0484,0.0108,0.1537,1
8.1,-1.875,-4.0,3.1473,0.0484,0.0,0.0234,0.0,0.0852,0.0012,0.0599,0.0047,0.0821,0.017,1.1927,0.0588,0.0533,0.0688,1
8.1,-1.875,-3.75,3.6194,0.0778,0.002,0.0232,0.0,0.2655,0.0014,0.0595,0.0075,0.0854,0.0168,1.0286,0.0679,0.0666,0.0998,1
8.1,-1.875,-3.5,3.8183,0.1179,0.0062,0.0229,0.0,0.7326,0.0015,0.0588,0.0111,0.0823,0.0166,0.8403,0.0768,0.0752,0.1361,1
8.1,-1.875,-3.25,3.5253,0.1645,0.015,0.0227,0.0,1.6244,0.0014,0.0582,0.0151,0.0701,0.0164,0.6495,0.0846,0.0737,0.1723,1
8.1,-1.875,-3.0,2.8407,0.2122,0.0282,0.0225,0.0,2.8186,0.0011,0.0576,0.0189,0.0528,0.0163,0.4803,0.0909,0.0628,0.2031,1
8.1,-1.875,-2.75,2.0883,0.2589,0.0439,0.0223,0.0,4.0526,0.0,0.0572,0.0223,0.0368,0.0161,0.3458,0.0954,0.0487,0.2259,1
8.1,-1.875,-2.5,1.47,0.3046,0.0611,0.0222,0.0,5.1791,0.0,0.0568,0.0249,0.0248,0.016,0.2465,0.0975,0.036,0.2384,1
8.1,-1.875,-2.25,1.0307,0.3505,0.0796,0.0221,0.0,6.1852,0.0,0.0566,0.0266,0.0169,0.0159,0.1769,0.096,0.0263,0.2386,1
8.1,-1.875,-2.0,0.7388,0.3977,0.0997,0.022,0.0,7.1115,0.0,0.0564,0.0269,0.0118,0.0159,0.1298,0.0903,0.0195,0.2266,1
8.1,-1.875,-1.75,0.5485,0.4475,0.122,0.0219,0.0,8.0056,0.0,0.0563,0.0259,0.0086,0.0158,0.0986,0.0813,0.015,0.2047,1
8.1,-1.875,-1.5,0.4227,0.5005,0.1474,0.0218,0.0,8.8997,0.0,0.0562,0.0239,0.0066,0.0157,0.0779,0.0706,0.0117,0.1774,1
8.2,-1.875,-4.0,3.2557,0.0476,0.0,0.0233,0.0,0.0866,0.0012,0.0598,0.0047,0.0921,0.017,1.3568,0.0522,0.0504,0.077,1
8.2,-1.875,-3.75,3.7915,0.0778,0.0017,0.0232,0.0,0.272,0.0014,0.0595,0.0076,0.0967,0.0169,1.1832,0.0608,0.0641,0.1124,1
8.2,-1.875,-3.5,4.0336,0.119,0.0054,0.023,0.0,0.7515,0.0015,0.0589,0.0113,0.094,0.0167,0.9735,0.069,0.0733,0.1538,1
8.2,-1.875,-3.25,3.752,0.1664,0.013,0.0228,0.0,1.6643,0.0014,0.0584,0.0153,0.0808,0.0165,0.7548,0.0758,0.0727,0.1946,1
8.2,-1.875,-3.0,3.0553,0.2145,0.0242,0.0226,0.0,2.8869,0.0012,0.0579,0.019,0.0614,0.0164,0.5589,0.0811,0.0627,0.2289,1
8.2,-1.875,-2.75,2.2726,0.2609,0.0378,0.0224,0.0,4.1557,0.0,0.0575,0.0222,0.0431,0.0162,0.4026,0.0848,0.0495,0.254,1
8.2,-1.875,-2.5,1.6176,0.3064,0.0527,0.0223,0.0,5.3251,0.0,0.0572,0.0248,0.0293,0.0161,0.2873,0.0865,0.0371,0.268,1
8.2,-1.875,-2.25,1.144,0.3524,0.069,0.0222,0.0,6.3804,0.0,0.057,0.0265,0.0199,0.0161,0.2064,0.0854,0.0274,0.2689,1
8.2,-1.875,-2.0,0.8256,0.4004,0.087,0.0221,0.0,7.3622,0.0,0.0568,0.027,0.014,0.016,0.1515,0.0809,0.0206,0.2563,1
8.2,-1.875,-1.75,0.6158,0.4518,0.1074,0.0221,0.0,8.323,0.0,0.0567,0.0262,0.0102,0.0159,0.1152,0.0733,0.0159,0.2327,1
8.2,-1.875,-1.5,0.4765,0.5076,0.1309,0.022,0.0,9.3001,0.0,0.0566,0.0245,0.0077,0.0159,0.0911,0.0642,0.0128,0.2029,1
8.3,-1.875,-4.0,3.0092,0.0404,0.0,0.023,0.0,0.0779,0.0011,0.0593,0.0041,0.0964,0.0168,1.452,0.0684,0.0406,0.0802,1
8.3,-1.875,-3.75,3.61,0.0685,0.0013,0.023,0.0,0.2499,0.0013,0.0593,0.0068,0.1033,0.0168,1.2945,0.0812,0.0538,0.1192,1
8.3,-1.875,-3.5,3.9389,0.1078,0.004,0.0229,0.0,0.7032,0.0014,0.059,0.0104,0.1023,0.0167,1.0827,0.0932,0.0638,0.1656,1
8.3,-1.875,-3.25,3.7429,0.1537,0.0098,0.0228,0.0,1.5764,0.0014,0.0585,0.0142,0.0895,0.0166,0.8477,0.103,0.065,0.211,1
8.3,-1.875,-3.0,3.1097,0.2002,0.0185,0.0226,0.0,2.7598,0.0011,0.0582,0.0177,0.0692,0.0165,0.6308,0.1101,0.0576,0.2488,1
8.3,-1.875,-2.75,2.3562,0.2447,0.029,0.0225,0.0,4.0052,0.0,0.0578,0.0207,0.0492,0.0164,0.4556,0.115,0.0465,0.2764,1
8.3,-1.875,-2.5,1.7067,0.2886,0.041,0.0224,0.0,5.1725,0.0,0.0576,0.0232,0.0337,0.0163,0.3257,0.1175,0.0359,0.2925,1
8.3,-1.875,-2.25,1.2231,0.3331,0.0543,0.0223,0.0,6.239,0.0,0.0574,0.0249,0.0231,0.0162,0.2345,0.1167,0.0272,0.2952,1
8.3,-1.875,-2.0,0.8913,0.3801,0.0692,0.0223,0.0,7.245,0.0,0.0573,0.0256,0.0162,0.0161,0.1726,0.1115,0.0208,0.2835,1
8.3,-1.875,-1.75,0.67,0.431,0.0864,0.0222,0.0,8.2376,0.0,0.0571,0.0253,0.0118,0.0161,0.1314,0.1022,0.0164,0.2597,1
8.3,-1.875,-1.5,0.5218,0.4879,0.1067,0.0221,0.0,9.2728,0.0,0.057,0.024,0.009,0.016,0.1042,0.0905,0.0132,0.2286,1
8.4,-1.875,-4.0,2.5736,0.0317,0.0,0.0227,0.0,0.0656,0.0,0.0587,0.0033,0.0962,0.0167,1.4856,0.054,0.0292,0.0803,1
8.4,-1.875,-3.75,3.232,0.0566,0.0,0.0229,0.0,0.2181,0.0011,0.059,0.0057,0.1062,0.0168,1.3669,0.0659,0.0414,0.1226,1
8.4,-1.875,-3.5,3.6594,0.0928,0.0028,0.0229,0.0,0.6305,0.0013,0.0589,0.0091,0.1079,0.0167,1.1707,0.0773,0.0517,0.1737,1
8.4,-1.875,-3.25,3.5749,0.1358,0.0069,0.0228,0.0,1.4382,0.0012,0.0587,0.0127,0.0965,0.0166,0.9294,0.0862,0.0546,0.224,1
8.4,-1.875,-3.0,3.0427,0.1793,0.0132,0.0227,0.0,2.5452,0.0011,0.0584,0.0158,0.076,0.0166,0.6968,0.0923,0.0502,0.2653,1
8.4,-1.875,-2.75,2.3586,0.2211,0.021,0.0226,0.0,3.7318,0.0,0.0582,0.0186,0.0548,0.0165,0.5055,0.0964,0.0418,0.2955,1
8.4,-1.875,-2.5,1.7419,0.2623,0.0301,0.0225,0.0,4.8656,0.0,0.058,0.0209,0.038,0.0164,0.3627,0.0987,0.0332,0.3139,1
8.4,-1.875,-2.25,1.2674,0.3041,0.0403,0.0225,0.0,5.9157,0.0,0.0578,0.0226,0.0262,0.0163,0.2617,0.0985,0.0258,0.3184,1
8.4,-1.875,-2.0,0.935,0.3488,0.0522,0.0224,0.0,6.9215,0.0,0.0577,0.0235,0.0185,0.0163,0.1932,0.095,0.0201,0.3081,1
8.4,-1.875,-1.75,0.7098,0.3976,0.0659,0.0223,0.0,7.923,0.0,0.0576,0.0235,0.0135,0.0162,0.1475,0.088,0.0159,0.2846,1
8.4,-1.875,-1.5,0.5569,0.4532,0.0825,0.0223,0.0,8.9826,0.0,0.0575,0.0227,0.0103,0.0162,0.1174,0.0788,0.013,0.2528,1
8.5,-1.875,-4.0,1.783,0.0172,0.0,0.0223,0.0,0.041,0.0,0.0578,0.0021,0.0844,0.0164,1.3337,0.0594,0.0155,0.0726,1
8.5,-1.875,-3.75,2.4372,0.0342,0.0,0.0226,0.0,0.1461,0.0,0.0585,0.004,0.0982,0.0166,1.2938,0.0765,0.0248,0.1156,1
8.5,-1.875,-3.5,3.0037,0.0621,0.0014,0.0227,0.0,0.4567,0.0,0.0588,0.0069,0.1052,0.0167,1.1596,0.0939,0.0347,0.1712,1
8.5,-1.875,-3.25,3.146,0.0985,0.0038,0.0228,0.0,1.1142,0.0,0.0587,0.0102,0.0982,0.0167,0.9482,0.1079,0.0402,0.2273,1
8.5,-1.875,-3.0,2.8281,0.1376,0.0077,0.0227,0.0,2.0701,0.0,0.0586,0.0131,0.0799,0.0166,0.7223,0.1172,0.0396,0.2734,1
8.5,-1.875,-2.75,2.2813,0.1758,0.0128,0.0227,0.0,3.1354,0.0,0.0585,0.0155,0.0589,0.0166,0.5276,0.123,0.0349,0.3067,1
8.5,-1.875,-2.5,1.7338,0.2136,0.0189,0.0226,0.0,4.1875,0.0,0.0584,0.0175,0.0414,0.0165,0.3801,0.1268,0.0287,0.3284,1
8.5,-1.875,-2.25,1.2886,0.2525,0.0261,0.0226,0.0,5.1934,0.0,0.0583,0.0192,0.0288,0.0165,0.2754,0.1282,0.0231,0.3377,1
8.5,-1.875,-2.0,0.9638,0.2939,0.0345,0.0225,0.0,6.1652,0.0,0.0582,0.0204,0.0204,0.0165,0.2038,0.1261,0.0185,0.3328,1
8.5,-1.875,-1.75,0.7381,0.3393,0.0446,0.0225,0.0,7.1438,0.0,0.0581,0.0209,0.0149,0.0164,0.1561,0.1198,0.015,0.3139,1
8.5,-1.875,-1.5,0.5825,0.3907,0.0568,0.0224,0.0,8.1809,0.0,0.058,0.0208,0.0114,0.0164,0.1245,0.11,0.0124,0.2845,1
8.6,-1.875,-4.0,1.0547,0.0062,0.0,0.0217,0.0,0.0187,0.0,0.0566,0.0012,0.0673,0.0161,1.0798,0.0378,0.0056,0.0615,1
8.6,-1.875,-3.75,1.5974,0.0141,0.0,0.0223,0.0,0.0727,0.0,0.0579,0.0024,0.0831,0.0165,1.1117,0.0517,0.0121,0.1028,1
8.6,-1.875,-3.5,2.2428,0.0303,0.0,0.0226,0.0,0.2588,0.0,0.0585,0.0048,0.0961,0.0167,1.0635,0.0681,0.0201,0.1621,1
8.6,-1.875,-3.25,2.6711,0.0561,0.0017,0.0227,0.0,0.7209,0.0,0.0587,0.0078,0.0965,0.0167,0.9155,0.0829,0.0274,0.2273,1
8.6,-1.875,-3.0,2.6165,0.087,0.0039,0.0227,0.0,1.474,0.0,0.0587,0.0105,0.0817,0.0167,0.7122,0.0924,0.0301,0.2803,1
8.6,-1.875,-2.75,2.2465,0.1196,0.0068,0.0227,0.0,2.3766,0.0,0.0587,0.0126,0.0618,0.0167,0.5246,0.0978,0.0284,0.3173,1
8.6,-1.875,-2.5,1.7799,0.1531,0.0105,0.0227,0.0,3.3118,0.0,0.0587,0.0143,0.044,0.0167,0.3779,0.1013,0.0246,0.342,1
8.6,-1.875,-2.25,1.3579,0.1884,0.015,0.0227,0.0,4.2387,0.0,0.0587,0.0159,0.0307,0.0166,0.2734,0.1039,0.0206,0.357,1
8.6,-1.875,-2.0,1.0294,0.2263,0.0205,0.0227,0.0,5.1561,0.0,0.0587,0.0172,0.0217,0.0166,0.2022,0.105,0.0167,0.361,1
8.6,-1.875,-1.75,0.792,0.2673,0.027,0.0226,0.0,6.0796,0.0,0.0586,0.0183,0.0159,0.0166,0.1548,0.1036,0.0137,0.3522,1
8.6,-1.875,-1.5,0.6253,0.3134,0.0352,0.0226,0.0,7.0568,0.0,0.0586,0.0188,0.012,0.0166,0.1234,0.0993,0.0115,0.3311,1
8.7,-1.875,-4.0,0.4698,0.0017,0.0,0.0213,0.0,0.0069,0.0,0.0559,0.0,0.0456,0.016,0.7565,0.033,0.0,0.046,1
8.7,-1.875,-3.75,0.7792,0.0044,0.0,0.0221,0.0,0.0282,0.0,0.0578,0.0011,0.0593,0.0165,0.8238,0.0474,0.0016,0.0791,1
8.7,-1.875,-3.5,1.2928,0.0113,0.0,0.0225,0.0,0.1202,0.0,0.0586,0.0025,0.0756,0.0167,0.8599,0.0685,0.0081,0.1356,1
8.7,-1.875,-3.25,1.8699,0.0261,0.0,0.0227,0.0,0.4091,0.0,0.0589,0.005,0.0846,0.0168,0.8092,0.0923,0.0144,0.2096,1
8.7,-1.875,-3.0,2.1284,0.0475,0.0017,0.0227,0.0,0.9639,0.0,0.059,0.0076,0.0775,0.0168,0.6672,0.1099,0.0189,0.275,1
8.7,-1.875,-2.75,2.0008,0.0716,0.0033,0.0228,0.0,1.6782,0.0,0.0591,0.0096,0.0608,0.0168,0.5022,0.1191,0.0201,0.3183,1
8.7,-1.875,-2.5,1.6937,0.098,0.0053,0.0228,0.0,2.4562,0.0,0.0591,0.0111,0.0442,0.0168,0.3648,0.1243,0.0191,0.346,1
8.7,-1.875,-2.25,1.3526,0.1273,0.0079,0.0228,0.0,3.2606,0.0,0.0592,0.0124,0.0312,0.0168,0.2643,0.1284,0.0167,0.3644,1
8.7,-1.875,-2.0,1.0537,0.1601,0.0111,0.0228,0.0,4.0873,0.0,0.0592,0.0137,0.0221,0.0168,0.1954,0.132,0.0142,0.3752,1
8.7,-1.875,-1.75,0.8242,0.1967,0.0153,0.0228,0.0,4.9444,0.0,0.0591,0.0149,0.0161,0.0168,0.1496,0.1343,0.012,0.3762,1
8.7,-1.875,-1.5,0.6544,0.2376,0.0204,0.0227,0.0,5.8551,0.0,0.0591,0.0159,0.0121,0.0167,0.1191,0.1338,0.0102,0.3654,1
8.8,-1.875,-4.0,0.1897,0.0,0.0,0.021,0.0,0.0025,0.0,0.0555,0.0,0.0293,0.0158,0.5021,0.0175,0.0,0.0333,1
8.8,-1.875,-3.75,0.3376,0.0012,0.0,0.022,0.0,0.01,0.0,0.0577,0.0,0.0395,0.0165,0.5736,0.0259,0.0,0.0581,1
8.8,-1.875,-3.5,0.6268,0.0036,0.0,0.0225,0.0,0.048,0.0,0.0589,0.0011,0.0538,0.0168,0.6407,0.0398,0.0011,0.105,1
8.8,-1.875,-3.25,1.1217,0.0104,0.0,0.0227,0.0,0.2076,0.0,0.0592,0.0028,0.0679,0.0169,0.6685,0.0602,0.0052,0.181,1
8.8,-1.875,-3.0,1.5679,0.0234,0.0,0.0228,0.0,0.5894,0.0,0.0593,0.0051,0.0694,0.0169,0.6032,0.0793,0.0105,0.2607,1
8.8,-1.875,-2.75,1.6772,0.0394,0.0014,0.0228,0.0,1.1333,0.0,0.0594,0.0071,0.0577,0.0169,0.4737,0.09,0.0132,0.3147,1
8.8,-1.875,-2.5,1.5464,0.0574,0.0025,0.0229,0.0,1.7435,0.0,0.0595,0.0085,0.0431,0.0169,0.3493,0.095,0.014,0.3461,1
8.8,-1.875,-2.25,1.3151,0.0785,0.0039,0.0229,0.0,2.3985,0.0,0.0596,0.0095,0.0308,0.0169,0.2541,0.0984,0.0134,0.3662,1
8.8,-1.875,-2.0,1.0708,0.1041,0.0058,0.0229,0.0,3.1042,0.0,0.0596,0.0106,0.0219,0.0169,0.1878,0.1019,0.012,0.3807,1
8.8,-1.875,-1.75,0.8591,0.1347,0.0082,0.0229,0.0,3.8673,0.0,0.0596,0.0117,0.0159,0.0169,0.1435,0.1057,0.0105,0.3893,1
8.8,-1.875,-1.5,0.692,0.1702,0.0114,0.0228,0.0,4.7006,0.0,0.0596,0.0128,0.012,0.0169,0.1142,0.1085,0.0091,0.389,1
8.9,-1.875,-4.0,0.0479,0.0,0.0,0.018,0.0,0.0012,0.0,0.0479,0.0,0.0134,0.0138,0.1934,0.0105,0.0,0.0218,1
8.9,-1.875,-3.75,0.0671,0.0,0.0,0.0199,0.0,0.0044,0.0,0.0528,0.0,0.0156,0.0152,0.1913,0.0144,0.0,0.0361,1
8.9,-1.875,-3.5,0.1576,0.0,0.0,0.022,0.0,0.0098,0.0,0.0581,0.0,0.026,0.0166,0.3379,0.0243,0.0,0.0568,1
8.9,-1.875,-3.25,0.3559,0.0018,0.0,0.0224,0.0,0.0569,0.0,0.0591,0.0,0.0381,0.0169,0.4034,0.0425,0.0,0.1124,1
8.9,-1.875,-3.0,0.6957,0.0058,0.0,0.0226,0.0,0.2283,0.0,0.0593,0.002,0.0477,0.0169,0.4314,0.0682,0.0011,0.1944,1
8.9,-1.875,-2.75,0.9888,0.0126,0.0,0.0228,0.0,0.5455,0.0,0.0595,0.0036,0.0465,0.0169,0.3843,0.0891,0.0044,0.266,1
8.9,-1.875,-2.5,1.1061,0.0206,0.0,0.0228,0.0,0.9293,0.0,0.0597,0.005,0.0381,0.017,0.3015,0.1003,0.006,0.3095,1
8.9,-1.875,-2.25,1.0857,0.0301,0.0013,0.0229,0.0,1.3514,0.0,0.0598,0.006,0.0287,0.017,0.2249,0.1062,0.0081,0.3346,1
8.9,-1.875,-2.0,0.9872,0.0427,0.0021,0.0229,0.0,1.8272,0.0,0.0599,0.0068,0.0209,0.017,0.1672,0.111,0.0086,0.3519,1
8.9,-1.875,-1.75,0.8537,0.0606,0.0031,0.0229,0.0,2.3818,0.0,0.06,0.0077,0.0152,0.017,0.1274,0.1165,0.0081,0.366,1
8.9,-1.875,-1.5,0.7171,0.085,0.0046,0.0229,0.0,3.0282,0.0,0.06,0.0086,0.0114,0.017,0.1009,0.1228,0.0074,0.3761,1
9.0,-1.875,-4.0,0.0049,0.0,0.0,0.0097,0.0,0.0,0.0,0.0259,0.0,0.0032,0.0074,0.0509,0.0019,0.0,0.0057,1
9.0,-1.875,-3.75,0.0092,0.0,0.0,0.0108,0.0,0.0,0.0,0.0286,0.0,0.0045,0.0082,0.0605,0.0031,0.0,0.0111,1
9.0,-1.875,-3.5,0.0242,0.0,0.0,0.0115,0.0,0.0029,0.0,0.0305,0.0,0.0074,0.0087,0.0819,0.0061,0.0,0.024,1
9.0,-1.875,-3.25,0.0895,0.0,0.0,0.0202,0.0,0.0219,0.0,0.0535,0.0,0.0163,0.0154,0.1521,0.0169,0.0,0.0727,1
9.0,-1.875,-3.0,0.1405,0.0,0.0,0.022,0.0,0.0401,0.0,0.0584,0.0,0.0214,0.0167,0.2084,0.0224,0.0,0.0949,1
9.0,-1.875,-2.75,0.3125,0.0016,0.0,0.0224,0.0,0.1412,0.0,0.0589,0.0,0.028,0.0168,0.2374,0.0389,0.0,0.1681,1
9.0,-1.875,-2.5,0.5366,0.0035,0.0,0.0226,0.0,0.3077,0.0,0.0593,0.0019,0.0297,0.0169,0.2265,0.0544,0.0,0.236,1
9.0,-1.875,-2.25,0.7872,0.0058,0.0,0.0227,0.0,0.5018,0.0,0.0596,0.0032,0.027,0.0169,0.1924,0.0668,0.0016,0.2886,1
9.0,-1.875,-2.0,1.0167,0.0081,0.0,0.0228,0.0,0.7032,0.0,0.0598,0.0045,0.0221,0.017,0.1532,0.0757,0.0055,0.3253,1
9.0,-1.875,-1.75,1.1564,0.011,0.0,0.0228,0.0,0.9325,0.0,0.06,0.0056,0.0169,0.017,0.1188,0.0811,0.0086,0.3464,1
9.0,-1.875,-1.5,1.1568,0.016,0.0011,0.0228,0.0,1.237,0.0,0.06,0.0063,0.0125,0.017,0.0923,0.0841,0.0099,0.3554,1
9.1,-1.875,-4.0,0.0,0.0,0.0,0.0078,0.0,0.0,0.0,0.021,0.0,0.0,0.006,0.0094,0.0,0.0,0.0012,1
9.1,-1.875,-3.75,0.0,0.0,0.0,0.0091,0.0,0.0,0.0,0.0242,0.0,0.0,0.0069,0.0126,0.0,0.0,0.0026,1
9.1,-1.875,-3.5,0.0,0.0,0.0,0.01,0.0,0.0,0.0,0.0268,0.0,0.0014,0.0076,0.0186,0.0015,0.0,0.006,1
9.1,-1.875,-3.25,0.0065,0.0,0.0,0.0107,0.0,0.0015,0.0,0.0284,0.0,0.0034,0.0081,0.0356,0.0042,0.0,0.0172,1
9.1,-1.875,-3.0,0.0493,0.0,0.0,0.0158,0.0,0.0187,0.0,0.0421,0.0,0.01,0.0123,0.0879,0.0162,0.0,0.0642,1
9.1,-1.875,-2.75,0.0958,0.0,0.0,0.0207,0.0,0.0664,0.0,0.0549,0.0,0.0115,0.0158,0.0947,0.0283,0.0,0.1166,1
9.1,-1.875,-2.5,0.1245,0.0,0.0,0.0222,0.0,0.0607,0.0,0.0589,0.0,0.0154,0.0168,0.1179,0.0324,0.0,0.1339,1
9.1,-1.875,-2.25,0.3409,0.0,0.0,0.0224,0.0,0.1241,0.0,0.0592,0.0011,0.0205,0.0168,0.139,0.0545,0.0,0.2133,1
9.1,-1.875,-2.0,0.7011,0.0011,0.0,0.0226,0.0,0.1896,0.0,0.0595,0.0025,0.0214,0.0169,0.1342,0.0772,0.0011,0.2878,1
9.1,-1.875,-1.75,0.0168,0.0014,0.0,0.0175,0.0,0.1785,0.0,0.0465,0.0,0.0,0.0134,0.0075,0.0204,0.0,0.0961,1
9.1,-1.875,-1.5,0.0074,0.0014,0.0,0.0136,0.0,0.1505,0.0,0.0359,0.0,0.0,0.0102,0.0031,0.0152,0.0,0.0715,1
7.5,-1.775,-4.0,1.2571,0.0226,0.0,0.0233,0.0,0.0359,0.0,0.0597,0.002,0.0339,0.0169,0.3788,0.0196,0.0265,0.0228,1
7.5,-1.775,-3.75,1.4403,0.0357,0.0013,0.0229,0.0,0.1149,0.0,0.0587,0.0033,0.0349,0.0166,0.321,0.0225,0.0329,0.0331,1
7.5,-1.775,-3.5,1.5175,0.0538,0.0043,0.0225,0.0,0.3237,0.0,0.0577,0.005,0.0331,0.0163,0.26,0.0255,0.0374,0.0453,1
7.5,-1.775,-3.25,1.3925,0.0762,0.0111,0.0222,0.0,0.7335,0.0,0.0567,0.007,0.0275,0.016,0.2009,0.0286,0.0367,0.0582,1
7.5,-1.775,-3.0,1.1031,0.1013,0.022,0.0218,0.0,1.2984,0.0,0.0559,0.0093,0.0202,0.0157,0.1492,0.0316,0.0306,0.0702,1
7.5,-1.775,-2.75,0.7921,0.1281,0.0361,0.0216,0.0,1.8995,0.0,0.0552,0.0115,0.0138,0.0155,0.108,0.034,0.0231,0.0797,1
7.5,-1.775,-2.5,0.5462,0.1563,0.0523,0.0213,0.0,2.4664,0.0,0.0547,0.0134,0.0093,0.0153,0.0774,0.0352,0.0165,0.0854,1
7.5,-1.775,-2.25,0.3779,0.1853,0.0702,0.0212,0.0,2.9871,0.0,0.0544,0.0146,0.0063,0.0152,0.0559,0.0347,0.0117,0.086,1
7.5,-1.775,-2.0,0.269,0.2144,0.0896,0.021,0.0,3.4674,0.0,0.0541,0.0148,0.0045,0.015,0.0412,0.0324,0.0086,0.0816,1
7.5,-1.775,-1.75,0.1989,0.2434,0.1103,0.0209,0.0,3.9137,0.0,0.0539,0.014,0.0033,0.015,0.0315,0.0287,0.0055,0.0732,1
7.5,-1.775,-1.5,0.1528,0.2721,0.1323,0.0207,0.0,4.3348,0.0,0.0537,0.0127,0.0026,0.0149,0.025,0.0245,0.0044,0.0629,1
6.9,-1.75,-4.0,0.3448,0.0107,0.0,0.0234,0.0,0.0103,0.0,0.0599,0.0,0.0095,0.0169,0.0997,0.0053,0.0077,0.0061,1
6.9,-1.75,-3.75,0.3953,0.0167,0.0,0.0229,0.0,0.0331,0.0,0.0586,0.0,0.0097,0.0165,0.0842,0.006,0.0095,0.0088,1
6.9,-1.75,-3.5,0.4159,0.0249,0.0014,0.0224,0.0,0.0934,0.0,0.0573,0.0014,0.0091,0.0161,0.0682,0.0068,0.0108,0.012,1
6.9,-1.75,-3.25,0.3796,0.0351,0.0036,0.0219,0.0,0.2115,0.0,0.0561,0.002,0.0075,0.0158,0.0527,0.0077,0.0105,0.0155,1
6.9,-1.75,-3.0,0.2988,0.0469,0.0072,0.0215,0.0,0.3747,0.0,0.055,0.0027,0.0055,0.0154,0.0392,0.0085,0.0087,0.0188,1
6.9,-1.75,-2.75,0.2134,0.0599,0.012,0.0211,0.0,0.5505,0.0,0.0542,0.0034,0.0037,0.0151,0.0284,0.0092,0.0056,0.0214,1
6.9,-1.75,-2.5,0.1469,0.0742,0.0179,0.0208,0.0,0.7221,0.0,0.0534,0.004,0.0025,0.0149,0.0205,0.0095,0.004,0.023,1
6.9,-1.75,-2.25,0.1018,0.0896,0.0248,0.0205,0.0,0.8867,0.0,0.0528,0.0044,0.0017,0.0147,0.0147,0.0094,0.0014,0.0232,1
6.9,-1.75,-2.0,0.073,0.106,0.0328,0.0203,0.0,1.0457,0.0,0.0524,0.0046,0.0012,0.0145,0.011,0.0088,0.001,0.0222,1
6.9,-1.75,-1.75,0.0544,0.1228,0.0417,0.0201,0.0,1.1985,0.0,0.0521,0.0044,0.0,0.0144,0.0084,0.0077,0.0,0.0201,1
6.9,-1.75,-1.5,0.0423,0.1396,0.0513,0.0199,0.001,1.3442,0.0,0.0517,0.0041,0.0,0.0142,0.0068,0.0066,0.0,0.0174,1
7.0,-1.75,-4.0,0.4312,0.0084,0.0,0.0234,0.0,0.0128,0.0,0.0599,0.0,0.0119,0.0169,0.1251,0.0066,0.0095,0.0076,1
7.0,-1.75,-3.75,0.4942,0.0131,0.0,0.0229,0.0,0.0412,0.0,0.0586,0.0012,0.0122,0.0165,0.1058,0.0075,0.0117,0.011,1
7.0,-1.75,-3.5,0.52,0.0196,0.0017,0.0224,0.0,0.1162,0.0,0.0573,0.0018,0.0115,0.0161,0.0855,0.0085,0.0134,0.0151,1
7.0,-1.75,-3.25,0.475,0.0276,0.0044,0.0219,0.0,0.2634,0.0,0.0562,0.0025,0.0094,0.0158,0.0661,0.0096,0.0131,0.0194,1
7.0,-1.75,-3.0,0.3741,0.0368,0.0089,0.0215,0.0,0.4666,0.0,0.0551,0.0034,0.0069,0.0155,0.0492,0.0106,0.0109,0.0235,1
7.0,-1.75,-2.75,0.2673,0.047,0.0148,0.0212,0.0,0.685,0.0,0.0543,0.0042,0.0047,0.0152,0.0357,0.0115,0.0081,0.0268,1
7.0,-1.75,-2.5,0.184,0.0581,0.022,0.0209,0.0,0.8976,0.0,0.0535,0.005,0.0031,0.0149,0.0256,0.0119,0.0051,0.0288,1
7.0,-1.75,-2.25,0.1276,0.07,0.0303,0.0206,0.0,1.1003,0.0,0.053,0.0055,0.0022,0.0147,0.0186,0.0118,0.0017,0.0291,1
7.0,-1.75,-2.0,0.0913,0.0825,0.0398,0.0204,0.0,1.2943,0.0,0.0526,0.0056,0.0015,0.0146,0.0138,0.0109,0.0013,0.0277,1
7.0,-1.75,-1.75,0.0681,0.0952,0.0503,0.0202,0.0,1.4791,0.0,0.0523,0.0054,0.0012,0.0144,0.0107,0.0097,0.0,0.025,1
7.0,-1.75,-1.5,0.0527,0.1079,0.0616,0.02,0.0,1.6547,0.0,0.052,0.005,0.0,0.0143,0.0084,0.0082,0.0,0.0217,1
7.1,-1.75,-4.0,0.5386,0.0105,0.0,0.0234,0.0,0.016,0.0,0.06,0.0,0.0149,0.0169,0.1569,0.0083,0.0117,0.0095,1
7.1,-1.75,-3.75,0.6175,0.0163,0.0,0.0229,0.0,0.0513,0.0,0.0587,0.0014,0.0153,0.0165,0.1327,0.0094,0.0146,0.0138,1
7.1,-1.75,-3.5,0.6499,0.0244,0.0021,0.0224,0.0,0.1446,0.0,0.0574,0.0022,0.0144,0.0162,0.1074,0.0107,0.0167,0.0189,1
7.1,-1.75,-3.25,0.5939,0.0344,0.0054,0.022,0.0,0.3278,0.0,0.0562,0.0031,0.0118,0.0158,0.083,0.012,0.0164,0.0243,1
7.1,-1.75,-3.0,0.4682,0.0458,0.0109,0.0216,0.0,0.5808,0.0,0.0552,0.0042,0.0086,0.0155,0.0618,0.0133,0.0137,0.0295,1
7.1,-1.75,-2.75,0.3348,0.0585,0.0182,0.0212,0.0,0.8532,0.0,0.0544,0.0053,0.0059,0.0152,0.0448,0.0144,0.0102,0.0336,1
7.1,-1.75,-2.5,0.2306,0.0722,0.0271,0.0209,0.0,1.1179,0.0,0.0537,0.0062,0.004,0.015,0.0322,0.0149,0.0073,0.036,1
7.1,-1.75,-2.25,0.1599,0.0871,0.0374,0.0206,0.0,1.3707,0.0,0.0531,0.0068,0.0027,0.0148,0.0233,0.0147,0.0045,0.0364,1
7.1,-1.75,-2.0,0.1144,0.1027,0.0491,0.0204,0.0,1.6132,0.0,0.0527,0.007,0.0019,0.0146,0.0173,0.0137,0.0016,0.0347,1
7.1,-1.75,-1.75,0.0853,0.1186,0.0622,0.0202,0.0,1.846,0.0,0.0524,0.0068,0.0015,0.0145,0.0133,0.0121,0.0012,0.0314,1
7.1,-1.75,-1.5,0.0662,0.1347,0.0764,0.02,0.0,2.0694,0.0,0.0521,0.0062,0.0011,0.0143,0.0107,0.0104,0.0,0.0272,1
7.2,-1.75,-4.0,0.6703,0.0129,0.0,0.0234,0.0,0.0198,0.0,0.0599,0.0011,0.0187,0.0169,0.1964,0.0082,0.0145,0.0119,1
7.2,-1.75,-3.75,0.7685,0.0202,0.0,0.0229,0.0,0.0635,0.0,0.0587,0.0018,0.0192,0.0166,0.1661,0.0094,0.0181,0.0172,1
7.2,-1.75,-3.5,0.809,0.0301,0.0025,0.0225,0.0,0.1788,0.0,0.0574,0.0027,0.018,0.0162,0.1345,0.0106,0.0206,0.0236,1
7.2,-1.75,-3.25,0.7399,0.0425,0.0066,0.022,0.0,0.4053,0.0,0.0563,0.0039,0.0148,0.0158,0.1039,0.0119,0.0201,0.0304,1
7.2,-1.75,-3.0,0.5836,0.0566,0.0133,0.0216,0.0,0.718,0.0,0.0553,0.0052,0.0108,0.0155,0.0772,0.0132,0.0168,0.0368,1
7.2,-1.75,-2.75,0.4177,0.072,0.0221,0.0213,0.0,1.0538,0.0,0.0545,0.0065,0.0074,0.0152,0.056,0.0142,0.0127,0.0419,1
7.2,-1.75,-2.5,0.2878,0.0888,0.0327,0.021,0.0,1.3786,0.0,0.0539,0.0076,0.005,0.015,0.0403,0.0148,0.0091,0.045,1
7.2,-1.75,-2.25,0.1995,0.1067,0.0448,0.0207,0.0,1.6864,0.0,0.0534,0.0084,0.0034,0.0148,0.0291,0.0146,0.0056,0.0454,1
7.2,-1.75,-2.0,0.1426,0.1253,0.0586,0.0206,0.0,1.9793,0.0,0.053,0.0086,0.0024,0.0147,0.0216,0.0136,0.004,0.0432,1
7.2,-1.75,-1.75,0.1061,0.1443,0.0737,0.0204,0.0,2.2582,0.0,0.0527,0.0082,0.0018,0.0146,0.0166,0.012,0.0015,0.039,1
7.2,-1.75,-1.5,0.0821,0.1632,0.09,0.0202,0.0,2.5241,0.0,0.0524,0.0075,0.0014,0.0144,0.0133,0.0102,0.0011,0.0337,1
7.3,-1.75,-4.0,0.831,0.0156,0.0,0.0234,0.0,0.0243,0.0,0.0598,0.0014,0.0233,0.0169,0.2449,0.0128,0.0179,0.0148,1
7.3,-1.75,-3.75,0.9523,0.0245,0.0,0.0229,0.0,0.0778,0.0,0.0587,0.0022,0.0239,0.0166,0.2073,0.0147,0.0223,0.0215,1
7.3,-1.75,-3.5,1.003,0.0368,0.0031,0.0225,0.0,0.2193,0.0,0.0575,0.0034,0.0225,0.0162,0.1679,0.0166,0.0253,0.0294,1
7.3,-1.75,-3.25,0.9185,0.052,0.0079,0.022,0.0,0.4973,0.0,0.0564,0.0048,0.0186,0.0159,0.1297,0.0187,0.0249,0.0379,1
7.3,-1.75,-3.0,0.7252,0.0692,0.016,0.0217,0.0,0.8811,0.0,0.0555,0.0063,0.0136,0.0156,0.0964,0.0206,0.0208,0.0458,1
7.3,-1.75,-2.75,0.5196,0.088,0.0264,0.0214,0.0,1.2924,0.0,0.0547,0.0079,0.0093,0.0153,0.0699,0.0223,0.0156,0.0522,1
7.3,-1.75,-2.5,0.3581,0.1082,0.0388,0.0211,0.0,1.6875,0.0,0.0541,0.0093,0.0063,0.0151,0.0501,0.0231,0.0113,0.056,1
7.3,-1.75,-2.25,0.2481,0.1295,0.053,0.0209,0.0,2.0585,0.0,0.0537,0.0102,0.0043,0.0149,0.0363,0.0228,0.0081,0.0565,1
7.3,-1.75,-2.0,0.177,0.1515,0.0687,0.0207,0.0,2.4076,0.0,0.0533,0.0104,0.0031,0.0148,0.0268,0.0213,0.0051,0.0537,1
7.3,-1.75,-1.75,0.1315,0.1736,0.0858,0.0205,0.0,2.7378,0.0,0.0531,0.01,0.0023,0.0147,0.0206,0.0188,0.0028,0.0483,1
7.3,-1.75,-1.5,0.1014,0.1956,0.1041,0.0204,0.0,3.05,0.0,0.0528,0.009,0.0018,0.0146,0.0165,0.016,0.0014,0.0417,1
7.4,-1.75,-4.0,1.0258,0.0188,0.0,0.0234,0.0,0.0296,0.0,0.0598,0.0017,0.029,0.0169,0.3051,0.0126,0.0219,0.0184,1
7.4,-1.75,-3.75,1.1751,0.0297,0.0011,0.0229,0.0,0.0949,0.0,0.0587,0.0027,0.0298,0.0166,0.2583,0.0144,0.0272,0.0267,1
7.4,-1.75,-3.5,1.2379,0.0447,0.0037,0.0225,0.0,0.2675,0.0,0.0576,0.0041,0.0282,0.0162,0.2093,0.0164,0.0309,0.0366,1
7.4,-1.75,-3.25,1.1348,0.0632,0.0094,0.0221,0.0,0.6065,0.0,0.0566,0.0058,0.0233,0.0159,0.1617,0.0184,0.0303,0.0471,1
7.4,-1.75,-3.0,0.8975,0.0841,0.0189,0.0217,0.0,1.0745,0.0,0.0557,0.0077,0.0171,0.0156,0.1201,0.0203,0.0254,0.0568,1
7.4,-1.75,-2.75,0.6436,0.1068,0.0312,0.0214,0.0,1.5745,0.0,0.055,0.0096,0.0117,0.0154,0.087,0.0219,0.0191,0.0647,1
7.4,-1.75,-2.5,0.4437,0.1308,0.0455,0.0212,0.0,2.0505,0.0,0.0544,0.0112,0.0079,0.0152,0.0624,0.0227,0.0137,0.0693,1
7.4,-1.75,-2.25,0.3072,0.1558,0.0616,0.021,0.0,2.4932,0.0,0.054,0.0123,0.0054,0.015,0.045,0.0224,0.0098,0.0699,1
7.4,-1.75,-2.0,0.2189,0.1813,0.0793,0.0209,0.0,2.9049,0.0,0.0537,0.0125,0.0038,0.0149,0.0333,0.0209,0.0062,0.0664,1
7.4,-1.75,-1.75,0.1622,0.2068,0.0983,0.0207,0.0,3.2912,0.0,0.0535,0.0119,0.0028,0.0148,0.0256,0.0185,0.0046,0.0597,1
7.4,-1.75,-1.5,0.1249,0.2321,0.1185,0.0205,0.0,3.6557,0.0,0.0532,0.0108,0.0022,0.0147,0.0203,0.0158,0.0017,0.0514,1
7.5,-1.75,-4.0,1.257,0.0226,0.0,0.0233,0.0,0.0359,0.0,0.0597,0.002,0.036,0.0169,0.3788,0.0196,0.0265,0.0228,1
7.5,-1.75,-3.75,1.4402,0.0357,0.0013,0.0229,0.0,0.1149,0.0,0.0587,0.0033,0.037,0.0166,0.321,0.0225,0.0328,0.0331,1
7.5,-1.75,-3.5,1.5174,0.0538,0.0043,0.0225,0.0,0.3236,0.0,0.0577,0.005,0.035,0.0163,0.26,0.0255,0.0374,0.0453,1
7.5,-1.75,-3.25,1.3923,0.0761,0.0111,0.0222,0.0,0.7334,0.0,0.0567,0.007,0.0291,0.016,0.2009,0.0286,0.0367,0.0582,1
7.5,-1.75,-3.0,1.1029,0.1012,0.022,0.0218,0.0,1.2983,0.0,0.0559,0.0093,0.0214,0.0157,0.1492,0.0316,0.0306,0.0702,1
7.5,-1.75,-2.75,0.7921,0.1281,0.0361,0.0216,0.0,1.8994,0.0,0.0552,0.0115,0.0146,0.0155,0.108,0.034,0.0231,0.0797,1
7.5,-1.75,-2.5,0.5462,0.1563,0.0523,0.0213,0.0,2.4664,0.0,0.0547,0.0134,0.0098,0.0153,0.0774,0.0352,0.0165,0.0854,1
7.5,-1.75,-2.25,0.3779,0.1852,0.0702,0.0212,0.0,2.987,0.0,0.0544,0.0146,0.0067,0.0152,0.0559,0.0347,0.0117,0.086,1
7.5,-1.75,-2.0,0.2689,0.2144,0.0896,0.021,0.0,3.4671,0.0,0.0541,0.0148,0.0048,0.015,0.0412,0.0324,0.0086,0.0816,1
7.5,-1.75,-1.75,0.1989,0.2434,0.1103,0.0209,0.0,3.9136,0.0,0.0539,0.014,0.0035,0.015,0.0315,0.0287,0.0055,0.0732,1
7.5,-1.75,-1.5,0.1528,0.2721,0.1323,0.0207,0.0,4.3346,0.0,0.0537,0.0127,0.0027,0.0149,0.025,0.0245,0.0044,0.0629,1
7.6,-1.75,-4.0,1.5322,0.0268,0.0,0.0233,0.0,0.0433,0.0,0.0597,0.0025,0.0444,0.0169,0.4692,0.0191,0.0318,0.0281,1
7.6,-1.75,-3.75,1.7539,0.0425,0.0016,0.023,0.0,0.1381,0.0,0.0588,0.004,0.0457,0.0166,0.3979,0.022,0.0395,0.0408,1
7.6,-1.75,-3.5,1.8476,0.0643,0.005,0.0226,0.0,0.3884,0.001,0.0578,0.006,0.0434,0.0163,0.3224,0.025,0.0447,0.0559,1
7.6,-1.75,-3.25,1.6959,0.0909,0.0127,0.0222,0.0,0.8787,0.0,0.0569,0.0084,0.0362,0.016,0.2489,0.028,0.0438,0.0716,1
7.6,-1.75,-3.0,1.3457,0.1206,0.0252,0.0219,0.0,1.5532,0.0,0.0561,0.0111,0.0267,0.0158,0.1847,0.0308,0.0367,0.0862,1
7.6,-1.75,-2.75,0.9672,0.152,0.041,0.0217,0.0,2.2658,0.0,0.0555,0.0136,0.0183,0.0156,0.1336,0.033,0.0276,0.0976,1
7.6,-1.75,-2.5,0.6673,0.1844,0.0588,0.0215,0.0,2.9327,0.0,0.0551,0.0158,0.0123,0.0154,0.0956,0.0342,0.0199,0.1044,1
7.6,-1.75,-2.25,0.4616,0.2172,0.0783,0.0213,0.0,3.5364,0.0,0.0547,0.0171,0.0084,0.0153,0.0689,0.0337,0.0142,0.1051,1
7.6,-1.75,-2.0,0.3281,0.2501,0.099,0.0212,0.0,4.088,0.0,0.0545,0.0172,0.0059,0.0152,0.0508,0.0314,0.0103,0.0996,1
7.6,-1.75,-1.75,0.2422,0.2827,0.1212,0.0211,0.0,4.6007,0.0,0.0543,0.0164,0.0043,0.0151,0.0387,0.0278,0.0078,0.0893,1
7.6,-1.75,-1.5,0.1858,0.315,0.1446,0.0209,0.0,5.0828,0.0,0.0541,0.0147,0.0033,0.015,0.0308,0.0238,0.0052,0.0766,1
7.7,-1.75,-4.0,1.8446,0.0315,0.0,0.0233,0.0,0.0516,0.001,0.0597,0.003,0.0545,0.0169,0.5773,0.0295,0.0374,0.0345,1
7.7,-1.75,-3.75,2.109,0.0501,0.0018,0.023,0.0,0.1639,0.0012,0.0589,0.0047,0.0562,0.0166,0.4903,0.0338,0.0464,0.0499,1
7.7,-1.75,-3.5,2.2205,0.0757,0.0056,0.0226,0.0,0.4596,0.0012,0.058,0.0071,0.0534,0.0164,0.3975,0.0384,0.0524,0.0683,1
7.7,-1.75,-3.25,2.0394,0.107,0.0143,0.0223,0.0,1.0375,0.0011,0.0571,0.0099,0.0447,0.0161,0.3068,0.043,0.0514,0.0875,1
7.7,-1.75,-3.0,1.6207,0.1414,0.028,0.022,0.0,1.8292,0.0,0.0564,0.013,0.033,0.0159,0.2275,0.0471,0.0431,0.1049,1
7.7,-1.75,-2.75,1.1672,0.1772,0.0451,0.0218,0.0,2.6596,0.0,0.0558,0.0158,0.0227,0.0157,0.1643,0.0504,0.0325,0.1185,1
7.7,-1.75,-2.5,0.8064,0.2136,0.0641,0.0216,0.0,3.4296,0.0,0.0554,0.0182,0.0152,0.0155,0.1175,0.052,0.0233,0.1263,1
7.7,-1.75,-2.25,0.5577,0.2501,0.0846,0.0215,0.0,4.1199,0.0,0.0551,0.0196,0.0104,0.0154,0.0844,0.0512,0.0167,0.1271,1
7.7,-1.75,-2.0,0.3961,0.2865,0.1063,0.0214,0.0,4.7444,0.0,0.0549,0.0197,0.0073,0.0153,0.0622,0.0478,0.0122,0.1203,1
7.7,-1.75,-1.75,0.2922,0.3228,0.1294,0.0212,0.0,5.3266,0.0,0.0547,0.0187,0.0054,0.0152,0.0473,0.0424,0.0091,0.1078,1
7.7,-1.75,-1.5,0.224,0.3589,0.1542,0.0211,0.0,5.8792,0.0,0.0545,0.0169,0.0041,0.0152,0.0375,0.0363,0.0061,0.0925,1
7.8,-1.75,-4.0,2.1954,0.0366,0.0,0.0233,0.0,0.0612,0.0012,0.0597,0.0035,0.0664,0.0169,0.706,0.0284,0.0433,0.042,1
7.8,-1.75,-3.75,2.5075,0.0582,0.002,0.023,0.0,0.1921,0.0014,0.059,0.0055,0.0685,0.0167,0.6012,0.0327,0.0537,0.0607,1
7.8,-1.75,-3.5,2.636,0.0879,0.0062,0.0227,0.0,0.5362,0.0014,0.0581,0.0083,0.0653,0.0164,0.4876,0.0371,0.0605,0.0829,1
7.8,-1.75,-3.25,2.4213,0.1239,0.0155,0.0224,0.0,1.2067,0.0013,0.0573,0.0115,0.0548,0.0162,0.3761,0.0413,0.059,0.1059,1
7.8,-1.75,-3.0,1.9282,0.163,0.0302,0.0221,0.0,2.1202,0.001,0.0567,0.0149,0.0406,0.0159,0.2786,0.0451,0.0496,0.1265,1
7.8,-1.75,-2.75,1.3911,0.2028,0.048,0.0219,0.0,3.0688,0.0,0.0562,0.018,0.028,0.0158,0.201,0.0481,0.0374,0.1423,1
7.8,-1.75,-2.5,0.9629,0.2428,0.0677,0.0218,0.0,3.9408,0.0,0.0558,0.0205,0.0188,0.0156,0.1434,0.0495,0.027,0.1513,1
7.8,-1.75,-2.25,0.6666,0.2827,0.0887,0.0216,0.0,4.7202,0.0,0.0555,0.022,0.0127,0.0155,0.103,0.0487,0.0193,0.1519,1
7.8,-1.75,-2.0,0.4735,0.3223,0.1108,0.0215,0.0,5.4207,0.0,0.0553,0.0222,0.0089,0.0154,0.0757,0.0454,0.0142,0.1439,1
7.8,-1.75,-1.75,0.3492,0.3622,0.1345,0.0214,0.0,6.0741,0.0,0.0551,0.0211,0.0066,0.0154,0.0576,0.0404,0.0106,0.1291,1
7.8,-1.75,-1.5,0.2676,0.4024,0.1602,0.0213,0.0,6.7007,0.0,0.0549,0.019,0.005,0.0153,0.0455,0.0346,0.0083,0.1108,1
7.9,-1.75,-4.0,2.5497,0.0414,0.0,0.0233,0.0,0.0703,0.0014,0.0598,0.004,0.0798,0.0169,0.8537,0.0429,0.0486,0.0504,1
7.9,-1.75,-3.75,2.9095,0.0659,0.0021,0.0231,0.0,0.2197,0.0016,0.0591,0.0063,0.0824,0.0167,0.7288,0.0493,0.0597,0.0728,1
7.9,-1.75,-3.5,3.0592,0.0996,0.0065,0.0228,0.0,0.6108,0.0016,0.0583,0.0094,0.0788,0.0165,0.5917,0.0559,0.0675,0.0993,1
7.9,-1.75,-3.25,2.8132,0.1401,0.0161,0.0225,0.0,1.3692,0.0015,0.0576,0.013,0.0664,0.0162,0.4566,0.0621,0.0659,0.1264,1
7.9,-1.75,-3.0,2.245,0.183,0.031,0.0223,0.0,2.3961,0.0012,0.057,0.0166,0.0495,0.016,0.3379,0.0675,0.0555,0.1504,1
7.9,-1.75,-2.75,1.6267,0.2262,0.0489,0.0221,0.0,3.4565,0.0,0.0565,0.0199,0.0341,0.0159,0.2434,0.0715,0.0422,0.1685,1
7.9,-1.75,-2.5,1.13,0.269,0.0684,0.0219,0.0,4.424,0.0,0.0561,0.0225,0.0229,0.0158,0.1736,0.0735,0.0306,0.1786,1
7.9,-1.75,-2.25,0.7841,0.3115,0.0891,0.0218,0.0,5.2833,0.0,0.0559,0.0241,0.0155,0.0157,0.1245,0.0722,0.022,0.179,1
7.9,-1.75,-2.0,0.5578,0.3542,0.1112,0.0217,0.0,6.0634,0.0,0.0557,0.0242,0.0109,0.0156,0.0914,0.0675,0.016,0.1696,1
7.9,-1.75,-1.75,0.4117,0.3975,0.135,0.0216,0.0,6.7951,0.0,0.0555,0.0231,0.008,0.0155,0.0694,0.0602,0.0122,0.1525,1
7.9,-1.75,-1.5,0.3159,0.4421,0.1611,0.0215,0.0,7.5048,0.0,0.0554,0.021,0.0061,0.0155,0.0548,0.0518,0.0095,0.1313,1
8.0,-1.75,-4.0,2.8958,0.0458,0.0,0.0233,0.0,0.079,0.0015,0.0598,0.0044,0.0947,0.0169,1.0206,0.0404,0.0524,0.0596,1
8.0,-1.75,-3.75,3.3133,0.0732,0.0021,0.0231,0.0,0.2465,0.0017,0.0593,0.0071,0.0981,0.0168,0.8748,0.0465,0.065,0.0863,1
8.0,-1.75,-3.5,3.4827,0.1106,0.0066,0.0229,0.0,0.6816,0.0018,0.0586,0.0105,0.094,0.0165,0.7116,0.0526,0.0732,0.1176,1
8.0,-1.75,-3.25,3.2011,0.1545,0.0161,0.0226,0.0,1.517,0.0017,0.0579,0.0143,0.0796,0.0163,0.5489,0.0581,0.0714,0.149,1
8.0,-1.75,-3.0,2.5641,0.2006,0.0305,0.0224,0.0,2.6431,0.0013,0.0573,0.0181,0.0596,0.0161,0.4059,0.0628,0.0603,0.1765,1
8.0,-1.75,-2.75,1.8677,0.246,0.0477,0.0222,0.0,3.8026,0.0,0.0568,0.0214,0.0412,0.016,0.2921,0.0663,0.046,0.1969,1
8.0,-1.75,-2.5,1.3045,0.2909,0.0665,0.022,0.0,4.8589,0.0,0.0565,0.0241,0.0277,0.0159,0.2082,0.0679,0.0337,0.2082,1
8.0,-1.75,-2.25,0.9086,0.3355,0.0863,0.0219,0.0,5.7944,0.0,0.0562,0.0257,0.0188,0.0158,0.1493,0.0667,0.0245,0.2084,1
8.0,-1.75,-2.0,0.6483,0.3809,0.1077,0.0218,0.0,6.6505,0.0,0.0561,0.0259,0.0132,0.0157,0.1095,0.0626,0.0179,0.1976,1
8.0,-1.75,-1.75,0.4794,0.4276,0.1312,0.0217,0.0,7.4638,0.0,0.0559,0.0248,0.0096,0.0157,0.0832,0.056,0.0137,0.178,1
8.0,-1.75,-1.5,0.3685,0.4764,0.1573,0.0216,0.0,8.2658,0.0,0.0558,0.0227,0.0073,0.0156,0.0657,0.0484,0.0108,0.1537,1
8.1,-1.75,-4.0,3.1408,0.0483,0.0,0.0234,0.0,0.085,0.0016,0.06,0.0047,0.1094,0.017,1.1915,0.0587,0.0532,0.0688,1
8.1,-1.75,-3.75,3.6128,0.0777,0.002,0.0232,0.0,0.2651,0.0019,0.0595,0.0075,0.1138,0.0168,1.0278,0.0678,0.0663,0.0997,1
8.1,-1.75,-3.5,3.8112,0.1177,0.0062,0.0229,0.0,0.7312,0.002,0.0588,0.0111,0.1096,0.0166,0.8397,0.0767,0.0751,0.136,1
8.1,-1.75,-3.25,3.5198,0.1642,0.015,0.0227,0.0,1.6219,0.0018,0.0582,0.0151,0.0935,0.0164,0.6491,0.0845,0.0737,0.1721,1
8.1,-1.75,-3.0,2.8376,0.2119,0.0281,0.0225,0.0,2.8153,0.0015,0.0576,0.0189,0.0704,0.0163,0.48,0.0908,0.0627,0.203,1
8.1,-1.75,-2.75,2.0864,0.2586,0.0439,0.0223,0.0,4.0491,0.0011,0.0572,0.0222,0.0491,0.0161,0.3456,0.0954,0.0487,0.2258,1
8.1,-1.75,-2.5,1.4692,0.3044,0.0611,0.0222,0.0,5.1764,0.0,0.0568,0.0249,0.0331,0.016,0.2464,0.0975,0.036,0.2383,1
8.1,-1.75,-2.25,1.0302,0.3503,0.0795,0.0221,0.0,6.1819,0.0,0.0566,0.0265,0.0225,0.0159,0.1768,0.096,0.0263,0.2386,1
8.1,-1.75,-2.0,0.7385,0.3975,0.0996,0.022,0.0,7.1083,0.0,0.0564,0.0268,0.0157,0.0159,0.1297,0.0903,0.0195,0.2265,1
8.1,-1.75,-1.75,0.5483,0.4473,0.122,0.0219,0.0,8.0026,0.0,0.0563,0.0259,0.0115,0.0158,0.0985,0.0813,0.015,0.2047,1
8.1,-1.75,-1.5,0.4225,0.5003,0.1473,0.0218,0.0,8.8967,0.0,0.0562,0.0239,0.0087,0.0157,0.0779,0.0706,0.0117,0.1774,1
8.2,-1.75,-4.0,3.2465,0.0475,0.0,0.0233,0.0,0.0864,0.0016,0.0598,0.0047,0.1226,0.017,1.3552,0.0522,0.0502,0.0768,1
8.2,-1.75,-3.75,3.7815,0.0776,0.0017,0.0232,0.0,0.2713,0.0019,0.0595,0.0075,0.1288,0.0169,1.1817,0.0607,0.0638,0.1122,1
8.2,-1.75,-3.5,4.0234,0.1187,0.0054,0.023,0.0,0.7496,0.002,0.059,0.0113,0.1251,0.0167,0.9723,0.0689,0.0732,0.1536,1
8.2,-1.75,-3.25,3.7446,0.1661,0.0129,0.0228,0.0,1.6609,0.0019,0.0584,0.0152,0.1076,0.0165,0.7542,0.0757,0.0724,0.1944,1
8.2,-1.75,-3.0,3.0505,0.2141,0.0242,0.0226,0.0,2.8825,0.0015,0.0579,0.0189,0.0819,0.0164,0.5586,0.081,0.0624,0.2287,1
8.2,-1.75,-2.75,2.27,0.2606,0.0377,0.0224,0.0,4.151,0.0012,0.0575,0.0222,0.0575,0.0162,0.4024,0.0847,0.0493,0.2538,1
8.2,-1.75,-2.5,1.616,0.3061,0.0527,0.0223,0.0,5.3205,0.0,0.0572,0.0248,0.039,0.0161,0.2871,0.0865,0.037,0.2678,1
8.2,-1.75,-2.25,1.1431,0.3521,0.069,0.0222,0.0,6.3759,0.0,0.057,0.0265,0.0266,0.0161,0.2062,0.0854,0.0274,0.2688,1
8.2,-1.75,-2.0,0.825,0.4001,0.0869,0.0221,0.0,7.3574,0.0,0.0568,0.0269,0.0186,0.016,0.1515,0.0808,0.0206,0.2562,1
8.2,-1.75,-1.75,0.6154,0.4516,0.1073,0.0221,0.0,8.319,0.0,0.0567,0.0262,0.0136,0.0159,0.1151,0.0733,0.0159,0.2327,1
8.2,-1.75,-1.5,0.4762,0.5074,0.1307,0.022,0.0,9.2963,0.0,0.0566,0.0244,0.0103,0.0159,0.0911,0.0642,0.0128,0.2029,1
8.3,-1.75,-4.0,2.9981,0.0403,0.0,0.023,0.0,0.0776,0.0014,0.0593,0.0041,0.1282,0.0168,1.4496,0.0683,0.0404,0.08,1
8.3,-1.75,-3.75,3.5969,0.0682,0.0013,0.023,0.0,0.249,0.0017,0.0593,0.0068,0.1374,0.0168,1.2924,0.081,0.0536,0.119,1
8.3,-1.75,-3.5,3.9249,0.1074,0.004,0.0229,0.0,0.7007,0.0019,0.059,0.0104,0.1361,0.0167,1.081,0.093,0.0635,0.1652,1
8.3,-1.75,-3.25,3.7332,0.1533,0.0098,0.0228,0.0,1.5725,0.0018,0.0585,0.0142,0.1192,0.0166,0.8467,0.1029,0.0646,0.2107,1
8.3,-1.75,-3.0,3.1023,0.1997,0.0184,0.0226,0.0,2.754,0.0015,0.0582,0.0176,0.0921,0.0165,0.6301,0.11,0.0574,0.2485,1
8.3,-1.75,-2.75,2.3524,0.2443,0.0289,0.0225,0.0,3.9991,0.0012,0.0578,0.0207,0.0655,0.0164,0.4552,0.1149,0.0465,0.2761,1
8.3,-1.75,-2.5,1.7047,0.2882,0.0409,0.0224,0.0,5.1666,0.0,0.0576,0.0232,0.0449,0.0163,0.3256,0.1174,0.0359,0.2923,1
8.3,-1.75,-2.25,1.2219,0.3327,0.0542,0.0223,0.0,6.2331,0.0,0.0574,0.0249,0.0307,0.0162,0.2343,0.1166,0.0272,0.295,1
8.3,-1.75,-2.0,0.8905,0.3798,0.0691,0.0223,0.0,7.2394,0.0,0.0573,0.0256,0.0216,0.0161,0.1724,0.1114,0.0208,0.2834,1
8.3,-1.75,-1.75,0.6695,0.4307,0.0863,0.0222,0.0,8.2323,0.0,0.0572,0.0252,0.0158,0.0161,0.1314,0.1022,0.0163,0.2596,1
8.3,-1.75,-1.5,0.5213,0.4875,0.1066,0.0221,0.0,9.2674,0.0,0.057,0.024,0.012,0.016,0.1042,0.0905,0.0131,0.2285,1
8.4,-1.75,-4.0,2.5595,0.0316,0.0,0.0227,0.0,0.0653,0.0011,0.0587,0.0032,0.1279,0.0167,1.4818,0.0538,0.0291,0.0801,1
8.4,-1.75,-3.75,3.2161,0.0563,0.0,0.0229,0.0,0.2171,0.0014,0.059,0.0057,0.1412,0.0168,1.3637,0.0657,0.0411,0.1222,1
8.4,-1.75,-3.5,3.6427,0.0923,0.0027,0.0229,0.0,0.6278,0.0017,0.0589,0.009,0.1435,0.0167,1.1682,0.0771,0.0514,0.1733,1
8.4,-1.75,-3.25,3.5607,0.1352,0.0069,0.0228,0.0,1.4327,0.0016,0.0587,0.0126,0.1284,0.0166,0.9278,0.086,0.0544,0.2235,1
8.4,-1.75,-3.0,3.0349,0.1788,0.0131,0.0227,0.0,2.5383,0.0014,0.0584,0.0158,0.1012,0.0166,0.6959,0.0922,0.05,0.2649,1
8.4,-1.75,-2.75,2.3533,0.2206,0.0209,0.0226,0.0,3.7241,0.0011,0.0582,0.0185,0.073,0.0165,0.5049,0.0963,0.0418,0.2952,1
8.4,-1.75,-2.5,1.7379,0.2617,0.03,0.0225,0.0,4.857,0.0,0.058,0.0208,0.0506,0.0164,0.3622,0.0986,0.0331,0.3136,1
8.4,-1.75,-2.25,1.2657,0.3036,0.0402,0.0225,0.0,5.9083,0.0,0.0578,0.0225,0.0349,0.0163,0.2615,0.0984,0.0258,0.3181,1
8.4,-1.75,-2.0,0.9339,0.3483,0.0521,0.0224,0.0,6.914,0.0,0.0577,0.0235,0.0246,0.0163,0.193,0.0949,0.0201,0.3079,1
8.4,-1.75,-1.75,0.7091,0.3972,0.0658,0.0223,0.0,7.9161,0.0,0.0576,0.0234,0.018,0.0162,0.1474,0.088,0.0159,0.2844,1
8.4,-1.75,-1.5,0.5564,0.4528,0.0824,0.0223,0.0,8.9773,0.0,0.0575,0.0226,0.0137,0.0162,0.1172,0.0788,0.013,0.2527,1
8.5,-1.75,-4.0,1.7717,0.0171,0.0,0.0223,0.0,0.0407,0.0,0.0578,0.0021,0.1121,0.0164,1.3296,0.0592,0.0155,0.0723,1
8.5,-1.75,-3.75,2.4222,0.034,0.0,0.0226,0.0,0.1453,0.0,0.0585,0.004,0.1305,0.0167,1.2899,0.0762,0.0245,0.1152,1
8.5,-1.75,-3.5,2.9863,0.0618,0.0014,0.0227,0.0,0.4541,0.0012,0.0588,0.0069,0.1398,0.0167,1.1565,0.0936,0.0345,0.1706,1
8.5,-1.75,-3.25,3.1304,0.098,0.0038,0.0228,0.0,1.1088,0.0013,0.0587,0.0101,0.1306,0.0167,0.9459,0.1076,0.04,0.2267,1
8.5,-1.75,-3.0,2.8167,0.137,0.0077,0.0227,0.0,2.0626,0.0012,0.0586,0.013,0.1063,0.0166,0.7209,0.117,0.0394,0.2728,1
8.5,-1.75,-2.75,2.2741,0.1752,0.0127,0.0227,0.0,3.1265,0.001,0.0585,0.0154,0.0784,0.0166,0.5268,0.1228,0.0347,0.3062,1
8.5,-1.75,-2.5,1.7298,0.2131,0.0188,0.0226,0.0,4.1784,0.0,0.0584,0.0175,0.0551,0.0165,0.3796,0.1266,0.0287,0.3279,1
8.5,-1.75,-2.25,1.2859,0.252,0.026,0.0226,0.0,5.184,0.0,0.0583,0.0192,0.0383,0.0165,0.275,0.1281,0.023,0.3373,1
8.5,-1.75,-2.0,0.9621,0.2934,0.0344,0.0225,0.0,6.1561,0.0,0.0582,0.0204,0.0271,0.0165,0.2036,0.126,0.0184,0.3325,1
8.5,-1.75,-1.75,0.7371,0.3388,0.0444,0.0225,0.0,7.1348,0.0,0.0581,0.0209,0.0199,0.0164,0.156,0.1197,0.015,0.3136,1
8.5,-1.75,-1.5,0.5817,0.3902,0.0567,0.0224,0.0,8.1726,0.0,0.058,0.0207,0.0152,0.0164,0.1244,0.1099,0.0124,0.2844,1
8.6,-1.75,-4.0,1.0471,0.0062,0.0,0.0217,0.0,0.0186,0.0,0.0566,0.0011,0.0893,0.0161,1.076,0.0377,0.0056,0.0613,1
8.6,-1.75,-3.75,1.5853,0.014,0.0,0.0223,0.0,0.0722,0.0,0.0579,0.0024,0.1104,0.0165,1.1073,0.0515,0.012,0.1024,1
8.6,-1.75,-3.5,2.2258,0.03,0.0,0.0226,0.0,0.2569,0.0,0.0585,0.0047,0.1276,0.0167,1.0595,0.0678,0.02,0.1614,1
8.6,-1.75,-3.25,2.6546,0.0557,0.0017,0.0227,0.0,0.7167,0.0,0.0587,0.0077,0.1282,0.0167,0.9126,0.0826,0.0272,0.2266,1
8.6,-1.75,-3.0,2.6037,0.0865,0.0039,0.0227,0.0,1.4673,0.0,0.0587,0.0104,0.1087,0.0167,0.7106,0.0921,0.0298,0.2796,1
8.6,-1.75,-2.75,2.2366,0.119,0.0068,0.0227,0.0,2.3678,0.0,0.0587,0.0125,0.0823,0.0167,0.5234,0.0976,0.0282,0.3166,1
8.6,-1.75,-2.5,1.774,0.1525,0.0105,0.0227,0.0,3.3018,0.0,0.0587,0.0143,0.0586,0.0167,0.3772,0.1011,0.0245,0.3414,1
8.6,-1.75,-2.25,1.3539,0.1878,0.0149,0.0227,0.0,4.2277,0.0,0.0587,0.0158,0.0409,0.0166,0.2729,0.1037,0.0203,0.3564,1
8.6,-1.75,-2.0,1.0267,0.2257,0.0204,0.0227,0.0,5.1448,0.0,0.0587,0.0172,0.0289,0.0166,0.2019,0.1049,0.0167,0.3606,1
8.6,-1.75,-1.75,0.7901,0.2666,0.0269,0.0226,0.0,6.0658,0.0,0.0586,0.0182,0.0211,0.0166,0.1546,0.1035,0.0137,0.3517,1
8.6,-1.75,-1.5,0.624,0.3128,0.0351,0.0226,0.0,7.0453,0.0,0.0586,0.0188,0.016,0.0166,0.1232,0.0992,0.0115,0.3308,1
8.7,-1.75,-4.0,0.4665,0.0017,0.0,0.0213,0.0,0.0069,0.0,0.056,0.0,0.0606,0.016,0.7537,0.0329,0.0,0.0458,1
8.7,-1.75,-3.75,0.773,0.0044,0.0,0.0221,0.0,0.028,0.0,0.0578,0.0011,0.0787,0.0165,0.8205,0.0472,0.0016,0.0788,1
8.7,-1.75,-3.5,1.2791,0.0112,0.0,0.0225,0.0,0.119,0.0,0.0586,0.0025,0.1002,0.0167,0.8555,0.0681,0.0081,0.1348,1
8.7,-1.75,-3.25,1.8538,0.0258,0.0,0.0227,0.0,0.406,0.0,0.0589,0.005,0.1123,0.0168,0.8057,0.0918,0.0142,0.2087,1
8.7,-1.75,-3.0,2.1131,0.0471,0.0017,0.0227,0.0,0.9579,0.0,0.059,0.0076,0.1029,0.0168,0.6648,0.1095,0.0188,0.274,1
8.7,-1.75,-2.75,1.9887,0.0711,0.0032,0.0228,0.0,1.6695,0.0,0.0591,0.0095,0.0808,0.0168,0.5007,0.1187,0.02,0.3173,1
8.7,-1.75,-2.5,1.6853,0.0974,0.0052,0.0228,0.0,2.4457,0.0,0.0591,0.011,0.0588,0.0168,0.3638,0.1239,0.0189,0.3451,1
8.7,-1.75,-2.25,1.3463,0.1267,0.0078,0.0228,0.0,3.2486,0.0,0.0592,0.0123,0.0415,0.0168,0.2637,0.128,0.0167,0.3636,1
8.7,-1.75,-2.0,1.0501,0.1595,0.0111,0.0228,0.0,4.075,0.0,0.0592,0.0136,0.0294,0.0168,0.195,0.1318,0.0142,0.3745,1
8.7,-1.75,-1.75,0.8216,0.196,0.0152,0.0228,0.0,4.9309,0.0,0.0591,0.0148,0.0214,0.0168,0.1492,0.134,0.012,0.3756,1
8.7,-1.75,-1.5,0.6525,0.2369,0.0204,0.0227,0.0,5.841,0.0,0.0591,0.0158,0.0162,0.0167,0.1189,0.1336,0.0102,0.3649,1
8.8,-1.75,-4.0,0.1884,0.0,0.0,0.021,0.0,0.0024,0.0,0.0555,0.0,0.0389,0.0158,0.5004,0.0174,0.0,0.0332,1
8.8,-1.75,-3.75,0.335,0.0012,0.0,0.0219,0.0,0.01,0.0,0.0577,0.0,0.0524,0.0165,0.5713,0.0258,0.0,0.0579,1
8.8,-1.75,-3.5,0.6205,0.0036,0.0,0.0225,0.0,0.0475,0.0,0.0589,0.0011,0.0713,0.0168,0.6373,0.0395,0.001,0.1045,1
8.8,-1.75,-3.25,1.1097,0.0103,0.0,0.0227,0.0,0.2055,0.0,0.0592,0.0027,0.0901,0.0169,0.665,0.0598,0.0051,0.18,1
8.8,-1.75,-3.0,1.5526,0.0231,0.0,0.0228,0.0,0.5845,0.0,0.0593,0.0051,0.092,0.0169,0.6002,0.0789,0.0103,0.2595,1
8.8,-1.75,-2.75,1.6638,0.0391,0.0014,0.0228,0.0,1.1255,0.0,0.0594,0.007,0.0766,0.0169,0.4718,0.0895,0.013,0.3135,1
8.8,-1.75,-2.5,1.5359,0.0569,0.0025,0.0229,0.0,1.7331,0.0,0.0595,0.0084,0.0573,0.0169,0.348,0.0946,0.0138,0.345,1
8.8,-1.75,-2.25,1.3077,0.078,0.0039,0.0229,0.0,2.3861,0.0,0.0596,0.0095,0.041,0.0169,0.2534,0.098,0.0132,0.3651,1
8.8,-1.75,-2.0,1.0656,0.1036,0.0058,0.0229,0.0,3.0903,0.0,0.0596,0.0105,0.0291,0.0169,0.1872,0.1016,0.012,0.3797,1
8.8,-1.75,-1.75,0.8556,0.134,0.0082,0.0229,0.0,3.8521,0.0,0.0596,0.0117,0.0211,0.0169,0.1431,0.1054,0.0103,0.3884,1
8.8,-1.75,-1.5,0.6896,0.1696,0.0114,0.0228,0.0,4.6857,0.0,0.0596,0.0128,0.0159,0.0169,0.1139,0.1083,0.0091,0.3883,1
8.9,-1.75,-4.0,0.0475,0.0,0.0,0.018,0.0,0.0012,0.0,0.048,0.0,0.0177,0.0138,0.1927,0.0105,0.0,0.0217,1
8.9,-1.75,-3.75,0.0665,0.0,0.0,0.0199,0.0,0.0044,0.0,0.0528,0.0,0.0207,0.0152,0.1904,0.0144,0.0,0.0359,1
8.9,-1.75,-3.5,0.1562,0.0,0.0,0.022,0.0,0.0098,0.0,0.0581,0.0,0.0345,0.0166,0.3365,0.0242,0.0,0.0565,1
8.9,-1.75,-3.25,0.352,0.0018,0.0,0.0224,0.0,0.0563,0.0,0.0591,0.0,0.0505,0.0169,0.4011,0.0422,0.0,0.1117,1
8.9,-1.75,-3.0,0.6875,0.0057,0.0,0.0226,0.0,0.2257,0.0,0.0594,0.002,0.0632,0.0169,0.4288,0.0677,0.0011,0.1932,1
8.9,-1.75,-2.75,0.9771,0.0124,0.0,0.0228,0.0,0.5397,0.0,0.0595,0.0036,0.0617,0.0169,0.382,0.0885,0.0042,0.2645,1
8.9,-1.75,-2.5,1.0951,0.0203,0.0,0.0228,0.0,0.9208,0.0,0.0597,0.0049,0.0506,0.017,0.2998,0.0997,0.0059,0.308,1
8.9,-1.75,-2.25,1.077,0.0298,0.0013,0.0229,0.0,1.3407,0.0,0.0598,0.0059,0.0381,0.017,0.224,0.1057,0.0081,0.3332,1
8.9,-1.75,-2.0,0.9803,0.0423,0.002,0.0229,0.0,1.8141,0.0,0.06,0.0068,0.0277,0.017,0.1665,0.1105,0.0085,0.3505,1
8.9,-1.75,-1.75,0.8488,0.0601,0.0031,0.0229,0.0,2.3669,0.0,0.06,0.0076,0.0202,0.017,0.1269,0.116,0.0081,0.3648,1
8.9,-1.75,-1.5,0.7135,0.0845,0.0045,0.0229,0.0,3.0115,0.0,0.06,0.0086,0.0151,0.017,0.1005,0.1223,0.0073,0.375,1
9.0,-1.75,-4.0,0.0048,0.0,0.0,0.0097,0.0,0.0,0.0,0.0259,0.0,0.0043,0.0074,0.0507,0.0019,0.0,0.0057,1
9.0,-1.75,-3.75,0.009,0.0,0.0,0.0108,0.0,0.0,0.0,0.0286,0.0,0.0059,0.0082,0.0602,0.0031,0.0,0.011,1
9.0,-1.75,-3.5,0.0239,0.0,0.0,0.0115,0.0,0.0028,0.0,0.0305,0.0,0.0098,0.0087,0.0815,0.0061,0.0,0.0239,1
9.0,-1.75,-3.25,0.088,0.0,0.0,0.0202,0.0,0.0216,0.0,0.0536,0.0,0.0215,0.0154,0.1508,0.0167,0.0,0.0722,1
9.0,-1.75,-3.0,0.1385,0.0,0.0,0.022,0.0,0.0395,0.0,0.0584,0.0,0.0283,0.0167,0.207,0.0223,0.0,0.0942,1
9.0,-1.75,-2.75,0.3071,0.0016,0.0,0.0224,0.0,0.139,0.0,0.059,0.0,0.0371,0.0168,0.2355,0.0385,0.0,0.1667,1
9.0,-1.75,-2.5,0.5281,0.0034,0.0,0.0226,0.0,0.303,0.0,0.0593,0.0019,0.0392,0.0169,0.2247,0.0539,0.0,0.2341,1
9.0,-1.75,-2.25,0.7799,0.0057,0.0,0.0227,0.0,0.4948,0.0,0.0596,0.0032,0.0358,0.017,0.1913,0.0664,0.0015,0.2871,1
9.0,-1.75,-2.0,1.0106,0.008,0.0,0.0228,0.0,0.694,0.0,0.0598,0.0045,0.0293,0.017,0.1525,0.0753,0.0053,0.324,1
9.0,-1.75,-1.75,1.1467,0.0109,0.0,0.0228,0.0,0.9221,0.0,0.06,0.0055,0.0224,0.017,0.1181,0.0806,0.0086,0.3445,1
9.0,-1.75,-1.5,1.1502,0.0158,0.0011,0.0228,0.0,1.224,0.0,0.06,0.0062,0.0166,0.017,0.0918,0.0836,0.0098,0.3536,1
9.1,-1.75,-4.0,0.0,0.0,0.0,0.0078,0.0,0.0,0.0,0.021,0.0,0.0,0.006,0.0094,0.0,0.0,0.0012,1
9.1,-1.75,-3.75,0.0,0.0,0.0,0.0091,0.0,0.0,0.0,0.0242,0.0,0.0011,0.0069,0.0126,0.0,0.0,0.0026,1
9.1,-1.75,-3.5,0.0,0.0,0.0,0.01,0.0,0.0,0.0,0.0268,0.0,0.0019,0.0076,0.0184,0.0015,0.0,0.0059,1
9.1,-1.75,-3.25,0.0064,0.0,0.0,0.0107,0.0,0.0015,0.0,0.0284,0.0,0.0045,0.0081,0.0352,0.0041,0.0,0.0171,1
9.1,-1.75,-3.0,0.0482,0.0,0.0,0.0158,0.0,0.0183,0.0,0.0421,0.0,0.0132,0.0123,0.0868,0.016,0.0,0.0636,1
9.1,-1.75,-2.75,0.0949,0.0,0.0,0.0207,0.0,0.0661,0.0,0.0548,0.0,0.0152,0.0157,0.094,0.0281,0.0,0.116,1
9.1,-1.75,-2.5,0.1215,0.0,0.0,0.0223,0.0,0.0594,0.0,0.059,0.0,0.0203,0.0168,0.1159,0.032,0.0,0.1326,1
9.1,-1.75,-2.25,0.3328,0.0,0.0,0.0224,0.0,0.1211,0.0,0.0592,0.0011,0.027,0.0168,0.1375,0.0538,0.0,0.2108,1
9.1,-1.75,-2.0,0.694,0.0011,0.0,0.0226,0.0,0.1844,0.0,0.0595,0.0025,0.0284,0.0169,0.1333,0.0766,0.0011,0.2859,1
9.1,-1.75,-1.75,0.0158,0.0013,0.0,0.0165,0.0,0.1698,0.0,0.0439,0.0,0.001,0.0127,0.0071,0.0193,0.0,0.0909,1
9.1,-1.75,-1.5,0.0071,0.0014,0.0,0.0136,0.0,0.1464,0.0,0.0359,0.0,0.0,0.0102,0.0031,0.0149,0.0,0.0704,1
7.0,-1.675,-4.0,0.4312,0.0084,0.0,0.0234,0.0,0.0128,0.0,0.0599,0.0,0.0142,0.0169,0.1251,0.0066,0.0095,0.0076,1
7.0,-1.675,-3.75,0.4942,0.0131,0.0,0.0229,0.0,0.0412,0.0,0.0586,0.0012,0.0145,0.0165,0.1058,0.0075,0.0117,0.011,1
7.0,-1.675,-3.5,0.52,0.0196,0.0017,0.0224,0.0,0.1162,0.0,0.0573,0.0018,0.0136,0.0161,0.0855,0.0085,0.0134,0.0151,1
7.0,-1.675,-3.25,0.475,0.0276,0.0044,0.0219,0.0,0.2634,0.0,0.0562,0.0025,0.0112,0.0158,0.0661,0.0096,0.0131,0.0194,1
7.0,-1.675,-3.0,0.3741,0.0368,0.0089,0.0215,0.0,0.4665,0.0,0.0551,0.0034,0.0082,0.0154,0.0492,0.0106,0.0109,0.0235,1
7.0,-1.675,-2.75,0.2673,0.047,0.0148,0.0212,0.0,0.685,0.0,0.0543,0.0042,0.0056,0.0152,0.0357,0.0115,0.0081,0.0268,1
7.0,-1.675,-2.5,0.184,0.0581,0.022,0.0209,0.0,0.8976,0.0,0.0535,0.005,0.0037,0.0149,0.0256,0.0119,0.0051,0.0288,1
7.0,-1.675,-2.25,0.1276,0.07,0.0303,0.0206,0.0,1.1002,0.0,0.053,0.0055,0.0026,0.0147,0.0186,0.0118,0.0017,0.0291,1
7.0,-1.675,-2.0,0.0913,0.0825,0.0398,0.0204,0.0,1.2942,0.0,0.0526,0.0056,0.0018,0.0146,0.0138,0.0109,0.0013,0.0277,1
7.0,-1.675,-1.75,0.0681,0.0952,0.0503,0.0202,0.0,1.479,0.0,0.0523,0.0054,0.0014,0.0144,0.0107,0.0097,0.0,0.025,1
7.0,-1.675,-1.5,0.0527,0.1079,0.0615,0.02,0.0,1.6546,0.0,0.052,0.005,0.0011,0.0143,0.0084,0.0082,0.0,0.0217,1
6.9,-1.625,-4.0,0.3448,0.0107,0.0,0.0234,0.0,0.0103,0.0,0.0599,0.0,0.0127,0.0169,0.0997,0.0053,0.0077,0.0061,1
6.9,-1.625,-3.75,0.3952,0.0167,0.0,0.0229,0.0,0.0331,0.0,0.0586,0.0,0.013,0.0165,0.0842,0.006,0.0095,0.0088,1
6.9,-1.625,-3.5,0.4159,0.0249,0.0014,0.0224,0.0,0.0933,0.0,0.0573,0.0014,0.0122,0.0161,0.0682,0.0068,0.0108,0.012,1
6.9,-1.625,-3.25,0.3796,0.0351,0.0036,0.0219,0.0,0.2115,0.0,0.0561,0.002,0.01,0.0158,0.0527,0.0077,0.0105,0.0155,1
6.9,-1.625,-3.0,0.2988,0.0469,0.0072,0.0215,0.0,0.3747,0.0,0.055,0.0027,0.0073,0.0154,0.0392,0.0085,0.0087,0.0188,1
6.9,-1.625,-2.75,0.2134,0.0599,0.012,0.0211,0.0,0.5504,0.0,0.0542,0.0034,0.005,0.0151,0.0284,0.0092,0.0056,0.0214,1
6.9,-1.625,-2.5,0.1469,0.0742,0.0179,0.0208,0.0,0.722,0.0,0.0534,0.004,0.0033,0.0149,0.0205,0.0095,0.004,0.023,1
6.9,-1.625,-2.25,0.1018,0.0896,0.0248,0.0205,0.0,0.8866,0.0,0.0528,0.0044,0.0023,0.0147,0.0147,0.0094,0.0014,0.0232,1
6.9,-1.625,-2.0,0.073,0.106,0.0328,0.0203,0.0,1.0457,0.0,0.0524,0.0046,0.0016,0.0145,0.011,0.0088,0.001,0.0222,1
6.9,-1.625,-1.75,0.0544,0.1228,0.0417,0.0201,0.0,1.1984,0.0,0.0521,0.0044,0.0012,0.0144,0.0084,0.0077,0.0,0.0201,1
6.9,-1.625,-1.5,0.0423,0.1396,0.0513,0.0199,0.001,1.3442,0.0,0.0517,0.0041,0.0,0.0142,0.0068,0.0066,0.0,0.0174,1
7.1,-1.625,-4.0,0.5386,0.0105,0.0,0.0234,0.0,0.016,0.0,0.06,0.0,0.0199,0.0169,0.1569,0.0083,0.0117,0.0095,1
7.1,-1.625,-3.75,0.6174,0.0163,0.0,0.0229,0.0,0.0513,0.0,0.0587,0.0014,0.0204,0.0165,0.1327,0.0094,0.0146,0.0138,1
7.1,-1.625,-3.5,0.6498,0.0244,0.0021,0.0224,0.0,0.1446,0.0,0.0574,0.0022,0.0192,0.0162,0.1074,0.0107,0.0167,0.0189,1
7.1,-1.625,-3.25,0.5938,0.0344,0.0054,0.022,0.0,0.3277,0.0,0.0562,0.0031,0.0158,0.0158,0.083,0.012,0.0164,0.0243,1
7.1,-1.625,-3.0,0.4681,0.0458,0.0109,0.0216,0.0,0.5808,0.0,0.0552,0.0042,0.0115,0.0155,0.0618,0.0133,0.0137,0.0295,1
7.1,-1.625,-2.75,0.3348,0.0584,0.0182,0.0212,0.0,0.8531,0.0,0.0544,0.0053,0.0078,0.0152,0.0448,0.0144,0.0102,0.0336,1
7.1,-1.625,-2.5,0.2306,0.0722,0.0271,0.0209,0.0,1.1179,0.0,0.0537,0.0062,0.0053,0.015,0.0322,0.0149,0.0073,0.036,1
7.1,-1.625,-2.25,0.1599,0.0871,0.0374,0.0206,0.0,1.3706,0.0,0.0531,0.0068,0.0036,0.0148,0.0233,0.0147,0.0045,0.0364,1
7.1,-1.625,-2.0,0.1144,0.1026,0.0491,0.0204,0.0,1.6131,0.0,0.0527,0.007,0.0026,0.0146,0.0173,0.0137,0.0016,0.0347,1
7.1,-1.625,-1.75,0.0853,0.1186,0.0622,0.0202,0.0,1.8458,0.0,0.0524,0.0068,0.0019,0.0145,0.0133,0.0121,0.0012,0.0314,1
7.1,-1.625,-1.5,0.0662,0.1347,0.0764,0.02,0.0,2.0691,0.0,0.0521,0.0062,0.0015,0.0143,0.0107,0.0104,0.0,0.0272,1
7.2,-1.625,-4.0,0.6702,0.0129,0.0,0.0234,0.0,0.0198,0.0,0.0599,0.0011,0.0249,0.0169,0.1964,0.0082,0.0145,0.0119,1
7.2,-1.625,-3.75,0.7683,0.0202,0.0,0.0229,0.0,0.0634,0.0,0.0587,0.0018,0.0255,0.0166,0.1661,0.0094,0.0181,0.0172,1
7.2,-1.625,-3.5,0.8089,0.0301,0.0025,0.0225,0.0,0.1788,0.0,0.0574,0.0027,0.024,0.0162,0.1344,0.0106,0.0206,0.0236,1
7.2,-1.625,-3.25,0.7398,0.0425,0.0066,0.022,0.0,0.4053,0.0,0.0563,0.0039,0.0198,0.0158,0.1039,0.0119,0.0201,0.0304,1
7.2,-1.625,-3.0,0.5835,0.0565,0.0133,0.0216,0.0,0.718,0.0,0.0553,0.0052,0.0144,0.0155,0.0772,0.0132,0.0168,0.0368,1
7.2,-1.625,-2.75,0.4176,0.072,0.0221,0.0213,0.0,1.0537,0.0,0.0545,0.0065,0.0099,0.0152,0.056,0.0142,0.0127,0.0419,1
7.2,-1.625,-2.5,0.2877,0.0888,0.0326,0.021,0.0,1.3785,0.0,0.0539,0.0076,0.0066,0.015,0.0403,0.0148,0.0091,0.045,1
7.2,-1.625,-2.25,0.1995,0.1067,0.0448,0.0207,0.0,1.6863,0.0,0.0534,0.0084,0.0046,0.0148,0.0291,0.0146,0.0056,0.0454,1
7.2,-1.625,-2.0,0.1426,0.1253,0.0586,0.0206,0.0,1.9791,0.0,0.053,0.0086,0.0032,0.0147,0.0216,0.0136,0.004,0.0432,1
7.2,-1.625,-1.75,0.1061,0.1442,0.0737,0.0204,0.0,2.2579,0.0,0.0527,0.0082,0.0024,0.0146,0.0166,0.012,0.0015,0.039,1
7.2,-1.625,-1.5,0.0821,0.1632,0.09,0.0202,0.0,2.5237,0.0,0.0524,0.0075,0.0019,0.0144,0.0133,0.0102,0.0011,0.0337,1
7.3,-1.625,-4.0,0.8308,0.0156,0.0,0.0234,0.0,0.0243,0.0,0.0599,0.0014,0.0311,0.0169,0.2449,0.0128,0.0179,0.0148,1
7.3,-1.625,-3.75,0.952,0.0245,0.0,0.0229,0.0,0.0778,0.0,0.0587,0.0022,0.0319,0.0166,0.2073,0.0146,0.0223,0.0215,1
7.3,-1.625,-3.5,1.0026,0.0368,0.0031,0.0225,0.0,0.2192,0.0,0.0575,0.0033,0.0301,0.0162,0.1679,0.0166,0.0253,0.0294,1
7.3,-1.625,-3.25,0.9183,0.052,0.0079,0.022,0.0,0.4972,0.0,0.0564,0.0048,0.0248,0.0159,0.1297,0.0187,0.0249,0.0379,1
7.3,-1.625,-3.0,0.7252,0.0692,0.016,0.0217,0.0,0.881,0.0,0.0555,0.0063,0.0182,0.0156,0.0964,0.0206,0.0208,0.0458,1
7.3,-1.625,-2.75,0.5195,0.088,0.0264,0.0214,0.0,1.2923,0.0,0.0547,0.0079,0.0124,0.0153,0.0699,0.0223,0.0156,0.0522,1
7.3,-1.625,-2.5,0.3581,0.1082,0.0388,0.0211,0.0,1.6873,0.0,0.0541,0.0093,0.0083,0.0151,0.0501,0.0231,0.0113,0.056,1
7.3,-1.625,-2.25,0.248,0.1295,0.053,0.0209,0.0,2.0582,0.0,0.0537,0.0102,0.0057,0.0149,0.0363,0.0228,0.0081,0.0565,1
7.3,-1.625,-2.0,0.177,0.1514,0.0687,0.0207,0.0,2.4072,0.0,0.0534,0.0104,0.0041,0.0148,0.0268,0.0213,0.0051,0.0537,1
7.3,-1.625,-1.75,0.1315,0.1735,0.0858,0.0205,0.0,2.7374,0.0,0.0531,0.01,0.003,0.0147,0.0206,0.0188,0.0028,0.0483,1
7.3,-1.625,-1.5,0.1014,0.1955,0.1041,0.0204,0.0,3.0495,0.0,0.0528,0.009,0.0023,0.0146,0.0165,0.016,0.0014,0.0417,1
7.4,-1.625,-4.0,1.0253,0.0188,0.0,0.0234,0.0,0.0296,0.0,0.0598,0.0017,0.0387,0.0169,0.3051,0.0126,0.0218,0.0184,1
7.4,-1.625,-3.75,1.1747,0.0297,0.0011,0.0229,0.0,0.0949,0.0,0.0587,0.0027,0.0397,0.0166,0.2583,0.0144,0.0272,0.0267,1
7.4,-1.625,-3.5,1.2376,0.0447,0.0037,0.0225,0.0,0.2674,0.0,0.0576,0.0041,0.0375,0.0162,0.2091,0.0164,0.0309,0.0366,1
7.4,-1.625,-3.25,1.1345,0.0632,0.0094,0.0221,0.0,0.6064,0.0,0.0566,0.0058,0.0311,0.0159,0.1615,0.0184,0.0303,0.0471,1
7.4,-1.625,-3.0,0.8973,0.0841,0.0189,0.0217,0.0,1.0743,0.0,0.0557,0.0077,0.0228,0.0156,0.1201,0.0203,0.0254,0.0568,1
7.4,-1.625,-2.75,0.6435,0.1067,0.0312,0.0214,0.0,1.5742,0.0,0.055,0.0096,0.0156,0.0154,0.087,0.0219,0.0191,0.0647,1
7.4,-1.625,-2.5,0.4437,0.1308,0.0455,0.0212,0.0,2.0502,0.0,0.0544,0.0112,0.0105,0.0152,0.0624,0.0227,0.0137,0.0693,1
7.4,-1.625,-2.25,0.3072,0.1558,0.0616,0.021,0.0,2.4928,0.0,0.054,0.0122,0.0072,0.015,0.045,0.0224,0.0098,0.0699,1
7.4,-1.625,-2.0,0.2188,0.1813,0.0793,0.0209,0.0,2.9044,0.0,0.0537,0.0125,0.0051,0.0149,0.0333,0.0209,0.0062,0.0664,1
7.4,-1.625,-1.75,0.1621,0.2068,0.0983,0.0207,0.0,3.2905,0.0,0.0535,0.0119,0.0038,0.0148,0.0256,0.0185,0.0046,0.0597,1
7.4,-1.625,-1.5,0.1249,0.232,0.1185,0.0205,0.0,3.6549,0.0,0.0532,0.0108,0.0029,0.0147,0.0203,0.0158,0.0017,0.0513,1
7.5,-1.625,-4.0,1.2565,0.0226,0.0,0.0233,0.0,0.0359,0.0,0.0597,0.002,0.0479,0.0169,0.3788,0.0196,0.0265,0.0228,1
7.5,-1.625,-3.75,1.4395,0.0357,0.0013,0.0229,0.0,0.1149,0.0011,0.0587,0.0033,0.0493,0.0166,0.321,0.0225,0.0328,0.0331,1
7.5,-1.625,-3.5,1.5168,0.0538,0.0043,0.0225,0.0,0.3235,0.0011,0.0577,0.005,0.0467,0.0163,0.26,0.0255,0.0374,0.0453,1
7.5,-1.625,-3.25,1.3919,0.0761,0.0111,0.0222,0.0,0.7332,0.001,0.0567,0.007,0.0388,0.016,0.2009,0.0286,0.0366,0.0582,1
7.5,-1.625,-3.0,1.1027,0.1012,0.022,0.0218,0.0,1.298,0.0,0.0559,0.0093,0.0285,0.0157,0.1491,0.0316,0.0306,0.0702,1
7.5,-1.625,-2.75,0.7919,0.1281,0.0361,0.0216,0.0,1.899,0.0,0.0552,0.0115,0.0195,0.0155,0.108,0.034,0.0231,0.0797,1
7.5,-1.625,-2.5,0.5461,0.1563,0.0523,0.0213,0.0,2.4659,0.0,0.0547,0.0134,0.0131,0.0153,0.0774,0.0352,0.0165,0.0854,1
7.5,-1.625,-2.25,0.3779,0.1852,0.0702,0.0212,0.0,2.9864,0.0,0.0544,0.0146,0.009,0.0152,0.0558,0.0347,0.0117,0.086,1
7.5,-1.625,-2.0,0.2689,0.2143,0.0896,0.021,0.0,3.4663,0.0,0.0541,0.0148,0.0063,0.015,0.0412,0.0324,0.0086,0.0816,1
7.5,-1.625,-1.75,0.1988,0.2433,0.1103,0.0209,0.0,3.9127,0.0,0.0539,0.014,0.0047,0.015,0.0315,0.0287,0.0055,0.0732,1
7.5,-1.625,-1.5,0.1528,0.272,0.1322,0.0207,0.0,4.3336,0.0,0.0537,0.0127,0.0036,0.0149,0.025,0.0245,0.0044,0.0629,1
7.6,-1.625,-4.0,1.5313,0.0268,0.0,0.0233,0.0,0.0432,0.0011,0.0597,0.0025,0.0592,0.0169,0.4691,0.0191,0.0318,0.0281,1
7.6,-1.625,-3.75,1.7531,0.0425,0.0016,0.023,0.0,0.1381,0.0013,0.0588,0.004,0.061,0.0166,0.3977,0.022,0.0395,0.0408,1
7.6,-1.625,-3.5,1.8465,0.0642,0.005,0.0226,0.0,0.3882,0.0013,0.0578,0.006,0.0579,0.0163,0.3223,0.025,0.0446,0.0558,1
7.6,-1.625,-3.25,1.695,0.0909,0.0127,0.0222,0.0,0.8783,0.0012,0.0569,0.0084,0.0482,0.016,0.2488,0.028,0.0438,0.0716,1
7.6,-1.625,-3.0,1.3452,0.1206,0.0252,0.0219,0.0,1.5526,0.0,0.0561,0.0111,0.0355,0.0158,0.1847,0.0308,0.0367,0.0862,1
7.6,-1.625,-2.75,0.9669,0.1519,0.0409,0.0217,0.0,2.2652,0.0,0.0555,0.0136,0.0244,0.0156,0.1336,0.033,0.0276,0.0976,1
7.6,-1.625,-2.5,0.6673,0.1843,0.0588,0.0215,0.0,2.932,0.0,0.0551,0.0158,0.0164,0.0154,0.0956,0.0342,0.0199,0.1044,1
7.6,-1.625,-2.25,0.4614,0.2172,0.0782,0.0213,0.0,3.5355,0.0,0.0547,0.0171,0.0112,0.0153,0.0688,0.0337,0.0142,0.1051,1
7.6,-1.625,-2.0,0.3279,0.25,0.099,0.0212,0.0,4.0871,0.0,0.0545,0.0172,0.0079,0.0152,0.0508,0.0314,0.0103,0.0995,1
7.6,-1.625,-1.75,0.2421,0.2826,0.1211,0.0211,0.0,4.5995,0.0,0.0543,0.0164,0.0058,0.0151,0.0387,0.0278,0.0078,0.0892,1
7.6,-1.625,-1.5,0.1858,0.3149,0.1445,0.0209,0.0,5.0814,0.0,0.0541,0.0147,0.0045,0.015,0.0307,0.0238,0.0052,0.0765,1
7.7,-1.625,-4.0,1.8428,0.0315,0.0,0.0233,0.0,0.0516,0.0014,0.0597,0.0029,0.0726,0.0169,0.5772,0.0294,0.0374,0.0344,1
7.7,-1.625,-3.75,2.1066,0.05,0.0018,0.023,0.0,0.1636,0.0015,0.0589,0.0047,0.0748,0.0166,0.4901,0.0338,0.0463,0.0499,1
7.7,-1.625,-3.5,2.2185,0.0756,0.0056,0.0226,0.0,0.4591,0.0016,0.058,0.0071,0.0712,0.0164,0.3973,0.0384,0.0524,0.0683,1
7.7,-1.625,-3.25,2.0381,0.1069,0.0142,0.0223,0.0,1.0369,0.0015,0.0571,0.0099,0.0596,0.0161,0.3068,0.0429,0.0512,0.0874,1
7.7,-1.625,-3.0,1.6199,0.1413,0.028,0.022,0.0,1.8283,0.0012,0.0564,0.0129,0.044,0.0159,0.2274,0.0471,0.0431,0.1049,1
7.7,-1.625,-2.75,1.1668,0.1771,0.045,0.0218,0.0,2.6586,0.0,0.0558,0.0158,0.0302,0.0157,0.1643,0.0504,0.0324,0.1184,1
7.7,-1.625,-2.5,0.8062,0.2135,0.0641,0.0216,0.0,3.4286,0.0,0.0554,0.0182,0.0203,0.0155,0.1175,0.052,0.0233,0.1263,1
7.7,-1.625,-2.25,0.5576,0.25,0.0845,0.0215,0.0,4.1186,0.0,0.0551,0.0196,0.0138,0.0154,0.0844,0.0512,0.0167,0.127,1
7.7,-1.625,-2.0,0.396,0.2864,0.1062,0.0214,0.0,4.7436,0.0,0.0549,0.0197,0.0097,0.0153,0.0622,0.0478,0.0122,0.1203,1
7.7,-1.625,-1.75,0.2921,0.3226,0.1294,0.0212,0.0,5.3249,0.0,0.0547,0.0187,0.0071,0.0152,0.0473,0.0424,0.0091,0.1078,1
7.7,-1.625,-1.5,0.2239,0.3587,0.1541,0.0211,0.0,5.877,0.0,0.0545,0.0169,0.0055,0.0152,0.0375,0.0363,0.0061,0.0924,1
7.8,-1.625,-4.0,2.1932,0.0365,0.0,0.0233,0.0,0.0612,0.0016,0.0597,0.0035,0.0885,0.0169,0.7057,0.0284,0.0433,0.042,1
7.8,-1.625,-3.75,2.5045,0.0581,0.002,0.023,0.0,0.1918,0.0018,0.059,0.0055,0.0913,0.0167,0.6009,0.0327,0.0535,0.0607,1
7.8,-1.625,-3.5,2.6335,0.0878,0.0062,0.0227,0.0,0.5357,0.0019,0.0581,0.0083,0.087,0.0164,0.4873,0.037,0.0604,0.0829,1
7.8,-1.625,-3.25,2.4193,0.1238,0.0155,0.0224,0.0,1.2057,0.0017,0.0573,0.0115,0.073,0.0162,0.376,0.0413,0.059,0.1058,1
7.8,-1.625,-3.0,1.9254,0.1628,0.0301,0.0221,0.0,2.1176,0.0014,0.0567,0.0149,0.0542,0.0159,0.2785,0.0451,0.0495,0.1264,1
7.8,-1.625,-2.75,1.3904,0.2027,0.048,0.0219,0.0,3.0673,0.0,0.0562,0.018,0.0373,0.0158,0.2009,0.048,0.0374,0.1423,1
7.8,-1.625,-2.5,0.9625,0.2427,0.0676,0.0218,0.0,3.9392,0.0,0.0558,0.0205,0.025,0.0156,0.1434,0.0495,0.027,0.1513,1
7.8,-1.625,-2.25,0.6664,0.2826,0.0886,0.0216,0.0,4.7176,0.0,0.0555,0.022,0.017,0.0155,0.103,0.0487,0.0193,0.1518,1
7.8,-1.625,-2.0,0.4733,0.3222,0.1107,0.0215,0.0,5.4187,0.0,0.0553,0.0222,0.0119,0.0154,0.0757,0.0454,0.0142,0.1438,1
7.8,-1.625,-1.75,0.3491,0.362,0.1344,0.0214,0.0,6.0713,0.0,0.0551,0.021,0.0087,0.0154,0.0576,0.0404,0.0106,0.1291,1
7.8,-1.625,-1.5,0.2675,0.4023,0.1601,0.0213,0.0,6.6987,0.0,0.0549,0.019,0.0067,0.0153,0.0455,0.0346,0.0083,0.1108,1
7.9,-1.625,-4.0,2.5461,0.0413,0.0,0.0233,0.0,0.0702,0.0018,0.0598,0.004,0.1063,0.0169,0.8531,0.0429,0.0483,0.0503,1
7.9,-1.625,-3.75,2.9055,0.0658,0.0021,0.0231,0.0,0.2194,0.0021,0.0591,0.0063,0.1098,0.0167,0.7283,0.0493,0.0597,0.0727,1
7.9,-1.625,-3.5,3.055,0.0995,0.0065,0.0228,0.0,0.6099,0.0022,0.0584,0.0094,0.105,0.0165,0.5913,0.0559,0.0674,0.0992,1
7.9,-1.625,-3.25,2.8103,0.1399,0.0161,0.0225,0.0,1.3677,0.002,0.0576,0.013,0.0885,0.0162,0.4563,0.0621,0.0659,0.1264,1
7.9,-1.625,-3.0,2.2431,0.1829,0.0309,0.0223,0.0,2.394,0.0016,0.057,0.0166,0.0659,0.016,0.3377,0.0674,0.0554,0.1503,1
7.9,-1.625,-2.75,1.626,0.226,0.0488,0.0221,0.0,3.4546,0.0012,0.0565,0.0199,0.0455,0.0159,0.2434,0.0715,0.0422,0.1685,1
7.9,-1.625,-2.5,1.1294,0.2688,0.0683,0.0219,0.0,4.4216,0.0,0.0561,0.0225,0.0305,0.0158,0.1736,0.0734,0.0304,0.1786,1
7.9,-1.625,-2.25,0.7837,0.3114,0.089,0.0218,0.0,5.281,0.0,0.0559,0.0241,0.0207,0.0157,0.1245,0.0722,0.0219,0.179,1
7.9,-1.625,-2.0,0.5576,0.354,0.1111,0.0217,0.0,6.0609,0.0,0.0557,0.0242,0.0145,0.0156,0.0914,0.0675,0.016,0.1696,1
7.9,-1.625,-1.75,0.4116,0.3973,0.1349,0.0216,0.0,6.7926,0.0,0.0555,0.0231,0.0106,0.0155,0.0694,0.0602,0.0122,0.1524,1
7.9,-1.625,-1.5,0.3158,0.4419,0.161,0.0215,0.0,7.5021,0.0,0.0554,0.021,0.0081,0.0155,0.0548,0.0517,0.0095,0.1313,1
8.0,-1.625,-4.0,2.8907,0.0457,0.0,0.0233,0.0,0.0789,0.002,0.0598,0.0044,0.1261,0.017,1.0198,0.0403,0.0524,0.0596,1
8.0,-1.625,-3.75,3.3064,0.073,0.0021,0.0231,0.0,0.246,0.0023,0.0593,0.007,0.1306,0.0168,0.8739,0.0465,0.0648,0.0862,1
8.0,-1.625,-3.5,3.4769,0.1104,0.0066,0.0229,0.0,0.6803,0.0024,0.0586,0.0104,0.1252,0.0166,0.711,0.0526,0.0731,0.1174,1
8.0,-1.625,-3.25,3.1963,0.1543,0.016,0.0226,0.0,1.5146,0.0022,0.0579,0.0143,0.106,0.0163,0.5486,0.0581,0.0713,0.1489,1
8.0,-1.625,-3.0,2.5608,0.2003,0.0304,0.0224,0.0,2.6394,0.0018,0.0573,0.018,0.0794,0.0161,0.4057,0.0628,0.0602,0.1764,1
8.0,-1.625,-2.75,1.8664,0.2458,0.0476,0.0222,0.0,3.7996,0.0013,0.0568,0.0214,0.055,0.016,0.2921,0.0662,0.046,0.1968,1
8.0,-1.625,-2.5,1.3035,0.2906,0.0664,0.022,0.0,4.8555,0.0,0.0565,0.0241,0.037,0.0159,0.2081,0.0678,0.0336,0.2081,1
8.0,-1.625,-2.25,0.9081,0.3353,0.0862,0.0219,0.0,5.7911,0.0,0.0562,0.0257,0.0251,0.0158,0.1492,0.0667,0.0244,0.2083,1
8.0,-1.625,-2.0,0.648,0.3807,0.1076,0.0218,0.0,6.6472,0.0,0.0561,0.0259,0.0176,0.0157,0.1095,0.0626,0.0179,0.1975,1
8.0,-1.625,-1.75,0.4792,0.4273,0.131,0.0217,0.0,7.4605,0.0,0.0559,0.0248,0.0128,0.0157,0.0832,0.056,0.0137,0.1779,1
8.0,-1.625,-1.5,0.3683,0.4762,0.1572,0.0216,0.0,8.2629,0.0,0.0558,0.0227,0.0098,0.0156,0.0657,0.0484,0.0108,0.1537,1
8.1,-1.625,-4.0,3.1321,0.0482,0.0,0.0234,0.0,0.0848,0.0021,0.06,0.0047,0.1456,0.017,1.1903,0.0586,0.0529,0.0686,1
8.1,-1.625,-3.75,3.6013,0.0774,0.002,0.0232,0.0,0.2643,0.0025,0.0595,0.0075,0.1515,0.0168,1.0264,0.0677,0.066,0.0995,1
8.1,-1.625,-3.5,3.8019,0.1173,0.0062,0.0229,0.0,0.7293,0.0026,0.0588,0.0111,0.146,0.0166,0.8388,0.0766,0.0748,0.1358,1
8.1,-1.625,-3.25,3.5127,0.1638,0.0149,0.0227,0.0,1.6185,0.0024,0.0582,0.015,0.1245,0.0164,0.6484,0.0844,0.0734,0.1719,1
8.1,-1.625,-3.0,2.8331,0.2116,0.028,0.0225,0.0,2.8109,0.002,0.0576,0.0188,0.0938,0.0163,0.4797,0.0907,0.0626,0.2028,1
8.1,-1.625,-2.75,2.0839,0.2583,0.0438,0.0223,0.0,4.0445,0.0015,0.0572,0.0222,0.0654,0.0161,0.3454,0.0953,0.0486,0.2257,1
8.1,-1.625,-2.5,1.468,0.3041,0.061,0.0222,0.0,5.1721,0.001,0.0568,0.0249,0.0442,0.016,0.2463,0.0974,0.0359,0.2382,1
8.1,-1.625,-2.25,1.0293,0.35,0.0794,0.0221,0.0,6.1772,0.0,0.0566,0.0265,0.03,0.0159,0.1767,0.0959,0.0263,0.2385,1
8.1,-1.625,-2.0,0.738,0.3972,0.0995,0.022,0.0,7.104,0.0,0.0564,0.0268,0.021,0.0159,0.1296,0.0903,0.0195,0.2264,1
8.1,-1.625,-1.75,0.5479,0.447,0.1218,0.0219,0.0,7.9984,0.0,0.0563,0.0258,0.0153,0.0158,0.0985,0.0813,0.015,0.2046,1
8.1,-1.625,-1.5,0.4223,0.4999,0.1472,0.0218,0.0,8.892,0.0,0.0562,0.0239,0.0116,0.0157,0.0778,0.0706,0.0117,0.1773,1
8.2,-1.625,-4.0,3.2343,0.0473,0.0,0.0233,0.0,0.086,0.0021,0.0598,0.0046,0.1631,0.017,1.3529,0.0521,0.05,0.0767,1
8.2,-1.625,-3.75,3.7661,0.0773,0.0017,0.0232,0.0,0.2702,0.0025,0.0595,0.0075,0.1713,0.0169,1.1796,0.0606,0.0635,0.1119,1
8.2,-1.625,-3.5,4.0101,0.1182,0.0053,0.023,0.0,0.7471,0.0027,0.059,0.0112,0.1665,0.0167,0.9709,0.0687,0.0727,0.1533,1
8.2,-1.625,-3.25,3.7347,0.1656,0.0129,0.0228,0.0,1.6563,0.0025,0.0584,0.0152,0.1433,0.0165,0.7534,0.0756,0.0722,0.1941,1
8.2,-1.625,-3.0,3.0438,0.2136,0.0241,0.0226,0.0,2.8757,0.0021,0.0579,0.0189,0.1091,0.0164,0.558,0.0809,0.0624,0.2284,1
8.2,-1.625,-2.75,2.2662,0.2601,0.0376,0.0224,0.0,4.1442,0.0016,0.0575,0.0221,0.0766,0.0162,0.4021,0.0846,0.0491,0.2536,1
8.2,-1.625,-2.5,1.6141,0.3057,0.0525,0.0223,0.0,5.3143,0.0011,0.0572,0.0247,0.052,0.0161,0.287,0.0864,0.037,0.2677,1
8.2,-1.625,-2.25,1.1421,0.3517,0.0688,0.0222,0.0,6.3699,0.0,0.057,0.0264,0.0354,0.0161,0.2062,0.0853,0.0274,0.2686,1
8.2,-1.625,-2.0,0.8243,0.3998,0.0868,0.0221,0.0,7.3517,0.0,0.0568,0.0269,0.0248,0.016,0.1514,0.0808,0.0206,0.2561,1
8.2,-1.625,-1.75,0.615,0.4513,0.1072,0.0221,0.0,8.3151,0.0,0.0567,0.0262,0.0181,0.0159,0.1151,0.0733,0.0159,0.2326,1
8.2,-1.625,-1.5,0.4759,0.5071,0.1306,0.022,0.0,9.2923,0.0,0.0566,0.0244,0.0138,0.0159,0.0911,0.0642,0.0127,0.2028,1
8.3,-1.625,-4.0,2.9827,0.0401,0.0,0.023,0.0,0.0772,0.0019,0.0593,0.004,0.1705,0.0168,1.4461,0.0681,0.0401,0.0798,1
8.3,-1.625,-3.75,3.5797,0.0679,0.0012,0.023,0.0,0.2479,0.0023,0.0593,0.0067,0.1828,0.0168,1.2895,0.0808,0.0532,0.1187,1
8.3,-1.625,-3.5,3.9088,0.107,0.004,0.0229,0.0,0.6978,0.0025,0.059,0.0103,0.1811,0.0167,1.079,0.0928,0.0632,0.1648,1
8.3,-1.625,-3.25,3.7211,0.1528,0.0097,0.0228,0.0,1.5671,0.0024,0.0586,0.0141,0.1587,0.0166,0.8455,0.1027,0.0645,0.2103,1
8.3,-1.625,-3.0,3.0935,0.199,0.0183,0.0226,0.0,2.7464,0.002,0.0582,0.0176,0.1227,0.0165,0.6292,0.1098,0.0573,0.248,1
8.3,-1.625,-2.75,2.3475,0.2437,0.0288,0.0225,0.0,3.9911,0.0016,0.0578,0.0206,0.0872,0.0164,0.4547,0.1147,0.0464,0.2758,1
8.3,-1.625,-2.5,1.7015,0.2876,0.0408,0.0224,0.0,5.158,0.0012,0.0576,0.0231,0.0598,0.0163,0.3252,0.1173,0.0358,0.292,1
8.3,-1.625,-2.25,1.2202,0.3322,0.0541,0.0223,0.0,6.2255,0.0,0.0574,0.0248,0.041,0.0162,0.2341,0.1165,0.0272,0.2948,1
8.3,-1.625,-2.0,0.8895,0.3793,0.069,0.0223,0.0,7.232,0.0,0.0573,0.0256,0.0288,0.0161,0.1723,0.1114,0.0208,0.2832,1
8.3,-1.625,-1.75,0.6688,0.4303,0.0861,0.0222,0.0,8.2253,0.0,0.0572,0.0252,0.021,0.0161,0.1313,0.1021,0.0163,0.2595,1
8.3,-1.625,-1.5,0.5209,0.4871,0.1065,0.0221,0.0,9.2612,0.0,0.057,0.024,0.016,0.016,0.1041,0.0904,0.0131,0.2285,1
8.4,-1.625,-4.0,2.5429,0.0314,0.0,0.0227,0.0,0.0649,0.0015,0.0587,0.0032,0.1699,0.0167,1.477,0.0536,0.0287,0.0798,1
8.4,-1.625,-3.75,3.1954,0.0559,0.0,0.0229,0.0,0.2157,0.0019,0.059,0.0057,0.1876,0.0168,1.3597,0.0655,0.0407,0.1218,1
8.4,-1.625,-3.5,3.6212,0.0918,0.0027,0.0229,0.0,0.6242,0.0022,0.0589,0.009,0.1908,0.0167,1.1649,0.0768,0.0509,0.1727,1
8.4,-1.625,-3.25,3.5431,0.1345,0.0068,0.0228,0.0,1.4258,0.0022,0.0587,0.0125,0.1708,0.0166,0.9256,0.0858,0.0539,0.2229,1
8.4,-1.625,-3.0,3.0224,0.178,0.013,0.0227,0.0,2.529,0.0019,0.0584,0.0157,0.1346,0.0166,0.6946,0.092,0.0496,0.2643,1
8.4,-1.625,-2.75,2.346,0.2199,0.0208,0.0226,0.0,3.7138,0.0015,0.0582,0.0184,0.0972,0.0165,0.5042,0.0961,0.0416,0.2947,1
8.4,-1.625,-2.5,1.7341,0.2611,0.0298,0.0225,0.0,4.8468,0.0012,0.058,0.0208,0.0673,0.0164,0.3618,0.0985,0.0331,0.3132,1
8.4,-1.625,-2.25,1.2632,0.303,0.0401,0.0225,0.0,5.8979,0.0,0.0578,0.0225,0.0465,0.0163,0.2613,0.0983,0.0257,0.3178,1
8.4,-1.625,-2.0,0.9324,0.3477,0.0519,0.0224,0.0,6.9039,0.0,0.0577,0.0234,0.0328,0.0163,0.1928,0.0948,0.0201,0.3077,1
8.4,-1.625,-1.75,0.7081,0.3967,0.0657,0.0223,0.0,7.9089,0.0,0.0576,0.0234,0.024,0.0163,0.1474,0.0879,0.0159,0.2843,1
8.4,-1.625,-1.5,0.5556,0.4523,0.0823,0.0223,0.0,8.9687,0.0,0.0575,0.0226,0.0183,0.0162,0.1172,0.0788,0.013,0.2525,1
8.5,-1.625,-4.0,1.757,0.017,0.0,0.0223,0.0,0.0404,0.0,0.0578,0.0021,0.1488,0.0164,1.324,0.059,0.0151,0.072,1
8.5,-1.625,-3.75,2.4021,0.0337,0.0,0.0226,0.0,0.1441,0.0013,0.0585,0.0039,0.1731,0.0167,1.2847,0.0759,0.0243,0.1147,1
8.5,-1.625,-3.5,2.9624,0.0612,0.0014,0.0228,0.0,0.4508,0.0016,0.0588,0.0068,0.1856,0.0167,1.152,0.0932,0.034,0.1699,1
8.5,-1.625,-3.25,3.1088,0.0973,0.0037,0.0228,0.0,1.1019,0.0018,0.0587,0.01,0.1735,0.0167,0.9427,0.1072,0.0396,0.2258,1
8.5,-1.625,-3.0,2.8012,0.1362,0.0076,0.0227,0.0,2.052,0.0016,0.0586,0.0129,0.1413,0.0166,0.719,0.1166,0.039,0.272,1
8.5,-1.625,-2.75,2.2646,0.1744,0.0126,0.0227,0.0,3.1149,0.0013,0.0585,0.0153,0.1043,0.0166,0.5257,0.1225,0.0345,0.3055,1
8.5,-1.625,-2.5,1.7236,0.2123,0.0187,0.0226,0.0,4.1655,0.001,0.0584,0.0174,0.0733,0.0165,0.379,0.1264,0.0285,0.3274,1
8.5,-1.625,-2.25,1.2823,0.2512,0.0259,0.0226,0.0,5.1715,0.0,0.0583,0.0191,0.051,0.0165,0.2747,0.1279,0.0228,0.3368,1
8.5,-1.625,-2.0,0.9599,0.2926,0.0343,0.0225,0.0,6.1437,0.0,0.0582,0.0203,0.0361,0.0165,0.2034,0.1258,0.0184,0.3321,1
8.5,-1.625,-1.75,0.7356,0.3381,0.0443,0.0225,0.0,7.1228,0.0,0.0581,0.0209,0.0265,0.0164,0.1558,0.1196,0.015,0.3133,1
8.5,-1.625,-1.5,0.5806,0.3895,0.0565,0.0224,0.0,8.1608,0.0,0.058,0.0207,0.0202,0.0164,0.1243,0.1098,0.0123,0.2841,1
8.6,-1.625,-4.0,1.0369,0.0061,0.0,0.0217,0.0,0.0184,0.0,0.0566,0.0011,0.1185,0.0161,1.0705,0.0374,0.0055,0.061,1
8.6,-1.625,-3.75,1.5687,0.0139,0.0,0.0223,0.0,0.0715,0.0,0.058,0.0024,0.1463,0.0165,1.1016,0.0512,0.0117,0.1018,1
8.6,-1.625,-3.5,2.2045,0.0297,0.0,0.0226,0.0,0.2547,0.0011,0.0585,0.0047,0.1693,0.0167,1.0544,0.0674,0.0196,0.1606,1
8.6,-1.625,-3.25,2.63,0.0552,0.0017,0.0227,0.0,0.7109,0.0013,0.0587,0.0077,0.17,0.0167,0.9086,0.0822,0.027,0.2255,1
8.6,-1.625,-3.0,2.5836,0.0858,0.0038,0.0227,0.0,1.4574,0.0013,0.0588,0.0104,0.1443,0.0167,0.7078,0.0917,0.0295,0.2785,1
8.6,-1.625,-2.75,2.2232,0.1183,0.0067,0.0227,0.0,2.3557,0.0011,0.0588,0.0125,0.1093,0.0167,0.5218,0.0973,0.0279,0.3157,1
8.6,-1.625,-2.5,1.7664,0.1518,0.0104,0.0227,0.0,3.2885,0.0,0.0587,0.0142,0.0779,0.0167,0.3763,0.1009,0.0245,0.3406,1
8.6,-1.625,-2.25,1.3484,0.187,0.0148,0.0227,0.0,4.213,0.0,0.0587,0.0157,0.0544,0.0166,0.2724,0.1035,0.0203,0.3557,1
8.6,-1.625,-2.0,1.0232,0.2248,0.0203,0.0227,0.0,5.1294,0.0,0.0587,0.0171,0.0385,0.0166,0.2015,0.1046,0.0167,0.3599,1
8.6,-1.625,-1.75,0.7877,0.2658,0.0268,0.0226,0.0,6.0506,0.0,0.0586,0.0182,0.0281,0.0166,0.1543,0.1033,0.0137,0.3512,1
8.6,-1.625,-1.5,0.6225,0.312,0.035,0.0226,0.0,7.0311,0.0,0.0586,0.0187,0.0213,0.0166,0.123,0.0991,0.0115,0.3304,1
8.7,-1.625,-4.0,0.4621,0.0017,0.0,0.0213,0.0,0.0068,0.0,0.056,0.0,0.0803,0.016,0.7501,0.0327,0.0,0.0456,1
8.7,-1.625,-3.75,0.7645,0.0043,0.0,0.0221,0.0,0.0277,0.0,0.0578,0.0011,0.1043,0.0165,0.8159,0.0469,0.0016,0.0784,1
8.7,-1.625,-3.5,1.2641,0.0111,0.0,0.0225,0.0,0.1177,0.0,0.0586,0.0025,0.1327,0.0167,0.8505,0.0676,0.0078,0.134,1
8.7,-1.625,-3.25,1.8325,0.0255,0.0,0.0227,0.0,0.4018,0.0,0.0589,0.0049,0.1488,0.0168,0.8012,0.0913,0.0139,0.2074,1
8.7,-1.625,-3.0,2.0926,0.0466,0.0016,0.0227,0.0,0.9499,0.0,0.059,0.0075,0.1365,0.0168,0.6616,0.1089,0.0186,0.2727,1
8.7,-1.625,-2.75,1.9727,0.0705,0.0032,0.0228,0.0,1.658,0.0,0.0591,0.0095,0.1073,0.0168,0.4986,0.1181,0.0198,0.316,1
8.7,-1.625,-2.5,1.674,0.0967,0.0052,0.0228,0.0,2.4315,0.0,0.0591,0.0109,0.0781,0.0168,0.3625,0.1234,0.0186,0.344,1
8.7,-1.625,-2.25,1.3394,0.1259,0.0078,0.0228,0.0,3.2327,0.0,0.0592,0.0123,0.0551,0.0168,0.2628,0.1276,0.0164,0.3626,1
8.7,-1.625,-2.0,1.045,0.1586,0.011,0.0228,0.0,4.0575,0.0,0.0592,0.0135,0.0391,0.0168,0.1945,0.1314,0.0141,0.3736,1
8.7,-1.625,-1.75,0.8183,0.1951,0.0151,0.0228,0.0,4.9131,0.0,0.0592,0.0148,0.0285,0.0168,0.1489,0.1337,0.012,0.3748,1
8.7,-1.625,-1.5,0.6501,0.2359,0.0202,0.0227,0.0,5.8224,0.0,0.0591,0.0158,0.0215,0.0167,0.1186,0.1333,0.0101,0.3642,1
8.8,-1.625,-4.0,0.187,0.0,0.0,0.0211,0.0,0.0024,0.0,0.0555,0.0,0.0517,0.0159,0.4984,0.0173,0.0,0.033,1
8.8,-1.625,-3.75,0.332,0.0012,0.0,0.0219,0.0,0.0099,0.0,0.0577,0.0,0.0695,0.0165,0.5687,0.0257,0.0,0.0576,1
8.8,-1.625,-3.5,0.6128,0.0035,0.0,0.0225,0.0,0.0469,0.0,0.0589,0.0011,0.0944,0.0168,0.6333,0.0393,0.001,0.1038,1
8.8,-1.625,-3.25,1.0952,0.0102,0.0,0.0227,0.0,0.2032,0.0,0.0592,0.0027,0.1192,0.0169,0.6606,0.0594,0.0051,0.1789,1
8.8,-1.625,-3.0,1.5328,0.0228,0.0,0.0228,0.0,0.578,0.0,0.0593,0.005,0.1218,0.0169,0.5965,0.0783,0.01,0.2578,1
8.8,-1.625,-2.75,1.646,0.0386,0.0014,0.0228,0.0,1.1151,0.0,0.0594,0.0069,0.1015,0.0169,0.4692,0.089,0.0128,0.3119,1
8.8,-1.625,-2.5,1.5224,0.0564,0.0025,0.0229,0.0,1.7192,0.0,0.0595,0.0083,0.076,0.0169,0.3464,0.0941,0.0137,0.3434,1
8.8,-1.625,-2.25,1.2974,0.0773,0.0039,0.0229,0.0,2.3696,0.0,0.0596,0.0094,0.0544,0.0169,0.2522,0.0976,0.013,0.3637,1
8.8,-1.625,-2.0,1.0589,0.1028,0.0057,0.0229,0.0,3.0717,0.0,0.0596,0.0105,0.0387,0.0169,0.1865,0.1012,0.0117,0.3784,1
8.8,-1.625,-1.75,0.8508,0.1332,0.0081,0.0229,0.0,3.8318,0.0,0.0597,0.0116,0.0281,0.0169,0.1426,0.105,0.0103,0.3872,1
8.8,-1.625,-1.5,0.6861,0.1686,0.0113,0.0228,0.0,4.663,0.0,0.0596,0.0127,0.0212,0.0169,0.1135,0.1079,0.009,0.3872,1
8.9,-1.625,-4.0,0.0472,0.0,0.0,0.018,0.0,0.0012,0.0,0.048,0.0,0.0236,0.0138,0.1919,0.0105,0.0,0.0216,1
8.9,-1.625,-3.75,0.0658,0.0,0.0,0.0199,0.0,0.0044,0.0,0.0528,0.0,0.0274,0.0152,0.1894,0.0143,0.0,0.0357,1
8.9,-1.625,-3.5,0.1548,0.0,0.0,0.022,0.0,0.0097,0.0,0.0581,0.0,0.0458,0.0166,0.3346,0.0241,0.0,0.0562,1
8.9,-1.625,-3.25,0.3466,0.0018,0.0,0.0224,0.0,0.0555,0.0,0.0591,0.0,0.0668,0.0169,0.3981,0.0419,0.0,0.1109,1
8.9,-1.625,-3.0,0.6759,0.0056,0.0,0.0227,0.0,0.2223,0.0,0.0594,0.002,0.0835,0.0169,0.4253,0.0671,0.0011,0.1916,1
8.9,-1.625,-2.75,0.9627,0.0122,0.0,0.0228,0.0,0.5323,0.0,0.0595,0.0035,0.0816,0.0169,0.3792,0.0877,0.0042,0.2626,1
8.9,-1.625,-2.5,1.081,0.02,0.0,0.0228,0.0,0.9095,0.0,0.0597,0.0048,0.067,0.017,0.2979,0.0989,0.0059,0.306,1
8.9,-1.625,-2.25,1.0652,0.0294,0.0013,0.0229,0.0,1.3257,0.0,0.0599,0.0059,0.0505,0.017,0.2226,0.1049,0.008,0.3311,1
8.9,-1.625,-2.0,0.9719,0.0418,0.002,0.0229,0.0,1.7971,0.0,0.06,0.0067,0.0368,0.017,0.1657,0.1098,0.0083,0.3487,1
8.9,-1.625,-1.75,0.8426,0.0594,0.003,0.0229,0.0,2.3469,0.0,0.06,0.0076,0.0268,0.017,0.1263,0.1154,0.0081,0.3631,1
8.9,-1.625,-1.5,0.7091,0.0837,0.0045,0.0229,0.0,2.9894,0.0,0.06,0.0085,0.0201,0.017,0.1,0.1217,0.0073,0.3734,1
9.0,-1.625,-4.0,0.0048,0.0,0.0,0.0097,0.0,0.0,0.0,0.0259,0.0,0.0057,0.0074,0.0505,0.0019,0.0,0.0057,1
9.0,-1.625,-3.75,0.009,0.0,0.0,0.0108,0.0,0.0,0.0,0.0286,0.0,0.0079,0.0082,0.0599,0.0031,0.0,0.011,1
9.0,-1.625,-3.5,0.0236,0.0,0.0,0.0115,0.0,0.0028,0.0,0.0305,0.0,0.0129,0.0087,0.0809,0.006,0.0,0.0238,1
9.0,-1.625,-3.25,0.0861,0.0,0.0,0.0202,0.0,0.0212,0.0,0.0536,0.0,0.0284,0.0154,0.1491,0.0165,0.0,0.0715,1
9.0,-1.625,-3.0,0.1356,0.0,0.0,0.022,0.0,0.0387,0.0,0.0583,0.0,0.0373,0.0166,0.2048,0.022,0.0,0.0932,1
9.0,-1.625,-2.75,0.3001,0.0016,0.0,0.0224,0.0,0.136,0.0,0.059,0.0,0.0488,0.0168,0.2329,0.038,0.0,0.1648,1
9.0,-1.625,-2.5,0.5188,0.0034,0.0,0.0226,0.0,0.2966,0.0,0.0594,0.0019,0.0518,0.0169,0.2226,0.0533,0.0,0.232,1
9.0,-1.625,-2.25,0.7659,0.0055,0.0,0.0227,0.0,0.4856,0.0,0.0596,0.0031,0.0473,0.017,0.1895,0.0656,0.0015,0.2844,1
9.0,-1.625,-2.0,1.0002,0.0079,0.0,0.0228,0.0,0.6823,0.0,0.0598,0.0044,0.0389,0.017,0.1515,0.0747,0.0053,0.3219,1
9.0,-1.625,-1.75,1.1634,0.0107,0.0,0.0228,0.0,0.9021,0.0,0.06,0.0055,0.0298,0.017,0.1179,0.0807,0.0086,0.3449,1
9.0,-1.625,-1.5,1.1506,0.0155,0.0011,0.0228,0.0,1.2052,0.0,0.0601,0.0062,0.0221,0.017,0.0914,0.0832,0.0097,0.3523,1
9.1,-1.625,-4.0,0.0,0.0,0.0,0.0078,0.0,0.0,0.0,0.021,0.0,0.0,0.006,0.0094,0.0,0.0,0.0012,1
9.1,-1.625,-3.75,0.0,0.0,0.0,0.0091,0.0,0.0,0.0,0.0242,0.0,0.0015,0.0069,0.0125,0.0,0.0,0.0026,1
9.1,-1.625,-3.5,0.0,0.0,0.0,0.01,0.0,0.0,0.0,0.0268,0.0,0.0025,0.0076,0.0184,0.0014,0.0,0.0059,1
9.1,-1.625,-3.25,0.0062,0.0,0.0,0.0107,0.0,0.0015,0.0,0.0284,0.0,0.0059,0.0081,0.0349,0.0041,0.0,0.0169,1
9.1,-1.625,-3.0,0.0468,0.0,0.0,0.0158,0.0,0.0179,0.0,0.0422,0.0,0.0173,0.0123,0.0855,0.0158,0.0,0.0628,1
9.1,-1.625,-2.75,0.0907,0.0,0.0,0.0207,0.0,0.0635,0.0,0.0548,0.0,0.0198,0.0157,0.0921,0.0275,0.0,0.1139,1
9.1,-1.625,-2.5,0.1173,0.0,0.0,0.0223,0.0,0.0574,0.0,0.059,0.0,0.0266,0.0168,0.114,0.0313,0.0,0.1303,1
9.1,-1.625,-2.25,0.3227,0.0,0.0,0.0224,0.0,0.1175,0.0,0.0592,0.0011,0.0354,0.0169,0.1352,0.0528,0.0,0.2077,1
9.1,-1.625,-2.0,0.6731,0.0011,0.0,0.0226,0.0,0.1801,0.0,0.0596,0.0024,0.0374,0.0169,0.1314,0.0752,0.0011,0.2817,1
9.1,-1.625,-1.75,0.0145,0.0012,0.0,0.0152,0.0,0.1563,0.0,0.0403,0.0,0.0013,0.0116,0.0066,0.0178,0.0,0.0836,1
9.1,-1.625,-1.5,0.0068,0.0013,0.0,0.0136,0.0,0.141,0.0,0.0359,0.0,0.0,0.0102,0.003,0.0146,0.0,0.069,1
6.9,-1.5,-4.0,0.3447,0.0107,0.0,0.0234,0.0,0.0103,0.0,0.0599,0.0,0.0169,0.0169,0.0997,0.0053,0.0077,0.0061,1
6.9,-1.5,-3.75,0.3951,0.0167,0.0,0.0229,0.0,0.0331,0.0,0.0586,0.0,0.0173,0.0165,0.0842,0.006,0.0095,0.0088,1
6.9,-1.5,-3.5,0.4158,0.0249,0.0014,0.0224,0.0,0.0933,0.0,0.0573,0.0014,0.0162,0.0161,0.0682,0.0068,0.0108,0.012,1
6.9,-1.5,-3.25,0.3796,0.0351,0.0036,0.0219,0.0,0.2115,0.0,0.0561,0.002,0.0133,0.0158,0.0527,0.0077,0.0105,0.0155,1
6.9,-1.5,-3.0,0.2988,0.0468,0.0072,0.0215,0.0,0.3746,0.0,0.055,0.0027,0.0097,0.0154,0.0392,0.0085,0.0087,0.0188,1
6.9,-1.5,-2.75,0.2134,0.0599,0.012,0.0211,0.0,0.5504,0.0,0.0542,0.0034,0.0066,0.0151,0.0284,0.0092,0.0056,0.0214,1
6.9,-1.5,-2.5,0.1469,0.0742,0.0179,0.0208,0.0,0.722,0.0,0.0534,0.004,0.0045,0.0149,0.0205,0.0095,0.004,0.023,1
6.9,-1.5,-2.25,0.1018,0.0896,0.0248,0.0205,0.0,0.8866,0.0,0.0528,0.0044,0.0031,0.0147,0.0147,0.0094,0.0014,0.0232,1
6.9,-1.5,-2.0,0.073,0.106,0.0328,0.0203,0.0,1.0456,0.0,0.0524,0.0046,0.0022,0.0145,0.011,0.0088,0.001,0.0222,1
6.9,-1.5,-1.75,0.0544,0.1228,0.0417,0.0201,0.0,1.1983,0.0,0.0521,0.0044,0.0016,0.0144,0.0084,0.0077,0.0,0.0201,1
6.9,-1.5,-1.5,0.0423,0.1395,0.0513,0.0199,0.001,1.3439,0.0,0.0517,0.0041,0.0013,0.0142,0.0068,0.0066,0.0,0.0174,1
7.0,-1.5,-4.0,0.4311,0.0084,0.0,0.0234,0.0,0.0128,0.0,0.0599,0.0,0.0212,0.0169,0.1251,0.0066,0.0095,0.0076,1
7.0,-1.5,-3.75,0.494,0.0131,0.0,0.0229,0.0,0.0412,0.0,0.0586,0.0012,0.0217,0.0165,0.1058,0.0075,0.0117,0.011,1
7.0,-1.5,-3.5,0.52,0.0196,0.0017,0.0224,0.0,0.1162,0.0,0.0573,0.0018,0.0204,0.0161,0.0855,0.0085,0.0134,0.0151,1
7.0,-1.5,-3.25,0.4749,0.0276,0.0044,0.0219,0.0,0.2633,0.0,0.0562,0.0025,0.0168,0.0158,0.0661,0.0096,0.013,0.0194,1
7.0,-1.5,-3.0,0.3741,0.0368,0.0089,0.0215,0.0,0.4665,0.0,0.0551,0.0034,0.0122,0.0155,0.0492,0.0106,0.0109,0.0235,1
7.0,-1.5,-2.75,0.2673,0.047,0.0148,0.0212,0.0,0.6849,0.0,0.0543,0.0042,0.0083,0.0152,0.0357,0.0115,0.0081,0.0268,1
7.0,-1.5,-2.5,0.184,0.0581,0.022,0.0209,0.0,0.8975,0.0,0.0535,0.005,0.0056,0.0149,0.0256,0.0119,0.0051,0.0288,1
7.0,-1.5,-2.25,0.1276,0.07,0.0303,0.0206,0.0,1.1001,0.0,0.053,0.0055,0.0038,0.0147,0.0186,0.0118,0.0017,0.0291,1
7.0,-1.5,-2.0,0.0913,0.0825,0.0398,0.0204,0.0,1.2941,0.0,0.0526,0.0056,0.0027,0.0146,0.0138,0.0109,0.0013,0.0277,1
7.0,-1.5,-1.75,0.0679,0.0952,0.0503,0.0202,0.0,1.4788,0.0,0.0523,0.0054,0.0021,0.0144,0.0107,0.0097,0.0,0.025,1
7.0,-1.5,-1.5,0.0527,0.1078,0.0615,0.02,0.0,1.6543,0.0,0.052,0.005,0.0016,0.0143,0.0084,0.0082,0.0,0.0217,1
7.1,-1.5,-4.0,0.5384,0.0105,0.0,0.0234,0.0,0.016,0.0,0.06,0.0,0.0266,0.0169,0.1569,0.0083,0.0117,0.0095,1
7.1,-1.5,-3.75,0.6173,0.0163,0.0,0.0229,0.0,0.0513,0.0,0.0587,0.0014,0.0272,0.0165,0.1327,0.0094,0.0146,0.0138,1
7.1,-1.5,-3.5,0.6497,0.0244,0.0021,0.0224,0.0,0.1446,0.0,0.0574,0.0022,0.0256,0.0162,0.1074,0.0107,0.0167,0.0189,1
7.1,-1.5,-3.25,0.5938,0.0344,0.0054,0.022,0.0,0.3277,0.0,0.0562,0.0031,0.021,0.0158,0.083,0.012,0.0164,0.0243,1
7.1,-1.5,-3.0,0.468,0.0458,0.0109,0.0216,0.0,0.5807,0.0,0.0552,0.0042,0.0153,0.0155,0.0618,0.0133,0.0137,0.0295,1
7.1,-1.5,-2.75,0.3348,0.0584,0.0182,0.0212,0.0,0.853,0.0,0.0544,0.0053,0.0105,0.0152,0.0448,0.0144,0.0102,0.0336,1
7.1,-1.5,-2.5,0.2306,0.0722,0.027,0.0209,0.0,1.1178,0.0,0.0537,0.0062,0.007,0.015,0.0322,0.0149,0.0073,0.036,1
7.1,-1.5,-2.25,0.1599,0.0871,0.0373,0.0206,0.0,1.3704,0.0,0.0531,0.0068,0.0048,0.0148,0.0233,0.0147,0.0045,0.0364,1
7.1,-1.5,-2.0,0.1144,0.1026,0.0491,0.0204,0.0,1.6129,0.0,0.0527,0.007,0.0035,0.0146,0.0173,0.0137,0.0016,0.0347,1
7.1,-1.5,-1.75,0.0852,0.1186,0.0622,0.0202,0.0,1.8455,0.0,0.0524,0.0068,0.0026,0.0145,0.0133,0.0121,0.0012,0.0314,1
7.1,-1.5,-1.5,0.0661,0.1347,0.0764,0.02,0.0,2.0687,0.0,0.0521,0.0062,0.002,0.0143,0.0107,0.0104,0.0,0.0272,1
7.2,-1.5,-4.0,0.67,0.0129,0.0,0.0234,0.0,0.0198,0.0,0.0599,0.0011,0.0332,0.0169,0.1964,0.0082,0.0145,0.0119,1
7.2,-1.5,-3.75,0.7682,0.0201,0.0,0.0229,0.0,0.0634,0.0,0.0587,0.0018,0.0341,0.0166,0.1661,0.0094,0.0181,0.0172,1
7.2,-1.5,-3.5,0.8087,0.0301,0.0025,0.0225,0.0,0.1787,0.0,0.0574,0.0027,0.032,0.0162,0.1345,0.0106,0.0206,0.0236,1
7.2,-1.5,-3.25,0.7396,0.0425,0.0066,0.022,0.0,0.4052,0.0,0.0563,0.0039,0.0264,0.0158,0.1039,0.0119,0.0201,0.0304,1
7.2,-1.5,-3.0,0.5835,0.0565,0.0133,0.0216,0.0,0.7178,0.0,0.0553,0.0052,0.0193,0.0155,0.0772,0.0132,0.0168,0.0368,1
7.2,-1.5,-2.75,0.4176,0.072,0.0221,0.0213,0.0,1.0536,0.0,0.0545,0.0065,0.0131,0.0152,0.056,0.0142,0.0127,0.0419,1
7.2,-1.5,-2.5,0.2877,0.0888,0.0326,0.021,0.0,1.3783,0.0,0.0539,0.0076,0.0088,0.015,0.0403,0.0148,0.0091,0.045,1
7.2,-1.5,-2.25,0.1995,0.1067,0.0448,0.0207,0.0,1.686,0.0,0.0534,0.0084,0.0061,0.0148,0.0291,0.0146,0.0056,0.0454,1
7.2,-1.5,-2.0,0.1426,0.1253,0.0586,0.0206,0.0,1.9788,0.0,0.053,0.0086,0.0043,0.0147,0.0216,0.0136,0.004,0.0432,1
7.2,-1.5,-1.75,0.1061,0.1442,0.0737,0.0204,0.0,2.2575,0.0,0.0527,0.0082,0.0032,0.0146,0.0166,0.012,0.0015,0.039,1
7.2,-1.5,-1.5,0.0821,0.1632,0.09,0.0202,0.0,2.5232,0.0,0.0524,0.0075,0.0025,0.0145,0.0133,0.0102,0.0011,0.0337,1
7.3,-1.5,-4.0,0.8306,0.0156,0.0,0.0234,0.0,0.0243,0.0,0.0599,0.0014,0.0414,0.0169,0.2449,0.0128,0.0179,0.0148,1
7.3,-1.5,-3.75,0.9517,0.0245,0.0,0.0229,0.0,0.0778,0.0,0.0587,0.0022,0.0425,0.0166,0.2073,0.0146,0.0223,0.0215,1
7.3,-1.5,-3.5,1.0023,0.0368,0.0031,0.0225,0.0,0.2192,0.0,0.0575,0.0033,0.0401,0.0162,0.1678,0.0166,0.0253,0.0294,1
7.3,-1.5,-3.25,0.918,0.0519,0.0079,0.022,0.0,0.497,0.0,0.0564,0.0048,0.0331,0.0159,0.1297,0.0187,0.0249,0.0379,1
7.3,-1.5,-3.0,0.725,0.0692,0.0159,0.0217,0.0,0.8808,0.0,0.0555,0.0063,0.0242,0.0156,0.0964,0.0206,0.0208,0.0458,1
7.3,-1.5,-2.75,0.5195,0.088,0.0264,0.0214,0.0,1.2921,0.0,0.0547,0.0079,0.0166,0.0153,0.0699,0.0223,0.0156,0.0522,1
7.3,-1.5,-2.5,0.3581,0.1082,0.0388,0.0211,0.0,1.687,0.0,0.0541,0.0093,0.0111,0.0151,0.0501,0.0231,0.0113,0.056,1
7.3,-1.5,-2.25,0.248,0.1295,0.0529,0.0209,0.0,2.0579,0.0,0.0537,0.0102,0.0076,0.0149,0.0363,0.0228,0.0081,0.0565,1
7.3,-1.5,-2.0,0.177,0.1514,0.0687,0.0207,0.0,2.4068,0.0,0.0534,0.0104,0.0054,0.0148,0.0268,0.0213,0.0051,0.0537,1
7.3,-1.5,-1.75,0.1315,0.1735,0.0857,0.0205,0.0,2.7368,0.0,0.0531,0.01,0.004,0.0147,0.0206,0.0188,0.0028,0.0483,1
7.3,-1.5,-1.5,0.1014,0.1955,0.104,0.0204,0.0,3.0488,0.0,0.0528,0.009,0.0031,0.0146,0.0165,0.016,0.0014,0.0417,1
7.4,-1.5,-4.0,1.0249,0.0188,0.0,0.0234,0.0,0.0296,0.001,0.0598,0.0017,0.0516,0.0169,0.305,0.0126,0.0218,0.0184,1
7.4,-1.5,-3.75,1.1742,0.0297,0.0011,0.0229,0.0,0.0949,0.0012,0.0587,0.0027,0.053,0.0166,0.2583,0.0144,0.0272,0.0267,1
7.4,-1.5,-3.5,1.2371,0.0446,0.0037,0.0225,0.0,0.2673,0.0012,0.0576,0.0041,0.05,0.0162,0.2091,0.0164,0.0309,0.0366,1
7.4,-1.5,-3.25,1.1341,0.0631,0.0094,0.0221,0.0,0.6061,0.0011,0.0566,0.0058,0.0415,0.0159,0.1615,0.0184,0.0303,0.0471,1
7.4,-1.5,-3.0,0.897,0.0841,0.0189,0.0217,0.0,1.0741,0.0,0.0557,0.0077,0.0304,0.0156,0.1201,0.0203,0.0254,0.0568,1
7.4,-1.5,-2.75,0.6434,0.1067,0.0312,0.0214,0.0,1.5739,0.0,0.055,0.0096,0.0208,0.0154,0.087,0.0219,0.0191,0.0647,1
7.4,-1.5,-2.5,0.4436,0.1308,0.0455,0.0212,0.0,2.0498,0.0,0.0544,0.0112,0.014,0.0152,0.0624,0.0227,0.0137,0.0693,1
7.4,-1.5,-2.25,0.307,0.1558,0.0616,0.021,0.0,2.4923,0.0,0.054,0.0122,0.0096,0.015,0.045,0.0224,0.0098,0.0699,1
7.4,-1.5,-2.0,0.2188,0.1812,0.0792,0.0209,0.0,2.9038,0.0,0.0537,0.0125,0.0068,0.0149,0.0333,0.0209,0.0062,0.0664,1
7.4,-1.5,-1.75,0.1621,0.2067,0.0982,0.0207,0.0,3.2897,0.0,0.0535,0.0119,0.005,0.0148,0.0256,0.0185,0.0046,0.0597,1
7.4,-1.5,-1.5,0.1249,0.2319,0.1184,0.0205,0.0,3.6539,0.0,0.0532,0.0108,0.0039,0.0147,0.0203,0.0158,0.0017,0.0513,1
7.5,-1.5,-4.0,1.2558,0.0225,0.0,0.0233,0.0,0.0359,0.0012,0.0597,0.002,0.0639,0.0169,0.3787,0.0196,0.0264,0.0228,1
7.5,-1.5,-3.75,1.4386,0.0356,0.0013,0.0229,0.0,0.1148,0.0014,0.0587,0.0033,0.0657,0.0166,0.3209,0.0225,0.0328,0.033,1
7.5,-1.5,-3.5,1.516,0.0537,0.0043,0.0225,0.0,0.3233,0.0015,0.0577,0.005,0.0622,0.0163,0.2599,0.0255,0.0373,0.0453,1
7.5,-1.5,-3.25,1.3909,0.0761,0.011,0.0222,0.0,0.7327,0.0013,0.0567,0.007,0.0517,0.016,0.2007,0.0286,0.0365,0.0582,1
7.5,-1.5,-3.0,1.1024,0.1012,0.022,0.0218,0.0,1.2976,0.001,0.0559,0.0093,0.038,0.0157,0.1491,0.0316,0.0306,0.0702,1
7.5,-1.5,-2.75,0.7917,0.1281,0.0361,0.0216,0.0,1.8985,0.0,0.0552,0.0115,0.026,0.0155,0.108,0.034,0.0231,0.0797,1
7.5,-1.5,-2.5,0.546,0.1562,0.0523,0.0213,0.0,2.4654,0.0,0.0547,0.0134,0.0175,0.0153,0.0774,0.0352,0.0165,0.0854,1
7.5,-1.5,-2.25,0.3778,0.1851,0.0702,0.0212,0.0,2.9857,0.0,0.0544,0.0146,0.0119,0.0152,0.0558,0.0347,0.0117,0.086,1
7.5,-1.5,-2.0,0.2688,0.2143,0.0896,0.021,0.0,3.4656,0.0,0.0541,0.0148,0.0085,0.015,0.0412,0.0324,0.0086,0.0816,1
7.5,-1.5,-1.75,0.1988,0.2433,0.1102,0.0209,0.0,3.9116,0.0,0.0539,0.014,0.0062,0.015,0.0315,0.0287,0.0055,0.0732,1
7.5,-1.5,-1.5,0.1528,0.2719,0.1321,0.0207,0.0,4.3322,0.0,0.0537,0.0127,0.0048,0.0149,0.025,0.0245,0.0044,0.0629,1
7.6,-1.5,-4.0,1.5301,0.0268,0.0,0.0233,0.0,0.0432,0.0015,0.0597,0.0025,0.0789,0.0169,0.469,0.0191,0.0317,0.0281,1
7.6,-1.5,-3.75,1.7523,0.0425,0.0015,0.023,0.0,0.138,0.0017,0.0588,0.004,0.0813,0.0166,0.3977,0.022,0.0395,0.0408,1
7.6,-1.5,-3.5,1.8451,0.0642,0.005,0.0226,0.0,0.3879,0.0018,0.0578,0.006,0.0771,0.0163,0.3223,0.025,0.0446,0.0558,1
7.6,-1.5,-3.25,1.6941,0.0908,0.0127,0.0222,0.0,0.8778,0.0016,0.0569,0.0084,0.0643,0.016,0.2488,0.028,0.0438,0.0716,1
7.6,-1.5,-3.0,1.3447,0.1205,0.0252,0.0219,0.0,1.5519,0.0013,0.0561,0.0111,0.0474,0.0158,0.1847,0.0308,0.0367,0.0861,1
7.6,-1.5,-2.75,0.9666,0.1519,0.0409,0.0217,0.0,2.2643,0.0,0.0555,0.0136,0.0325,0.0156,0.1336,0.033,0.0276,0.0976,1
7.6,-1.5,-2.5,0.6671,0.1843,0.0588,0.0215,0.0,2.931,0.0,0.0551,0.0157,0.0218,0.0154,0.0956,0.0342,0.0199,0.1044,1
7.6,-1.5,-2.25,0.4613,0.2171,0.0782,0.0213,0.0,3.5344,0.0,0.0547,0.017,0.0149,0.0153,0.0688,0.0337,0.0142,0.1051,1
7.6,-1.5,-2.0,0.3279,0.2499,0.0989,0.0212,0.0,4.0857,0.0,0.0545,0.0172,0.0105,0.0152,0.0508,0.0314,0.0103,0.0995,1
7.6,-1.5,-1.75,0.2421,0.2825,0.121,0.0211,0.0,4.598,0.0,0.0543,0.0163,0.0077,0.0151,0.0387,0.0278,0.0078,0.0892,1
7.6,-1.5,-1.5,0.1858,0.3147,0.1445,0.0209,0.0,5.0797,0.0,0.0541,0.0147,0.0059,0.015,0.0307,0.0238,0.0052,0.0765,1
7.7,-1.5,-4.0,1.8409,0.0315,0.0,0.0233,0.0,0.0515,0.0018,0.0597,0.0029,0.0968,0.0169,0.5769,0.0294,0.0373,0.0344,1
7.7,-1.5,-3.75,2.1051,0.05,0.0018,0.023,0.0,0.1636,0.0021,0.0589,0.0047,0.0998,0.0166,0.49,0.0338,0.0462,0.0499,1
7.7,-1.5,-3.5,2.2152,0.0755,0.0056,0.0226,0.0,0.4585,0.0021,0.058,0.0071,0.0949,0.0164,0.3972,0.0384,0.0524,0.0682,1
7.7,-1.5,-3.25,2.0364,0.1068,0.0142,0.0223,0.0,1.036,0.0019,0.0571,0.0099,0.0794,0.0161,0.3066,0.0429,0.0512,0.0874,1
7.7,-1.5,-3.0,1.6189,0.1412,0.0279,0.022,0.0,1.8271,0.0015,0.0564,0.0129,0.0587,0.0159,0.2274,0.0471,0.0431,0.1048,1
7.7,-1.5,-2.75,1.1662,0.177,0.045,0.0218,0.0,2.6572,0.0011,0.0558,0.0158,0.0403,0.0157,0.1643,0.0504,0.0323,0.1184,1
7.7,-1.5,-2.5,0.8059,0.2134,0.0641,0.0216,0.0,3.4275,0.0,0.0554,0.0182,0.0271,0.0155,0.1175,0.052,0.0232,0.1263,1
7.7,-1.5,-2.25,0.5574,0.2499,0.0845,0.0215,0.0,4.1169,0.0,0.0551,0.0196,0.0184,0.0154,0.0844,0.0512,0.0167,0.127,1
7.7,-1.5,-2.0,0.3959,0.2863,0.1061,0.0214,0.0,4.7412,0.0,0.0549,0.0197,0.013,0.0153,0.0622,0.0477,0.0122,0.1203,1
7.7,-1.5,-1.75,0.2921,0.3225,0.1293,0.0212,0.0,5.3226,0.0,0.0547,0.0187,0.0095,0.0152,0.0473,0.0424,0.0091,0.1078,1
7.7,-1.5,-1.5,0.2238,0.3586,0.1541,0.0211,0.0,5.876,0.0,0.0545,0.0169,0.0073,0.0152,0.0375,0.0362,0.0061,0.0924,1
7.8,-1.5,-4.0,2.1901,0.0365,0.0,0.0233,0.0,0.0611,0.0021,0.0597,0.0035,0.1179,0.0169,0.7053,0.0284,0.0431,0.0419,1
7.8,-1.5,-3.75,2.5011,0.058,0.0019,0.023,0.0,0.1916,0.0024,0.059,0.0055,0.1217,0.0167,0.6006,0.0326,0.0533,0.0606,1
7.8,-1.5,-3.5,2.6305,0.0877,0.0062,0.0227,0.0,0.535,0.0025,0.0581,0.0083,0.116,0.0164,0.4871,0.037,0.0603,0.0828,1
7.8,-1.5,-3.25,2.4165,0.1237,0.0155,0.0224,0.0,1.2043,0.0023,0.0574,0.0115,0.0974,0.0162,0.3758,0.0413,0.059,0.1058,1
7.8,-1.5,-3.0,1.9254,0.1628,0.0301,0.0221,0.0,2.117,0.0018,0.0567,0.0149,0.0722,0.0159,0.2784,0.0451,0.0495,0.1264,1
7.8,-1.5,-2.75,1.3896,0.2026,0.0479,0.0219,0.0,3.0656,0.0013,0.0562,0.018,0.0497,0.0158,0.2009,0.048,0.0374,0.1422,1
7.8,-1.5,-2.5,0.962,0.2425,0.0676,0.0218,0.0,3.9371,0.0,0.0558,0.0205,0.0333,0.0156,0.1434,0.0495,0.027,0.1512,1
7.8,-1.5,-2.25,0.666,0.2824,0.0885,0.0216,0.0,4.7153,0.0,0.0555,0.022,0.0226,0.0155,0.103,0.0486,0.0193,0.1518,1
7.8,-1.5,-2.0,0.4732,0.3221,0.1107,0.0215,0.0,5.417,0.0,0.0553,0.0221,0.0159,0.0154,0.0757,0.0454,0.0142,0.1438,1
7.8,-1.5,-1.75,0.349,0.3618,0.1343,0.0214,0.0,6.0686,0.0,0.0551,0.021,0.0116,0.0154,0.0576,0.0403,0.0106,0.1291,1
7.8,-1.5,-1.5,0.2675,0.4021,0.16,0.0213,0.0,6.6971,0.0,0.055,0.019,0.0089,0.0153,0.0455,0.0346,0.0083,0.1108,1
7.9,-1.5,-4.0,2.5413,0.0413,0.0,0.0233,0.0,0.0701,0.0024,0.0598,0.004,0.1417,0.0169,0.8525,0.0428,0.0482,0.0503,1
7.9,-1.5,-3.75,2.8999,0.0657,0.0021,0.0231,0.0,0.2189,0.0028,0.0591,0.0063,0.1463,0.0167,0.7278,0.0493,0.0595,0.0726,1
7.9,-1.5,-3.5,3.0495,0.0993,0.0065,0.0228,0.0,0.6088,0.0029,0.0584,0.0094,0.1399,0.0165,0.591,0.0558,0.0672,0.0991,1
7.9,-1.5,-3.25,2.8056,0.1396,0.0161,0.0225,0.0,1.3653,0.0026,0.0576,0.013,0.118,0.0162,0.4561,0.062,0.0656,0.1262,1
7.9,-1.5,-3.0,2.2406,0.1826,0.0309,0.0223,0.0,2.3912,0.0021,0.057,0.0166,0.0879,0.016,0.3376,0.0674,0.0554,0.1502,1
7.9,-1.5,-2.75,1.6248,0.2259,0.0488,0.0221,0.0,3.4526,0.0015,0.0565,0.0199,0.0606,0.0159,0.2433,0.0715,0.0421,0.1684,1
7.9,-1.5,-2.5,1.1287,0.2686,0.0683,0.0219,0.0,4.4187,0.0011,0.0561,0.0225,0.0407,0.0158,0.1734,0.0734,0.0304,0.1785,1
7.9,-1.5,-2.25,0.7833,0.3112,0.0889,0.0218,0.0,5.2779,0.0,0.0559,0.024,0.0276,0.0157,0.1245,0.0722,0.0219,0.1789,1
7.9,-1.5,-2.0,0.5574,0.3538,0.111,0.0217,0.0,6.0576,0.0,0.0557,0.0242,0.0194,0.0156,0.0913,0.0675,0.0159,0.1695,1
7.9,-1.5,-1.75,0.4114,0.3971,0.1347,0.0216,0.0,6.7892,0.0,0.0555,0.0231,0.0141,0.0155,0.0694,0.0602,0.0121,0.1524,1
7.9,-1.5,-1.5,0.3156,0.4417,0.1609,0.0215,0.0,7.4991,0.0,0.0554,0.021,0.0108,0.0155,0.0548,0.0517,0.0095,0.1312,1
8.0,-1.5,-4.0,2.8826,0.0456,0.0,0.0233,0.0,0.0787,0.0027,0.0599,0.0044,0.168,0.017,1.0187,0.0403,0.0522,0.0595,1
8.0,-1.5,-3.75,3.2984,0.0728,0.0021,0.0231,0.0,0.2453,0.0031,0.0593,0.007,0.174,0.0168,0.8731,0.0464,0.0646,0.086,1
8.0,-1.5,-3.5,3.4688,0.1101,0.0065,0.0229,0.0,0.6787,0.0032,0.0586,0.0104,0.1668,0.0166,0.7103,0.0525,0.0727,0.1173,1
8.0,-1.5,-3.25,3.1899,0.1539,0.016,0.0226,0.0,1.5114,0.003,0.0579,0.0142,0.1412,0.0163,0.5481,0.058,0.071,0.1487,1
8.0,-1.5,-3.0,2.5569,0.2,0.0303,0.0224,0.0,2.6353,0.0024,0.0573,0.018,0.1058,0.0162,0.4054,0.0627,0.0601,0.1762,1
8.0,-1.5,-2.75,1.8643,0.2455,0.0475,0.0222,0.0,3.7953,0.0018,0.0568,0.0214,0.0732,0.016,0.2919,0.0662,0.046,0.1967,1
8.0,-1.5,-2.5,1.3026,0.2904,0.0663,0.022,0.0,4.8518,0.0012,0.0565,0.0241,0.0493,0.0159,0.2081,0.0678,0.0336,0.208,1
8.0,-1.5,-2.25,0.9074,0.335,0.0861,0.0219,0.0,5.7868,0.0,0.0562,0.0257,0.0334,0.0158,0.1492,0.0667,0.0243,0.2082,1
8.0,-1.5,-2.0,0.6476,0.3804,0.1075,0.0218,0.0,6.643,0.0,0.0561,0.0259,0.0234,0.0157,0.1094,0.0625,0.0179,0.1974,1
8.0,-1.5,-1.75,0.4789,0.427,0.1309,0.0218,0.0,7.4561,0.0,0.0559,0.0248,0.0171,0.0157,0.083,0.056,0.0137,0.1778,1
8.0,-1.5,-1.5,0.368,0.4759,0.157,0.0216,0.0,8.2576,0.0,0.0558,0.0227,0.013,0.0156,0.0657,0.0483,0.0107,0.1536,1
8.1,-1.5,-4.0,3.1205,0.048,0.0,0.0234,0.0,0.0845,0.0029,0.06,0.0046,0.1938,0.017,1.1882,0.0585,0.0526,0.0685,1
8.1,-1.5,-3.75,3.5878,0.0771,0.002,0.0232,0.0,0.2633,0.0033,0.0595,0.0074,0.2016,0.0168,1.0247,0.0676,0.0656,0.0993,1
8.1,-1.5,-3.5,3.789,0.1169,0.0061,0.0229,0.0,0.7268,0.0035,0.0588,0.011,0.1944,0.0166,0.8376,0.0765,0.0745,0.1355,1
8.1,-1.5,-3.25,3.5033,0.1634,0.0148,0.0227,0.0,1.614,0.0032,0.0582,0.015,0.1658,0.0164,0.6477,0.0843,0.0732,0.1716,1
8.1,-1.5,-3.0,2.8272,0.2111,0.0279,0.0225,0.0,2.805,0.0026,0.0576,0.0188,0.125,0.0163,0.4793,0.0906,0.0624,0.2026,1
8.1,-1.5,-2.75,2.0808,0.2578,0.0436,0.0223,0.0,4.0383,0.0019,0.0572,0.0222,0.0871,0.0161,0.3452,0.0952,0.0484,0.2254,1
8.1,-1.5,-2.5,1.4662,0.3037,0.0608,0.0222,0.0,5.1658,0.0014,0.0568,0.0249,0.0588,0.016,0.2461,0.0973,0.0358,0.238,1
8.1,-1.5,-2.25,1.0283,0.3496,0.0793,0.0221,0.0,6.1715,0.0,0.0566,0.0265,0.04,0.0159,0.1766,0.0959,0.0263,0.2383,1
8.1,-1.5,-2.0,0.7373,0.3968,0.0993,0.022,0.0,7.0983,0.0,0.0564,0.0268,0.028,0.0159,0.1296,0.0902,0.0195,0.2263,1
8.1,-1.5,-1.75,0.5474,0.4466,0.1217,0.0219,0.0,7.9926,0.0,0.0563,0.0258,0.0204,0.0158,0.0984,0.0813,0.015,0.2045,1
8.1,-1.5,-1.5,0.422,0.4996,0.147,0.0218,0.0,8.8875,0.0,0.0562,0.0238,0.0155,0.0157,0.0778,0.0706,0.0117,0.1773,1
8.2,-1.5,-4.0,3.2188,0.0471,0.0,0.0233,0.0,0.0856,0.0028,0.0598,0.0046,0.2169,0.017,1.3499,0.0519,0.0496,0.0765,1
8.2,-1.5,-3.75,3.749,0.0769,0.0017,0.0232,0.0,0.2689,0.0033,0.0595,0.0075,0.2279,0.0169,1.1773,0.0604,0.0631,0.1117,1
8.2,-1.5,-3.5,3.9942,0.1178,0.0053,0.023,0.0,0.7441,0.0036,0.059,0.0112,0.2216,0.0167,0.9693,0.0686,0.0723,0.153,1
8.2,-1.5,-3.25,3.7219,0.165,0.0128,0.0228,0.0,1.6503,0.0033,0.0584,0.0151,0.1907,0.0165,0.7522,0.0754,0.0718,0.1937,1
8.2,-1.5,-3.0,3.0352,0.2129,0.0239,0.0226,0.0,2.8678,0.0027,0.0579,0.0188,0.1452,0.0164,0.5573,0.0807,0.062,0.228,1
8.2,-1.5,-2.75,2.2615,0.2595,0.0374,0.0224,0.0,4.1359,0.0021,0.0575,0.0221,0.102,0.0162,0.4017,0.0845,0.049,0.2533,1
8.2,-1.5,-2.5,1.6115,0.3051,0.0524,0.0223,0.0,5.306,0.0015,0.0572,0.0247,0.0693,0.0161,0.2867,0.0863,0.0369,0.2674,1
8.2,-1.5,-2.25,1.1405,0.3512,0.0687,0.0222,0.0,6.3621,0.0011,0.057,0.0264,0.0472,0.0161,0.206,0.0853,0.0274,0.2684,1
8.2,-1.5,-2.0,0.8234,0.3993,0.0866,0.0221,0.0,7.3443,0.0,0.0568,0.0269,0.0331,0.016,0.1513,0.0807,0.0206,0.256,1
8.2,-1.5,-1.75,0.6143,0.4508,0.107,0.0221,0.0,8.3081,0.0,0.0567,0.0261,0.0241,0.0159,0.1151,0.0733,0.0159,0.2325,1
8.2,-1.5,-1.5,0.4755,0.5066,0.1304,0.022,0.0,9.2847,0.0,0.0566,0.0244,0.0183,0.0159,0.0911,0.0641,0.0127,0.2027,1
8.3,-1.5,-4.0,2.9625,0.0398,0.0,0.023,0.0,0.0767,0.0025,0.0593,0.004,0.2265,0.0168,1.4416,0.0678,0.0396,0.0795,1
8.3,-1.5,-3.75,3.5544,0.0674,0.0012,0.0231,0.0,0.2461,0.003,0.0593,0.0067,0.2427,0.0168,1.2853,0.0805,0.0526,0.1182,1
8.3,-1.5,-3.5,3.8832,0.1062,0.0039,0.0229,0.0,0.6933,0.0033,0.059,0.0102,0.2406,0.0167,1.0759,0.0925,0.0624,0.1642,1
8.3,-1.5,-3.25,3.7023,0.1519,0.0096,0.0228,0.0,1.5592,0.0032,0.0586,0.014,0.211,0.0166,0.8436,0.1024,0.064,0.2096,1
8.3,-1.5,-3.0,3.0828,0.1983,0.0182,0.0226,0.0,2.7367,0.0027,0.0582,0.0175,0.1633,0.0165,0.6282,0.1095,0.0569,0.2475,1
8.3,-1.5,-2.75,2.3406,0.2429,0.0287,0.0225,0.0,3.9802,0.0021,0.0578,0.0205,0.1162,0.0164,0.4541,0.1145,0.0461,0.2754,1
8.3,-1.5,-2.5,1.6977,0.2869,0.0406,0.0224,0.0,5.1472,0.0016,0.0576,0.023,0.0796,0.0163,0.3249,0.1172,0.0357,0.2917,1
8.3,-1.5,-2.25,1.2179,0.3315,0.0539,0.0223,0.0,6.2144,0.0011,0.0574,0.0248,0.0546,0.0162,0.2339,0.1164,0.027,0.2945,1
8.3,-1.5,-2.0,0.8881,0.3787,0.0688,0.0223,0.0,7.2222,0.0,0.0573,0.0255,0.0383,0.0161,0.1722,0.1113,0.0208,0.283,1
8.3,-1.5,-1.75,0.6679,0.4297,0.0859,0.0222,0.0,8.2159,0.0,0.0572,0.0252,0.028,0.0161,0.1312,0.1021,0.0163,0.2593,1
8.3,-1.5,-1.5,0.5202,0.4866,0.1063,0.0221,0.0,9.2524,0.0,0.057,0.0239,0.0213,0.016,0.104,0.0904,0.013,0.2283,1
8.4,-1.5,-4.0,2.5214,0.0311,0.0,0.0227,0.0,0.0644,0.002,0.0587,0.0032,0.2255,0.0167,1.471,0.0534,0.0284,0.0794,1
8.4,-1.5,-3.75,3.1682,0.0554,0.0,0.0229,0.0,0.214,0.0025,0.059,0.0056,0.249,0.0168,1.3542,0.0652,0.0402,0.1212,1
8.4,-1.5,-3.5,3.5923,0.091,0.0027,0.0229,0.0,0.6194,0.0029,0.0589,0.0089,0.2532,0.0167,1.1607,0.0765,0.0504,0.172,1
8.4,-1.5,-3.25,3.5199,0.1336,0.0067,0.0228,0.0,1.4168,0.0029,0.0587,0.0124,0.2269,0.0166,0.9228,0.0855,0.0535,0.2221,1
8.4,-1.5,-3.0,3.0067,0.177,0.0129,0.0227,0.0,2.5167,0.0025,0.0584,0.0156,0.179,0.0166,0.6929,0.0917,0.0493,0.2636,1
8.4,-1.5,-2.75,2.3369,0.2189,0.0206,0.0226,0.0,3.7004,0.002,0.0582,0.0184,0.1293,0.0165,0.5033,0.0959,0.0414,0.294,1
8.4,-1.5,-2.5,1.7294,0.2603,0.0297,0.0225,0.0,4.8338,0.0015,0.058,0.0207,0.0897,0.0164,0.3613,0.0983,0.0328,0.3127,1
8.4,-1.5,-2.25,1.2597,0.3021,0.0399,0.0225,0.0,5.8845,0.0011,0.0578,0.0224,0.0619,0.0163,0.261,0.0982,0.0255,0.3174,1
8.4,-1.5,-2.0,0.9304,0.347,0.0517,0.0224,0.0,6.8914,0.0,0.0577,0.0234,0.0437,0.0163,0.1926,0.0947,0.02,0.3073,1
8.4,-1.5,-1.75,0.7067,0.3959,0.0655,0.0223,0.0,7.8954,0.0,0.0576,0.0234,0.032,0.0163,0.1472,0.0878,0.0159,0.284,1
8.4,-1.5,-1.5,0.5546,0.4516,0.0821,0.0223,0.0,8.9572,0.0,0.0575,0.0226,0.0244,0.0162,0.117,0.0787,0.013,0.2524,1
8.5,-1.5,-4.0,1.7366,0.0168,0.0,0.0223,0.0,0.04,0.0012,0.0578,0.002,0.1971,0.0164,1.3163,0.0586,0.015,0.0715,1
8.5,-1.5,-3.75,2.375,0.0333,0.0,0.0226,0.0,0.1425,0.0017,0.0586,0.0039,0.2293,0.0167,1.2775,0.0754,0.0239,0.114,1
8.5,-1.5,-3.5,2.932,0.0606,0.0013,0.0228,0.0,0.4465,0.0022,0.0588,0.0067,0.246,0.0167,1.1463,0.0927,0.0336,0.1689,1
8.5,-1.5,-3.25,3.0824,0.0964,0.0037,0.0228,0.0,1.0929,0.0023,0.0587,0.0099,0.2303,0.0167,0.9389,0.1067,0.0391,0.2248,1
8.5,-1.5,-3.0,2.7812,0.1352,0.0075,0.0227,0.0,2.0388,0.0021,0.0586,0.0128,0.1877,0.0166,0.7165,0.1161,0.0387,0.271,1
8.5,-1.5,-2.75,2.2515,0.1734,0.0125,0.0227,0.0,3.0993,0.0018,0.0585,0.0152,0.1387,0.0166,0.5243,0.1221,0.0342,0.3046,1
8.5,-1.5,-2.5,1.7163,0.2113,0.0186,0.0226,0.0,4.1499,0.0014,0.0584,0.0173,0.0976,0.0165,0.3781,0.126,0.0283,0.3266,1
8.5,-1.5,-2.25,1.2777,0.2502,0.0257,0.0226,0.0,5.1548,0.0011,0.0583,0.019,0.0679,0.0165,0.2741,0.1276,0.0228,0.3362,1
8.5,-1.5,-2.0,0.9568,0.2917,0.0341,0.0225,0.0,6.1273,0.0,0.0582,0.0203,0.0481,0.0165,0.203,0.1256,0.0182,0.3316,1
8.5,-1.5,-1.75,0.7337,0.3371,0.0441,0.0225,0.0,7.1067,0.0,0.0581,0.0208,0.0353,0.0164,0.1555,0.1194,0.0149,0.3129,1
8.5,-1.5,-1.5,0.5792,0.3886,0.0563,0.0224,0.0,8.1447,0.0,0.058,0.0207,0.0269,0.0164,0.1241,0.1097,0.0123,0.2838,1
8.6,-1.5,-4.0,1.0238,0.006,0.0,0.0217,0.0,0.0182,0.0,0.0566,0.0011,0.1568,0.0161,1.0637,0.0372,0.0055,0.0606,1
8.6,-1.5,-3.75,1.5472,0.0137,0.0,0.0223,0.0,0.0705,0.0,0.058,0.0024,0.1935,0.0165,1.094,0.0508,0.0115,0.1011,1
8.6,-1.5,-3.5,2.1755,0.0293,0.0,0.0226,0.0,0.2516,0.0014,0.0585,0.0046,0.224,0.0167,1.0477,0.0669,0.0193,0.1594,1
8.6,-1.5,-3.25,2.5983,0.0545,0.0016,0.0227,0.0,0.7034,0.0017,0.0587,0.0076,0.2252,0.0167,0.9033,0.0816,0.0265,0.2241,1
8.6,-1.5,-3.0,2.5581,0.0849,0.0038,0.0227,0.0,1.4453,0.0017,0.0588,0.0102,0.1914,0.0167,0.7044,0.0912,0.0291,0.2771,1
8.6,-1.5,-2.75,2.2048,0.1173,0.0066,0.0227,0.0,2.3394,0.0014,0.0588,0.0123,0.1451,0.0167,0.5197,0.0968,0.0277,0.3144,1
8.6,-1.5,-2.5,1.7541,0.1507,0.0103,0.0227,0.0,3.2703,0.0012,0.0588,0.0141,0.1035,0.0167,0.3749,0.1005,0.0242,0.3395,1
8.6,-1.5,-2.25,1.3411,0.1859,0.0147,0.0227,0.0,4.1932,0.0,0.0587,0.0156,0.0724,0.0167,0.2715,0.1031,0.0201,0.3547,1
8.6,-1.5,-2.0,1.0185,0.2238,0.0201,0.0227,0.0,5.1095,0.0,0.0587,0.017,0.0512,0.0166,0.201,0.1044,0.0164,0.3591,1
8.6,-1.5,-1.75,0.7845,0.2647,0.0266,0.0226,0.0,6.0306,0.0,0.0586,0.0181,0.0374,0.0166,0.1539,0.1031,0.0137,0.3505,1
8.6,-1.5,-1.5,0.6203,0.3109,0.0348,0.0226,0.0,7.0095,0.0,0.0586,0.0187,0.0284,0.0166,0.1228,0.0989,0.0115,0.3298,1
8.7,-1.5,-4.0,0.4568,0.0017,0.0,0.0213,0.0,0.0067,0.0,0.0559,0.0,0.1064,0.016,0.7455,0.0325,0.0,0.0454,1
8.7,-1.5,-3.75,0.7534,0.0042,0.0,0.0221,0.0,0.0274,0.0,0.0578,0.001,0.1379,0.0165,0.8098,0.0466,0.0015,0.0778,1
8.7,-1.5,-3.5,1.244,0.0109,0.0,0.0225,0.0,0.116,0.0,0.0586,0.0024,0.1753,0.0167,0.8438,0.067,0.0078,0.1329,1
8.7,-1.5,-3.25,1.8044,0.0251,0.0,0.0227,0.0,0.3963,0.001,0.0589,0.0048,0.1966,0.0168,0.795,0.0905,0.0137,0.2058,1
8.7,-1.5,-3.0,2.0659,0.046,0.0016,0.0227,0.0,0.9393,0.0011,0.059,0.0074,0.1807,0.0168,0.6574,0.1081,0.0181,0.2709,1
8.7,-1.5,-2.75,1.9517,0.0697,0.0031,0.0228,0.0,1.6428,0.0011,0.0591,0.0093,0.1423,0.0168,0.4958,0.1174,0.0194,0.3144,1
8.7,-1.5,-2.5,1.659,0.0958,0.0051,0.0228,0.0,2.4128,0.0,0.0592,0.0108,0.1036,0.0168,0.3608,0.1228,0.0185,0.3424,1
8.7,-1.5,-2.25,1.3294,0.1249,0.0077,0.0228,0.0,3.2118,0.0,0.0592,0.0122,0.0732,0.0168,0.2618,0.1271,0.0164,0.3612,1
8.7,-1.5,-2.0,1.0382,0.1575,0.0109,0.0228,0.0,4.0347,0.0,0.0592,0.0134,0.0519,0.0168,0.1938,0.1309,0.0139,0.3723,1
8.7,-1.5,-1.75,0.8138,0.194,0.0149,0.0228,0.0,4.8894,0.0,0.0592,0.0147,0.0378,0.0168,0.1484,0.1333,0.0117,0.3737,1
8.7,-1.5,-1.5,0.6468,0.2347,0.0201,0.0227,0.0,5.7974,0.0,0.0591,0.0157,0.0286,0.0167,0.1183,0.1329,0.01,0.3633,1
8.8,-1.5,-4.0,0.185,0.0,0.0,0.021,0.0,0.0024,0.0,0.0555,0.0,0.0685,0.0159,0.4953,0.0172,0.0,0.0329,1
8.8,-1.5,-3.75,0.3275,0.0012,0.0,0.0219,0.0,0.0098,0.0,0.0577,0.0,0.092,0.0165,0.5646,0.0255,0.0,0.0573,1
8.8,-1.5,-3.5,0.6022,0.0035,0.0,0.0225,0.0,0.0462,0.0,0.0589,0.0011,0.1246,0.0168,0.6277,0.0389,0.001,0.1029,1
8.8,-1.5,-3.25,1.0744,0.01,0.0,0.0227,0.0,0.1995,0.0,0.0593,0.0026,0.1572,0.0169,0.6543,0.0587,0.0049,0.1772,1
8.8,-1.5,-3.0,1.5073,0.0224,0.0,0.0228,0.0,0.5697,0.0,0.0593,0.0049,0.161,0.0169,0.5914,0.0776,0.0099,0.2557,1
8.8,-1.5,-2.75,1.6233,0.038,0.0014,0.0228,0.0,1.1014,0.0,0.0594,0.0068,0.1344,0.0169,0.4659,0.0883,0.0126,0.3097,1
8.8,-1.5,-2.5,1.5045,0.0557,0.0024,0.0229,0.0,1.7009,0.0,0.0595,0.0082,0.1008,0.0169,0.3443,0.0935,0.0135,0.3414,1
8.8,-1.5,-2.25,1.2845,0.0765,0.0038,0.0229,0.0,2.3477,0.0,0.0596,0.0093,0.0721,0.0169,0.2508,0.097,0.0129,0.3618,1
8.8,-1.5,-2.0,1.0498,0.1018,0.0056,0.0229,0.0,3.0472,0.0,0.0597,0.0104,0.0513,0.0169,0.1856,0.1007,0.0117,0.3767,1
8.8,-1.5,-1.75,0.8443,0.132,0.008,0.0229,0.0,3.8048,0.0,0.0597,0.0115,0.0373,0.0169,0.1419,0.1045,0.0102,0.3856,1
8.8,-1.5,-1.5,0.6817,0.1674,0.0111,0.0229,0.0,4.6359,0.0,0.0596,0.0126,0.0281,0.0169,0.113,0.1075,0.0089,0.3859,1
8.9,-1.5,-4.0,0.0466,0.0,0.0,0.018,0.0,0.0012,0.0,0.048,0.0,0.0312,0.0139,0.1908,0.0104,0.0,0.0215,1
8.9,-1.5,-3.75,0.0648,0.0,0.0,0.0199,0.0,0.0043,0.0,0.0528,0.0,0.0362,0.0152,0.1878,0.0142,0.0,0.0355,1
8.9,-1.5,-3.5,0.1525,0.0,0.0,0.022,0.0,0.0095,0.0,0.0582,0.0,0.0606,0.0166,0.3321,0.0239,0.0,0.0558,1
8.9,-1.5,-3.25,0.3399,0.0017,0.0,0.0224,0.0,0.0544,0.0,0.0591,0.0,0.0881,0.0169,0.3942,0.0414,0.0,0.1098,1
8.9,-1.5,-3.0,0.6613,0.0055,0.0,0.0227,0.0,0.218,0.0,0.0594,0.0019,0.11,0.0169,0.4207,0.0662,0.001,0.1896,1
8.9,-1.5,-2.75,0.9431,0.0119,0.0,0.0228,0.0,0.5226,0.0,0.0595,0.0034,0.1076,0.017,0.3754,0.0867,0.004,0.26,1
8.9,-1.5,-2.5,1.0626,0.0196,0.0,0.0228,0.0,0.8948,0.0,0.0597,0.0047,0.0885,0.017,0.2952,0.0979,0.0057,0.3033,1
8.9,-1.5,-2.25,1.0499,0.0288,0.0012,0.0229,0.0,1.3066,0.0,0.0599,0.0058,0.0668,0.017,0.2208,0.104,0.0078,0.3286,1
8.9,-1.5,-2.0,0.9601,0.0412,0.002,0.0229,0.0,1.7741,0.0,0.06,0.0066,0.0487,0.017,0.1645,0.1089,0.0081,0.3462,1
8.9,-1.5,-1.75,0.8339,0.0586,0.003,0.0229,0.0,2.3205,0.0,0.06,0.0075,0.0356,0.017,0.1255,0.1146,0.0078,0.3608,1
8.9,-1.5,-1.5,0.7023,0.0827,0.0044,0.0229,0.0,2.9601,0.0,0.06,0.0084,0.0267,0.017,0.0995,0.1209,0.0073,0.3713,1
9.0,-1.5,-4.0,0.0048,0.0,0.0,0.0097,0.0,0.0,0.0,0.0259,0.0,0.0075,0.0074,0.0502,0.0019,0.0,0.0057,1
9.0,-1.5,-3.75,0.0088,0.0,0.0,0.0108,0.0,0.0,0.0,0.0286,0.0,0.0104,0.0082,0.0595,0.0031,0.0,0.0109,1
9.0,-1.5,-3.5,0.0232,0.0,0.0,0.0115,0.0,0.0028,0.0,0.0305,0.0,0.017,0.0087,0.0802,0.006,0.0,0.0236,1
9.0,-1.5,-3.25,0.0836,0.0,0.0,0.0202,0.0,0.0207,0.0,0.0536,0.0,0.0372,0.0154,0.1467,0.0163,0.0,0.0705,1
9.0,-1.5,-3.0,0.1321,0.0,0.0,0.022,0.0,0.0377,0.0,0.0583,0.0,0.049,0.0166,0.2023,0.0217,0.0,0.092,1
9.0,-1.5,-2.75,0.291,0.0015,0.0,0.0224,0.0,0.1322,0.0,0.059,0.0,0.0641,0.0168,0.2293,0.0374,0.0,0.1624,1
9.0,-1.5,-2.5,0.5087,0.0033,0.0,0.0226,0.0,0.2877,0.0,0.0594,0.0018,0.0683,0.0169,0.22,0.0527,0.0,0.2296,1
9.0,-1.5,-2.25,0.7505,0.0054,0.0,0.0227,0.0,0.4735,0.0,0.0597,0.003,0.0624,0.017,0.1874,0.0648,0.0014,0.2813,1
9.0,-1.5,-2.0,0.9849,0.0077,0.0,0.0228,0.0,0.667,0.0,0.0599,0.0043,0.0514,0.017,0.15,0.0739,0.0052,0.3189,1
9.0,-1.5,-1.75,1.153,0.0104,0.0,0.0228,0.0,0.8825,0.0,0.06,0.0055,0.0395,0.017,0.117,0.0799,0.0086,0.3422,1
9.0,-1.5,-1.5,1.1506,0.0151,0.001,0.0228,0.0,1.1797,0.0,0.0601,0.0061,0.0293,0.017,0.0909,0.0826,0.0095,0.3504,1
9.1,-1.5,-4.0,0.0,0.0,0.0,0.0078,0.0,0.0,0.0,0.021,0.0,0.0013,0.006,0.0092,0.0,0.0,0.0012,1
9.1,-1.5,-3.75,0.0,0.0,0.0,0.0091,0.0,0.0,0.0,0.0242,0.0,0.0019,0.0069,0.0124,0.0,0.0,0.0025,1
9.1,-1.5,-3.5,0.0,0.0,0.0,0.01,0.0,0.0,0.0,0.0268,0.0,0.0034,0.0076,0.0182,0.0014,0.0,0.0058,1
9.1,-1.5,-3.25,0.0061,0.0,0.0,0.0107,0.0,0.0014,0.0,0.0284,0.0,0.0078,0.0081,0.0344,0.004,0.0,0.0167,1
9.1,-1.5,-3.0,0.045,0.0,0.0,0.0159,0.0,0.0173,0.0,0.0423,0.0,0.0226,0.0123,0.0838,0.0154,0.0,0.0617,1
9.1,-1.5,-2.75,0.0854,0.0,0.0,0.0207,0.0,0.0604,0.0,0.0549,0.0,0.0256,0.0158,0.0892,0.0266,0.0,0.1108,1
9.1,-1.5,-2.5,0.112,0.0,0.0,0.0223,0.0,0.0552,0.0,0.0591,0.0,0.0345,0.0168,0.1106,0.0305,0.0,0.1278,1
9.1,-1.5,-2.25,0.309,0.0,0.0,0.0224,0.0,0.1124,0.0,0.0593,0.001,0.0463,0.0169,0.1326,0.0515,0.0,0.2034,1
9.1,-1.5,-2.0,0.6555,0.001,0.0,0.0226,0.0,0.1722,0.0,0.0596,0.0023,0.0492,0.0169,0.1294,0.0739,0.001,0.2775,1
9.1,-1.5,-1.75,0.0128,0.0011,0.0,0.0139,0.0,0.1403,0.0,0.0368,0.0,0.0015,0.0106,0.0059,0.016,0.0,0.0756,1
9.1,-1.5,-1.5,0.0064,0.0012,0.0,0.0136,0.0,0.1341,0.0,0.036,0.0,0.0,0.0102,0.0029,0.0141,0.0,0.0671,1
6.9,-1.375,-4.0,0.3447,0.0107,0.0,0.0234,0.0,0.0103,0.0,0.0599,0.0,0.0225,0.0169,0.0997,0.0053,0.0077,0.0061,1
6.9,-1.375,-3.75,0.3951,0.0167,0.0,0.0229,0.0,0.0331,0.0,0.0586,0.0,0.0231,0.0165,0.0842,0.006,0.0095,0.0088,1
6.9,-1.375,-3.5,0.4157,0.0249,0.0014,0.0224,0.0,0.0933,0.0,0.0573,0.0014,0.0217,0.0161,0.0682,0.0068,0.0108,0.012,1
6.9,-1.375,-3.25,0.3795,0.0351,0.0036,0.0219,0.0,0.2114,0.0,0.0561,0.002,0.0178,0.0158,0.0527,0.0077,0.0105,0.0155,1
6.9,-1.375,-3.0,0.2987,0.0468,0.0072,0.0215,0.0,0.3746,0.0,0.055,0.0027,0.0129,0.0154,0.0392,0.0085,0.0087,0.0188,1
6.9,-1.375,-2.75,0.2134,0.0599,0.012,0.0211,0.0,0.5504,0.0,0.0542,0.0034,0.0088,0.0151,0.0284,0.0092,0.0056,0.0214,1
6.9,-1.375,-2.5,0.1469,0.0742,0.0179,0.0208,0.0,0.722,0.0,0.0534,0.004,0.0059,0.0149,0.0205,0.0095,0.004,0.023,1
6.9,-1.375,-2.25,0.1018,0.0896,0.0248,0.0205,0.0,0.8865,0.0,0.0529,0.0044,0.0041,0.0147,0.0147,0.0094,0.0014,0.0232,1
6.9,-1.375,-2.0,0.073,0.106,0.0328,0.0203,0.0,1.0455,0.0,0.0524,0.0046,0.0029,0.0145,0.011,0.0088,0.001,0.0222,1
6.9,-1.375,-1.75,0.0544,0.1228,0.0417,0.0201,0.0,1.1981,0.0,0.0521,0.0044,0.0022,0.0144,0.0084,0.0077,0.0,0.0201,1
6.9,-1.375,-1.5,0.0423,0.1395,0.0513,0.0199,0.001,1.3437,0.0,0.0517,0.0041,0.0017,0.0142,0.0068,0.0066,0.0,0.0174,1
7.0,-1.375,-4.0,0.431,0.0084,0.0,0.0234,0.0,0.0128,0.0,0.0599,0.0,0.0283,0.0169,0.1251,0.0066,0.0095,0.0076,1
7.0,-1.375,-3.75,0.494,0.0131,0.0,0.0229,0.0,0.0412,0.0,0.0586,0.0012,0.029,0.0165,0.1058,0.0075,0.0117,0.011,1
7.0,-1.375,-3.5,0.5199,0.0196,0.0017,0.0224,0.0,0.1162,0.0,0.0573,0.0018,0.0272,0.0161,0.0855,0.0085,0.0134,0.0151,1
7.0,-1.375,-3.25,0.4748,0.0276,0.0044,0.0219,0.0,0.2633,0.0,0.0562,0.0025,0.0223,0.0158,0.0661,0.0096,0.013,0.0194,1
7.0,-1.375,-3.0,0.374,0.0368,0.0089,0.0215,0.0,0.4664,0.0,0.0551,0.0034,0.0163,0.0155,0.0492,0.0106,0.0109,0.0235,1
7.0,-1.375,-2.75,0.2673,0.047,0.0148,0.0212,0.0,0.6848,0.0,0.0543,0.0042,0.0111,0.0152,0.0357,0.0115,0.0081,0.0268,1
7.0,-1.375,-2.5,0.184,0.0581,0.022,0.0209,0.0,0.8974,0.0,0.0535,0.005,0.0075,0.0149,0.0256,0.0119,0.0051,0.0288,1
7.0,-1.375,-2.25,0.1276,0.07,0.0303,0.0206,0.0,1.1,0.0,0.053,0.0055,0.0051,0.0147,0.0186,0.0118,0.0017,0.0291,1
7.0,-1.375,-2.0,0.0913,0.0825,0.0398,0.0204,0.0,1.2939,0.0,0.0526,0.0056,0.0037,0.0146,0.0138,0.0109,0.0013,0.0277,1
7.0,-1.375,-1.75,0.0679,0.0952,0.0503,0.0202,0.0,1.4786,0.0,0.0523,0.0054,0.0027,0.0144,0.0107,0.0097,0.0,0.025,1
7.0,-1.375,-1.5,0.0527,0.1078,0.0615,0.02,0.0,1.654,0.0,0.052,0.005,0.0021,0.0143,0.0084,0.0082,0.0,0.0217,1
7.1,-1.375,-4.0,0.5384,0.0105,0.0,0.0234,0.0,0.016,0.0,0.06,0.0,0.0354,0.0169,0.1569,0.0083,0.0117,0.0095,1
7.1,-1.375,-3.75,0.6171,0.0163,0.0,0.0229,0.0,0.0513,0.0,0.0587,0.0014,0.0363,0.0165,0.1327,0.0094,0.0146,0.0138,1
7.1,-1.375,-3.5,0.6496,0.0244,0.0021,0.0224,0.0,0.1445,0.0,0.0574,0.0022,0.0341,0.0162,0.1074,0.0107,0.0167,0.0189,1
7.1,-1.375,-3.25,0.5936,0.0344,0.0054,0.022,0.0,0.3276,0.0,0.0562,0.0031,0.028,0.0158,0.083,0.012,0.0164,0.0243,1
7.1,-1.375,-3.0,0.468,0.0458,0.0109,0.0216,0.0,0.5806,0.0,0.0552,0.0042,0.0204,0.0155,0.0618,0.0133,0.0137,0.0294,1
7.1,-1.375,-2.75,0.3347,0.0584,0.0182,0.0212,0.0,0.8529,0.0,0.0544,0.0053,0.0139,0.0152,0.0448,0.0144,0.0102,0.0336,1
7.1,-1.375,-2.5,0.2306,0.0722,0.027,0.0209,0.0,1.1176,0.0,0.0537,0.0062,0.0094,0.015,0.0322,0.0149,0.0073,0.036,1
7.1,-1.375,-2.25,0.1599,0.087,0.0373,0.0207,0.0,1.3702,0.0,0.0531,0.0068,0.0064,0.0148,0.0233,0.0147,0.0045,0.0364,1
7.1,-1.375,-2.0,0.1144,0.1026,0.0491,0.0204,0.0,1.6126,0.0,0.0527,0.007,0.0046,0.0146,0.0173,0.0137,0.0016,0.0347,1
7.1,-1.375,-1.75,0.0852,0.1186,0.0622,0.0202,0.0,1.8452,0.0,0.0524,0.0068,0.0034,0.0145,0.0133,0.0121,0.0012,0.0314,1
7.1,-1.375,-1.5,0.0661,0.1346,0.0764,0.02,0.0,2.0683,0.0,0.0521,0.0062,0.0027,0.0143,0.0107,0.0104,0.0,0.0272,1
7.2,-1.375,-4.0,0.6698,0.0129,0.0,0.0234,0.0,0.0197,0.0,0.0599,0.0011,0.0443,0.0169,0.1963,0.0082,0.0145,0.0119,1
7.2,-1.375,-3.75,0.7678,0.0201,0.0,0.0229,0.0,0.0634,0.001,0.0587,0.0018,0.0454,0.0166,0.1661,0.0094,0.0181,0.0172,1
7.2,-1.375,-3.5,0.8084,0.0301,0.0025,0.0225,0.0,0.1787,0.0011,0.0574,0.0027,0.0427,0.0162,0.1344,0.0106,0.0206,0.0236,1
7.2,-1.375,-3.25,0.7395,0.0425,0.0066,0.022,0.0,0.4051,0.0,0.0563,0.0039,0.0352,0.0158,0.1039,0.0119,0.0201,0.0304,1
7.2,-1.375,-3.0,0.5834,0.0565,0.0133,0.0216,0.0,0.7177,0.0,0.0553,0.0052,0.0257,0.0155,0.0772,0.0132,0.0168,0.0368,1
7.2,-1.375,-2.75,0.4176,0.072,0.0221,0.0213,0.0,1.0534,0.0,0.0545,0.0065,0.0175,0.0152,0.056,0.0142,0.0127,0.0419,1
7.2,-1.375,-2.5,0.2877,0.0888,0.0326,0.021,0.0,1.3781,0.0,0.0539,0.0076,0.0118,0.015,0.0403,0.0148,0.0091,0.045,1
7.2,-1.375,-2.25,0.1994,0.1067,0.0448,0.0208,0.0,1.6858,0.0,0.0534,0.0084,0.0081,0.0148,0.0291,0.0146,0.0056,0.0454,1
7.2,-1.375,-2.0,0.1426,0.1253,0.0585,0.0206,0.0,1.9784,0.0,0.053,0.0086,0.0058,0.0147,0.0216,0.0136,0.004,0.0432,1
7.2,-1.375,-1.75,0.1061,0.1442,0.0736,0.0204,0.0,2.257,0.0,0.0527,0.0082,0.0043,0.0146,0.0166,0.012,0.0015,0.039,1
7.2,-1.375,-1.5,0.0821,0.1631,0.0899,0.0202,0.0,2.5226,0.0,0.0524,0.0075,0.0033,0.0145,0.0133,0.0102,0.0011,0.0337,1
7.3,-1.375,-4.0,0.8301,0.0156,0.0,0.0234,0.0,0.0242,0.0011,0.0599,0.0014,0.0553,0.0169,0.2449,0.0128,0.0179,0.0148,1
7.3,-1.375,-3.75,0.9513,0.0245,0.0,0.0229,0.0,0.0777,0.0013,0.0587,0.0022,0.0567,0.0166,0.2073,0.0146,0.0223,0.0215,1
7.3,-1.375,-3.5,1.0019,0.0368,0.0031,0.0225,0.0,0.2191,0.0013,0.0575,0.0033,0.0534,0.0162,0.1678,0.0166,0.0253,0.0294,1
7.3,-1.375,-3.25,0.9176,0.0519,0.0079,0.022,0.0,0.4969,0.0012,0.0564,0.0048,0.0442,0.0159,0.1297,0.0187,0.0248,0.0379,1
7.3,-1.375,-3.0,0.7249,0.0691,0.0159,0.0217,0.0,0.8806,0.0,0.0555,0.0063,0.0323,0.0156,0.0964,0.0206,0.0208,0.0458,1
7.3,-1.375,-2.75,0.5193,0.088,0.0264,0.0214,0.0,1.2918,0.0,0.0547,0.0079,0.0221,0.0153,0.0699,0.0223,0.0156,0.0522,1
7.3,-1.375,-2.5,0.358,0.1082,0.0388,0.0211,0.0,1.6867,0.0,0.0541,0.0093,0.0148,0.0151,0.0501,0.0231,0.0113,0.0559,1
7.3,-1.375,-2.25,0.2479,0.1294,0.0529,0.0209,0.0,2.0575,0.0,0.0537,0.0102,0.0102,0.0149,0.0363,0.0228,0.0081,0.0565,1
7.3,-1.375,-2.0,0.177,0.1514,0.0686,0.0207,0.0,2.4063,0.0,0.0534,0.0104,0.0072,0.0148,0.0268,0.0213,0.0051,0.0537,1
7.3,-1.375,-1.75,0.1314,0.1734,0.0857,0.0205,0.0,2.7361,0.0,0.0531,0.0099,0.0054,0.0147,0.0206,0.0188,0.0028,0.0483,1
7.3,-1.375,-1.5,0.1014,0.1954,0.1039,0.0204,0.0,3.0478,0.0,0.0528,0.009,0.0042,0.0146,0.0165,0.016,0.0014,0.0417,1
7.4,-1.375,-4.0,1.0243,0.0188,0.0,0.0234,0.0,0.0296,0.0014,0.0598,0.0017,0.0687,0.0169,0.3049,0.0126,0.0218,0.0184,1
7.4,-1.375,-3.75,1.1735,0.0297,0.0011,0.0229,0.0,0.0948,0.0016,0.0587,0.0027,0.0706,0.0166,0.2583,0.0144,0.0272,0.0267,1
7.4,-1.375,-3.5,1.2364,0.0446,0.0036,0.0225,0.0,0.2671,0.0016,0.0576,0.0041,0.0667,0.0162,0.2091,0.0164,0.0309,0.0366,1
7.4,-1.375,-3.25,1.1336,0.0631,0.0094,0.0221,0.0,0.6059,0.0015,0.0566,0.0058,0.0553,0.0159,0.1615,0.0184,0.0303,0.0471,1
7.4,-1.375,-3.0,0.8968,0.084,0.0189,0.0217,0.0,1.0737,0.0011,0.0557,0.0077,0.0405,0.0156,0.1201,0.0203,0.0253,0.0568,1
7.4,-1.375,-2.75,0.6432,0.1067,0.0311,0.0215,0.0,1.5734,0.0,0.055,0.0096,0.0277,0.0154,0.087,0.0219,0.0191,0.0646,1
7.4,-1.375,-2.5,0.4435,0.1307,0.0455,0.0212,0.0,2.0493,0.0,0.0544,0.0112,0.0186,0.0152,0.0624,0.0227,0.0137,0.0693,1
7.4,-1.375,-2.25,0.307,0.1557,0.0616,0.021,0.0,2.4916,0.0,0.054,0.0122,0.0127,0.015,0.045,0.0224,0.0098,0.0699,1
7.4,-1.375,-2.0,0.2188,0.1812,0.0792,0.0209,0.0,2.9029,0.0,0.0537,0.0125,0.009,0.0149,0.0333,0.0209,0.0062,0.0664,1
7.4,-1.375,-1.75,0.1621,0.2066,0.0981,0.0207,0.0,3.2887,0.0,0.0535,0.0119,0.0067,0.0148,0.0255,0.0185,0.0046,0.0597,1
7.4,-1.375,-1.5,0.1248,0.2318,0.1183,0.0205,0.0,3.6526,0.0,0.0532,0.0108,0.0052,0.0147,0.0203,0.0158,0.0017,0.0513,1
7.5,-1.375,-4.0,1.2547,0.0225,0.0,0.0233,0.0,0.0358,0.0017,0.0597,0.002,0.0852,0.0169,0.3786,0.0196,0.0264,0.0228,1
7.5,-1.375,-3.75,1.4376,0.0356,0.0013,0.0229,0.0,0.1147,0.0019,0.0587,0.0033,0.0876,0.0166,0.3208,0.0224,0.0328,0.033,1
7.5,-1.375,-3.5,1.5148,0.0537,0.0043,0.0225,0.0,0.3231,0.002,0.0577,0.005,0.083,0.0163,0.2599,0.0255,0.0373,0.0453,1
7.5,-1.375,-3.25,1.3901,0.076,0.011,0.0222,0.0,0.7322,0.0018,0.0567,0.007,0.069,0.016,0.2007,0.0286,0.0365,0.0582,1
7.5,-1.375,-3.0,1.1019,0.1011,0.022,0.0218,0.0,1.2969,0.0014,0.0559,0.0093,0.0507,0.0157,0.1491,0.0315,0.0306,0.0701,1
7.5,-1.375,-2.75,0.7914,0.128,0.0361,0.0216,0.0,1.8978,0.001,0.0552,0.0115,0.0347,0.0155,0.1079,0.0339,0.0231,0.0797,1
7.5,-1.375,-2.5,0.5459,0.1562,0.0522,0.0213,0.0,2.4645,0.0,0.0547,0.0134,0.0233,0.0153,0.0774,0.0352,0.0165,0.0854,1
7.5,-1.375,-2.25,0.3777,0.1851,0.0701,0.0212,0.0,2.9847,0.0,0.0544,0.0145,0.0159,0.0152,0.0558,0.0347,0.0117,0.086,1
7.5,-1.375,-2.0,0.2688,0.2142,0.0895,0.021,0.0,3.4644,0.0,0.0541,0.0148,0.0113,0.015,0.0412,0.0324,0.0086,0.0816,1
7.5,-1.375,-1.75,0.1987,0.2432,0.1101,0.0209,0.0,3.9103,0.0,0.0539,0.014,0.0083,0.015,0.0315,0.0287,0.0055,0.0732,1
7.5,-1.375,-1.5,0.1527,0.2717,0.132,0.0207,0.0,4.3303,0.0,0.0537,0.0127,0.0064,0.0149,0.025,0.0244,0.0044,0.0628,1
7.6,-1.375,-4.0,1.5287,0.0268,0.0,0.0233,0.0,0.0432,0.002,0.0597,0.0025,0.1052,0.0169,0.4688,0.0191,0.0317,0.0281,1
7.6,-1.375,-3.75,1.7499,0.0424,0.0015,0.023,0.0,0.1378,0.0023,0.0588,0.004,0.1083,0.0166,0.3975,0.0219,0.0392,0.0407,1
7.6,-1.375,-3.5,1.8434,0.0641,0.005,0.0226,0.0,0.3875,0.0024,0.0578,0.006,0.1028,0.0163,0.3221,0.0249,0.0446,0.0558,1
7.6,-1.375,-3.25,1.6927,0.0907,0.0127,0.0222,0.0,0.877,0.0022,0.0569,0.0084,0.0857,0.016,0.2487,0.0279,0.0436,0.0716,1
7.6,-1.375,-3.0,1.3438,0.1205,0.0251,0.0219,0.0,1.5509,0.0017,0.0561,0.0111,0.0632,0.0158,0.1846,0.0307,0.0367,0.0861,1
7.6,-1.375,-2.75,0.9662,0.1518,0.0409,0.0217,0.0,2.2632,0.0012,0.0555,0.0136,0.0433,0.0156,0.1335,0.033,0.0276,0.0976,1
7.6,-1.375,-2.5,0.6668,0.1842,0.0587,0.0215,0.0,2.9298,0.0,0.0551,0.0157,0.0291,0.0154,0.0956,0.0342,0.0198,0.1044,1
7.6,-1.375,-2.25,0.4611,0.217,0.0781,0.0213,0.0,3.5329,0.0,0.0547,0.017,0.0198,0.0153,0.0688,0.0336,0.0142,0.1051,1
7.6,-1.375,-2.0,0.3278,0.2498,0.0989,0.0212,0.0,4.084,0.0,0.0545,0.0172,0.014,0.0152,0.0508,0.0314,0.0103,0.0995,1
7.6,-1.375,-1.75,0.242,0.2823,0.1209,0.0211,0.0,4.5962,0.0,0.0543,0.0163,0.0103,0.0151,0.0387,0.0278,0.0078,0.0892,1
7.6,-1.375,-1.5,0.1856,0.3146,0.1443,0.0209,0.0,5.0774,0.0,0.0541,0.0147,0.0079,0.015,0.0307,0.0237,0.0052,0.0765,1
7.7,-1.375,-4.0,1.839,0.0314,0.0,0.0233,0.0,0.0515,0.0024,0.0597,0.0029,0.129,0.0169,0.5766,0.0294,0.0373,0.0344,1
7.7,-1.375,-3.75,2.102,0.0499,0.0018,0.023,0.0,0.1633,0.0027,0.0589,0.0047,0.1329,0.0166,0.4898,0.0338,0.046,0.0498,1
7.7,-1.375,-3.5,2.2134,0.0755,0.0056,0.0226,0.0,0.4581,0.0029,0.058,0.0071,0.1265,0.0164,0.397,0.0384,0.0522,0.0682,1
7.7,-1.375,-3.25,2.0342,0.1067,0.0142,0.0223,0.0,1.0348,0.0026,0.0571,0.0099,0.1058,0.0161,0.3065,0.0429,0.0511,0.0873,1
7.7,-1.375,-3.0,1.6176,0.1411,0.0279,0.022,0.0,1.8255,0.002,0.0564,0.0129,0.0782,0.0159,0.2273,0.0471,0.0429,0.1048,1
7.7,-1.375,-2.75,1.1655,0.1769,0.0449,0.0218,0.0,2.6555,0.0015,0.0558,0.0158,0.0537,0.0157,0.1642,0.0504,0.0323,0.1184,1
7.7,-1.375,-2.5,0.8055,0.2133,0.064,0.0216,0.0,3.4253,0.001,0.0554,0.0181,0.0361,0.0155,0.1174,0.052,0.0232,0.1263,1
7.7,-1.375,-2.25,0.5571,0.2498,0.0844,0.0215,0.0,4.1151,0.0,0.0551,0.0195,0.0245,0.0154,0.0844,0.0512,0.0167,0.127,1
7.7,-1.375,-2.0,0.3957,0.2861,0.106,0.0214,0.0,4.7388,0.0,0.0549,0.0197,0.0173,0.0153,0.0621,0.0477,0.0121,0.1203,1
7.7,-1.375,-1.75,0.2919,0.3223,0.1291,0.0212,0.0,5.3199,0.0,0.0547,0.0187,0.0127,0.0152,0.0473,0.0424,0.0091,0.1078,1
7.7,-1.375,-1.5,0.2238,0.3584,0.1539,0.0211,0.0,5.8729,0.0,0.0545,0.0169,0.0097,0.0152,0.0375,0.0362,0.0061,0.0924,1
7.8,-1.375,-4.0,2.1861,0.0364,0.0,0.0233,0.0,0.061,0.0028,0.0597,0.0035,0.1571,0.0169,0.7048,0.0284,0.0431,0.0419,1
7.8,-1.375,-3.75,2.4962,0.0579,0.0019,0.023,0.0,0.1912,0.0032,0.059,0.0055,0.1621,0.0167,0.6002,0.0326,0.0532,0.0606,1
7.8,-1.375,-3.5,2.6263,0.0876,0.0061,0.0227,0.0,0.5341,0.0034,0.0581,0.0083,0.1545,0.0164,0.4867,0.037,0.0602,0.0828,1
7.8,-1.375,-3.25,2.4131,0.1235,0.0154,0.0224,0.0,1.2025,0.0031,0.0574,0.0115,0.1297,0.0162,0.3756,0.0412,0.0588,0.1057,1
7.8,-1.375,-3.0,1.9216,0.1624,0.03,0.0221,0.0,2.1132,0.0024,0.0567,0.0148,0.0962,0.0159,0.2783,0.045,0.0495,0.1263,1
7.8,-1.375,-2.75,1.3885,0.2024,0.0478,0.0219,0.0,3.0629,0.0018,0.0562,0.018,0.0662,0.0158,0.2008,0.048,0.0374,0.1422,1
7.8,-1.375,-2.5,0.9613,0.2423,0.0675,0.0218,0.0,3.9342,0.0012,0.0558,0.0205,0.0445,0.0156,0.1433,0.0494,0.027,0.1511,1
7.8,-1.375,-2.25,0.6657,0.2822,0.0884,0.0216,0.0,4.7124,0.0,0.0555,0.022,0.0302,0.0155,0.103,0.0486,0.0193,0.1517,1
7.8,-1.375,-2.0,0.4728,0.3219,0.1105,0.0215,0.0,5.4137,0.0,0.0553,0.0221,0.0212,0.0154,0.0756,0.0454,0.0141,0.1438,1
7.8,-1.375,-1.75,0.3488,0.3616,0.1342,0.0214,0.0,6.066,0.0,0.0551,0.021,0.0155,0.0154,0.0575,0.0403,0.0106,0.129,1
7.8,-1.375,-1.5,0.2673,0.4018,0.1598,0.0213,0.0,6.6929,0.0,0.055,0.019,0.0119,0.0153,0.0455,0.0346,0.0083,0.1107,1
7.9,-1.375,-4.0,2.5347,0.0412,0.0,0.0233,0.0,0.0699,0.0032,0.0598,0.0039,0.1886,0.0169,0.8515,0.0428,0.0481,0.0502,1
7.9,-1.375,-3.75,2.8927,0.0655,0.0021,0.0231,0.0,0.2183,0.0037,0.0591,0.0063,0.1948,0.0167,0.7269,0.0492,0.0593,0.0725,1
7.9,-1.375,-3.5,3.0424,0.0991,0.0064,0.0228,0.0,0.6073,0.0038,0.0584,0.0094,0.1863,0.0165,0.5904,0.0557,0.0669,0.099,1
7.9,-1.375,-3.25,2.8003,0.1393,0.016,0.0225,0.0,1.3626,0.0035,0.0576,0.0129,0.1571,0.0163,0.4557,0.0619,0.0654,0.1261,1
7.9,-1.375,-3.0,2.2372,0.1823,0.0308,0.0223,0.0,2.3875,0.0028,0.057,0.0165,0.1171,0.0161,0.3374,0.0673,0.0551,0.1501,1
7.9,-1.375,-2.75,1.6227,0.2255,0.0487,0.0221,0.0,3.4475,0.002,0.0565,0.0198,0.0808,0.0159,0.2431,0.0714,0.0419,0.1683,1
7.9,-1.375,-2.5,1.1278,0.2683,0.0681,0.0219,0.0,4.4142,0.0014,0.0561,0.0225,0.0543,0.0158,0.1734,0.0734,0.0304,0.1784,1
7.9,-1.375,-2.25,0.7827,0.3109,0.0888,0.0218,0.0,5.2737,0.001,0.0559,0.024,0.0368,0.0157,0.1244,0.0722,0.0218,0.1788,1
7.9,-1.375,-2.0,0.5569,0.3535,0.1108,0.0217,0.0,6.0526,0.0,0.0557,0.0242,0.0258,0.0156,0.0913,0.0675,0.0159,0.1694,1
7.9,-1.375,-1.75,0.4112,0.3969,0.1346,0.0216,0.0,6.7862,0.0,0.0555,0.0231,0.0189,0.0155,0.0694,0.0602,0.0121,0.1523,1
7.9,-1.375,-1.5,0.3154,0.4415,0.1608,0.0215,0.0,7.4962,0.0,0.0554,0.021,0.0144,0.0155,0.0548,0.0517,0.0095,0.1312,1
8.0,-1.375,-4.0,2.8732,0.0454,0.0,0.0233,0.0,0.0784,0.0036,0.0599,0.0044,0.2236,0.017,1.0173,0.0402,0.0519,0.0593,1
8.0,-1.375,-3.75,3.2872,0.0726,0.0021,0.0231,0.0,0.2445,0.0041,0.0593,0.007,0.2316,0.0168,0.8718,0.0463,0.0642,0.0859,1
8.0,-1.375,-3.5,3.4566,0.1097,0.0065,0.0229,0.0,0.6763,0.0043,0.0586,0.0104,0.222,0.0166,0.7094,0.0524,0.0724,0.117,1
8.0,-1.375,-3.25,3.1813,0.1535,0.0159,0.0226,0.0,1.5072,0.0039,0.0579,0.0142,0.1881,0.0163,0.5475,0.0579,0.0708,0.1485,1
8.0,-1.375,-3.0,2.5517,0.1995,0.0302,0.0224,0.0,2.6297,0.0032,0.0573,0.0179,0.1409,0.0162,0.405,0.0626,0.0599,0.176,1
8.0,-1.375,-2.75,1.8615,0.245,0.0474,0.0222,0.0,3.7894,0.0023,0.0568,0.0213,0.0976,0.016,0.2916,0.0661,0.0459,0.1965,1
8.0,-1.375,-2.5,1.3007,0.2899,0.0661,0.022,0.0,4.8448,0.0017,0.0565,0.024,0.0657,0.0159,0.2079,0.0677,0.0336,0.2078,1
8.0,-1.375,-2.25,0.9065,0.3346,0.0859,0.0219,0.0,5.781,0.0012,0.0562,0.0256,0.0446,0.0158,0.1491,0.0666,0.0242,0.2081,1
8.0,-1.375,-2.0,0.647,0.38,0.1073,0.0218,0.0,6.6373,0.0,0.0561,0.0258,0.0312,0.0157,0.1093,0.0625,0.0179,0.1973,1
8.0,-1.375,-1.75,0.4785,0.4267,0.1307,0.0218,0.0,7.4504,0.0,0.0559,0.0247,0.0228,0.0157,0.083,0.056,0.0137,0.1778,1
8.0,-1.375,-1.5,0.3678,0.4754,0.1568,0.0217,0.0,8.2515,0.0,0.0558,0.0227,0.0173,0.0156,0.0657,0.0483,0.0107,0.1535,1
8.1,-1.375,-4.0,3.106,0.0478,0.0,0.0234,0.0,0.0841,0.0038,0.06,0.0046,0.2577,0.017,1.1859,0.0584,0.0524,0.0683,1
8.1,-1.375,-3.75,3.571,0.0768,0.002,0.0232,0.0,0.2621,0.0044,0.0595,0.0074,0.2682,0.0168,1.0228,0.0674,0.0652,0.0991,1
8.1,-1.375,-3.5,3.7715,0.1164,0.0061,0.023,0.0,0.7233,0.0046,0.0588,0.011,0.2585,0.0166,0.836,0.0763,0.074,0.1352,1
8.1,-1.375,-3.25,3.4901,0.1627,0.0147,0.0227,0.0,1.6078,0.0043,0.0582,0.0149,0.2206,0.0164,0.6467,0.0841,0.0727,0.1713,1
8.1,-1.375,-3.0,2.8196,0.2104,0.0278,0.0225,0.0,2.7972,0.0035,0.0576,0.0187,0.1665,0.0163,0.4786,0.0905,0.0622,0.2022,1
8.1,-1.375,-2.75,2.0765,0.2572,0.0435,0.0223,0.0,4.0299,0.0026,0.0572,0.0221,0.116,0.0161,0.3449,0.0951,0.0482,0.2252,1
8.1,-1.375,-2.5,1.4638,0.3031,0.0607,0.0222,0.0,5.1572,0.0019,0.0568,0.0248,0.0784,0.016,0.2459,0.0972,0.0358,0.2378,1
8.1,-1.375,-2.25,1.0271,0.349,0.0791,0.0221,0.0,6.1637,0.0013,0.0566,0.0264,0.0533,0.0159,0.1765,0.0958,0.0262,0.2381,1
8.1,-1.375,-2.0,0.7366,0.3963,0.0991,0.022,0.0,7.091,0.0,0.0565,0.0268,0.0373,0.0159,0.1295,0.0902,0.0194,0.2262,1
8.1,-1.375,-1.75,0.5468,0.4461,0.1214,0.0219,0.0,7.9852,0.0,0.0563,0.0258,0.0272,0.0158,0.0984,0.0812,0.015,0.2044,1
8.1,-1.375,-1.5,0.4215,0.4992,0.1468,0.0218,0.0,8.8805,0.0,0.0562,0.0238,0.0207,0.0157,0.0778,0.0705,0.0117,0.1772,1
8.2,-1.375,-4.0,3.1978,0.0468,0.0,0.0233,0.0,0.0851,0.0038,0.0598,0.0046,0.2882,0.017,1.3459,0.0518,0.0492,0.0762,1
8.2,-1.375,-3.75,3.7243,0.0764,0.0017,0.0232,0.0,0.2672,0.0044,0.0595,0.0074,0.3027,0.0169,1.1738,0.0602,0.0624,0.1112,1
8.2,-1.375,-3.5,3.9687,0.117,0.0052,0.023,0.0,0.7393,0.0047,0.059,0.0111,0.2944,0.0167,0.9665,0.0683,0.0718,0.1524,1
8.2,-1.375,-3.25,3.7039,0.1641,0.0127,0.0228,0.0,1.6422,0.0044,0.0584,0.015,0.2537,0.0165,0.7506,0.0752,0.0713,0.1931,1
8.2,-1.375,-3.0,3.0241,0.212,0.0238,0.0226,0.0,2.8572,0.0036,0.0579,0.0187,0.1933,0.0164,0.5563,0.0805,0.0617,0.2275,1
8.2,-1.375,-2.75,2.2553,0.2587,0.0372,0.0224,0.0,4.1247,0.0028,0.0575,0.022,0.1359,0.0162,0.4012,0.0844,0.0487,0.2529,1
8.2,-1.375,-2.5,1.6081,0.3044,0.0522,0.0223,0.0,5.2951,0.002,0.0572,0.0246,0.0923,0.0161,0.2864,0.0862,0.0367,0.2671,1
8.2,-1.375,-2.25,1.1386,0.3506,0.0685,0.0222,0.0,6.352,0.0015,0.057,0.0263,0.0629,0.0161,0.2058,0.0852,0.0274,0.2682,1
8.2,-1.375,-2.0,0.8221,0.3986,0.0864,0.0221,0.0,7.3341,0.0011,0.0568,0.0268,0.0441,0.016,0.1512,0.0807,0.0206,0.2557,1
8.2,-1.375,-1.75,0.6135,0.4502,0.1067,0.0221,0.0,8.2986,0.0,0.0567,0.0261,0.0321,0.0159,0.1149,0.0732,0.0159,0.2323,1
8.2,-1.375,-1.5,0.4748,0.5061,0.1302,0.022,0.0,9.2766,0.0,0.0566,0.0244,0.0244,0.0159,0.0909,0.0641,0.0127,0.2026,1
8.3,-1.375,-4.0,2.9362,0.0395,0.0,0.023,0.0,0.076,0.0033,0.0593,0.004,0.3005,0.0168,1.4357,0.0675,0.0392,0.0791,1
8.3,-1.375,-3.75,3.524,0.0668,0.0012,0.0231,0.0,0.2441,0.004,0.0593,0.0066,0.3221,0.0168,1.2804,0.0801,0.0519,0.1176,1
8.3,-1.375,-3.5,3.8518,0.1053,0.0039,0.0229,0.0,0.6878,0.0044,0.059,0.0101,0.3193,0.0167,1.072,0.0921,0.0618,0.1635,1
8.3,-1.375,-3.25,3.6768,0.1509,0.0095,0.0228,0.0,1.5492,0.0042,0.0586,0.0139,0.2803,0.0166,0.8409,0.102,0.0633,0.2088,1
8.3,-1.375,-3.0,3.0669,0.1972,0.018,0.0227,0.0,2.7231,0.0036,0.0582,0.0174,0.2171,0.0165,0.6267,0.1092,0.0565,0.2468,1
8.3,-1.375,-2.75,2.3315,0.2419,0.0285,0.0225,0.0,3.9655,0.0028,0.0579,0.0204,0.1546,0.0164,0.4533,0.1142,0.0459,0.2748,1
8.3,-1.375,-2.5,1.6925,0.2859,0.0404,0.0224,0.0,5.1327,0.0021,0.0576,0.023,0.106,0.0163,0.3243,0.1169,0.0354,0.2912,1
8.3,-1.375,-2.25,1.215,0.3307,0.0537,0.0223,0.0,6.2006,0.0015,0.0574,0.0247,0.0727,0.0162,0.2336,0.1162,0.027,0.2941,1
8.3,-1.375,-2.0,0.8863,0.3779,0.0686,0.0223,0.0,7.2091,0.0011,0.0573,0.0255,0.0511,0.0161,0.1719,0.1111,0.0206,0.2827,1
8.3,-1.375,-1.75,0.6667,0.4289,0.0857,0.0222,0.0,8.2034,0.0,0.0572,0.0251,0.0373,0.0161,0.131,0.102,0.0163,0.2591,1
8.3,-1.375,-1.5,0.5193,0.4858,0.106,0.0221,0.0,9.2409,0.0,0.057,0.0239,0.0284,0.016,0.1039,0.0903,0.013,0.2282,1
8.4,-1.375,-4.0,2.4914,0.0308,0.0,0.0227,0.0,0.0636,0.0026,0.0587,0.0031,0.2986,0.0167,1.4627,0.053,0.0279,0.0789,1
8.4,-1.375,-3.75,3.1303,0.0548,0.0,0.0229,0.0,0.2115,0.0033,0.059,0.0055,0.3297,0.0168,1.3466,0.0648,0.0395,0.1204,1
8.4,-1.375,-3.5,3.5553,0.0901,0.0026,0.0229,0.0,0.6131,0.0038,0.0589,0.0088,0.3357,0.0167,1.1551,0.0761,0.0495,0.171,1
8.4,-1.375,-3.25,3.4897,0.1324,0.0066,0.0228,0.0,1.4053,0.0038,0.0587,0.0123,0.3011,0.0167,0.9191,0.0851,0.0529,0.221,1
8.4,-1.375,-3.0,2.9867,0.1757,0.0127,0.0227,0.0,2.5005,0.0033,0.0584,0.0155,0.2378,0.0166,0.6907,0.0913,0.0487,0.2626,1
8.4,-1.375,-2.75,2.3246,0.2177,0.0204,0.0226,0.0,3.6828,0.0027,0.0582,0.0183,0.172,0.0165,0.5019,0.0956,0.041,0.2932,1
8.4,-1.375,-2.5,1.7212,0.259,0.0294,0.0225,0.0,4.8145,0.002,0.058,0.0206,0.1193,0.0164,0.3604,0.0981,0.0326,0.3119,1
8.4,-1.375,-2.25,1.2555,0.301,0.0397,0.0225,0.0,5.8665,0.0015,0.0578,0.0223,0.0824,0.0163,0.2605,0.098,0.0254,0.3168,1
8.4,-1.375,-2.0,0.9277,0.3459,0.0515,0.0224,0.0,6.8739,0.0012,0.0577,0.0233,0.0581,0.0163,0.1923,0.0945,0.0199,0.3069,1
8.4,-1.375,-1.75,0.7048,0.3949,0.0652,0.0223,0.0,7.8782,0.0,0.0576,0.0233,0.0426,0.0163,0.1469,0.0877,0.0159,0.2836,1
8.4,-1.375,-1.5,0.5534,0.4507,0.0818,0.0223,0.0,8.9419,0.0,0.0575,0.0225,0.0325,0.0162,0.1169,0.0786,0.013,0.2521,1
8.5,-1.375,-4.0,1.7117,0.0166,0.0,0.0223,0.0,0.0395,0.0016,0.0578,0.002,0.2606,0.0165,1.307,0.0581,0.0146,0.071,1
8.5,-1.375,-3.75,2.3385,0.0328,0.0,0.0226,0.0,0.1405,0.0022,0.0586,0.0038,0.3031,0.0167,1.2681,0.0748,0.0233,0.113,1
8.5,-1.375,-3.5,2.8922,0.0597,0.0013,0.0228,0.0,0.4408,0.0028,0.0588,0.0066,0.3254,0.0167,1.1388,0.092,0.0329,0.1677,1
8.5,-1.375,-3.25,3.046,0.0952,0.0036,0.0228,0.0,1.0811,0.003,0.0588,0.0098,0.305,0.0167,0.9336,0.106,0.0384,0.2234,1
8.5,-1.375,-3.0,2.7555,0.1339,0.0074,0.0227,0.0,2.0219,0.0028,0.0586,0.0127,0.2491,0.0166,0.7134,0.1155,0.0382,0.2697,1
8.5,-1.375,-2.75,2.2345,0.172,0.0123,0.0227,0.0,3.0786,0.0023,0.0585,0.0151,0.1842,0.0166,0.5224,0.1216,0.0338,0.3034,1
8.5,-1.375,-2.5,1.7055,0.2099,0.0184,0.0226,0.0,4.1273,0.0018,0.0584,0.0172,0.1297,0.0166,0.3769,0.1256,0.0281,0.3256,1
8.5,-1.375,-2.25,1.2714,0.2489,0.0255,0.0226,0.0,5.132,0.0014,0.0583,0.0189,0.0903,0.0165,0.2733,0.1272,0.0226,0.3353,1
8.5,-1.375,-2.0,0.9529,0.2904,0.0339,0.0225,0.0,6.1048,0.0011,0.0582,0.0202,0.064,0.0165,0.2025,0.1253,0.0181,0.3308,1
8.5,-1.375,-1.75,0.731,0.3359,0.0439,0.0225,0.0,7.0853,0.0,0.0581,0.0207,0.0469,0.0164,0.1552,0.1192,0.0147,0.3124,1
8.5,-1.375,-1.5,0.5774,0.3874,0.0561,0.0224,0.0,8.1245,0.0,0.058,0.0206,0.0358,0.0164,0.1238,0.1095,0.0122,0.2834,1
8.6,-1.375,-4.0,1.0065,0.0059,0.0,0.0217,0.0,0.0179,0.0,0.0566,0.0011,0.207,0.0161,1.0545,0.0368,0.0052,0.0601,1
8.6,-1.375,-3.75,1.5189,0.0134,0.0,0.0223,0.0,0.0693,0.0013,0.058,0.0023,0.2553,0.0165,1.084,0.0503,0.0113,0.1001,1
8.6,-1.375,-3.5,2.1367,0.0288,0.0,0.0226,0.0,0.2475,0.0018,0.0586,0.0045,0.2956,0.0167,1.0385,0.0662,0.0188,0.1579,1
8.6,-1.375,-3.25,2.5579,0.0536,0.0016,0.0227,0.0,0.6935,0.0022,0.0587,0.0074,0.2976,0.0167,0.8964,0.0809,0.0259,0.2222,1
8.6,-1.375,-3.0,2.5257,0.0838,0.0037,0.0227,0.0,1.4293,0.0022,0.0588,0.0101,0.2534,0.0167,0.7,0.0906,0.0285,0.2753,1
8.6,-1.375,-2.75,2.1816,0.1159,0.0065,0.0227,0.0,2.3181,0.0019,0.0588,0.0122,0.1924,0.0167,0.5169,0.0963,0.0272,0.3127,1
8.6,-1.375,-2.5,1.7387,0.1493,0.0101,0.0227,0.0,3.2454,0.0015,0.0588,0.0139,0.1373,0.0167,0.3733,0.1,0.0237,0.338,1
8.6,-1.375,-2.25,1.3311,0.1845,0.0145,0.0227,0.0,4.1672,0.0012,0.0587,0.0155,0.0961,0.0167,0.2705,0.1027,0.0199,0.3534,1
8.6,-1.375,-2.0,1.0123,0.2223,0.0199,0.0227,0.0,5.0825,0.0,0.0587,0.0169,0.0681,0.0166,0.2003,0.104,0.0164,0.358,1
8.6,-1.375,-1.75,0.7804,0.2633,0.0264,0.0226,0.0,6.004,0.0,0.0586,0.018,0.0497,0.0166,0.1534,0.1028,0.0135,0.3496,1
8.6,-1.375,-1.5,0.617,0.3094,0.0345,0.0226,0.0,6.9827,0.0,0.0586,0.0186,0.0378,0.0166,0.1223,0.0986,0.0113,0.329,1
8.7,-1.375,-4.0,0.4493,0.0017,0.0,0.0213,0.0,0.0066,0.0,0.0559,0.0,0.1405,0.016,0.739,0.0323,0.0,0.045,1
8.7,-1.375,-3.75,0.739,0.0042,0.0,0.0221,0.0,0.0269,0.0,0.0578,0.001,0.1818,0.0165,0.8019,0.0461,0.0015,0.077,1
8.7,-1.375,-3.5,1.2176,0.0106,0.0,0.0225,0.0,0.1137,0.0,0.0587,0.0024,0.2309,0.0167,0.8348,0.0662,0.0074,0.1314,1
8.7,-1.375,-3.25,1.768,0.0246,0.0,0.0227,0.0,0.3892,0.0013,0.0589,0.0047,0.2592,0.0168,0.7871,0.0894,0.0132,0.2036,1
8.7,-1.375,-3.0,2.0305,0.0452,0.0016,0.0227,0.0,0.9257,0.0015,0.059,0.0073,0.2386,0.0168,0.6518,0.107,0.0177,0.2686,1
8.7,-1.375,-2.75,1.9241,0.0686,0.003,0.0228,0.0,1.6228,0.0014,0.0591,0.0092,0.1882,0.0168,0.4923,0.1165,0.0191,0.3122,1
8.7,-1.375,-2.5,1.6392,0.0946,0.005,0.0228,0.0,2.3879,0.0012,0.0592,0.0107,0.1373,0.0168,0.3585,0.122,0.0181,0.3404,1
8.7,-1.375,-2.25,1.316,0.1236,0.0075,0.0228,0.0,3.1836,0.0,0.0592,0.012,0.0971,0.0168,0.2603,0.1263,0.016,0.3594,1
8.7,-1.375,-2.0,1.0294,0.1561,0.0107,0.0228,0.0,4.0045,0.0,0.0592,0.0133,0.0689,0.0168,0.1927,0.1302,0.0137,0.3707,1
8.7,-1.375,-1.75,0.8079,0.1925,0.0148,0.0228,0.0,4.8581,0.0,0.0592,0.0146,0.0502,0.0168,0.1477,0.1327,0.0117,0.3723,1
8.7,-1.375,-1.5,0.6425,0.2331,0.0199,0.0227,0.0,5.7647,0.0,0.0591,0.0156,0.038,0.0167,0.1177,0.1324,0.01,0.3621,1
8.8,-1.375,-4.0,0.1821,0.0,0.0,0.0211,0.0,0.0024,0.0,0.0555,0.0,0.0905,0.0159,0.4914,0.0171,0.0,0.0326,1
8.8,-1.375,-3.75,0.3213,0.0012,0.0,0.022,0.0,0.0096,0.0,0.0578,0.0,0.1213,0.0165,0.559,0.0252,0.0,0.0567,1
8.8,-1.375,-3.5,0.589,0.0034,0.0,0.0225,0.0,0.0452,0.0,0.0589,0.001,0.164,0.0168,0.6208,0.0384,0.0,0.1017,1
8.8,-1.375,-3.25,1.0482,0.0097,0.0,0.0227,0.0,0.1951,0.0,0.0593,0.0026,0.2068,0.0169,0.6465,0.0579,0.0047,0.175,1
8.8,-1.375,-3.0,1.4738,0.0219,0.0,0.0228,0.0,0.5586,0.0,0.0593,0.0048,0.212,0.0169,0.5849,0.0766,0.0095,0.2529,1
8.8,-1.375,-2.75,1.5925,0.0373,0.0013,0.0228,0.0,1.0836,0.0,0.0594,0.0067,0.1774,0.0169,0.4614,0.0874,0.0122,0.3069,1
8.8,-1.375,-2.5,1.4806,0.0547,0.0023,0.0229,0.0,1.6767,0.0,0.0595,0.0081,0.1332,0.0169,0.3414,0.0926,0.0132,0.3387,1
8.8,-1.375,-2.25,1.267,0.0753,0.0037,0.0229,0.0,2.3184,0.0,0.0596,0.0091,0.0955,0.0169,0.2489,0.0962,0.0127,0.3592,1
8.8,-1.375,-2.0,1.0384,0.1005,0.0055,0.0229,0.0,3.0144,0.0,0.0597,0.0102,0.0681,0.0169,0.1844,0.1,0.0115,0.3743,1
8.8,-1.375,-1.75,0.8362,0.1306,0.0079,0.0229,0.0,3.7701,0.0,0.0597,0.0114,0.0495,0.0169,0.141,0.1039,0.01,0.3836,1
8.8,-1.375,-1.5,0.6757,0.1657,0.011,0.0229,0.0,4.5973,0.0,0.0596,0.0125,0.0373,0.0169,0.1124,0.1069,0.0087,0.384,1
8.9,-1.375,-4.0,0.0459,0.0,0.0,0.018,0.0,0.0012,0.0,0.048,0.0,0.0413,0.0139,0.1892,0.0103,0.0,0.0214,1
8.9,-1.375,-3.75,0.0699,0.0,0.0,0.0197,0.0,0.0046,0.0,0.0524,0.0,0.0505,0.0151,0.1956,0.0148,0.0,0.0369,1
8.9,-1.375,-3.5,0.1496,0.0,0.0,0.022,0.0,0.0094,0.0,0.0582,0.0,0.0799,0.0166,0.3288,0.0236,0.0,0.0553,1
8.9,-1.375,-3.25,0.3311,0.0017,0.0,0.0225,0.0,0.053,0.0,0.0591,0.0,0.1158,0.0169,0.3891,0.0408,0.0,0.1084,1
8.9,-1.375,-3.0,0.6427,0.0053,0.0,0.0227,0.0,0.2123,0.0,0.0594,0.0018,0.1444,0.0169,0.4148,0.0652,0.0,0.187,1
8.9,-1.375,-2.75,0.9174,0.0116,0.0,0.0228,0.0,0.5101,0.0,0.0596,0.0033,0.1414,0.017,0.3703,0.0854,0.0028,0.2565,1
8.9,-1.375,-2.5,1.0384,0.0191,0.0,0.0228,0.0,0.8753,0.0,0.0597,0.0046,0.1166,0.017,0.2917,0.0966,0.0055,0.2997,1
8.9,-1.375,-2.25,1.03,0.0282,0.0012,0.0229,0.0,1.2813,0.0,0.0599,0.0056,0.0881,0.017,0.2184,0.1027,0.0077,0.3251,1
8.9,-1.375,-2.0,0.9448,0.0403,0.0019,0.0229,0.0,1.7441,0.0,0.06,0.0065,0.0644,0.017,0.163,0.1077,0.0081,0.343,1
8.9,-1.375,-1.75,0.8226,0.0575,0.0029,0.0229,0.0,2.2856,0.0,0.06,0.0073,0.0471,0.017,0.1244,0.1134,0.0078,0.3578,1
8.9,-1.375,-1.5,0.694,0.0814,0.0043,0.0229,0.0,2.9218,0.0,0.06,0.0083,0.0353,0.017,0.0986,0.1199,0.0062,0.3686,1
9.0,-1.375,-4.0,0.0046,0.0,0.0,0.0097,0.0,0.0,0.0,0.0259,0.0,0.01,0.0074,0.0498,0.0018,0.0,0.0056,1
9.0,-1.375,-3.75,0.0087,0.0,0.0,0.0108,0.0,0.0,0.0,0.0286,0.0,0.0138,0.0082,0.0589,0.003,0.0,0.0108,1
9.0,-1.375,-3.5,0.0226,0.0,0.0,0.0115,0.0,0.0027,0.0,0.0305,0.0,0.0224,0.0087,0.0792,0.0059,0.0,0.0233,1
9.0,-1.375,-3.25,0.0878,0.0,0.0,0.0199,0.0,0.0216,0.0,0.0528,0.0,0.0508,0.0152,0.1499,0.0167,0.0,0.0718,1
9.0,-1.375,-3.0,0.1275,0.0,0.0,0.022,0.0,0.0364,0.0,0.0583,0.0,0.0641,0.0166,0.1989,0.0213,0.0,0.0905,1
9.0,-1.375,-2.75,0.2807,0.0015,0.0,0.0224,0.0,0.127,0.0,0.059,0.0,0.0838,0.0168,0.2254,0.0366,0.0,0.1595,1
9.0,-1.375,-2.5,0.4927,0.0032,0.0,0.0226,0.0,0.2771,0.0,0.0594,0.0018,0.0896,0.0169,0.2164,0.0517,0.0,0.226,1
9.0,-1.375,-2.25,0.7319,0.0052,0.0,0.0227,0.0,0.4579,0.0,0.0597,0.0029,0.0821,0.017,0.1848,0.0637,0.0014,0.2775,1
9.0,-1.375,-2.0,0.9634,0.0074,0.0,0.0228,0.0,0.6469,0.0,0.0599,0.0042,0.0677,0.017,0.148,0.0727,0.005,0.3146,1
9.0,-1.375,-1.75,1.1372,0.0101,0.0,0.0228,0.0,0.8577,0.0,0.06,0.0054,0.0522,0.017,0.1158,0.0789,0.0083,0.3385,1
9.0,-1.375,-1.5,1.1446,0.0146,0.001,0.0228,0.0,1.1482,0.0,0.0601,0.006,0.0388,0.017,0.09,0.0818,0.0095,0.3473,1
9.1,-1.375,-4.0,0.0,0.0,0.0,0.0078,0.0,0.0,0.0,0.021,0.0,0.0017,0.006,0.0092,0.0,0.0,0.0012,1
9.1,-1.375,-3.75,0.0,0.0,0.0,0.0091,0.0,0.0,0.0,0.0242,0.0,0.0025,0.0069,0.0123,0.0,0.0,0.0025,1
9.1,-1.375,-3.5,0.0,0.0,0.0,0.01,0.0,0.0,0.0,0.0268,0.0,0.0044,0.0076,0.0179,0.0014,0.0,0.0058,1
9.1,-1.375,-3.25,0.0059,0.0,0.0,0.0107,0.0,0.0014,0.0,0.0284,0.0,0.0102,0.0081,0.0338,0.004,0.0,0.0164,1
9.1,-1.375,-3.0,0.0463,0.0,0.0,0.0152,0.0,0.0178,0.0,0.0401,0.0,0.0306,0.0114,0.0849,0.0157,0.0,0.0625,1
9.1,-1.375,-2.75,0.0878,0.0,0.0,0.0203,0.0,0.0628,0.0,0.0538,0.0,0.0343,0.0155,0.0897,0.0269,0.0,0.1116,1
9.1,-1.375,-2.5,0.1053,0.0,0.0,0.0223,0.0,0.0524,0.0,0.0591,0.0,0.0443,0.0168,0.106,0.0295,0.0,0.1246,1
9.1,-1.375,-2.25,0.2916,0.0,0.0,0.0224,0.0,0.106,0.0,0.0593,0.0,0.0601,0.0169,0.129,0.0497,0.0,0.1976,1
9.1,-1.375,-2.0,0.6261,0.0,0.0,0.0226,0.0,0.1636,0.0,0.0597,0.0022,0.0642,0.0169,0.1265,0.0718,0.0,0.271,1
9.1,-1.375,-1.75,0.0124,0.001,0.0,0.0141,0.0,0.138,0.0,0.0373,0.0,0.002,0.0107,0.0059,0.016,0.0,0.0758,1
9.1,-1.375,-1.5,0.0059,0.0011,0.0,0.0137,0.0,0.1252,0.0,0.036,0.0,0.001,0.0102,0.0027,0.0134,0.0,0.0646,1
6.9,-1.25,-4.0,0.3446,0.0107,0.0,0.0234,0.0,0.0103,0.0,0.0599,0.0,0.0301,0.0169,0.0997,0.0053,0.0077,0.0061,1
6.9,-1.25,-3.75,0.395,0.0167,0.0,0.0229,0.0,0.0331,0.0,0.0586,0.0,0.0308,0.0165,0.0842,0.006,0.0095,0.0088,1
6.9,-1.25,-3.5,0.4157,0.0249,0.0014,0.0224,0.0,0.0933,0.0,0.0573,0.0014,0.0289,0.0161,0.0682,0.0068,0.0108,0.012,1
6.9,-1.25,-3.25,0.3795,0.0351,0.0036,0.0219,0.0,0.2114,0.0,0.0561,0.002,0.0237,0.0158,0.0527,0.0077,0.0105,0.0155,1
6.9,-1.25,-3.0,0.2987,0.0468,0.0072,0.0215,0.0,0.3745,0.0,0.0551,0.0027,0.0173,0.0154,0.0392,0.0085,0.0087,0.0188,1
6.9,-1.25,-2.75,0.2134,0.0599,0.012,0.0211,0.0,0.5503,0.0,0.0542,0.0034,0.0118,0.0151,0.0284,0.0092,0.0056,0.0214,1
6.9,-1.25,-2.5,0.1469,0.0742,0.0179,0.0208,0.0,0.7219,0.0,0.0534,0.004,0.0079,0.0149,0.0205,0.0095,0.004,0.023,1
6.9,-1.25,-2.25,0.1018,0.0896,0.0248,0.0205,0.0,0.8864,0.0,0.0529,0.0044,0.0054,0.0147,0.0147,0.0094,0.0014,0.0232,1
6.9,-1.25,-2.0,0.073,0.106,0.0328,0.0203,0.0,1.0454,0.0,0.0524,0.0046,0.0039,0.0145,0.011,0.0088,0.001,0.0222,1
6.9,-1.25,-1.75,0.0544,0.1227,0.0417,0.0201,0.0,1.1979,0.0,0.0521,0.0044,0.0029,0.0144,0.0084,0.0077,0.0,0.0201,1
6.9,-1.25,-1.5,0.0423,0.1395,0.0512,0.0199,0.001,1.3435,0.0,0.0517,0.0041,0.0023,0.0142,0.0068,0.0066,0.0,0.0174,1
7.0,-1.25,-4.0,0.4308,0.0084,0.0,0.0234,0.0,0.0128,0.0,0.0599,0.0,0.0377,0.0169,0.125,0.0066,0.0095,0.0076,1
7.0,-1.25,-3.75,0.4939,0.0131,0.0,0.0229,0.0,0.0412,0.0,0.0586,0.0012,0.0386,0.0165,0.1057,0.0075,0.0117,0.011,1
7.0,-1.25,-3.5,0.5197,0.0196,0.0017,0.0224,0.0,0.1161,0.0,0.0573,0.0018,0.0362,0.0161,0.0855,0.0085,0.0134,0.0151,1
7.0,-1.25,-3.25,0.4748,0.0276,0.0044,0.0219,0.0,0.2632,0.0,0.0562,0.0025,0.0298,0.0158,0.0661,0.0096,0.013,0.0194,1
7.0,-1.25,-3.0,0.3739,0.0368,0.0089,0.0215,0.0,0.4664,0.0,0.0551,0.0034,0.0217,0.0155,0.0492,0.0106,0.0109,0.0235,1
7.0,-1.25,-2.75,0.2672,0.047,0.0148,0.0212,0.0,0.6848,0.0,0.0543,0.0042,0.0148,0.0152,0.0357,0.0115,0.0081,0.0268,1
7.0,-1.25,-2.5,0.184,0.0581,0.022,0.0209,0.0,0.8973,0.0,0.0536,0.005,0.01,0.0149,0.0256,0.0119,0.0051,0.0288,1
7.0,-1.25,-2.25,0.1275,0.07,0.0303,0.0206,0.0,1.0998,0.0,0.053,0.0055,0.0068,0.0147,0.0186,0.0118,0.0017,0.0291,1
7.0,-1.25,-2.0,0.0913,0.0825,0.0398,0.0204,0.0,1.2937,0.0,0.0526,0.0056,0.0049,0.0146,0.0138,0.0109,0.0013,0.0277,1
7.0,-1.25,-1.75,0.0679,0.0952,0.0503,0.0202,0.0,1.4783,0.0,0.0523,0.0054,0.0037,0.0144,0.0107,0.0097,0.0,0.025,1
7.0,-1.25,-1.5,0.0527,0.1078,0.0615,0.02,0.0,1.6536,0.0,0.052,0.005,0.0028,0.0143,0.0084,0.0082,0.0,0.0217,1
7.1,-1.25,-4.0,0.5382,0.0104,0.0,0.0234,0.0,0.016,0.0,0.06,0.0,0.0472,0.0169,0.1569,0.0083,0.0117,0.0095,1
7.1,-1.25,-3.75,0.6169,0.0163,0.0,0.0229,0.0,0.0513,0.0011,0.0587,0.0014,0.0484,0.0166,0.1327,0.0094,0.0146,0.0138,1
7.1,-1.25,-3.5,0.6494,0.0244,0.0021,0.0224,0.0,0.1445,0.0011,0.0574,0.0022,0.0455,0.0162,0.1074,0.0107,0.0167,0.0189,1
7.1,-1.25,-3.25,0.5935,0.0344,0.0054,0.022,0.0,0.3275,0.001,0.0562,0.0031,0.0374,0.0158,0.083,0.012,0.0164,0.0243,1
7.1,-1.25,-3.0,0.4678,0.0458,0.0109,0.0216,0.0,0.5805,0.0,0.0552,0.0042,0.0273,0.0155,0.0618,0.0133,0.0137,0.0294,1
7.1,-1.25,-2.75,0.3346,0.0584,0.0182,0.0212,0.0,0.8528,0.0,0.0544,0.0053,0.0186,0.0152,0.0448,0.0144,0.0102,0.0336,1
7.1,-1.25,-2.5,0.2306,0.0722,0.027,0.0209,0.0,1.1175,0.0,0.0537,0.0062,0.0125,0.015,0.0322,0.0149,0.0073,0.036,1
7.1,-1.25,-2.25,0.1599,0.087,0.0373,0.0207,0.0,1.37,0.0,0.0531,0.0068,0.0086,0.0148,0.0233,0.0147,0.0045,0.0364,1
7.1,-1.25,-2.0,0.1144,0.1026,0.0491,0.0204,0.0,1.6123,0.0,0.0527,0.007,0.0061,0.0146,0.0173,0.0137,0.0016,0.0347,1
7.1,-1.25,-1.75,0.0852,0.1185,0.0621,0.0202,0.0,1.8447,0.0,0.0524,0.0068,0.0046,0.0145,0.0133,0.0121,0.0012,0.0314,1
7.1,-1.25,-1.5,0.066,0.1346,0.0763,0.02,0.0,2.0676,0.0,0.0521,0.0062,0.0036,0.0143,0.0107,0.0104,0.0,0.0272,1
7.2,-1.25,-4.0,0.6695,0.0129,0.0,0.0234,0.0,0.0197,0.0012,0.0599,0.0011,0.0591,0.0169,0.1963,0.0082,0.0145,0.0119,1
7.2,-1.25,-3.75,0.7675,0.0201,0.0,0.0229,0.0,0.0634,0.0014,0.0587,0.0018,0.0605,0.0166,0.1661,0.0094,0.0181,0.0172,1
7.2,-1.25,-3.5,0.808,0.0301,0.0025,0.0225,0.0,0.1786,0.0014,0.0575,0.0027,0.057,0.0162,0.1344,0.0106,0.0206,0.0236,1
7.2,-1.25,-3.25,0.7392,0.0424,0.0066,0.022,0.0,0.4049,0.0013,0.0563,0.0039,0.0469,0.0158,0.1039,0.0119,0.0201,0.0304,1
7.2,-1.25,-3.0,0.5832,0.0565,0.0133,0.0216,0.0,0.7175,0.0,0.0553,0.0052,0.0342,0.0155,0.0772,0.0132,0.0168,0.0368,1
7.2,-1.25,-2.75,0.4174,0.072,0.0221,0.0213,0.0,1.0532,0.0,0.0545,0.0065,0.0234,0.0152,0.056,0.0142,0.0127,0.0419,1
7.2,-1.25,-2.5,0.2877,0.0888,0.0326,0.021,0.0,1.3779,0.0,0.0539,0.0076,0.0157,0.015,0.0403,0.0148,0.0091,0.045,1
7.2,-1.25,-2.25,0.1993,0.1066,0.0448,0.0208,0.0,1.6854,0.0,0.0534,0.0084,0.0108,0.0148,0.0291,0.0146,0.0056,0.0454,1
7.2,-1.25,-2.0,0.1424,0.1252,0.0585,0.0206,0.0,1.9777,0.0,0.053,0.0086,0.0077,0.0147,0.0216,0.0136,0.004,0.0432,1
7.2,-1.25,-1.75,0.106,0.1441,0.0736,0.0204,0.0,2.2566,0.0,0.0527,0.0082,0.0057,0.0146,0.0166,0.012,0.0015,0.0389,1
7.2,-1.25,-1.5,0.082,0.163,0.0898,0.0202,0.0,2.5217,0.0,0.0524,0.0075,0.0045,0.0145,0.0133,0.0102,0.0011,0.0337,1
7.3,-1.25,-4.0,0.8297,0.0156,0.0,0.0234,0.0,0.0242,0.0015,0.0599,0.0014,0.0737,0.0169,0.2448,0.0128,0.0179,0.0148,1
7.3,-1.25,-3.75,0.9508,0.0245,0.0,0.0229,0.0,0.0777,0.0017,0.0587,0.0022,0.0756,0.0166,0.2072,0.0146,0.0223,0.0215,1
7.3,-1.25,-3.5,1.0014,0.0367,0.0031,0.0225,0.0,0.2189,0.0017,0.0575,0.0033,0.0713,0.0162,0.1678,0.0166,0.0253,0.0294,1
7.3,-1.25,-3.25,0.9173,0.0519,0.0079,0.022,0.0,0.4966,0.0016,0.0564,0.0048,0.0589,0.0159,0.1296,0.0187,0.0248,0.0379,1
7.3,-1.25,-3.0,0.7246,0.0691,0.0159,0.0217,0.0,0.8803,0.0012,0.0555,0.0063,0.0431,0.0156,0.0964,0.0206,0.0208,0.0458,1
7.3,-1.25,-2.75,0.5192,0.0879,0.0264,0.0214,0.0,1.2914,0.0,0.0547,0.0079,0.0294,0.0153,0.0699,0.0223,0.0156,0.0521,1
7.3,-1.25,-2.5,0.3579,0.1081,0.0388,0.0211,0.0,1.6862,0.0,0.0541,0.0093,0.0198,0.0151,0.0501,0.0231,0.0113,0.0559,1
7.3,-1.25,-2.25,0.2479,0.1294,0.0529,0.0209,0.0,2.0569,0.0,0.0537,0.0102,0.0136,0.0149,0.0363,0.0228,0.0081,0.0565,1
7.3,-1.25,-2.0,0.177,0.1513,0.0686,0.0207,0.0,2.4055,0.0,0.0534,0.0104,0.0096,0.0148,0.0268,0.0213,0.0051,0.0537,1
7.3,-1.25,-1.75,0.1314,0.1734,0.0856,0.0205,0.0,2.7351,0.0,0.0531,0.0099,0.0072,0.0147,0.0206,0.0188,0.0028,0.0483,1
7.3,-1.25,-1.5,0.1014,0.1953,0.1038,0.0204,0.0,3.0465,0.0,0.0528,0.009,0.0056,0.0146,0.0165,0.016,0.0014,0.0417,1
7.4,-1.25,-4.0,1.0235,0.0188,0.0,0.0234,0.0,0.0296,0.0018,0.0598,0.0017,0.0916,0.0169,0.3049,0.0126,0.0218,0.0184,1
7.4,-1.25,-3.75,1.1725,0.0296,0.0011,0.0229,0.0,0.0947,0.0021,0.0587,0.0027,0.0941,0.0166,0.2581,0.0144,0.0272,0.0267,1
7.4,-1.25,-3.5,1.2355,0.0446,0.0036,0.0225,0.0,0.2669,0.0022,0.0576,0.0041,0.0889,0.0162,0.2091,0.0164,0.0309,0.0366,1
7.4,-1.25,-3.25,1.1329,0.0631,0.0094,0.0221,0.0,0.6055,0.0019,0.0566,0.0058,0.0737,0.0159,0.1615,0.0184,0.0301,0.047,1
7.4,-1.25,-3.0,0.8963,0.084,0.0189,0.0217,0.0,1.0732,0.0015,0.0557,0.0077,0.054,0.0156,0.1201,0.0203,0.0253,0.0568,1
7.4,-1.25,-2.75,0.643,0.1066,0.0311,0.0215,0.0,1.5728,0.0011,0.055,0.0096,0.037,0.0154,0.087,0.0219,0.0191,0.0646,1
7.4,-1.25,-2.5,0.4433,0.1307,0.0454,0.0212,0.0,2.0486,0.0,0.0544,0.0112,0.0248,0.0152,0.0624,0.0227,0.0137,0.0693,1
7.4,-1.25,-2.25,0.3069,0.1557,0.0615,0.021,0.0,2.4907,0.0,0.054,0.0122,0.017,0.015,0.045,0.0224,0.0098,0.0699,1
7.4,-1.25,-2.0,0.2188,0.1811,0.0791,0.0209,0.0,2.9018,0.0,0.0537,0.0125,0.0121,0.0149,0.0333,0.0209,0.0062,0.0664,1
7.4,-1.25,-1.75,0.1621,0.2065,0.0981,0.0207,0.0,3.2873,0.0,0.0535,0.0119,0.0089,0.0148,0.0255,0.0185,0.0046,0.0596,1
7.4,-1.25,-1.5,0.1248,0.2317,0.1182,0.0205,0.0,3.6508,0.0,0.0532,0.0107,0.0069,0.0147,0.0203,0.0158,0.0017,0.0513,1
7.5,-1.25,-4.0,1.2535,0.0225,0.0,0.0233,0.0,0.0358,0.0022,0.0598,0.002,0.1135,0.0169,0.3783,0.0196,0.0264,0.0228,1
7.5,-1.25,-3.75,1.436,0.0356,0.0013,0.023,0.0,0.1146,0.0025,0.0587,0.0033,0.1168,0.0166,0.3207,0.0224,0.0328,0.033,1
7.5,-1.25,-3.5,1.5139,0.0537,0.0043,0.0225,0.0,0.3228,0.0026,0.0577,0.005,0.1106,0.0163,0.2598,0.0255,0.0373,0.0453,1
7.5,-1.25,-3.25,1.389,0.0759,0.011,0.0222,0.0,0.7316,0.0024,0.0567,0.007,0.0919,0.016,0.2007,0.0286,0.0365,0.0581,1
7.5,-1.25,-3.0,1.1012,0.1011,0.022,0.0218,0.0,1.2961,0.0019,0.0559,0.0093,0.0676,0.0157,0.149,0.0315,0.0306,0.0701,1
7.5,-1.25,-2.75,0.791,0.1279,0.036,0.0216,0.0,1.8968,0.0013,0.0552,0.0115,0.0463,0.0155,0.1079,0.0339,0.0231,0.0797,1
7.5,-1.25,-2.5,0.5457,0.1561,0.0522,0.0213,0.0,2.4634,0.0,0.0547,0.0134,0.0311,0.0153,0.0774,0.0352,0.0164,0.0854,1
7.5,-1.25,-2.25,0.3775,0.185,0.0701,0.0212,0.0,2.9833,0.0,0.0544,0.0145,0.0212,0.0152,0.0558,0.0347,0.0117,0.086,1
7.5,-1.25,-2.0,0.2686,0.2141,0.0894,0.021,0.0,3.4627,0.0,0.0541,0.0147,0.015,0.015,0.0412,0.0324,0.0086,0.0815,1
7.5,-1.25,-1.75,0.1987,0.243,0.11,0.0209,0.0,3.9083,0.0,0.0539,0.014,0.0111,0.015,0.0315,0.0287,0.0055,0.0732,1
7.5,-1.25,-1.5,0.1526,0.2716,0.1319,0.0207,0.0,4.328,0.0,0.0537,0.0127,0.0086,0.0149,0.025,0.0244,0.0044,0.0628,1
7.6,-1.25,-4.0,1.5265,0.0268,0.0,0.0233,0.0,0.0431,0.0027,0.0597,0.0025,0.1402,0.0169,0.4685,0.0191,0.0315,0.0281,1
7.6,-1.25,-3.75,1.7475,0.0424,0.0015,0.023,0.0,0.1376,0.0031,0.0588,0.004,0.1443,0.0166,0.3973,0.0219,0.0392,0.0407,1
7.6,-1.25,-3.5,1.841,0.064,0.0049,0.0226,0.0,0.387,0.0032,0.0578,0.006,0.137,0.0163,0.3219,0.0249,0.0445,0.0557,1
7.6,-1.25,-3.25,1.6909,0.0906,0.0127,0.0222,0.0,0.8761,0.0029,0.0569,0.0084,0.1142,0.016,0.2486,0.0279,0.0436,0.0715,1
7.6,-1.25,-3.0,1.3428,0.1203,0.0251,0.0219,0.0,1.5496,0.0023,0.0561,0.011,0.0842,0.0158,0.1845,0.0307,0.0365,0.0861,1
7.6,-1.25,-2.75,0.9656,0.1517,0.0408,0.0217,0.0,2.2617,0.0016,0.0555,0.0136,0.0578,0.0156,0.1334,0.033,0.0276,0.0975,1
7.6,-1.25,-2.5,0.6664,0.184,0.0586,0.0215,0.0,2.9281,0.0011,0.0551,0.0157,0.0388,0.0154,0.0956,0.0341,0.0198,0.1043,1
7.6,-1.25,-2.25,0.4609,0.2169,0.078,0.0213,0.0,3.531,0.0,0.0547,0.017,0.0264,0.0153,0.0688,0.0336,0.0142,0.105,1
7.6,-1.25,-2.0,0.3276,0.2496,0.0987,0.0212,0.0,4.0817,0.0,0.0545,0.0172,0.0186,0.0152,0.0508,0.0314,0.0103,0.0995,1
7.6,-1.25,-1.75,0.2418,0.2821,0.1208,0.0211,0.0,4.5933,0.0,0.0543,0.0163,0.0137,0.0151,0.0387,0.0278,0.0078,0.0892,1
7.6,-1.25,-1.5,0.1856,0.3143,0.1441,0.0209,0.0,5.0743,0.0,0.0541,0.0147,0.0106,0.015,0.0307,0.0237,0.0052,0.0765,1
7.7,-1.25,-4.0,1.8354,0.0314,0.0,0.0233,0.0,0.0514,0.0032,0.0597,0.0029,0.1719,0.0169,0.5762,0.0294,0.0372,0.0344,1
7.7,-1.25,-3.75,2.0981,0.0498,0.0017,0.023,0.0,0.163,0.0036,0.0589,0.0047,0.1771,0.0166,0.4894,0.0338,0.046,0.0498,1
7.7,-1.25,-3.5,2.2098,0.0753,0.0056,0.0227,0.0,0.4573,0.0038,0.058,0.0071,0.1685,0.0164,0.3968,0.0383,0.0522,0.0681,1
7.7,-1.25,-3.25,2.0312,0.1065,0.0141,0.0223,0.0,1.0333,0.0034,0.0571,0.0099,0.141,0.0161,0.3063,0.0429,0.051,0.0873,1
7.7,-1.25,-3.0,1.6158,0.1409,0.0278,0.022,0.0,1.8235,0.0027,0.0564,0.0129,0.1043,0.0159,0.2272,0.047,0.0429,0.1047,1
7.7,-1.25,-2.75,1.1645,0.1767,0.0448,0.0218,0.0,2.6531,0.002,0.0559,0.0158,0.0716,0.0157,0.1641,0.0503,0.0323,0.1183,1
7.7,-1.25,-2.5,0.805,0.2131,0.0639,0.0216,0.0,3.4227,0.0014,0.0554,0.0181,0.0481,0.0155,0.1173,0.052,0.0232,0.1262,1
7.7,-1.25,-2.25,0.5567,0.2496,0.0843,0.0215,0.0,4.1122,0.0,0.0551,0.0195,0.0327,0.0154,0.0844,0.0512,0.0167,0.1269,1
7.7,-1.25,-2.0,0.3955,0.2859,0.1059,0.0214,0.0,4.736,0.0,0.0549,0.0197,0.023,0.0153,0.0621,0.0477,0.0121,0.1202,1
7.7,-1.25,-1.75,0.2917,0.322,0.1289,0.0212,0.0,5.3163,0.0,0.0547,0.0187,0.0169,0.0152,0.0473,0.0424,0.0091,0.1077,1
7.7,-1.25,-1.5,0.2236,0.3581,0.1536,0.0211,0.0,5.8681,0.0,0.0545,0.0169,0.013,0.0152,0.0375,0.0362,0.0061,0.0924,1
7.8,-1.25,-4.0,2.1807,0.0363,0.0,0.0233,0.0,0.0608,0.0037,0.0597,0.0034,0.2092,0.0169,0.7041,0.0283,0.0429,0.0418,1
7.8,-1.25,-3.75,2.4889,0.0577,0.0019,0.023,0.0,0.1907,0.0043,0.059,0.0055,0.2158,0.0167,0.5995,0.0325,0.053,0.0604,1
7.8,-1.25,-3.5,2.6195,0.0873,0.0061,0.0227,0.0,0.5327,0.0045,0.0582,0.0082,0.2058,0.0164,0.4862,0.0369,0.0599,0.0826,1
7.8,-1.25,-3.25,2.4082,0.1232,0.0154,0.0224,0.0,1.2,0.0041,0.0574,0.0114,0.1728,0.0162,0.3753,0.0412,0.0586,0.1055,1
7.8,-1.25,-3.0,1.9185,0.1621,0.0299,0.0221,0.0,2.1097,0.0032,0.0567,0.0148,0.1282,0.016,0.2781,0.045,0.0493,0.1262,1
7.8,-1.25,-2.75,1.387,0.2021,0.0477,0.0219,0.0,3.0593,0.0023,0.0562,0.0179,0.0883,0.0158,0.2007,0.048,0.0373,0.1421,1
7.8,-1.25,-2.5,0.9605,0.2421,0.0674,0.0218,0.0,3.931,0.0016,0.0558,0.0205,0.0593,0.0156,0.1433,0.0494,0.0269,0.1511,1
7.8,-1.25,-2.25,0.6652,0.2819,0.0882,0.0216,0.0,4.7083,0.0012,0.0555,0.0219,0.0402,0.0155,0.103,0.0486,0.0193,0.1517,1
7.8,-1.25,-2.0,0.4726,0.3215,0.1103,0.0215,0.0,5.4085,0.0,0.0553,0.0221,0.0282,0.0155,0.0756,0.0453,0.0141,0.1437,1
7.8,-1.25,-1.75,0.3485,0.3612,0.1339,0.0214,0.0,6.0606,0.0,0.0551,0.021,0.0207,0.0154,0.0575,0.0403,0.0106,0.129,1
7.8,-1.25,-1.5,0.2672,0.4015,0.1596,0.0213,0.0,6.6878,0.0,0.055,0.019,0.0158,0.0153,0.0455,0.0346,0.0082,0.1107,1
7.9,-1.25,-4.0,2.5242,0.041,0.0,0.0233,0.0,0.0696,0.0043,0.0598,0.0039,0.251,0.0169,0.8503,0.0427,0.0478,0.0501,1
7.9,-1.25,-3.75,2.8825,0.0653,0.002,0.0231,0.0,0.2176,0.0049,0.0592,0.0063,0.2593,0.0167,0.726,0.0491,0.059,0.0724,1
7.9,-1.25,-3.5,3.0317,0.0987,0.0064,0.0228,0.0,0.6051,0.0051,0.0584,0.0093,0.2479,0.0165,0.5896,0.0556,0.0666,0.0988,1
7.9,-1.25,-3.25,2.7923,0.1389,0.0159,0.0225,0.0,1.3586,0.0047,0.0576,0.0129,0.2093,0.0163,0.4552,0.0618,0.0652,0.1259,1
7.9,-1.25,-3.0,2.2327,0.1819,0.0306,0.0223,0.0,2.3825,0.0037,0.057,0.0165,0.156,0.0161,0.337,0.0672,0.0551,0.1499,1
7.9,-1.25,-2.75,1.6203,0.2251,0.0485,0.0221,0.0,3.4421,0.0027,0.0565,0.0198,0.1077,0.0159,0.2429,0.0714,0.0418,0.1681,1
7.9,-1.25,-2.5,1.1265,0.2679,0.068,0.0219,0.0,4.4087,0.0019,0.0561,0.0224,0.0724,0.0158,0.1734,0.0733,0.0304,0.1783,1
7.9,-1.25,-2.25,0.7819,0.3105,0.0886,0.0218,0.0,5.2681,0.0014,0.0559,0.024,0.0491,0.0157,0.1244,0.0721,0.0218,0.1787,1
7.9,-1.25,-2.0,0.5564,0.3531,0.1106,0.0217,0.0,6.0468,0.0,0.0557,0.0242,0.0344,0.0156,0.0912,0.0674,0.0159,0.1693,1
7.9,-1.25,-1.75,0.4107,0.3964,0.1344,0.0216,0.0,6.7791,0.0,0.0556,0.023,0.0251,0.0155,0.0693,0.0601,0.0121,0.1523,1
7.9,-1.25,-1.5,0.3151,0.4409,0.1604,0.0215,0.0,7.4885,0.0,0.0554,0.021,0.0192,0.0155,0.0548,0.0517,0.0095,0.1311,1
8.0,-1.25,-4.0,2.86,0.0452,0.0,0.0233,0.0,0.0781,0.0048,0.0599,0.0044,0.2973,0.017,1.0152,0.0401,0.0515,0.0592,1
8.0,-1.25,-3.75,3.2708,0.0722,0.0021,0.0231,0.0,0.2432,0.0054,0.0593,0.0069,0.3079,0.0168,0.8699,0.0462,0.0637,0.0856,1
8.0,-1.25,-3.5,3.4416,0.1092,0.0064,0.0229,0.0,0.6733,0.0057,0.0586,0.0103,0.2954,0.0166,0.708,0.0523,0.0719,0.1168,1
8.0,-1.25,-3.25,3.1701,0.1529,0.0158,0.0226,0.0,1.5018,0.0052,0.0579,0.0141,0.2503,0.0163,0.5466,0.0578,0.0704,0.1482,1
8.0,-1.25,-3.0,2.5448,0.1989,0.03,0.0224,0.0,2.6223,0.0042,0.0573,0.0179,0.1876,0.0162,0.4045,0.0625,0.0597,0.1757,1
8.0,-1.25,-2.75,1.8578,0.2445,0.0472,0.0222,0.0,3.7817,0.0031,0.0568,0.0213,0.13,0.016,0.2914,0.066,0.0458,0.1963,1
8.0,-1.25,-2.5,1.2987,0.2893,0.0659,0.022,0.0,4.8369,0.0022,0.0565,0.024,0.0875,0.0159,0.2077,0.0677,0.0336,0.2076,1
8.0,-1.25,-2.25,0.9053,0.334,0.0857,0.0219,0.0,5.7731,0.0016,0.0562,0.0256,0.0594,0.0158,0.149,0.0666,0.0242,0.2079,1
8.0,-1.25,-2.0,0.6462,0.3795,0.1071,0.0218,0.0,6.6297,0.0011,0.0561,0.0258,0.0416,0.0157,0.1093,0.0625,0.0179,0.1972,1
8.0,-1.25,-1.75,0.478,0.4261,0.1304,0.0218,0.0,7.4428,0.0,0.0559,0.0247,0.0303,0.0157,0.083,0.0559,0.0136,0.1777,1
8.0,-1.25,-1.5,0.3674,0.4749,0.1565,0.0217,0.0,8.2442,0.0,0.0558,0.0226,0.0231,0.0156,0.0656,0.0483,0.0107,0.1535,1
8.1,-1.25,-4.0,3.0841,0.0475,0.0,0.0234,0.0,0.0835,0.005,0.06,0.0046,0.3423,0.017,1.1823,0.0582,0.0517,0.068,1
8.1,-1.25,-3.75,3.5494,0.0763,0.0019,0.0232,0.0,0.2604,0.0058,0.0595,0.0073,0.3564,0.0168,1.0201,0.0672,0.0646,0.0987,1
8.1,-1.25,-3.5,3.7511,0.1157,0.006,0.023,0.0,0.7193,0.0061,0.0588,0.0109,0.3437,0.0166,0.834,0.076,0.0733,0.1347,1
8.1,-1.25,-3.25,3.4724,0.1618,0.0146,0.0227,0.0,1.5996,0.0056,0.0582,0.0148,0.2934,0.0164,0.6452,0.0839,0.0723,0.1707,1
8.1,-1.25,-3.0,2.8092,0.2096,0.0276,0.0225,0.0,2.7867,0.0046,0.0576,0.0186,0.2216,0.0163,0.4779,0.0903,0.0618,0.2018,1
8.1,-1.25,-2.75,2.0708,0.2564,0.0432,0.0223,0.0,4.0189,0.0034,0.0572,0.022,0.1545,0.0161,0.3444,0.0949,0.0481,0.2248,1
8.1,-1.25,-2.5,1.4607,0.3024,0.0604,0.0222,0.0,5.1462,0.0025,0.0569,0.0247,0.1044,0.016,0.2457,0.0971,0.0357,0.2375,1
8.1,-1.25,-2.25,1.0252,0.3484,0.0788,0.0221,0.0,6.1534,0.0018,0.0566,0.0264,0.071,0.0159,0.1764,0.0957,0.0261,0.2379,1
8.1,-1.25,-2.0,0.7354,0.3957,0.0988,0.022,0.0,7.081,0.0013,0.0565,0.0267,0.0497,0.0159,0.1294,0.0901,0.0194,0.226,1
8.1,-1.25,-1.75,0.5461,0.4455,0.1212,0.0219,0.0,7.9756,0.0,0.0563,0.0257,0.0362,0.0158,0.0983,0.0812,0.015,0.2042,1
8.1,-1.25,-1.5,0.421,0.4987,0.1466,0.0218,0.0,8.8733,0.0,0.0562,0.0238,0.0276,0.0157,0.0777,0.0705,0.0117,0.1771,1
8.2,-1.25,-4.0,3.1693,0.0464,0.0,0.0233,0.0,0.0843,0.005,0.0598,0.0045,0.3823,0.017,1.3406,0.0515,0.0486,0.0758,1
8.2,-1.25,-3.75,3.693,0.0758,0.0017,0.0232,0.0,0.2649,0.0058,0.0595,0.0073,0.4018,0.0169,1.1696,0.0599,0.0617,0.1107,1
8.2,-1.25,-3.5,3.9369,0.116,0.0052,0.023,0.0,0.7334,0.0062,0.059,0.011,0.3909,0.0167,0.9632,0.068,0.0709,0.1517,1
8.2,-1.25,-3.25,3.6787,0.1629,0.0125,0.0228,0.0,1.6312,0.0058,0.0584,0.0149,0.337,0.0165,0.7483,0.0749,0.0705,0.1923,1
8.2,-1.25,-3.0,3.0092,0.2109,0.0235,0.0226,0.0,2.843,0.0048,0.0579,0.0186,0.2571,0.0164,0.555,0.0803,0.0612,0.2268,1
8.2,-1.25,-2.75,2.2469,0.2576,0.037,0.0224,0.0,4.1097,0.0037,0.0575,0.0219,0.1808,0.0162,0.4004,0.0842,0.0486,0.2523,1
8.2,-1.25,-2.5,1.6037,0.3034,0.0519,0.0223,0.0,5.2813,0.0027,0.0572,0.0246,0.1229,0.0161,0.2859,0.0861,0.0367,0.2667,1
8.2,-1.25,-2.25,1.1362,0.3497,0.0682,0.0222,0.0,6.3385,0.0019,0.057,0.0263,0.0838,0.0161,0.2055,0.0851,0.0272,0.2678,1
8.2,-1.25,-2.0,0.8205,0.3977,0.0861,0.0221,0.0,7.321,0.0014,0.0568,0.0268,0.0587,0.016,0.151,0.0806,0.0206,0.2555,1
8.2,-1.25,-1.75,0.6124,0.4493,0.1064,0.0221,0.0,8.2843,0.0011,0.0567,0.026,0.0428,0.0159,0.1149,0.0731,0.0159,0.2321,1
8.2,-1.25,-1.5,0.4739,0.5052,0.1299,0.022,0.0,9.2639,0.0,0.0566,0.0243,0.0326,0.0159,0.0909,0.0641,0.0127,0.2025,1
8.3,-1.25,-4.0,2.9005,0.039,0.0,0.023,0.0,0.0751,0.0043,0.0593,0.0039,0.3979,0.0168,1.4276,0.0671,0.0386,0.0786,1
8.3,-1.25,-3.75,3.482,0.066,0.0012,0.0231,0.0,0.2412,0.0052,0.0593,0.0065,0.4266,0.0168,1.2735,0.0796,0.0511,0.1168,1
8.3,-1.25,-3.5,3.8103,0.1042,0.0038,0.023,0.0,0.6804,0.0058,0.059,0.01,0.4232,0.0167,1.0668,0.0915,0.0608,0.1624,1
8.3,-1.25,-3.25,3.6427,0.1494,0.0093,0.0228,0.0,1.5354,0.0056,0.0586,0.0138,0.3719,0.0166,0.8374,0.1014,0.0624,0.2078,1
8.3,-1.25,-3.0,3.0458,0.1957,0.0178,0.0227,0.0,2.7045,0.0047,0.0582,0.0173,0.2885,0.0165,0.6247,0.1088,0.0559,0.2458,1
8.3,-1.25,-2.75,2.3195,0.2405,0.0282,0.0225,0.0,3.9461,0.0037,0.0579,0.0203,0.2056,0.0164,0.4521,0.1139,0.0455,0.274,1
8.3,-1.25,-2.5,1.6861,0.2847,0.0401,0.0224,0.0,5.114,0.0027,0.0576,0.0229,0.1411,0.0163,0.3237,0.1167,0.0353,0.2905,1
8.3,-1.25,-2.25,1.2112,0.3295,0.0534,0.0223,0.0,6.1829,0.002,0.0574,0.0246,0.0968,0.0162,0.2332,0.116,0.0268,0.2936,1
8.3,-1.25,-2.0,0.8838,0.3768,0.0683,0.0223,0.0,7.1916,0.0015,0.0573,0.0254,0.068,0.0161,0.1717,0.111,0.0206,0.2823,1
8.3,-1.25,-1.75,0.665,0.4278,0.0853,0.0222,0.0,8.1868,0.0012,0.0572,0.0251,0.0497,0.0161,0.1309,0.1019,0.016,0.2587,1
8.3,-1.25,-1.5,0.5181,0.4849,0.1057,0.0221,0.0,9.2255,0.0,0.057,0.0238,0.0378,0.0161,0.1037,0.0903,0.013,0.228,1
8.4,-1.25,-4.0,2.4518,0.0303,0.0,0.0227,0.0,0.0627,0.0034,0.0587,0.0031,0.3944,0.0167,1.4515,0.0526,0.0273,0.0782,1
8.4,-1.25,-3.75,3.0834,0.054,0.0,0.0229,0.0,0.2084,0.0044,0.059,0.0054,0.4358,0.0168,1.3371,0.0642,0.0387,0.1194,1
8.4,-1.25,-3.5,3.5055,0.0888,0.0025,0.0229,0.0,0.6047,0.005,0.059,0.0086,0.444,0.0167,1.1475,0.0755,0.0486,0.1696,1
8.4,-1.25,-3.25,3.4485,0.1307,0.0065,0.0228,0.0,1.3891,0.005,0.0587,0.0121,0.3989,0.0167,0.9141,0.0845,0.0519,0.2195,1
8.4,-1.25,-3.0,2.9582,0.174,0.0125,0.0227,0.0,2.4791,0.0044,0.0584,0.0153,0.3155,0.0166,0.6877,0.0908,0.0482,0.2612,1
8.4,-1.25,-2.75,2.3081,0.216,0.0202,0.0226,0.0,3.6587,0.0035,0.0582,0.0181,0.2284,0.0165,0.5002,0.0952,0.0406,0.2921,1
8.4,-1.25,-2.5,1.7115,0.2574,0.0292,0.0225,0.0,4.7902,0.0027,0.058,0.0205,0.1586,0.0164,0.3594,0.0977,0.0323,0.311,1
8.4,-1.25,-2.25,1.2498,0.2996,0.0394,0.0225,0.0,5.8429,0.002,0.0578,0.0222,0.1095,0.0164,0.2598,0.0977,0.0253,0.316,1
8.4,-1.25,-2.0,0.9242,0.3445,0.0512,0.0224,0.0,6.851,0.0015,0.0577,0.0232,0.0774,0.0163,0.1919,0.0943,0.0199,0.3062,1
8.4,-1.25,-1.75,0.7024,0.3935,0.0649,0.0223,0.0,7.8563,0.0012,0.0576,0.0232,0.0566,0.0163,0.1467,0.0876,0.0159,0.2831,1
8.4,-1.25,-1.5,0.5517,0.4494,0.0815,0.0223,0.0,8.9214,0.0,0.0575,0.0225,0.0432,0.0162,0.1167,0.0785,0.0129,0.2518,1
8.5,-1.25,-4.0,1.678,0.0163,0.0,0.0223,0.0,0.0387,0.0021,0.0578,0.002,0.3435,0.0165,1.2943,0.0575,0.0142,0.0702,1
8.5,-1.25,-3.75,2.2918,0.0321,0.0,0.0226,0.0,0.1378,0.0029,0.0586,0.0037,0.3994,0.0167,1.2557,0.0739,0.0228,0.1118,1
8.5,-1.25,-3.5,2.837,0.0586,0.0013,0.0228,0.0,0.4329,0.0037,0.0588,0.0065,0.4291,0.0167,1.1283,0.091,0.032,0.1659,1
8.5,-1.25,-3.25,2.9982,0.0936,0.0035,0.0228,0.0,1.0654,0.004,0.0588,0.0096,0.4031,0.0167,0.9266,0.105,0.0375,0.2215,1
8.5,-1.25,-3.0,2.7211,0.1321,0.0072,0.0227,0.0,1.9988,0.0037,0.0587,0.0125,0.3298,0.0167,0.709,0.1147,0.0374,0.2679,1
8.5,-1.25,-2.75,2.212,0.1702,0.0121,0.0227,0.0,3.0511,0.0031,0.0585,0.0149,0.2443,0.0166,0.5198,0.1209,0.0332,0.3018,1
8.5,-1.25,-2.5,1.6916,0.2081,0.0181,0.0226,0.0,4.0978,0.0024,0.0584,0.017,0.1722,0.0166,0.3753,0.125,0.0277,0.3242,1
8.5,-1.25,-2.25,1.2629,0.2472,0.0252,0.0226,0.0,5.1027,0.0019,0.0583,0.0188,0.12,0.0165,0.2724,0.1267,0.0223,0.3342,1
8.5,-1.25,-2.0,0.9476,0.2887,0.0336,0.0225,0.0,6.0756,0.0015,0.0582,0.02,0.085,0.0165,0.2019,0.1249,0.018,0.3299,1
8.5,-1.25,-1.75,0.7275,0.3342,0.0435,0.0225,0.0,7.0564,0.0012,0.0581,0.0206,0.0624,0.0164,0.1548,0.1189,0.0146,0.3116,1
8.5,-1.25,-1.5,0.5748,0.3858,0.0557,0.0224,0.0,8.0973,0.0,0.058,0.0205,0.0476,0.0164,0.1235,0.1093,0.0122,0.2828,1
8.6,-1.25,-4.0,0.9852,0.0058,0.0,0.0217,0.0,0.0176,0.001,0.0567,0.0011,0.2726,0.0161,1.0432,0.0364,0.0051,0.0594,1
8.6,-1.25,-3.75,1.4826,0.0131,0.0,0.0223,0.0,0.0678,0.0016,0.058,0.0022,0.3356,0.0165,1.071,0.0496,0.0108,0.0988,1
8.6,-1.25,-3.5,2.0893,0.0281,0.0,0.0226,0.0,0.2423,0.0024,0.0586,0.0044,0.3891,0.0167,1.0271,0.0654,0.0181,0.156,1
8.6,-1.25,-3.25,2.5057,0.0525,0.0015,0.0227,0.0,0.6806,0.0029,0.0588,0.0073,0.3922,0.0167,0.8873,0.08,0.025,0.2198,1
8.6,-1.25,-3.0,2.4818,0.0822,0.0036,0.0227,0.0,1.4076,0.0029,0.0588,0.0099,0.3346,0.0167,0.694,0.0897,0.0278,0.2729,1
8.6,-1.25,-2.75,2.1511,0.1142,0.0064,0.0227,0.0,2.2902,0.0025,0.0588,0.012,0.2546,0.0167,0.5132,0.0955,0.0267,0.3105,1
8.6,-1.25,-2.5,1.7181,0.1475,0.0099,0.0227,0.0,3.2125,0.002,0.0588,0.0138,0.182,0.0167,0.3709,0.0993,0.0234,0.336,1
8.6,-1.25,-2.25,1.3189,0.1826,0.0143,0.0227,0.0,4.1331,0.0016,0.0587,0.0154,0.1275,0.0167,0.2691,0.1021,0.0196,0.3517,1
8.6,-1.25,-2.0,1.0039,0.2204,0.0196,0.0227,0.0,5.0471,0.0012,0.0587,0.0168,0.0904,0.0166,0.1993,0.1035,0.0162,0.3565,1
8.6,-1.25,-1.75,0.7747,0.2613,0.0261,0.0226,0.0,5.9674,0.001,0.0587,0.0178,0.066,0.0166,0.1527,0.1024,0.0134,0.3483,1
8.6,-1.25,-1.5,0.6132,0.3075,0.0342,0.0226,0.0,6.9464,0.0,0.0586,0.0185,0.0502,0.0166,0.1219,0.0983,0.0113,0.328,1
8.7,-1.25,-4.0,0.4398,0.0016,0.0,0.0213,0.0,0.0065,0.0,0.056,0.0,0.1851,0.016,0.7309,0.0319,0.0,0.0445,1
8.7,-1.25,-3.75,0.7207,0.0041,0.0,0.0221,0.0,0.0263,0.0,0.0578,0.0,0.2389,0.0165,0.7918,0.0454,0.0014,0.076,1
8.7,-1.25,-3.5,1.1837,0.0103,0.0,0.0225,0.0,0.1107,0.0011,0.0587,0.0023,0.3029,0.0167,0.8231,0.0652,0.0072,0.1295,1
8.7,-1.25,-3.25,1.7211,0.0239,0.0,0.0227,0.0,0.3799,0.0017,0.059,0.0046,0.3404,0.0168,0.7767,0.0881,0.0128,0.2008,1
8.7,-1.25,-3.0,1.9849,0.0441,0.0015,0.0227,0.0,0.9074,0.0019,0.0591,0.0071,0.3142,0.0168,0.6444,0.1057,0.0172,0.2656,1
8.7,-1.25,-2.75,1.8883,0.0673,0.003,0.0228,0.0,1.5964,0.0018,0.0591,0.009,0.2485,0.0168,0.4875,0.1153,0.0186,0.3092,1
8.7,-1.25,-2.5,1.6134,0.093,0.0049,0.0228,0.0,2.3548,0.0015,0.0592,0.0105,0.1815,0.0168,0.3555,0.1209,0.0177,0.3377,1
8.7,-1.25,-2.25,1.2985,0.1218,0.0074,0.0228,0.0,3.1462,0.0012,0.0592,0.0118,0.1285,0.0168,0.2583,0.1253,0.0158,0.357,1
8.7,-1.25,-2.0,1.0177,0.1541,0.0105,0.0228,0.0,3.9643,0.0,0.0592,0.0132,0.0913,0.0168,0.1915,0.1293,0.0135,0.3685,1
8.7,-1.25,-1.75,0.8004,0.1904,0.0145,0.0228,0.0,4.8163,0.0,0.0592,0.0144,0.0666,0.0168,0.1468,0.132,0.0115,0.3705,1
8.7,-1.25,-1.5,0.6368,0.2309,0.0196,0.0227,0.0,5.7209,0.0,0.0591,0.0154,0.0504,0.0167,0.1172,0.1317,0.0099,0.3605,1
8.8,-1.25,-4.0,0.1786,0.0,0.0,0.021,0.0,0.0023,0.0,0.0555,0.0,0.1193,0.0158,0.4862,0.0169,0.0,0.0323,1
8.8,-1.25,-3.75,0.3141,0.0012,0.0,0.0219,0.0,0.0094,0.0,0.0578,0.0,0.1596,0.0165,0.5523,0.0249,0.0,0.0561,1
8.8,-1.25,-3.5,0.5727,0.0033,0.0,0.0225,0.0,0.044,0.0,0.059,0.001,0.2152,0.0168,0.612,0.0378,0.0,0.1003,1
8.8,-1.25,-3.25,1.015,0.0094,0.0,0.0227,0.0,0.1893,0.0,0.0593,0.0025,0.2707,0.0169,0.6361,0.0569,0.0045,0.1721,1
8.8,-1.25,-3.0,1.4303,0.0212,0.0,0.0228,0.0,0.5443,0.0011,0.0594,0.0047,0.2781,0.0169,0.5763,0.0754,0.0091,0.2492,1
8.8,-1.25,-2.75,1.5518,0.0363,0.0013,0.0228,0.0,1.0597,0.0012,0.0595,0.0065,0.2332,0.0169,0.4554,0.0861,0.0117,0.303,1
8.8,-1.25,-2.5,1.4493,0.0534,0.0023,0.0229,0.0,1.6448,0.0011,0.0596,0.0079,0.1756,0.0169,0.3375,0.0915,0.0128,0.335,1
8.8,-1.25,-2.25,1.2453,0.0738,0.0036,0.0229,0.0,2.2804,0.0,0.0596,0.009,0.1261,0.0169,0.2465,0.0951,0.0123,0.3559,1
8.8,-1.25,-2.0,1.0225,0.0987,0.0054,0.0229,0.0,2.9712,0.0,0.0597,0.01,0.09,0.0169,0.1827,0.099,0.0113,0.3713,1
8.8,-1.25,-1.75,0.8251,0.1286,0.0077,0.0229,0.0,3.7231,0.0,0.0597,0.0112,0.0655,0.0169,0.1398,0.103,0.0099,0.3808,1
8.8,-1.25,-1.5,0.6679,0.1635,0.0108,0.0229,0.0,4.547,0.0,0.0597,0.0123,0.0494,0.0169,0.1116,0.1061,0.0086,0.3816,1
8.9,-1.25,-4.0,0.045,0.0,0.0,0.018,0.0,0.0012,0.0,0.048,0.0,0.0544,0.0139,0.1872,0.0102,0.0,0.0212,1
8.9,-1.25,-3.75,0.0681,0.0,0.0,0.0197,0.0,0.0045,0.0,0.0524,0.0,0.0663,0.0151,0.1929,0.0146,0.0,0.0364,1
8.9,-1.25,-3.5,0.1457,0.0,0.0,0.022,0.0,0.0091,0.0,0.0581,0.0,0.1049,0.0166,0.3242,0.0233,0.0,0.0546,1
8.9,-1.25,-3.25,0.3199,0.0016,0.0,0.0225,0.0,0.0513,0.0,0.0591,0.0,0.1515,0.0169,0.3826,0.04,0.0,0.1065,1
8.9,-1.25,-3.0,0.6182,0.0051,0.0,0.0227,0.0,0.2049,0.0,0.0594,0.0018,0.1885,0.0169,0.4071,0.0638,0.0,0.1834,1
8.9,-1.25,-2.75,0.887,0.0111,0.0,0.0228,0.0,0.4946,0.0,0.0596,0.0032,0.1853,0.017,0.3644,0.0838,0.0018,0.2524,1
8.9,-1.25,-2.5,1.0065,0.0185,0.0,0.0228,0.0,0.8499,0.0,0.0598,0.0045,0.153,0.017,0.2871,0.0948,0.0052,0.295,1
8.9,-1.25,-2.25,1.0038,0.0273,0.0011,0.0229,0.0,1.2483,0.0,0.0599,0.0055,0.1159,0.017,0.2154,0.101,0.0073,0.3206,1
8.9,-1.25,-2.0,0.9248,0.0392,0.0018,0.0229,0.0,1.704,0.0,0.06,0.0063,0.0848,0.017,0.1609,0.1061,0.0078,0.3387,1
8.9,-1.25,-1.75,0.8077,0.0561,0.0028,0.0229,0.0,2.2397,0.0,0.0601,0.0072,0.0621,0.017,0.1229,0.1119,0.0077,0.3538,1
8.9,-1.25,-1.5,0.6836,0.0795,0.0042,0.0229,0.0,2.8707,0.0,0.06,0.0081,0.0466,0.017,0.0976,0.1185,0.006,0.3651,1
9.0,-1.25,-4.0,0.0046,0.0,0.0,0.0097,0.0,0.0,0.0,0.0259,0.0,0.0131,0.0074,0.0492,0.0018,0.0,0.0056,1
9.0,-1.25,-3.75,0.0085,0.0,0.0,0.0108,0.0,0.0,0.0,0.0286,0.0,0.0181,0.0082,0.0582,0.003,0.0,0.0107,1
9.0,-1.25,-3.5,0.022,0.0,0.0,0.0115,0.0,0.0027,0.0,0.0305,0.0,0.0294,0.0087,0.0779,0.0058,0.0,0.023,1
9.0,-1.25,-3.25,0.0836,0.0,0.0,0.0199,0.0,0.0208,0.0,0.0529,0.0,0.0659,0.0153,0.1461,0.0162,0.0,0.0702,1
9.0,-1.25,-3.0,0.1216,0.0,0.0,0.022,0.0,0.0347,0.0,0.0583,0.0,0.0834,0.0166,0.1945,0.0207,0.0,0.0884,1
9.0,-1.25,-2.75,0.2659,0.0014,0.0,0.0224,0.0,0.1207,0.0,0.059,0.0,0.1087,0.0168,0.2196,0.0355,0.0,0.1554,1
9.0,-1.25,-2.5,0.4721,0.003,0.0,0.0226,0.0,0.2629,0.0,0.0594,0.0017,0.1168,0.0169,0.2116,0.0503,0.0,0.221,1
9.0,-1.25,-2.25,0.7123,0.005,0.0,0.0227,0.0,0.4362,0.0,0.0597,0.0028,0.1078,0.017,0.1815,0.0625,0.0013,0.273,1
9.0,-1.25,-2.0,0.9507,0.0071,0.0,0.0228,0.0,0.6177,0.0,0.0599,0.0041,0.0893,0.017,0.146,0.0717,0.0048,0.3108,1
9.0,-1.25,-1.75,1.1186,0.0097,0.0,0.0228,0.0,0.8245,0.0,0.0601,0.0052,0.0688,0.017,0.114,0.0777,0.0081,0.3338,1
9.0,-1.25,-1.5,1.1411,0.014,0.0,0.0228,0.0,1.1063,0.0,0.0601,0.006,0.0513,0.017,0.089,0.0808,0.0095,0.3437,1
9.1,-1.25,-4.0,0.0,0.0,0.0,0.0078,0.0,0.0,0.0,0.021,0.0,0.0022,0.006,0.009,0.0,0.0,0.0012,1
9.1,-1.25,-3.75,0.0,0.0,0.0,0.0091,0.0,0.0,0.0,0.0242,0.0,0.0033,0.0069,0.0121,0.0,0.0,0.0025,1
9.1,-1.25,-3.5,0.0,0.0,0.0,0.01,0.0,0.0,0.0,0.0268,0.0,0.0058,0.0076,0.0176,0.0014,0.0,0.0057,1
9.1,-1.25,-3.25,0.0056,0.0,0.0,0.0107,0.0,0.0013,0.0,0.0284,0.0,0.0132,0.0081,0.0329,0.0039,0.0,0.0161,1
9.1,-1.25,-3.0,0.0348,0.0,0.0,0.0116,0.0,0.0135,0.0,0.0306,0.0,0.0309,0.0087,0.0644,0.0119,0.0,0.0475,1
9.1,-1.25,-2.75,0.0845,0.0,0.0,0.0203,0.0,0.0613,0.0,0.0537,0.0,0.0449,0.0154,0.0882,0.0265,0.0,0.1103,1
9.1,-1.25,-2.5,0.0759,0.0,0.0,0.022,0.0,0.0968,0.0,0.0586,0.0,0.0298,0.0168,0.0578,0.028,0.0,0.123,1
9.1,-1.25,-2.25,0.2705,0.0,0.0,0.0224,0.0,0.098,0.0,0.0593,0.0,0.0772,0.0169,0.1244,0.0475,0.0,0.1903,1
9.1,-1.25,-2.0,0.0306,0.0011,0.0,0.0195,0.0,0.1676,0.0,0.0518,0.0,0.0071,0.0149,0.0154,0.0235,0.0,0.11,1
9.1,-1.25,-1.75,0.0117,0.001,0.0,0.0135,0.0,0.1316,0.0,0.0356,0.0,0.0026,0.0101,0.0056,0.0153,0.0,0.0727,1
9.1,-1.25,-1.5,0.0053,0.001,0.0,0.0137,0.0,0.1141,0.0,0.036,0.0,0.0013,0.0103,0.0027,0.0126,0.0,0.0614,1
6.9,-1.125,-4.0,0.3445,0.0107,0.0,0.0234,0.0,0.0103,0.0,0.0599,0.0,0.0401,0.0169,0.0997,0.0053,0.0077,0.0061,1
6.9,-1.125,-3.75,0.3949,0.0167,0.0,0.0229,0.0,0.0331,0.0,0.0586,0.0,0.041,0.0165,0.0842,0.006,0.0095,0.0088,1
6.9,-1.125,-3.5,0.4156,0.0249,0.0014,0.0224,0.0,0.0933,0.0,0.0573,0.0014,0.0385,0.0161,0.0682,0.0068,0.0108,0.012,1
6.9,-1.125,-3.25,0.3794,0.0351,0.0036,0.0219,0.0,0.2114,0.0,0.0561,0.002,0.0316,0.0158,0.0527,0.0077,0.0105,0.0155,1
6.9,-1.125,-3.0,0.2987,0.0468,0.0072,0.0215,0.0,0.3745,0.0,0.0551,0.0027,0.023,0.0154,0.0392,0.0085,0.0087,0.0188,1
6.9,-1.125,-2.75,0.2134,0.0599,0.012,0.0211,0.0,0.5502,0.0,0.0542,0.0034,0.0157,0.0151,0.0284,0.0092,0.0056,0.0214,1
6.9,-1.125,-2.5,0.1469,0.0742,0.0179,0.0208,0.0,0.7218,0.0,0.0534,0.004,0.0106,0.0149,0.0205,0.0095,0.004,0.023,1
6.9,-1.125,-2.25,0.1018,0.0896,0.0248,0.0205,0.0,0.8863,0.0,0.0529,0.0044,0.0073,0.0147,0.0147,0.0094,0.0014,0.0232,1
6.9,-1.125,-2.0,0.0729,0.106,0.0328,0.0203,0.0,1.0452,0.0,0.0524,0.0046,0.0052,0.0145,0.011,0.0088,0.001,0.0222,1
6.9,-1.125,-1.75,0.0544,0.1227,0.0416,0.0201,0.0,1.1977,0.0,0.0521,0.0044,0.0039,0.0144,0.0084,0.0077,0.0,0.0201,1
6.9,-1.125,-1.5,0.0423,0.1394,0.0512,0.0199,0.001,1.3432,0.0,0.0517,0.0041,0.003,0.0142,0.0068,0.0066,0.0,0.0174,1
7.0,-1.125,-4.0,0.4307,0.0084,0.0,0.0234,0.0,0.0128,0.001,0.0599,0.0,0.0503,0.0169,0.125,0.0066,0.0095,0.0076,1
7.0,-1.125,-3.75,0.4937,0.0131,0.0,0.0229,0.0,0.0412,0.0012,0.0586,0.0012,0.0515,0.0165,0.1057,0.0075,0.0117,0.011,1
7.0,-1.125,-3.5,0.5195,0.0196,0.0017,0.0224,0.0,0.1161,0.0012,0.0573,0.0018,0.0483,0.0161,0.0855,0.0085,0.0134,0.0151,1
7.0,-1.125,-3.25,0.4746,0.0276,0.0044,0.0219,0.0,0.2632,0.0011,0.0562,0.0025,0.0397,0.0158,0.0661,0.0096,0.013,0.0194,1
7.0,-1.125,-3.0,0.3739,0.0368,0.0089,0.0215,0.0,0.4663,0.0,0.0551,0.0034,0.0289,0.0155,0.0492,0.0106,0.0109,0.0235,1
7.0,-1.125,-2.75,0.2672,0.0469,0.0148,0.0212,0.0,0.6847,0.0,0.0543,0.0042,0.0197,0.0152,0.0357,0.0115,0.0081,0.0268,1
7.0,-1.125,-2.5,0.184,0.0581,0.0219,0.0209,0.0,0.8971,0.0,0.0536,0.005,0.0133,0.0149,0.0256,0.0119,0.0051,0.0288,1
7.0,-1.125,-2.25,0.1275,0.07,0.0303,0.0206,0.0,1.0996,0.0,0.053,0.0055,0.0091,0.0147,0.0186,0.0118,0.0017,0.0291,1
7.0,-1.125,-2.0,0.0912,0.0825,0.0398,0.0204,0.0,1.2934,0.0,0.0526,0.0056,0.0065,0.0146,0.0138,0.0109,0.0013,0.0277,1
7.0,-1.125,-1.75,0.0679,0.0951,0.0502,0.0202,0.0,1.4779,0.0,0.0523,0.0054,0.0049,0.0144,0.0107,0.0097,0.0,0.025,1
7.0,-1.125,-1.5,0.0527,0.1078,0.0614,0.02,0.0,1.6532,0.0,0.052,0.005,0.0038,0.0143,0.0084,0.0082,0.0,0.0217,1
7.1,-1.125,-4.0,0.5379,0.0104,0.0,0.0234,0.0,0.016,0.0013,0.06,0.0,0.063,0.0169,0.1569,0.0082,0.0117,0.0095,1
7.1,-1.125,-3.75,0.6166,0.0163,0.0,0.0229,0.0,0.0512,0.0015,0.0587,0.0014,0.0645,0.0166,0.1326,0.0094,0.0146,0.0138,1
7.1,-1.125,-3.5,0.6491,0.0244,0.0021,0.0224,0.0,0.1444,0.0015,0.0574,0.0022,0.0606,0.0162,0.1073,0.0107,0.0167,0.0189,1
7.1,-1.125,-3.25,0.5933,0.0343,0.0054,0.022,0.0,0.3274,0.0014,0.0562,0.0031,0.0499,0.0158,0.0829,0.012,0.0164,0.0243,1
7.1,-1.125,-3.0,0.4678,0.0458,0.0109,0.0216,0.0,0.5804,0.0011,0.0552,0.0042,0.0363,0.0155,0.0618,0.0133,0.0137,0.0294,1
7.1,-1.125,-2.75,0.3346,0.0584,0.0182,0.0212,0.0,0.8526,0.0,0.0544,0.0053,0.0248,0.0152,0.0448,0.0144,0.0102,0.0336,1
7.1,-1.125,-2.5,0.2305,0.0722,0.027,0.0209,0.0,1.1172,0.0,0.0537,0.0062,0.0167,0.015,0.0322,0.0149,0.0073,0.036,1
7.1,-1.125,-2.25,0.1599,0.087,0.0373,0.0207,0.0,1.3697,0.0,0.0531,0.0068,0.0115,0.0148,0.0233,0.0147,0.0045,0.0364,1
7.1,-1.125,-2.0,0.1144,0.1025,0.049,0.0204,0.0,1.6118,0.0,0.0527,0.007,0.0082,0.0146,0.0173,0.0137,0.0016,0.0347,1
7.1,-1.125,-1.75,0.0852,0.1185,0.0621,0.0203,0.0,1.8441,0.0,0.0524,0.0068,0.0061,0.0145,0.0133,0.0121,0.0012,0.0314,1
7.1,-1.125,-1.5,0.066,0.1345,0.0762,0.02,0.0,2.0669,0.0,0.0521,0.0062,0.0048,0.0143,0.0107,0.0103,0.0,0.0272,1
7.2,-1.125,-4.0,0.6691,0.0129,0.0,0.0234,0.0,0.0197,0.0016,0.06,0.0011,0.0787,0.0169,0.1963,0.0082,0.0145,0.0119,1
7.2,-1.125,-3.75,0.767,0.0201,0.0,0.0229,0.0,0.0633,0.0018,0.0587,0.0018,0.0807,0.0166,0.166,0.0094,0.0181,0.0172,1
7.2,-1.125,-3.5,0.8075,0.0301,0.0025,0.0225,0.0,0.1785,0.0019,0.0575,0.0027,0.0759,0.0162,0.1344,0.0106,0.0206,0.0236,1
7.2,-1.125,-3.25,0.7389,0.0424,0.0066,0.022,0.0,0.4047,0.0017,0.0563,0.0039,0.0625,0.0158,0.1039,0.0119,0.0201,0.0304,1
7.2,-1.125,-3.0,0.583,0.0565,0.0133,0.0216,0.0,0.7173,0.0013,0.0553,0.0052,0.0456,0.0155,0.0772,0.0132,0.0168,0.0368,1
7.2,-1.125,-2.75,0.4174,0.072,0.0221,0.0213,0.0,1.0529,0.0,0.0545,0.0065,0.0312,0.0152,0.056,0.0142,0.0127,0.0419,1
7.2,-1.125,-2.5,0.2875,0.0887,0.0326,0.021,0.0,1.3775,0.0,0.0539,0.0076,0.021,0.015,0.0403,0.0148,0.0091,0.045,1
7.2,-1.125,-2.25,0.1993,0.1066,0.0448,0.0208,0.0,1.6849,0.0,0.0534,0.0084,0.0144,0.0148,0.0291,0.0146,0.0055,0.0454,1
7.2,-1.125,-2.0,0.1424,0.1252,0.0585,0.0206,0.0,1.977,0.0,0.053,0.0086,0.0103,0.0147,0.0216,0.0136,0.004,0.0432,1
7.2,-1.125,-1.75,0.106,0.1441,0.0735,0.0204,0.0,2.2556,0.0,0.0527,0.0082,0.0077,0.0146,0.0166,0.012,0.0015,0.0389,1
7.2,-1.125,-1.5,0.0819,0.1629,0.0898,0.0202,0.0,2.5205,0.0,0.0524,0.0075,0.006,0.0145,0.0133,0.0102,0.0011,0.0337,1
7.3,-1.125,-4.0,0.8291,0.0156,0.0,0.0234,0.0,0.0242,0.002,0.0599,0.0014,0.0982,0.0169,0.2447,0.0128,0.0179,0.0148,1
7.3,-1.125,-3.75,0.9499,0.0245,0.0,0.0229,0.0,0.0776,0.0022,0.0587,0.0022,0.1007,0.0166,0.2071,0.0146,0.0223,0.0214,1
7.3,-1.125,-3.5,1.0005,0.0367,0.0031,0.0225,0.0,0.2187,0.0023,0.0575,0.0033,0.095,0.0162,0.1677,0.0166,0.0252,0.0294,1
7.3,-1.125,-3.25,0.9167,0.0518,0.0079,0.0221,0.0,0.4963,0.0021,0.0564,0.0048,0.0785,0.0159,0.1296,0.0187,0.0247,0.0379,1
7.3,-1.125,-3.0,0.7243,0.0691,0.0159,0.0217,0.0,0.8799,0.0016,0.0555,0.0063,0.0574,0.0156,0.0963,0.0206,0.0208,0.0458,1
7.3,-1.125,-2.75,0.519,0.0879,0.0264,0.0214,0.0,1.291,0.0012,0.0547,0.0079,0.0392,0.0153,0.0699,0.0222,0.0156,0.0521,1
7.3,-1.125,-2.5,0.3578,0.1081,0.0387,0.0211,0.0,1.6856,0.0,0.0541,0.0093,0.0264,0.0151,0.0501,0.0231,0.0113,0.0559,1
7.3,-1.125,-2.25,0.2479,0.1293,0.0528,0.0209,0.0,2.0561,0.0,0.0537,0.0102,0.0181,0.0149,0.0363,0.0228,0.0081,0.0564,1
7.3,-1.125,-2.0,0.1768,0.1512,0.0685,0.0207,0.0,2.4045,0.0,0.0534,0.0104,0.0129,0.0148,0.0268,0.0213,0.0051,0.0536,1
7.3,-1.125,-1.75,0.1313,0.1733,0.0855,0.0205,0.0,2.7338,0.0,0.0531,0.0099,0.0096,0.0147,0.0206,0.0188,0.0028,0.0483,1
7.3,-1.125,-1.5,0.1013,0.1952,0.1037,0.0204,0.0,3.0449,0.0,0.0528,0.009,0.0074,0.0146,0.0164,0.016,0.0014,0.0416,1
7.4,-1.125,-4.0,1.0225,0.0188,0.0,0.0234,0.0,0.0295,0.0024,0.0598,0.0017,0.1221,0.0169,0.3047,0.0126,0.0218,0.0184,1
7.4,-1.125,-3.75,1.1716,0.0296,0.0011,0.0229,0.0,0.0947,0.0028,0.0587,0.0027,0.1255,0.0166,0.2581,0.0144,0.0272,0.0267,1
7.4,-1.125,-3.5,1.2343,0.0445,0.0036,0.0225,0.0,0.2667,0.0029,0.0576,0.0041,0.1185,0.0162,0.209,0.0164,0.0309,0.0365,1
7.4,-1.125,-3.25,1.132,0.063,0.0094,0.0221,0.0,0.605,0.0026,0.0566,0.0058,0.0982,0.0159,0.1615,0.0184,0.0301,0.047,1
7.4,-1.125,-3.0,0.896,0.0839,0.0188,0.0218,0.0,1.0725,0.002,0.0557,0.0077,0.072,0.0156,0.1199,0.0203,0.0253,0.0568,1
7.4,-1.125,-2.75,0.6427,0.1066,0.0311,0.0215,0.0,1.5721,0.0015,0.055,0.0096,0.0493,0.0154,0.0869,0.0219,0.0191,0.0646,1
7.4,-1.125,-2.5,0.4432,0.1306,0.0454,0.0212,0.0,2.0477,0.001,0.0544,0.0112,0.0331,0.0152,0.0623,0.0227,0.0137,0.0693,1
7.4,-1.125,-2.25,0.3068,0.1556,0.0615,0.021,0.0,2.4896,0.0,0.054,0.0122,0.0227,0.015,0.045,0.0224,0.0098,0.0699,1
7.4,-1.125,-2.0,0.2186,0.181,0.079,0.0209,0.0,2.9003,0.0,0.0537,0.0124,0.0161,0.0149,0.0333,0.0209,0.0062,0.0663,1
7.4,-1.125,-1.75,0.162,0.2064,0.0979,0.0207,0.0,3.2854,0.0,0.0535,0.0119,0.0119,0.0148,0.0255,0.0185,0.0046,0.0596,1
7.4,-1.125,-1.5,0.1247,0.2315,0.118,0.0206,0.0,3.6485,0.0,0.0532,0.0107,0.0092,0.0147,0.0203,0.0158,0.0017,0.0513,1
7.5,-1.125,-4.0,1.2518,0.0225,0.0,0.0233,0.0,0.0358,0.0029,0.0598,0.002,0.1513,0.0169,0.3782,0.0195,0.0263,0.0227,1
7.5,-1.125,-3.75,1.4341,0.0355,0.0013,0.023,0.0,0.1144,0.0034,0.0587,0.0033,0.1556,0.0166,0.3205,0.0224,0.0328,0.033,1
7.5,-1.125,-3.5,1.5118,0.0536,0.0043,0.0225,0.0,0.3224,0.0035,0.0577,0.005,0.1474,0.0163,0.2597,0.0255,0.0372,0.0452,1
7.5,-1.125,-3.25,1.3875,0.0758,0.011,0.0222,0.0,0.7308,0.0032,0.0567,0.007,0.1225,0.016,0.2006,0.0286,0.0365,0.0581,1
7.5,-1.125,-3.0,1.1003,0.101,0.0219,0.0218,0.0,1.295,0.0025,0.0559,0.0093,0.0901,0.0157,0.149,0.0315,0.0306,0.0701,1
7.5,-1.125,-2.75,0.7905,0.1278,0.036,0.0216,0.0,1.8955,0.0018,0.0553,0.0115,0.0617,0.0155,0.1079,0.0339,0.0231,0.0796,1
7.5,-1.125,-2.5,0.5454,0.156,0.0521,0.0213,0.0,2.4619,0.0013,0.0547,0.0134,0.0415,0.0153,0.0773,0.0352,0.0164,0.0853,1
7.5,-1.125,-2.25,0.3774,0.1848,0.07,0.0212,0.0,2.9816,0.0,0.0544,0.0145,0.0283,0.0152,0.0558,0.0347,0.0117,0.086,1
7.5,-1.125,-2.0,0.2686,0.2139,0.0893,0.021,0.0,3.4605,0.0,0.0541,0.0147,0.02,0.015,0.0412,0.0323,0.0086,0.0815,1
7.5,-1.125,-1.75,0.1986,0.2428,0.1098,0.0209,0.0,3.9056,0.0,0.0539,0.014,0.0148,0.015,0.0315,0.0286,0.0055,0.0731,1
7.5,-1.125,-1.5,0.1526,0.2713,0.1317,0.0207,0.0,4.3249,0.0,0.0537,0.0126,0.0114,0.0149,0.025,0.0244,0.0044,0.0628,1
7.6,-1.125,-4.0,1.5239,0.0267,0.0,0.0233,0.0,0.043,0.0036,0.0597,0.0025,0.1868,0.0169,0.4682,0.0191,0.0315,0.028,1
7.6,-1.125,-3.75,1.7447,0.0423,0.0015,0.023,0.0,0.1374,0.0041,0.0588,0.004,0.1923,0.0166,0.397,0.0219,0.0391,0.0407,1
7.6,-1.125,-3.5,1.8377,0.0639,0.0049,0.0226,0.0,0.3863,0.0042,0.0578,0.006,0.1825,0.0163,0.3217,0.0249,0.0443,0.0557,1
7.6,-1.125,-3.25,1.6885,0.0905,0.0126,0.0222,0.0,0.8747,0.0038,0.0569,0.0084,0.1522,0.016,0.2485,0.0279,0.0436,0.0715,1
7.6,-1.125,-3.0,1.3413,0.1202,0.025,0.0219,0.0,1.5478,0.003,0.0561,0.011,0.1123,0.0158,0.1845,0.0307,0.0365,0.086,1
7.6,-1.125,-2.75,0.9648,0.1515,0.0407,0.0217,0.0,2.2597,0.0022,0.0555,0.0136,0.077,0.0156,0.1334,0.033,0.0275,0.0975,1
7.6,-1.125,-2.5,0.6659,0.1839,0.0586,0.0215,0.0,2.9258,0.0015,0.0551,0.0157,0.0517,0.0154,0.0955,0.0341,0.0198,0.1043,1
7.6,-1.125,-2.25,0.4606,0.2167,0.0779,0.0213,0.0,3.5284,0.0011,0.0547,0.017,0.0352,0.0153,0.0688,0.0336,0.0142,0.105,1
7.6,-1.125,-2.0,0.3274,0.2494,0.0986,0.0212,0.0,4.0786,0.0,0.0545,0.0172,0.0249,0.0152,0.0508,0.0314,0.0103,0.0994,1
7.6,-1.125,-1.75,0.2418,0.2819,0.1206,0.0211,0.0,4.5897,0.0,0.0543,0.0163,0.0183,0.0151,0.0387,0.0278,0.0078,0.0891,1
7.6,-1.125,-1.5,0.1854,0.314,0.1439,0.0209,0.0,5.0701,0.0,0.0541,0.0147,0.0141,0.015,0.0307,0.0237,0.0052,0.0764,1
7.7,-1.125,-4.0,1.8302,0.0313,0.0,0.0233,0.0,0.0512,0.0042,0.0597,0.0029,0.2288,0.0169,0.5756,0.0293,0.037,0.0343,1
7.7,-1.125,-3.75,2.0928,0.0497,0.0017,0.023,0.0,0.1626,0.0048,0.0589,0.0047,0.2358,0.0166,0.4889,0.0337,0.0458,0.0497,1
7.7,-1.125,-3.5,2.2028,0.0751,0.0055,0.0227,0.0,0.4559,0.005,0.058,0.007,0.2243,0.0164,0.3963,0.0383,0.0519,0.068,1
7.7,-1.125,-3.25,2.0273,0.1063,0.0141,0.0223,0.0,1.0312,0.0046,0.0571,0.0099,0.1879,0.0161,0.3061,0.0428,0.0509,0.0872,1
7.7,-1.125,-3.0,1.6134,0.1407,0.0277,0.022,0.0,1.8207,0.0036,0.0564,0.0129,0.139,0.0159,0.2271,0.047,0.0428,0.1046,1
7.7,-1.125,-2.75,1.1633,0.1765,0.0447,0.0218,0.0,2.6501,0.0026,0.0559,0.0157,0.0955,0.0157,0.1641,0.0503,0.0323,0.1182,1
7.7,-1.125,-2.5,0.8042,0.2128,0.0638,0.0216,0.0,3.4193,0.0018,0.0554,0.0181,0.0641,0.0155,0.1173,0.052,0.0232,0.1261,1
7.7,-1.125,-2.25,0.5562,0.2493,0.0841,0.0215,0.0,4.1084,0.0013,0.0551,0.0195,0.0436,0.0154,0.0844,0.0511,0.0166,0.1269,1
7.7,-1.125,-2.0,0.3952,0.2856,0.1057,0.0214,0.0,4.7319,0.0,0.0549,0.0197,0.0307,0.0153,0.0621,0.0477,0.0121,0.1202,1
7.7,-1.125,-1.75,0.2914,0.3217,0.1287,0.0213,0.0,5.3113,0.0,0.0547,0.0187,0.0225,0.0152,0.0473,0.0423,0.0091,0.1077,1
7.7,-1.125,-1.5,0.2235,0.3578,0.1534,0.0211,0.0,5.8637,0.0,0.0545,0.0168,0.0173,0.0152,0.0375,0.0362,0.0061,0.0923,1
7.8,-1.125,-4.0,2.1735,0.0362,0.0,0.0233,0.0,0.0606,0.005,0.0597,0.0034,0.2785,0.0169,0.7031,0.0283,0.0427,0.0417,1
7.8,-1.125,-3.75,2.4815,0.0576,0.0019,0.023,0.0,0.19,0.0057,0.059,0.0055,0.2873,0.0167,0.5986,0.0325,0.0529,0.0603,1
7.8,-1.125,-3.5,2.6112,0.087,0.0061,0.0227,0.0,0.5309,0.0059,0.0582,0.0082,0.2739,0.0164,0.4856,0.0369,0.0597,0.0825,1
7.8,-1.125,-3.25,2.402,0.1228,0.0153,0.0224,0.0,1.1967,0.0054,0.0574,0.0114,0.2302,0.0162,0.3749,0.0411,0.0584,0.1054,1
7.8,-1.125,-3.0,1.9164,0.1619,0.0298,0.0221,0.0,2.1068,0.0043,0.0567,0.0148,0.1709,0.016,0.2779,0.0449,0.0492,0.1261,1
7.8,-1.125,-2.75,1.3851,0.2017,0.0476,0.0219,0.0,3.0548,0.0031,0.0562,0.0179,0.1176,0.0158,0.2005,0.0479,0.0373,0.1419,1
7.8,-1.125,-2.5,0.9594,0.2417,0.0672,0.0218,0.0,3.9263,0.0022,0.0558,0.0204,0.079,0.0156,0.1432,0.0494,0.0268,0.151,1
7.8,-1.125,-2.25,0.6643,0.2815,0.088,0.0216,0.0,4.7021,0.0015,0.0555,0.0219,0.0536,0.0155,0.1028,0.0486,0.0193,0.1515,1
7.8,-1.125,-2.0,0.4721,0.3211,0.1101,0.0215,0.0,5.4033,0.0011,0.0553,0.0221,0.0376,0.0155,0.0755,0.0453,0.0141,0.1436,1
7.8,-1.125,-1.75,0.3481,0.3608,0.1337,0.0214,0.0,6.0544,0.0,0.0552,0.021,0.0276,0.0154,0.0574,0.0403,0.0106,0.1289,1
7.8,-1.125,-1.5,0.2668,0.4009,0.1592,0.0213,0.0,6.6796,0.0,0.055,0.019,0.0211,0.0153,0.0455,0.0346,0.0082,0.1106,1
7.9,-1.125,-4.0,2.5132,0.0408,0.0,0.0233,0.0,0.0693,0.0057,0.0598,0.0039,0.3339,0.0169,0.8486,0.0426,0.0474,0.0499,1
7.9,-1.125,-3.75,2.8695,0.065,0.002,0.0231,0.0,0.2166,0.0065,0.0592,0.0062,0.345,0.0167,0.7246,0.049,0.0586,0.0722,1
7.9,-1.125,-3.5,3.0191,0.0982,0.0063,0.0228,0.0,0.6025,0.0068,0.0584,0.0093,0.3299,0.0165,0.5886,0.0555,0.0661,0.0986,1
7.9,-1.125,-3.25,2.7825,0.1384,0.0158,0.0225,0.0,1.3536,0.0062,0.0576,0.0128,0.2785,0.0163,0.4545,0.0617,0.0649,0.1256,1
7.9,-1.125,-3.0,2.2262,0.1813,0.0305,0.0223,0.0,2.3751,0.005,0.057,0.0164,0.2077,0.0161,0.3366,0.0671,0.0547,0.1497,1
7.9,-1.125,-2.75,1.6169,0.2245,0.0483,0.0221,0.0,3.4346,0.0036,0.0565,0.0197,0.1434,0.0159,0.2427,0.0713,0.0418,0.1679,1
7.9,-1.125,-2.5,1.1247,0.2674,0.0678,0.0219,0.0,4.4017,0.0026,0.0561,0.0224,0.0964,0.0158,0.1732,0.0732,0.0303,0.1781,1
7.9,-1.125,-2.25,0.7808,0.31,0.0884,0.0218,0.0,5.2606,0.0018,0.0559,0.0239,0.0654,0.0157,0.1242,0.0721,0.0218,0.1786,1
7.9,-1.125,-2.0,0.5557,0.3525,0.1103,0.0217,0.0,6.039,0.0013,0.0557,0.0241,0.0458,0.0156,0.0912,0.0674,0.0159,0.1692,1
7.9,-1.125,-1.75,0.4102,0.3958,0.134,0.0216,0.0,6.7711,0.0,0.0556,0.023,0.0335,0.0155,0.0693,0.0601,0.0121,0.1521,1
7.9,-1.125,-1.5,0.3147,0.4404,0.1601,0.0215,0.0,7.4811,0.0,0.0554,0.0209,0.0256,0.0155,0.0548,0.0517,0.0095,0.1311,1
8.0,-1.125,-4.0,2.8424,0.0449,0.0,0.0234,0.0,0.0776,0.0063,0.0599,0.0043,0.3951,0.017,1.0126,0.04,0.0511,0.059,1
8.0,-1.125,-3.75,3.2514,0.0718,0.002,0.0231,0.0,0.2417,0.0072,0.0593,0.0069,0.4093,0.0168,0.8676,0.046,0.0632,0.0853,1
8.0,-1.125,-3.5,3.422,0.1085,0.0064,0.0229,0.0,0.6693,0.0076,0.0586,0.0103,0.3927,0.0166,0.7064,0.0521,0.0713,0.1164,1
8.0,-1.125,-3.25,3.1545,0.1521,0.0156,0.0226,0.0,1.494,0.0069,0.0579,0.014,0.333,0.0163,0.5456,0.0577,0.0698,0.1478,1
8.0,-1.125,-3.0,2.5354,0.1981,0.0298,0.0224,0.0,2.6124,0.0056,0.0573,0.0178,0.2497,0.0162,0.4038,0.0624,0.0593,0.1753,1
8.0,-1.125,-2.75,1.8527,0.2437,0.0469,0.0222,0.0,3.7711,0.0041,0.0569,0.0212,0.1731,0.016,0.291,0.0659,0.0456,0.1959,1
8.0,-1.125,-2.5,1.2962,0.2887,0.0656,0.022,0.0,4.8274,0.0029,0.0565,0.0239,0.1166,0.0159,0.2075,0.0676,0.0333,0.2073,1
8.0,-1.125,-2.25,0.9037,0.3333,0.0854,0.0219,0.0,5.7624,0.0021,0.0563,0.0255,0.0791,0.0158,0.1489,0.0665,0.0242,0.2077,1
8.0,-1.125,-2.0,0.6452,0.3788,0.1068,0.0218,0.0,6.6194,0.0015,0.0561,0.0258,0.0554,0.0157,0.1092,0.0624,0.0178,0.197,1
8.0,-1.125,-1.75,0.4773,0.4254,0.1301,0.0218,0.0,7.4327,0.0011,0.0559,0.0247,0.0404,0.0157,0.083,0.0559,0.0135,0.1775,1
8.0,-1.125,-1.5,0.3668,0.4743,0.1561,0.0217,0.0,8.2342,0.0,0.0558,0.0226,0.0308,0.0156,0.0655,0.0483,0.0106,0.1534,1
8.1,-1.125,-4.0,3.0582,0.0471,0.0,0.0234,0.0,0.0828,0.0066,0.06,0.0045,0.4543,0.017,1.1779,0.0579,0.0511,0.0677,1
8.1,-1.125,-3.75,3.5186,0.0756,0.0019,0.0232,0.0,0.2581,0.0076,0.0595,0.0073,0.4729,0.0169,1.0162,0.0669,0.0638,0.0982,1
8.1,-1.125,-3.5,3.7208,0.1147,0.0059,0.023,0.0,0.7134,0.0081,0.0589,0.0108,0.4563,0.0167,0.8311,0.0757,0.0724,0.1341,1
8.1,-1.125,-3.25,3.4499,0.1607,0.0144,0.0227,0.0,1.589,0.0075,0.0582,0.0147,0.3899,0.0165,0.6435,0.0835,0.0715,0.1701,1
8.1,-1.125,-3.0,2.7954,0.2084,0.0273,0.0225,0.0,2.7728,0.0061,0.0576,0.0185,0.2947,0.0163,0.4768,0.09,0.0614,0.2012,1
8.1,-1.125,-2.75,2.0637,0.2554,0.043,0.0223,0.0,4.0049,0.0046,0.0572,0.0219,0.2057,0.0161,0.3438,0.0947,0.0478,0.2243,1
8.1,-1.125,-2.5,1.4568,0.3014,0.0601,0.0222,0.0,5.132,0.0033,0.0569,0.0247,0.1391,0.016,0.2454,0.0969,0.0354,0.2371,1
8.1,-1.125,-2.25,1.0229,0.3474,0.0785,0.0221,0.0,6.1395,0.0023,0.0566,0.0263,0.0945,0.0159,0.1761,0.0955,0.0259,0.2376,1
8.1,-1.125,-2.0,0.7338,0.3948,0.0985,0.022,0.0,7.0675,0.0017,0.0565,0.0267,0.0661,0.0159,0.1293,0.09,0.0194,0.2257,1
8.1,-1.125,-1.75,0.5452,0.4447,0.1208,0.0219,0.0,7.963,0.0013,0.0563,0.0257,0.0482,0.0158,0.0982,0.0811,0.0149,0.2041,1
8.1,-1.125,-1.5,0.4203,0.4977,0.1461,0.0218,0.0,8.8588,0.001,0.0562,0.0238,0.0367,0.0157,0.0776,0.0705,0.0117,0.177,1
8.2,-1.125,-4.0,3.1311,0.0459,0.0,0.0233,0.0,0.0833,0.0065,0.0599,0.0045,0.5063,0.017,1.3333,0.0512,0.0477,0.0753,1
8.2,-1.125,-3.75,3.6504,0.0749,0.0016,0.0232,0.0,0.2618,0.0077,0.0595,0.0072,0.5322,0.0169,1.1636,0.0596,0.0607,0.11,1
8.2,-1.125,-3.5,3.8977,0.1148,0.0051,0.023,0.0,0.7259,0.0082,0.059,0.0108,0.5183,0.0167,0.959,0.0676,0.0697,0.1508,1
8.2,-1.125,-3.25,3.6471,0.1614,0.0123,0.0228,0.0,1.6169,0.0077,0.0584,0.0147,0.4473,0.0165,0.7455,0.0746,0.0697,0.1914,1
8.2,-1.125,-3.0,2.9896,0.2093,0.0233,0.0226,0.0,2.8245,0.0064,0.0579,0.0185,0.3416,0.0164,0.5533,0.08,0.0607,0.226,1
8.2,-1.125,-2.75,2.2359,0.2562,0.0366,0.0224,0.0,4.0899,0.0048,0.0575,0.0218,0.2405,0.0162,0.3994,0.0839,0.0482,0.2516,1
8.2,-1.125,-2.5,1.5976,0.3021,0.0516,0.0223,0.0,5.2621,0.0035,0.0572,0.0244,0.1636,0.0161,0.2854,0.0859,0.0365,0.2661,1
8.2,-1.125,-2.25,1.1324,0.3484,0.0678,0.0222,0.0,6.3197,0.0026,0.057,0.0262,0.1115,0.0161,0.2052,0.0849,0.0272,0.2674,1
8.2,-1.125,-2.0,0.8183,0.3966,0.0857,0.0221,0.0,7.3032,0.0019,0.0569,0.0267,0.0782,0.016,0.1507,0.0805,0.0203,0.2551,1
8.2,-1.125,-1.75,0.6109,0.4482,0.106,0.0221,0.0,8.2677,0.0014,0.0567,0.026,0.057,0.0159,0.1147,0.0731,0.0158,0.2318,1
8.2,-1.125,-1.5,0.4729,0.5042,0.1294,0.022,0.0,9.248,0.0011,0.0566,0.0243,0.0433,0.0159,0.0907,0.064,0.0126,0.2023,1
8.3,-1.125,-4.0,2.855,0.0385,0.0,0.023,0.0,0.0739,0.0056,0.0594,0.0038,0.5258,0.0169,1.4171,0.0665,0.0377,0.0779,1
8.3,-1.125,-3.75,3.4311,0.0651,0.0011,0.0231,0.0,0.2376,0.0068,0.0593,0.0064,0.564,0.0168,1.2648,0.0789,0.05,0.1158,1
8.3,-1.125,-3.5,3.7581,0.1027,0.0037,0.023,0.0,0.6709,0.0076,0.059,0.0098,0.56,0.0167,1.0601,0.0908,0.0597,0.1612,1
8.3,-1.125,-3.25,3.6022,0.1476,0.0091,0.0228,0.0,1.5179,0.0073,0.0586,0.0136,0.4928,0.0166,0.8332,0.1008,0.0615,0.2064,1
8.3,-1.125,-3.0,3.0167,0.1937,0.0175,0.0227,0.0,2.6804,0.0062,0.0582,0.0171,0.3827,0.0165,0.622,0.1081,0.0551,0.2445,1
8.3,-1.125,-2.75,2.3036,0.2387,0.0279,0.0225,0.0,3.9204,0.0049,0.0579,0.0201,0.2731,0.0164,0.4506,0.1134,0.0451,0.2729,1
8.3,-1.125,-2.5,1.6771,0.283,0.0397,0.0224,0.0,5.0886,0.0036,0.0576,0.0227,0.1877,0.0163,0.3228,0.1163,0.035,0.2897,1
8.3,-1.125,-2.25,1.206,0.3279,0.0529,0.0223,0.0,6.1578,0.0027,0.0574,0.0245,0.1287,0.0162,0.2326,0.1157,0.0267,0.2928,1
8.3,-1.125,-2.0,0.8806,0.3753,0.0678,0.0223,0.0,7.168,0.002,0.0573,0.0253,0.0905,0.0162,0.1714,0.1107,0.0205,0.2817,1
8.3,-1.125,-1.75,0.6628,0.4264,0.0849,0.0222,0.0,8.1645,0.0015,0.0572,0.025,0.0661,0.0161,0.1306,0.1017,0.016,0.2583,1
8.3,-1.125,-1.5,0.5166,0.4835,0.1052,0.0221,0.0,9.2049,0.0012,0.057,0.0238,0.0503,0.0161,0.1036,0.0902,0.0129,0.2277,1
8.4,-1.125,-4.0,2.3995,0.0297,0.0,0.0227,0.0,0.0614,0.0044,0.0588,0.003,0.5194,0.0167,1.4366,0.052,0.0265,0.0773,1
8.4,-1.125,-3.75,3.02,0.0529,0.0,0.0229,0.0,0.2042,0.0057,0.0591,0.0053,0.5742,0.0168,1.3241,0.0635,0.0374,0.118,1
8.4,-1.125,-3.5,3.4413,0.0871,0.0025,0.0229,0.0,0.5941,0.0066,0.059,0.0085,0.5859,0.0167,1.1377,0.0747,0.0473,0.1679,1
8.4,-1.125,-3.25,3.395,0.1286,0.0063,0.0228,0.0,1.3683,0.0066,0.0587,0.0119,0.5273,0.0167,0.9075,0.0837,0.0508,0.2176,1
8.4,-1.125,-3.0,2.9232,0.1717,0.0122,0.0227,0.0,2.4509,0.0058,0.0585,0.0151,0.418,0.0166,0.6837,0.0902,0.0473,0.2595,1
8.4,-1.125,-2.75,2.2869,0.2139,0.0198,0.0226,0.0,3.6271,0.0046,0.0582,0.0179,0.3031,0.0165,0.4979,0.0947,0.0401,0.2906,1
8.4,-1.125,-2.5,1.6983,0.2553,0.0288,0.0225,0.0,4.7572,0.0036,0.058,0.0203,0.2106,0.0164,0.3581,0.0973,0.032,0.3097,1
8.4,-1.125,-2.25,1.2423,0.2977,0.039,0.0225,0.0,5.8115,0.0027,0.0578,0.0221,0.1456,0.0164,0.2589,0.0974,0.025,0.315,1
8.4,-1.125,-2.0,0.9194,0.3427,0.0507,0.0224,0.0,6.8206,0.002,0.0577,0.0231,0.1028,0.0163,0.1914,0.0941,0.0196,0.3054,1
8.4,-1.125,-1.75,0.6991,0.3918,0.0644,0.0223,0.0,7.8278,0.0016,0.0576,0.0231,0.0753,0.0163,0.1462,0.0874,0.0156,0.2825,1
8.4,-1.125,-1.5,0.5495,0.4477,0.081,0.0223,0.0,8.8937,0.0013,0.0575,0.0224,0.0575,0.0162,0.1164,0.0784,0.0128,0.2513,1
8.5,-1.125,-4.0,1.6361,0.0159,0.0,0.0223,0.0,0.0378,0.0027,0.0578,0.0019,0.4514,0.0165,1.2781,0.0567,0.0137,0.0693,1
8.5,-1.125,-3.75,2.2322,0.0313,0.0,0.0226,0.0,0.1344,0.0038,0.0586,0.0036,0.5245,0.0167,1.2397,0.0729,0.0219,0.1102,1
8.5,-1.125,-3.5,2.7689,0.0571,0.0012,0.0228,0.0,0.4231,0.0048,0.0588,0.0063,0.5643,0.0167,1.1153,0.0897,0.0309,0.1637,1
8.5,-1.125,-3.25,2.9365,0.0916,0.0034,0.0228,0.0,1.0451,0.0052,0.0588,0.0094,0.5312,0.0167,0.9176,0.1038,0.0365,0.219,1
8.5,-1.125,-3.0,2.6753,0.1298,0.007,0.0227,0.0,1.9692,0.0048,0.0587,0.0123,0.4357,0.0167,0.7032,0.1136,0.0365,0.2655,1
8.5,-1.125,-2.75,2.1822,0.1677,0.0119,0.0227,0.0,3.015,0.004,0.0585,0.0147,0.3234,0.0166,0.5163,0.12,0.0326,0.2997,1
8.5,-1.125,-2.5,1.6735,0.2057,0.0178,0.0226,0.0,4.0593,0.0032,0.0584,0.0168,0.2282,0.0166,0.3732,0.1242,0.0272,0.3224,1
8.5,-1.125,-2.25,1.2518,0.2449,0.0248,0.0226,0.0,5.0636,0.0025,0.0583,0.0186,0.1592,0.0165,0.271,0.1261,0.0221,0.3327,1
8.5,-1.125,-2.0,0.9404,0.2865,0.0332,0.0225,0.0,6.0367,0.0019,0.0582,0.0199,0.1129,0.0165,0.201,0.1244,0.0178,0.3286,1
8.5,-1.125,-1.75,0.7228,0.3321,0.0431,0.0225,0.0,7.0188,0.0015,0.0581,0.0205,0.0829,0.0164,0.1541,0.1185,0.0145,0.3106,1
8.5,-1.125,-1.5,0.5715,0.3837,0.0552,0.0224,0.0,8.0609,0.0012,0.058,0.0204,0.0633,0.0164,0.1231,0.109,0.0121,0.2821,1
8.6,-1.125,-4.0,0.957,0.0057,0.0,0.0217,0.0,0.0171,0.0013,0.0567,0.001,0.3574,0.0162,1.0279,0.0358,0.0049,0.0585,1
8.6,-1.125,-3.75,1.4357,0.0127,0.0,0.0223,0.0,0.0658,0.0021,0.058,0.0022,0.4392,0.0165,1.0538,0.0487,0.0103,0.0971,1
8.6,-1.125,-3.5,2.0238,0.0272,0.0,0.0226,0.0,0.2353,0.0031,0.0586,0.0043,0.5094,0.0167,1.0111,0.0643,0.0174,0.1535,1
8.6,-1.125,-3.25,2.4361,0.0509,0.0015,0.0227,0.0,0.6636,0.0037,0.0588,0.007,0.5147,0.0167,0.8754,0.0787,0.0241,0.2166,1
8.6,-1.125,-3.0,2.4248,0.0802,0.0034,0.0227,0.0,1.3791,0.0037,0.0588,0.0097,0.4405,0.0167,0.6861,0.0885,0.0268,0.2696,1
8.6,-1.125,-2.75,2.1105,0.112,0.0062,0.0227,0.0,2.2531,0.0033,0.0588,0.0118,0.336,0.0167,0.5083,0.0945,0.0259,0.3076,1
8.6,-1.125,-2.5,1.6918,0.1451,0.0097,0.0227,0.0,3.17,0.0026,0.0588,0.0135,0.2406,0.0167,0.368,0.0984,0.0228,0.3334,1
8.6,-1.125,-2.25,1.3015,0.1801,0.014,0.0227,0.0,4.0872,0.0021,0.0588,0.0151,0.1688,0.0167,0.2672,0.1014,0.0193,0.3494,1
8.6,-1.125,-2.0,0.9931,0.2179,0.0193,0.0227,0.0,4.9999,0.0016,0.0587,0.0166,0.1198,0.0166,0.1981,0.1029,0.0159,0.3546,1
8.6,-1.125,-1.75,0.7675,0.2588,0.0257,0.0226,0.0,5.9209,0.0013,0.0587,0.0177,0.0876,0.0166,0.1519,0.1018,0.0132,0.3467,1
8.6,-1.125,-1.5,0.6079,0.3048,0.0337,0.0226,0.0,6.8966,0.0011,0.0586,0.0183,0.0666,0.0166,0.1213,0.0979,0.011,0.3266,1
8.7,-1.125,-4.0,0.428,0.0016,0.0,0.0213,0.0,0.0064,0.0,0.056,0.0,0.2429,0.016,0.7206,0.0314,0.0,0.0439,1
8.7,-1.125,-3.75,0.6976,0.0039,0.0,0.0221,0.0,0.0255,0.0,0.0578,0.0,0.3125,0.0165,0.7786,0.0446,0.0014,0.0748,1
8.7,-1.125,-3.5,1.1411,0.0099,0.0,0.0225,0.0,0.1069,0.0015,0.0587,0.0022,0.3954,0.0167,0.8084,0.0639,0.0059,0.1271,1
8.7,-1.125,-3.25,1.6605,0.023,0.0,0.0227,0.0,0.3679,0.0022,0.059,0.0044,0.4447,0.0168,0.7632,0.0864,0.0121,0.1972,1
8.7,-1.125,-3.0,1.9247,0.0427,0.0014,0.0227,0.0,0.8837,0.0025,0.0591,0.0069,0.4119,0.0168,0.6348,0.1039,0.0164,0.2615,1
8.7,-1.125,-2.75,1.8396,0.0654,0.0028,0.0228,0.0,1.5619,0.0023,0.0592,0.0088,0.3266,0.0168,0.4811,0.1136,0.0178,0.3054,1
8.7,-1.125,-2.5,1.5796,0.0909,0.0047,0.0228,0.0,2.3117,0.002,0.0592,0.0103,0.2393,0.0168,0.3515,0.1194,0.0172,0.3341,1
8.7,-1.125,-2.25,1.2754,0.1194,0.0071,0.0228,0.0,3.0962,0.0016,0.0592,0.0116,0.1697,0.0168,0.2558,0.124,0.0154,0.3537,1
8.7,-1.125,-2.0,1.0024,0.1516,0.0103,0.0228,0.0,3.9114,0.0013,0.0592,0.0129,0.1207,0.0168,0.1898,0.1282,0.0132,0.3657,1
8.7,-1.125,-1.75,0.7889,0.1876,0.0142,0.0228,0.0,4.7592,0.0011,0.0592,0.0142,0.0881,0.0168,0.1456,0.1309,0.0113,0.3679,1
8.7,-1.125,-1.5,0.6294,0.2281,0.0192,0.0227,0.0,5.6651,0.0,0.0591,0.0152,0.0668,0.0167,0.1163,0.1309,0.0095,0.3585,1
8.8,-1.125,-4.0,0.174,0.0,0.0,0.021,0.0,0.0023,0.0,0.0555,0.0,0.1567,0.0158,0.4795,0.0167,0.0,0.0319,1
8.8,-1.125,-3.75,0.3046,0.0011,0.0,0.022,0.0,0.0092,0.0,0.0578,0.0,0.2091,0.0165,0.5435,0.0245,0.0,0.0553,1
8.8,-1.125,-3.5,0.551,0.0032,0.0,0.0225,0.0,0.0425,0.0,0.059,0.0,0.2807,0.0168,0.6002,0.037,0.0,0.0984,1
8.8,-1.125,-3.25,0.973,0.009,0.0,0.0227,0.0,0.1821,0.0011,0.0593,0.0024,0.3525,0.0169,0.6229,0.0556,0.0042,0.1685,1
8.8,-1.125,-3.0,1.3746,0.0203,0.0,0.0228,0.0,0.5257,0.0015,0.0594,0.0045,0.3627,0.0169,0.5651,0.0737,0.0086,0.2444,1
8.8,-1.125,-2.75,1.5007,0.035,0.0012,0.0228,0.0,1.0288,0.0016,0.0595,0.0063,0.3053,0.0169,0.4477,0.0845,0.0113,0.2981,1
8.8,-1.125,-2.5,1.4083,0.0517,0.0021,0.0229,0.0,1.6024,0.0014,0.0596,0.0076,0.2305,0.0169,0.3324,0.0899,0.0122,0.3302,1
8.8,-1.125,-2.25,1.2159,0.0718,0.0034,0.0229,0.0,2.23,0.0012,0.0597,0.0087,0.166,0.017,0.2432,0.0938,0.012,0.3515,1
8.8,-1.125,-2.0,1.0015,0.0963,0.0052,0.0229,0.0,2.9134,0.0,0.0597,0.0098,0.1186,0.0169,0.1804,0.0977,0.0108,0.3671,1
8.8,-1.125,-1.75,0.8109,0.1259,0.0075,0.0229,0.0,3.6606,0.0,0.0597,0.011,0.0864,0.0169,0.1384,0.1018,0.0095,0.3771,1
8.8,-1.125,-1.5,0.6572,0.1605,0.0105,0.0229,0.0,4.4804,0.0,0.0597,0.0121,0.0652,0.0169,0.1104,0.1051,0.0085,0.3783,1
8.9,-1.125,-4.0,0.0438,0.0,0.0,0.018,0.0,0.0012,0.0,0.048,0.0,0.0715,0.0139,0.1846,0.0101,0.0,0.0209,1
8.9,-1.125,-3.75,0.0659,0.0,0.0,0.0197,0.0,0.0044,0.0,0.0524,0.0,0.0867,0.0151,0.1894,0.0143,0.0,0.0358,1
8.9,-1.125,-3.5,0.141,0.0,0.0,0.022,0.0,0.0089,0.0,0.0581,0.0,0.1372,0.0166,0.3187,0.0229,0.0,0.0537,1
8.9,-1.125,-3.25,0.3057,0.0015,0.0,0.0225,0.0,0.049,0.0,0.0592,0.0,0.1969,0.0169,0.3741,0.039,0.0,0.1041,1
8.9,-1.125,-3.0,0.5873,0.0048,0.0,0.0227,0.0,0.1955,0.0,0.0595,0.0017,0.2444,0.017,0.397,0.062,0.0,0.1789,1
8.9,-1.125,-2.75,0.8436,0.0105,0.0,0.0228,0.0,0.4725,0.0,0.0596,0.003,0.2404,0.017,0.3552,0.0814,0.0016,0.2462,1
8.9,-1.125,-2.5,0.9654,0.0176,0.0,0.0229,0.0,0.8169,0.0,0.0598,0.0043,0.1995,0.017,0.281,0.0925,0.005,0.2888,1
8.9,-1.125,-2.25,0.9696,0.0261,0.0011,0.0229,0.0,1.2049,0.0,0.06,0.0053,0.1517,0.017,0.2113,0.0988,0.0059,0.3145,1
8.9,-1.125,-2.0,0.8987,0.0377,0.0017,0.0229,0.0,1.6517,0.0,0.0601,0.0061,0.1113,0.0171,0.1581,0.104,0.0073,0.3329,1
8.9,-1.125,-1.75,0.7884,0.0542,0.0027,0.0229,0.0,2.1789,0.0,0.0601,0.007,0.0816,0.017,0.1211,0.1099,0.0073,0.3484,1
8.9,-1.125,-1.5,0.669,0.077,0.004,0.0229,0.0,2.801,0.0,0.0601,0.0079,0.0613,0.017,0.0962,0.1166,0.0059,0.3601,1
9.0,-1.125,-4.0,0.0044,0.0,0.0,0.0097,0.0,0.0,0.0,0.0259,0.0,0.0172,0.0074,0.0485,0.0018,0.0,0.0055,1
9.0,-1.125,-3.75,0.0083,0.0,0.0,0.0108,0.0,0.0,0.0,0.0286,0.0,0.0238,0.0082,0.0573,0.003,0.0,0.0106,1
9.0,-1.125,-3.5,0.0212,0.0,0.0,0.0115,0.0,0.0026,0.0,0.0305,0.0,0.0383,0.0087,0.0762,0.0057,0.0,0.0226,1
9.0,-1.125,-3.25,0.0783,0.0,0.0,0.0199,0.0,0.0197,0.0,0.053,0.0,0.0847,0.0153,0.1411,0.0157,0.0,0.0682,1
9.0,-1.125,-3.0,0.1145,0.0,0.0,0.022,0.0,0.0326,0.0,0.0584,0.0,0.1078,0.0167,0.189,0.02,0.0,0.0858,1
9.0,-1.125,-2.75,0.2488,0.0013,0.0,0.0224,0.0,0.1127,0.0,0.0591,0.0,0.14,0.0168,0.2127,0.0341,0.0,0.1504,1
9.0,-1.125,-2.5,0.4443,0.0028,0.0,0.0226,0.0,0.2459,0.0,0.0595,0.0016,0.1509,0.0169,0.2051,0.0485,0.0,0.2144,1
9.0,-1.125,-2.25,0.6748,0.0047,0.0,0.0227,0.0,0.4106,0.0,0.0598,0.0027,0.1398,0.017,0.1765,0.0604,0.0012,0.2654,1
9.0,-1.125,-2.0,0.9139,0.0067,0.0,0.0228,0.0,0.5847,0.0,0.06,0.0039,0.1165,0.017,0.1426,0.0697,0.0046,0.3035,1
9.0,-1.125,-1.75,1.0911,0.0091,0.0,0.0228,0.0,0.7835,0.0,0.0601,0.0051,0.0902,0.017,0.1119,0.0759,0.0078,0.3275,1
9.0,-1.125,-1.5,1.1288,0.0132,0.0,0.0228,0.0,1.0538,0.0,0.0602,0.0058,0.0675,0.017,0.0876,0.0793,0.0093,0.3382,1
9.1,-1.125,-4.0,0.0,0.0,0.0,0.0078,0.0,0.0,0.0,0.021,0.0,0.0029,0.006,0.0089,0.0,0.0,0.0012,1
9.1,-1.125,-3.75,0.0,0.0,0.0,0.009,0.0,0.0,0.0,0.0242,0.0,0.0044,0.0069,0.0119,0.0,0.0,0.0024,1
9.1,-1.125,-3.5,0.0,0.0,0.0,0.01,0.0,0.0,0.0,0.0268,0.0,0.0075,0.0076,0.0173,0.0014,0.0,0.0056,1
9.1,-1.125,-3.25,0.0053,0.0,0.0,0.0107,0.0,0.0013,0.0,0.0284,0.0,0.017,0.0081,0.0318,0.0037,0.0,0.0156,1
9.1,-1.125,-3.0,0.0316,0.0,0.0,0.0116,0.0,0.0125,0.0,0.0306,0.0,0.039,0.0087,0.0612,0.0113,0.0,0.0455,1
9.1,-1.125,-2.75,0.0738,0.0,0.0,0.0202,0.0,0.0547,0.0,0.0535,0.0,0.0553,0.0154,0.0818,0.0245,0.0,0.1032,1
9.1,-1.125,-2.5,0.0747,0.0,0.0,0.0216,0.0,0.0979,0.0,0.0572,0.0,0.0387,0.0164,0.0571,0.028,0.0,0.1232,1
9.1,-1.125,-2.25,0.0055,0.0,0.0013,0.0059,0.0,0.0512,0.0,0.0161,0.0,0.0025,0.0052,0.0058,0.0057,0.0,0.028,1
9.1,-1.125,-2.0,0.0262,0.0,0.0,0.0175,0.0,0.1504,0.0,0.0465,0.0,0.0083,0.0134,0.0136,0.0208,0.0,0.0977,1
9.1,-1.125,-1.75,0.0101,0.0,0.0,0.0135,0.0,0.1168,0.0,0.0356,0.0,0.0032,0.0101,0.0052,0.0141,0.0,0.0681,1
9.1,-1.125,-1.5,0.0045,0.0,0.0,0.0137,0.0,0.1004,0.0,0.0361,0.0,0.0016,0.0103,0.0024,0.0115,0.0,0.0572,1
6.9,-1.0,-4.0,0.3444,0.0107,0.0,0.0234,0.0,0.0103,0.0011,0.0599,0.0,0.0534,0.0169,0.0997,0.0053,0.0077,0.006,1
6.9,-1.0,-3.75,0.3948,0.0167,0.0,0.0229,0.0,0.0331,0.0013,0.0586,0.0,0.0547,0.0165,0.0842,0.006,0.0095,0.0088,1
6.9,-1.0,-3.5,0.4154,0.0249,0.0014,0.0224,0.0,0.0932,0.0013,0.0573,0.0014,0.0514,0.0161,0.0682,0.0068,0.0108,0.012,1
6.9,-1.0,-3.25,0.3793,0.0351,0.0036,0.0219,0.0,0.2113,0.0012,0.0561,0.002,0.0422,0.0158,0.0527,0.0077,0.0105,0.0155,1
6.9,-1.0,-3.0,0.2986,0.0468,0.0072,0.0215,0.0,0.3744,0.0,0.0551,0.0027,0.0307,0.0154,0.0392,0.0085,0.0087,0.0188,1
6.9,-1.0,-2.75,0.2133,0.0598,0.012,0.0211,0.0,0.5501,0.0,0.0542,0.0034,0.0209,0.0151,0.0284,0.0092,0.0056,0.0214,1
6.9,-1.0,-2.5,0.1469,0.0741,0.0179,0.0208,0.0,0.7217,0.0,0.0534,0.004,0.0141,0.0149,0.0205,0.0095,0.004,0.023,1
6.9,-1.0,-2.25,0.1018,0.0896,0.0248,0.0205,0.0,0.8861,0.0,0.0529,0.0044,0.0097,0.0147,0.0147,0.0094,0.0014,0.0232,1
6.9,-1.0,-2.0,0.0729,0.1059,0.0328,0.0203,0.0,1.045,0.0,0.0524,0.0046,0.0069,0.0145,0.011,0.0088,0.001,0.0222,1
6.9,-1.0,-1.75,0.0544,0.1227,0.0416,0.0201,0.0,1.1973,0.0,0.0521,0.0044,0.0052,0.0144,0.0084,0.0077,0.0,0.0201,1
6.9,-1.0,-1.5,0.0423,0.1394,0.0512,0.0199,0.001,1.3427,0.0,0.0517,0.0041,0.004,0.0142,0.0068,0.0066,0.0,0.0174,1
7.0,-1.0,-4.0,0.4305,0.0084,0.0,0.0234,0.0,0.0128,0.0014,0.06,0.0,0.067,0.0169,0.125,0.0066,0.0095,0.0076,1
7.0,-1.0,-3.75,0.4935,0.0131,0.0,0.0229,0.0,0.0412,0.0016,0.0586,0.0012,0.0686,0.0165,0.1057,0.0075,0.0117,0.011,1
7.0,-1.0,-3.5,0.5193,0.0196,0.0017,0.0224,0.0,0.116,0.0016,0.0573,0.0018,0.0644,0.0161,0.0855,0.0085,0.0134,0.0151,1
7.0,-1.0,-3.25,0.4744,0.0276,0.0044,0.0219,0.0,0.2631,0.0014,0.0562,0.0025,0.0529,0.0158,0.0661,0.0096,0.013,0.0194,1
7.0,-1.0,-3.0,0.3737,0.0368,0.0089,0.0215,0.0,0.4661,0.0011,0.0551,0.0034,0.0386,0.0155,0.0492,0.0106,0.0109,0.0235,1
7.0,-1.0,-2.75,0.2671,0.0469,0.0148,0.0212,0.0,0.6845,0.0,0.0543,0.0042,0.0263,0.0152,0.0357,0.0115,0.0081,0.0268,1
7.0,-1.0,-2.5,0.1839,0.058,0.0219,0.0209,0.0,0.8969,0.0,0.0536,0.005,0.0177,0.0149,0.0256,0.0119,0.0051,0.0288,1
7.0,-1.0,-2.25,0.1275,0.07,0.0303,0.0206,0.0,1.0994,0.0,0.053,0.0055,0.0122,0.0147,0.0186,0.0118,0.0017,0.0291,1
7.0,-1.0,-2.0,0.0912,0.0824,0.0398,0.0204,0.0,1.2931,0.0,0.0526,0.0056,0.0087,0.0146,0.0138,0.0109,0.0013,0.0277,1
7.0,-1.0,-1.75,0.0679,0.0951,0.0502,0.0202,0.0,1.4774,0.0,0.0523,0.0054,0.0065,0.0144,0.0106,0.0097,0.0,0.025,1
7.0,-1.0,-1.5,0.0527,0.1077,0.0614,0.02,0.0,1.6525,0.0,0.052,0.005,0.0051,0.0143,0.0084,0.0082,0.0,0.0216,1
7.1,-1.0,-4.0,0.5375,0.0104,0.0,0.0234,0.0,0.0159,0.0017,0.06,0.0,0.084,0.0169,0.1568,0.0082,0.0117,0.0095,1
7.1,-1.0,-3.75,0.6162,0.0163,0.0,0.0229,0.0,0.0512,0.002,0.0587,0.0014,0.086,0.0166,0.1326,0.0094,0.0146,0.0138,1
7.1,-1.0,-3.5,0.6487,0.0244,0.0021,0.0224,0.0,0.1443,0.002,0.0574,0.0022,0.0808,0.0162,0.1073,0.0107,0.0167,0.0189,1
7.1,-1.0,-3.25,0.5931,0.0343,0.0054,0.022,0.0,0.3272,0.0018,0.0562,0.0031,0.0665,0.0158,0.0829,0.012,0.0163,0.0243,1
7.1,-1.0,-3.0,0.4676,0.0457,0.0109,0.0216,0.0,0.5801,0.0014,0.0552,0.0042,0.0485,0.0155,0.0617,0.0133,0.0137,0.0294,1
7.1,-1.0,-2.75,0.3346,0.0584,0.0182,0.0212,0.0,0.8523,0.001,0.0544,0.0052,0.0331,0.0152,0.0448,0.0144,0.0102,0.0336,1
7.1,-1.0,-2.5,0.2305,0.0722,0.027,0.0209,0.0,1.1169,0.0,0.0537,0.0062,0.0222,0.015,0.0322,0.0149,0.0073,0.036,1
7.1,-1.0,-2.25,0.1598,0.087,0.0373,0.0207,0.0,1.3692,0.0,0.0531,0.0068,0.0153,0.0148,0.0233,0.0147,0.0045,0.0364,1
7.1,-1.0,-2.0,0.1144,0.1025,0.049,0.0204,0.0,1.6112,0.0,0.0527,0.007,0.0109,0.0146,0.0173,0.0137,0.0016,0.0347,1
7.1,-1.0,-1.75,0.0852,0.1184,0.062,0.0203,0.0,1.8433,0.0,0.0524,0.0068,0.0082,0.0145,0.0133,0.0121,0.0012,0.0313,1
7.1,-1.0,-1.5,0.066,0.1344,0.0762,0.0201,0.0,2.0657,0.0,0.0521,0.0062,0.0064,0.0143,0.0107,0.0103,0.0,0.0272,1
7.2,-1.0,-4.0,0.6686,0.0128,0.0,0.0234,0.0,0.0197,0.0021,0.06,0.0011,0.105,0.0169,0.1962,0.0082,0.0145,0.0119,1
7.2,-1.0,-3.75,0.7665,0.0201,0.0,0.0229,0.0,0.0633,0.0024,0.0587,0.0018,0.1076,0.0166,0.1659,0.0093,0.0181,0.0172,1
7.2,-1.0,-3.5,0.807,0.0301,0.0025,0.0225,0.0,0.1783,0.0025,0.0575,0.0027,0.1012,0.0162,0.1343,0.0106,0.0206,0.0236,1
7.2,-1.0,-3.25,0.7384,0.0424,0.0066,0.022,0.0,0.4045,0.0022,0.0563,0.0039,0.0834,0.0158,0.1038,0.0119,0.0201,0.0304,1
7.2,-1.0,-3.0,0.5827,0.0564,0.0133,0.0216,0.0,0.7169,0.0018,0.0553,0.0052,0.0609,0.0155,0.0772,0.0132,0.0168,0.0367,1
7.2,-1.0,-2.75,0.4172,0.0719,0.022,0.0213,0.0,1.0525,0.0013,0.0545,0.0065,0.0416,0.0152,0.056,0.0142,0.0127,0.0419,1
7.2,-1.0,-2.5,0.2875,0.0887,0.0326,0.021,0.0,1.377,0.0,0.0539,0.0076,0.028,0.015,0.0403,0.0148,0.0091,0.0449,1
7.2,-1.0,-2.25,0.1993,0.1065,0.0447,0.0208,0.0,1.6842,0.0,0.0534,0.0084,0.0192,0.0148,0.0291,0.0146,0.0055,0.0454,1
7.2,-1.0,-2.0,0.1424,0.1251,0.0584,0.0206,0.0,1.9761,0.0,0.053,0.0086,0.0137,0.0147,0.0216,0.0136,0.004,0.0432,1
7.2,-1.0,-1.75,0.1059,0.144,0.0735,0.0204,0.0,2.2544,0.0,0.0527,0.0082,0.0102,0.0146,0.0166,0.012,0.0015,0.0389,1
7.2,-1.0,-1.5,0.0819,0.1628,0.0896,0.0202,0.0,2.5189,0.0,0.0524,0.0075,0.0079,0.0145,0.0133,0.0102,0.0011,0.0336,1
7.3,-1.0,-4.0,0.8282,0.0156,0.0,0.0234,0.0,0.0242,0.0026,0.0599,0.0014,0.1309,0.0169,0.2446,0.0128,0.0178,0.0148,1
7.3,-1.0,-3.75,0.9489,0.0244,0.0,0.0229,0.0,0.0775,0.003,0.0587,0.0022,0.1343,0.0166,0.2071,0.0146,0.0223,0.0214,1
7.3,-1.0,-3.5,0.9997,0.0367,0.003,0.0225,0.0,0.2186,0.0031,0.0575,0.0033,0.1266,0.0162,0.1677,0.0166,0.0252,0.0294,1
7.3,-1.0,-3.25,0.9157,0.0518,0.0079,0.0221,0.0,0.4958,0.0028,0.0564,0.0047,0.1046,0.0159,0.1295,0.0187,0.0246,0.0378,1
7.3,-1.0,-3.0,0.7238,0.069,0.0159,0.0217,0.0,0.8793,0.0022,0.0555,0.0063,0.0765,0.0156,0.0963,0.0206,0.0206,0.0457,1
7.3,-1.0,-2.75,0.5188,0.0879,0.0263,0.0214,0.0,1.2903,0.0016,0.0547,0.0079,0.0523,0.0153,0.0698,0.0222,0.0156,0.0521,1
7.3,-1.0,-2.5,0.3577,0.108,0.0387,0.0211,0.0,1.6848,0.0011,0.0541,0.0093,0.0352,0.0151,0.0501,0.0231,0.0113,0.0559,1
7.3,-1.0,-2.25,0.2477,0.1293,0.0528,0.0209,0.0,2.0551,0.0,0.0537,0.0101,0.0241,0.0149,0.0363,0.0228,0.0081,0.0564,1
7.3,-1.0,-2.0,0.1768,0.1511,0.0684,0.0207,0.0,2.4031,0.0,0.0534,0.0104,0.0171,0.0148,0.0268,0.0212,0.0051,0.0536,1
7.3,-1.0,-1.75,0.1313,0.1731,0.0854,0.0205,0.0,2.732,0.0,0.0531,0.0099,0.0127,0.0147,0.0206,0.0188,0.0028,0.0483,1
7.3,-1.0,-1.5,0.1013,0.195,0.1036,0.0204,0.0,3.0426,0.0,0.0528,0.009,0.0099,0.0146,0.0164,0.016,0.0014,0.0416,1
7.4,-1.0,-4.0,1.0212,0.0188,0.0,0.0234,0.0,0.0295,0.0032,0.0598,0.0017,0.1627,0.0169,0.3046,0.0126,0.0218,0.0184,1
7.4,-1.0,-3.75,1.1697,0.0296,0.0011,0.0229,0.0,0.0945,0.0037,0.0587,0.0027,0.1672,0.0166,0.258,0.0144,0.027,0.0266,1
7.4,-1.0,-3.5,1.2327,0.0445,0.0036,0.0225,0.0,0.2663,0.0038,0.0576,0.0041,0.158,0.0162,0.2089,0.0164,0.0308,0.0365,1
7.4,-1.0,-3.25,1.1308,0.0629,0.0094,0.0221,0.0,0.6043,0.0034,0.0566,0.0058,0.1309,0.0159,0.1614,0.0184,0.0301,0.047,1
7.4,-1.0,-3.0,0.8951,0.0838,0.0188,0.0218,0.0,1.0716,0.0027,0.0557,0.0077,0.096,0.0156,0.1199,0.0203,0.0253,0.0567,1
7.4,-1.0,-2.75,0.6423,0.1065,0.031,0.0215,0.0,1.571,0.0019,0.055,0.0096,0.0657,0.0154,0.0869,0.0219,0.019,0.0646,1
7.4,-1.0,-2.5,0.443,0.1305,0.0453,0.0212,0.0,2.0463,0.0014,0.0544,0.0112,0.0442,0.0152,0.0623,0.0227,0.0137,0.0693,1
7.4,-1.0,-2.25,0.3067,0.1555,0.0614,0.021,0.0,2.488,0.0,0.054,0.0122,0.0302,0.015,0.045,0.0224,0.0098,0.0698,1
7.4,-1.0,-2.0,0.2185,0.1808,0.0789,0.0209,0.0,2.8983,0.0,0.0537,0.0124,0.0214,0.0149,0.0333,0.0209,0.0062,0.0663,1
7.4,-1.0,-1.75,0.1619,0.2062,0.0978,0.0207,0.0,3.2829,0.0,0.0535,0.0119,0.0159,0.0148,0.0255,0.0185,0.0046,0.0596,1
7.4,-1.0,-1.5,0.1246,0.2313,0.1178,0.0206,0.0,3.6454,0.0,0.0532,0.0107,0.0123,0.0147,0.0203,0.0158,0.0017,0.0513,1
7.5,-1.0,-4.0,1.2495,0.0224,0.0,0.0233,0.0,0.0357,0.0039,0.0598,0.002,0.2015,0.0169,0.3779,0.0195,0.0263,0.0227,1
7.5,-1.0,-3.75,1.4315,0.0355,0.0013,0.023,0.0,0.1142,0.0045,0.0588,0.0033,0.2073,0.0166,0.3203,0.0224,0.0326,0.033,1
7.5,-1.0,-3.5,1.5091,0.0535,0.0043,0.0226,0.0,0.3218,0.0047,0.0577,0.005,0.1964,0.0163,0.2595,0.0255,0.037,0.0452,1
7.5,-1.0,-3.25,1.3856,0.0757,0.011,0.0222,0.0,0.7297,0.0042,0.0568,0.007,0.1633,0.016,0.2005,0.0286,0.0365,0.0581,1
7.5,-1.0,-3.0,1.0991,0.1008,0.0219,0.0218,0.0,1.2936,0.0033,0.0559,0.0092,0.1201,0.0157,0.149,0.0315,0.0306,0.07,1
7.5,-1.0,-2.75,0.7898,0.1277,0.0359,0.0216,0.0,1.8939,0.0024,0.0553,0.0115,0.0823,0.0155,0.1079,0.0339,0.023,0.0796,1
7.5,-1.0,-2.5,0.545,0.1558,0.052,0.0213,0.0,2.46,0.0017,0.0547,0.0134,0.0553,0.0153,0.0773,0.0352,0.0164,0.0853,1
7.5,-1.0,-2.25,0.377,0.1847,0.0699,0.0212,0.0,2.9791,0.0012,0.0544,0.0145,0.0377,0.0152,0.0557,0.0347,0.0117,0.0859,1
7.5,-1.0,-2.0,0.2684,0.2137,0.0891,0.021,0.0,3.4577,0.0,0.0541,0.0147,0.0267,0.0151,0.0412,0.0323,0.0086,0.0815,1
7.5,-1.0,-1.75,0.1984,0.2425,0.1096,0.0209,0.0,3.9021,0.0,0.0539,0.014,0.0197,0.015,0.0315,0.0286,0.0055,0.0731,1
7.5,-1.0,-1.5,0.1524,0.271,0.1314,0.0207,0.0,4.3206,0.0,0.0537,0.0126,0.0152,0.0149,0.025,0.0244,0.0044,0.0628,1
7.6,-1.0,-4.0,1.5202,0.0266,0.0,0.0233,0.0,0.0429,0.0047,0.0597,0.0025,0.2487,0.0169,0.4677,0.0191,0.0314,0.028,1
7.6,-1.0,-3.75,1.7406,0.0422,0.0015,0.023,0.0,0.1371,0.0054,0.0588,0.0039,0.2561,0.0166,0.3966,0.0219,0.039,0.0406,1
7.6,-1.0,-3.5,1.8334,0.0638,0.0049,0.0226,0.0,0.3854,0.0056,0.0578,0.0059,0.2431,0.0163,0.3214,0.0249,0.0443,0.0556,1
7.6,-1.0,-3.25,1.6852,0.0903,0.0126,0.0222,0.0,0.873,0.0051,0.0569,0.0084,0.2028,0.016,0.2483,0.0279,0.0433,0.0714,1
7.6,-1.0,-3.0,1.3392,0.12,0.025,0.0219,0.0,1.5455,0.004,0.0562,0.011,0.1496,0.0158,0.1843,0.0307,0.0365,0.0859,1
7.6,-1.0,-2.75,0.9637,0.1513,0.0407,0.0217,0.0,2.257,0.0029,0.0556,0.0136,0.1026,0.0156,0.1334,0.0329,0.0274,0.0974,1
7.6,-1.0,-2.5,0.6654,0.1836,0.0584,0.0215,0.0,2.9228,0.002,0.0551,0.0157,0.0689,0.0154,0.0954,0.0341,0.0197,0.1042,1
7.6,-1.0,-2.25,0.4602,0.2164,0.0777,0.0213,0.0,3.5249,0.0014,0.0548,0.017,0.047,0.0153,0.0688,0.0336,0.0142,0.1049,1
7.6,-1.0,-2.0,0.3272,0.2491,0.0984,0.0212,0.0,4.0745,0.001,0.0545,0.0172,0.0331,0.0152,0.0506,0.0313,0.0103,0.0994,1
7.6,-1.0,-1.75,0.2415,0.2815,0.1203,0.0211,0.0,4.585,0.0,0.0543,0.0163,0.0244,0.0151,0.0387,0.0278,0.0077,0.0891,1
7.6,-1.0,-1.5,0.1853,0.3136,0.1436,0.0209,0.0,5.0647,0.0,0.0541,0.0147,0.0188,0.015,0.0307,0.0237,0.0051,0.0764,1
7.7,-1.0,-4.0,1.8254,0.0312,0.0,0.0233,0.0,0.0511,0.0056,0.0597,0.0029,0.3047,0.0169,0.5749,0.0293,0.0368,0.0343,1
7.7,-1.0,-3.75,2.0857,0.0495,0.0017,0.023,0.0,0.162,0.0064,0.0589,0.0047,0.3139,0.0166,0.4882,0.0336,0.0456,0.0496,1
7.7,-1.0,-3.5,2.1977,0.0749,0.0055,0.0227,0.0,0.4547,0.0067,0.058,0.007,0.2988,0.0164,0.3959,0.0382,0.0517,0.0679,1
7.7,-1.0,-3.25,2.0221,0.106,0.014,0.0223,0.0,1.0284,0.0061,0.0572,0.0098,0.2502,0.0161,0.3057,0.0427,0.0507,0.087,1
7.7,-1.0,-3.0,1.6103,0.1404,0.0276,0.022,0.0,1.817,0.0048,0.0564,0.0128,0.1851,0.0159,0.2269,0.0469,0.0426,0.1045,1
7.7,-1.0,-2.75,1.1616,0.1761,0.0446,0.0218,0.0,2.6459,0.0035,0.0559,0.0157,0.1272,0.0157,0.1639,0.0502,0.0323,0.1181,1
7.7,-1.0,-2.5,0.8033,0.2125,0.0636,0.0216,0.0,3.4144,0.0025,0.0554,0.0181,0.0854,0.0155,0.1172,0.0519,0.0232,0.126,1
7.7,-1.0,-2.25,0.5557,0.2489,0.0839,0.0215,0.0,4.1028,0.0017,0.0551,0.0195,0.0581,0.0154,0.0844,0.0511,0.0166,0.1267,1
7.7,-1.0,-2.0,0.3948,0.2852,0.1055,0.0214,0.0,4.7264,0.0012,0.0549,0.0196,0.0409,0.0153,0.062,0.0477,0.0121,0.1201,1
7.7,-1.0,-1.75,0.2912,0.3212,0.1284,0.0213,0.0,5.3052,0.0,0.0548,0.0186,0.03,0.0152,0.0473,0.0423,0.0091,0.1076,1
7.7,-1.0,-1.5,0.2232,0.3572,0.153,0.0211,0.0,5.8558,0.0,0.0545,0.0168,0.023,0.0152,0.0374,0.0362,0.0061,0.0923,1
7.8,-1.0,-4.0,2.1639,0.0361,0.0,0.0233,0.0,0.0604,0.0066,0.0598,0.0034,0.3704,0.0169,0.7018,0.0282,0.0424,0.0416,1
7.8,-1.0,-3.75,2.4703,0.0573,0.0019,0.023,0.0,0.1892,0.0075,0.059,0.0054,0.3821,0.0167,0.5976,0.0324,0.0524,0.0602,1
7.8,-1.0,-3.5,2.6001,0.0867,0.006,0.0227,0.0,0.5286,0.0079,0.0582,0.0082,0.3645,0.0164,0.4848,0.0368,0.0593,0.0823,1
7.8,-1.0,-3.25,2.3942,0.1224,0.0152,0.0224,0.0,1.1925,0.0072,0.0574,0.0114,0.3064,0.0162,0.3744,0.041,0.0581,0.1052,1
7.8,-1.0,-3.0,1.9107,0.1613,0.0296,0.0222,0.0,2.1003,0.0057,0.0567,0.0147,0.2276,0.016,0.2775,0.0449,0.049,0.1258,1
7.8,-1.0,-2.75,1.3822,0.2012,0.0474,0.0219,0.0,3.0482,0.0042,0.0562,0.0178,0.1567,0.0158,0.2004,0.0479,0.0372,0.1418,1
7.8,-1.0,-2.5,0.9578,0.2412,0.067,0.0218,0.0,3.9188,0.0029,0.0558,0.0204,0.1052,0.0156,0.1431,0.0493,0.0267,0.1508,1
7.8,-1.0,-2.25,0.6635,0.281,0.0878,0.0216,0.0,4.6949,0.0021,0.0555,0.0219,0.0715,0.0155,0.1028,0.0485,0.0192,0.1514,1
7.8,-1.0,-2.0,0.4714,0.3205,0.1098,0.0215,0.0,5.3949,0.0015,0.0553,0.022,0.0502,0.0155,0.0755,0.0453,0.0141,0.1435,1
7.8,-1.0,-1.75,0.3478,0.3602,0.1333,0.0214,0.0,6.0465,0.0011,0.0552,0.0209,0.0367,0.0154,0.0574,0.0403,0.0106,0.1288,1
7.8,-1.0,-1.5,0.2665,0.4003,0.1588,0.0213,0.0,6.6707,0.0,0.055,0.0189,0.0281,0.0153,0.0454,0.0345,0.0082,0.1105,1
7.9,-1.0,-4.0,2.4977,0.0406,0.0,0.0233,0.0,0.0689,0.0075,0.0598,0.0039,0.4437,0.0169,0.8465,0.0425,0.047,0.0498,1
7.9,-1.0,-3.75,2.852,0.0646,0.002,0.0231,0.0,0.2153,0.0086,0.0592,0.0062,0.4585,0.0167,0.7227,0.0488,0.0581,0.0719,1
7.9,-1.0,-3.5,3.0015,0.0976,0.0063,0.0228,0.0,0.5987,0.009,0.0584,0.0092,0.4386,0.0165,0.5871,0.0553,0.0655,0.0982,1
7.9,-1.0,-3.25,2.769,0.1376,0.0156,0.0225,0.0,1.3467,0.0082,0.0577,0.0127,0.3705,0.0163,0.4536,0.0615,0.0645,0.1253,1
7.9,-1.0,-3.0,2.2181,0.1805,0.0302,0.0223,0.0,2.3662,0.0066,0.057,0.0164,0.2765,0.0161,0.336,0.067,0.0546,0.1493,1
7.9,-1.0,-2.75,1.6125,0.2238,0.048,0.0221,0.0,3.4251,0.0048,0.0565,0.0197,0.191,0.0159,0.2424,0.0712,0.0416,0.1676,1
7.9,-1.0,-2.5,1.1224,0.2667,0.0675,0.0219,0.0,4.3919,0.0034,0.0562,0.0223,0.1284,0.0158,0.173,0.0731,0.0301,0.1779,1
7.9,-1.0,-2.25,0.7795,0.3093,0.0881,0.0218,0.0,5.2507,0.0024,0.0559,0.0239,0.0871,0.0157,0.1242,0.072,0.0218,0.1784,1
7.9,-1.0,-2.0,0.5548,0.3518,0.11,0.0217,0.0,6.029,0.0017,0.0557,0.0241,0.0611,0.0156,0.0911,0.0673,0.0159,0.169,1
7.9,-1.0,-1.75,0.4097,0.3952,0.1337,0.0216,0.0,6.7625,0.0013,0.0556,0.023,0.0446,0.0155,0.0692,0.06,0.012,0.152,1
7.9,-1.0,-1.5,0.3142,0.4395,0.1596,0.0215,0.0,7.4691,0.001,0.0554,0.0209,0.0341,0.0155,0.0547,0.0516,0.0094,0.1309,1
8.0,-1.0,-4.0,2.8182,0.0446,0.0,0.0234,0.0,0.0769,0.0083,0.0599,0.0043,0.5244,0.017,1.0089,0.0398,0.0504,0.0587,1
8.0,-1.0,-3.75,3.2235,0.0711,0.002,0.0231,0.0,0.2397,0.0095,0.0593,0.0068,0.5432,0.0168,0.8646,0.0458,0.0624,0.0849,1
8.0,-1.0,-3.5,3.3949,0.1076,0.0063,0.0229,0.0,0.6637,0.01,0.0586,0.0102,0.5214,0.0166,0.7042,0.0519,0.0705,0.1158,1
8.0,-1.0,-3.25,3.1336,0.151,0.0154,0.0226,0.0,1.4838,0.0092,0.0579,0.0139,0.4425,0.0164,0.544,0.0574,0.0692,0.1472,1
8.0,-1.0,-3.0,2.523,0.1969,0.0295,0.0224,0.0,2.5991,0.0074,0.0573,0.0177,0.3322,0.0162,0.4029,0.0622,0.0589,0.1748,1
8.0,-1.0,-2.75,1.8458,0.2426,0.0466,0.0222,0.0,3.757,0.0055,0.0569,0.0211,0.2304,0.016,0.2905,0.0658,0.0453,0.1955,1
8.0,-1.0,-2.5,1.2924,0.2877,0.0652,0.022,0.0,4.8132,0.0039,0.0565,0.0238,0.1552,0.0159,0.2072,0.0675,0.0332,0.207,1
8.0,-1.0,-2.25,0.9015,0.3323,0.085,0.0219,0.0,5.7485,0.0028,0.0563,0.0254,0.1054,0.0158,0.1487,0.0664,0.0241,0.2074,1
8.0,-1.0,-2.0,0.6439,0.3778,0.1063,0.0218,0.0,6.6055,0.002,0.0561,0.0257,0.0738,0.0157,0.1091,0.0623,0.0178,0.1968,1
8.0,-1.0,-1.75,0.4764,0.4245,0.1296,0.0218,0.0,7.4191,0.0015,0.0559,0.0246,0.0538,0.0157,0.0828,0.0558,0.0135,0.1773,1
8.0,-1.0,-1.5,0.3661,0.4734,0.1557,0.0217,0.0,8.2213,0.0012,0.0558,0.0226,0.041,0.0156,0.0655,0.0482,0.0106,0.1532,1
8.1,-1.0,-4.0,3.0243,0.0466,0.0,0.0234,0.0,0.0819,0.0087,0.06,0.0045,0.602,0.017,1.172,0.0576,0.0503,0.0673,1
8.1,-1.0,-3.75,3.4797,0.0748,0.0019,0.0232,0.0,0.2553,0.01,0.0595,0.0072,0.6267,0.0169,1.0114,0.0665,0.0628,0.0976,1
8.1,-1.0,-3.5,3.6816,0.1135,0.0058,0.023,0.0,0.7056,0.0106,0.0589,0.0107,0.605,0.0167,0.8274,0.0752,0.0714,0.1333,1
8.1,-1.0,-3.25,3.4205,0.1592,0.0142,0.0227,0.0,1.5751,0.0099,0.0582,0.0146,0.5176,0.0165,0.6411,0.0831,0.0705,0.1692,1
8.1,-1.0,-3.0,2.7773,0.2069,0.027,0.0225,0.0,2.7546,0.008,0.0577,0.0184,0.3917,0.0163,0.4754,0.0896,0.0608,0.2004,1
8.1,-1.0,-2.75,2.0534,0.254,0.0425,0.0223,0.0,3.9849,0.006,0.0572,0.0218,0.2736,0.0161,0.343,0.0944,0.0474,0.2237,1
8.1,-1.0,-2.5,1.4512,0.3001,0.0597,0.0222,0.0,5.1129,0.0043,0.0569,0.0245,0.1851,0.016,0.2449,0.0967,0.0353,0.2365,1
8.1,-1.0,-2.25,1.02,0.3462,0.078,0.0221,0.0,6.1218,0.0031,0.0566,0.0262,0.1258,0.0159,0.1758,0.0954,0.0259,0.2372,1
8.1,-1.0,-2.0,0.7319,0.3936,0.098,0.022,0.0,7.0508,0.0023,0.0565,0.0266,0.0881,0.0159,0.1291,0.0899,0.0193,0.2254,1
8.1,-1.0,-1.75,0.5436,0.4435,0.1203,0.0219,0.0,7.9456,0.0017,0.0563,0.0256,0.0642,0.0158,0.0981,0.081,0.0147,0.2038,1
8.1,-1.0,-1.5,0.4192,0.4966,0.1456,0.0218,0.0,8.8429,0.0013,0.0562,0.0237,0.0489,0.0157,0.0776,0.0704,0.0117,0.1768,1
8.2,-1.0,-4.0,3.082,0.0452,0.0,0.0233,0.0,0.082,0.0086,0.0599,0.0044,0.6691,0.017,1.3238,0.0508,0.0465,0.0746,1
8.2,-1.0,-3.75,3.5955,0.0738,0.0016,0.0232,0.0,0.2578,0.01,0.0596,0.0071,0.7037,0.0169,1.1558,0.0591,0.0593,0.109,1
8.2,-1.0,-3.5,3.8428,0.1131,0.0049,0.023,0.0,0.7155,0.0108,0.059,0.0107,0.6858,0.0167,0.9532,0.0671,0.0683,0.1496,1
8.2,-1.0,-3.25,3.6047,0.1594,0.012,0.0228,0.0,1.5979,0.0101,0.0585,0.0145,0.5928,0.0165,0.7417,0.0741,0.0685,0.1901,1
8.2,-1.0,-3.0,2.9631,0.2073,0.0229,0.0226,0.0,2.7997,0.0084,0.058,0.0183,0.4534,0.0164,0.5512,0.0796,0.0599,0.2248,1
8.2,-1.0,-2.75,2.2206,0.2542,0.0362,0.0224,0.0,4.0631,0.0064,0.0576,0.0216,0.3196,0.0163,0.3982,0.0836,0.0477,0.2506,1
8.2,-1.0,-2.5,1.5894,0.3004,0.0511,0.0223,0.0,5.2357,0.0047,0.0572,0.0243,0.2176,0.0161,0.2847,0.0856,0.0361,0.2653,1
8.2,-1.0,-2.25,1.1278,0.3468,0.0673,0.0222,0.0,6.2947,0.0034,0.057,0.026,0.1484,0.0161,0.2047,0.0847,0.027,0.2667,1
8.2,-1.0,-2.0,0.8153,0.3951,0.0852,0.0221,0.0,7.2806,0.0025,0.0569,0.0266,0.104,0.016,0.1505,0.0803,0.0203,0.2546,1
8.2,-1.0,-1.75,0.6089,0.4468,0.1055,0.0221,0.0,8.2468,0.0019,0.0567,0.0259,0.0758,0.0159,0.1144,0.073,0.0158,0.2315,1
8.2,-1.0,-1.5,0.4714,0.5028,0.1289,0.022,0.0,9.2272,0.0015,0.0566,0.0242,0.0577,0.0159,0.0906,0.0639,0.0125,0.202,1
8.3,-1.0,-4.0,2.7931,0.0377,0.0,0.0231,0.0,0.0724,0.0073,0.0594,0.0037,0.6923,0.0169,1.4027,0.0657,0.0365,0.0769,1
8.3,-1.0,-3.75,3.3581,0.0637,0.0011,0.0231,0.0,0.2326,0.0089,0.0594,0.0063,0.7429,0.0168,1.2526,0.078,0.0486,0.1144,1
8.3,-1.0,-3.5,3.6902,0.1008,0.0035,0.023,0.0,0.6588,0.0099,0.059,0.0096,0.739,0.0167,1.0514,0.0899,0.0581,0.1595,1
8.3,-1.0,-3.25,3.5441,0.1451,0.0089,0.0228,0.0,1.494,0.0096,0.0586,0.0133,0.6513,0.0166,0.8271,0.0998,0.0601,0.2045,1
8.3,-1.0,-3.0,2.9809,0.1911,0.0171,0.0227,0.0,2.649,0.0082,0.0582,0.0168,0.5071,0.0165,0.6185,0.1074,0.0542,0.2429,1
8.3,-1.0,-2.75,2.2829,0.2363,0.0274,0.0225,0.0,3.8865,0.0064,0.0579,0.0199,0.3625,0.0164,0.4485,0.1128,0.0445,0.2715,1
8.3,-1.0,-2.5,1.6647,0.2808,0.0392,0.0224,0.0,5.0541,0.0048,0.0576,0.0225,0.2493,0.0163,0.3216,0.1158,0.0347,0.2885,1
8.3,-1.0,-2.25,1.1988,0.3258,0.0524,0.0223,0.0,6.1253,0.0035,0.0574,0.0243,0.1711,0.0162,0.2319,0.1153,0.0264,0.2919,1
8.3,-1.0,-2.0,0.8763,0.3733,0.0673,0.0223,0.0,7.1373,0.0027,0.0573,0.0252,0.1203,0.0162,0.1708,0.1104,0.0203,0.281,1
8.3,-1.0,-1.75,0.66,0.4247,0.0844,0.0222,0.0,8.1368,0.002,0.0572,0.0249,0.0879,0.0161,0.1302,0.1015,0.0159,0.2578,1
8.3,-1.0,-1.5,0.5145,0.4818,0.1046,0.0221,0.0,9.1773,0.0016,0.0571,0.0237,0.0669,0.0161,0.1033,0.09,0.0129,0.2273,1
8.4,-1.0,-4.0,2.3346,0.0289,0.0,0.0228,0.0,0.0598,0.0057,0.0588,0.0029,0.6817,0.0167,1.4179,0.0512,0.0254,0.0761,1
8.4,-1.0,-3.75,2.941,0.0515,0.0,0.0229,0.0,0.199,0.0073,0.0591,0.0051,0.754,0.0168,1.3077,0.0626,0.0361,0.1162,1
8.4,-1.0,-3.5,3.3584,0.0849,0.0024,0.0229,0.0,0.58,0.0085,0.059,0.0082,0.7704,0.0168,1.125,0.0737,0.0457,0.1656,1
8.4,-1.0,-3.25,3.3261,0.1258,0.006,0.0228,0.0,1.3415,0.0086,0.0588,0.0116,0.6951,0.0167,0.8989,0.0827,0.0493,0.2151,1
8.4,-1.0,-3.0,2.8747,0.1687,0.0119,0.0227,0.0,2.4133,0.0076,0.0585,0.0148,0.5523,0.0166,0.6784,0.0893,0.0462,0.2571,1
8.4,-1.0,-2.75,2.2575,0.2109,0.0194,0.0226,0.0,3.5848,0.0061,0.0582,0.0176,0.4014,0.0165,0.4948,0.094,0.0393,0.2886,1
8.4,-1.0,-2.5,1.6817,0.2526,0.0283,0.0225,0.0,4.7147,0.0047,0.058,0.02,0.2793,0.0164,0.3562,0.0967,0.0315,0.3081,1
8.4,-1.0,-2.25,1.2324,0.2951,0.0384,0.0225,0.0,5.7693,0.0035,0.0578,0.0219,0.1933,0.0164,0.2578,0.0969,0.0247,0.3137,1
8.4,-1.0,-2.0,0.9132,0.3402,0.0502,0.0224,0.0,6.7802,0.0027,0.0577,0.0229,0.1366,0.0163,0.1905,0.0937,0.0194,0.3043,1
8.4,-1.0,-1.75,0.695,0.3895,0.0638,0.0224,0.0,7.7892,0.0021,0.0576,0.023,0.1001,0.0163,0.1457,0.0871,0.0156,0.2817,1
8.4,-1.0,-1.5,0.5464,0.4455,0.0804,0.0223,0.0,8.858,0.0017,0.0575,0.0223,0.0764,0.0162,0.116,0.0782,0.0128,0.2507,1
8.5,-1.0,-4.0,1.5806,0.0153,0.0,0.0223,0.0,0.0367,0.0034,0.0578,0.0018,0.5898,0.0165,1.2563,0.0557,0.013,0.068,1
8.5,-1.0,-3.75,2.1587,0.0303,0.0,0.0226,0.0,0.1302,0.0049,0.0586,0.0035,0.6859,0.0167,1.2196,0.0715,0.0209,0.1082,1
8.5,-1.0,-3.5,2.6814,0.0553,0.0011,0.0228,0.0,0.4106,0.0062,0.0589,0.0061,0.7386,0.0167,1.0983,0.0881,0.0296,0.1609,1
8.5,-1.0,-3.25,2.8556,0.089,0.0032,0.0228,0.0,1.0186,0.0067,0.0588,0.0091,0.6972,0.0167,0.9053,0.1021,0.035,0.2157,1
8.5,-1.0,-3.0,2.6141,0.1266,0.0067,0.0227,0.0,1.9285,0.0062,0.0587,0.0119,0.5736,0.0167,0.6955,0.1121,0.0353,0.2623,1
8.5,-1.0,-2.75,2.1432,0.1646,0.0115,0.0227,0.0,2.9675,0.0053,0.0586,0.0144,0.427,0.0166,0.5117,0.1187,0.0318,0.2969,1
8.5,-1.0,-2.5,1.6498,0.2026,0.0174,0.0226,0.0,4.0082,0.0042,0.0584,0.0165,0.302,0.0166,0.3704,0.1232,0.0267,0.32,1
8.5,-1.0,-2.25,1.237,0.2417,0.0243,0.0226,0.0,5.0099,0.0032,0.0583,0.0184,0.2109,0.0165,0.2693,0.1252,0.0217,0.3306,1
8.5,-1.0,-2.0,0.9312,0.2835,0.0326,0.0225,0.0,5.9852,0.0025,0.0582,0.0197,0.1498,0.0165,0.1999,0.1237,0.0176,0.327,1
8.5,-1.0,-1.75,0.7162,0.3291,0.0425,0.0225,0.0,6.9666,0.002,0.0581,0.0203,0.11,0.0164,0.1534,0.1179,0.0144,0.3093,1
8.5,-1.0,-1.5,0.567,0.3808,0.0546,0.0224,0.0,8.0107,0.0016,0.0581,0.0202,0.084,0.0164,0.1224,0.1086,0.012,0.281,1
8.6,-1.0,-4.0,0.9208,0.0054,0.0,0.0217,0.0,0.0165,0.0017,0.0567,0.0,0.466,0.0162,1.0077,0.0351,0.0047,0.0574,1
8.6,-1.0,-3.75,1.3767,0.0121,0.0,0.0223,0.0,0.0632,0.0027,0.0581,0.0021,0.5715,0.0165,1.0321,0.0476,0.0098,0.0949,1
8.6,-1.0,-3.5,1.944,0.0261,0.0,0.0226,0.0,0.2267,0.0039,0.0587,0.0041,0.6636,0.0167,0.9913,0.0628,0.0164,0.1502,1
8.6,-1.0,-3.25,2.3485,0.049,0.0014,0.0227,0.0,0.6419,0.0048,0.0588,0.0068,0.6722,0.0167,0.8599,0.0771,0.0228,0.2125,1
8.6,-1.0,-3.0,2.3507,0.0776,0.0032,0.0227,0.0,1.3422,0.0048,0.0589,0.0093,0.5773,0.0167,0.6756,0.087,0.0257,0.2654,1
8.6,-1.0,-2.75,2.0577,0.109,0.0059,0.0227,0.0,2.2043,0.0042,0.0588,0.0114,0.4419,0.0167,0.5018,0.0931,0.025,0.3037,1
8.6,-1.0,-2.5,1.6572,0.1419,0.0093,0.0227,0.0,3.1143,0.0034,0.0588,0.0132,0.3173,0.0167,0.3641,0.0973,0.0223,0.33,1
8.6,-1.0,-2.25,1.2792,0.1769,0.0136,0.0227,0.0,4.0266,0.0027,0.0588,0.0149,0.223,0.0167,0.2647,0.1004,0.0188,0.3464,1
8.6,-1.0,-2.0,0.9786,0.2145,0.0188,0.0227,0.0,4.9366,0.0022,0.0587,0.0163,0.1584,0.0166,0.1965,0.102,0.0156,0.3519,1
8.6,-1.0,-1.75,0.7579,0.2555,0.0252,0.0226,0.0,5.8598,0.0017,0.0587,0.0174,0.1159,0.0166,0.1508,0.1011,0.0129,0.3446,1
8.6,-1.0,-1.5,0.6009,0.3013,0.0331,0.0226,0.0,6.8328,0.0014,0.0586,0.0181,0.0882,0.0166,0.1204,0.0973,0.0109,0.3249,1
8.7,-1.0,-4.0,0.4122,0.0015,0.0,0.0213,0.0,0.0062,0.0,0.056,0.0,0.3169,0.016,0.7066,0.0308,0.0,0.0431,1
8.7,-1.0,-3.75,0.6686,0.0038,0.0,0.0221,0.0,0.0245,0.0011,0.0578,0.0,0.4066,0.0165,0.762,0.0436,0.0013,0.0732,1
8.7,-1.0,-3.5,1.0877,0.0095,0.0,0.0225,0.0,0.1022,0.0019,0.0587,0.0021,0.5129,0.0167,0.7891,0.0622,0.0055,0.124,1
8.7,-1.0,-3.25,1.584,0.0219,0.0,0.0227,0.0,0.3526,0.0027,0.059,0.0042,0.5773,0.0168,0.7456,0.0841,0.0113,0.1924,1
8.7,-1.0,-3.0,1.848,0.0409,0.0013,0.0228,0.0,0.853,0.0031,0.0591,0.0066,0.537,0.0168,0.622,0.1016,0.0154,0.2562,1
8.7,-1.0,-2.75,1.7778,0.0631,0.0027,0.0228,0.0,1.5164,0.003,0.0592,0.0085,0.4274,0.0168,0.4728,0.1114,0.0169,0.3002,1
8.7,-1.0,-2.5,1.5348,0.0881,0.0045,0.0228,0.0,2.2545,0.0026,0.0592,0.01,0.3141,0.0168,0.3461,0.1174,0.0164,0.3293,1
8.7,-1.0,-2.25,1.2453,0.1163,0.0069,0.0228,0.0,3.0312,0.0021,0.0593,0.0113,0.2233,0.0168,0.2523,0.1223,0.0149,0.3494,1
8.7,-1.0,-2.0,0.982,0.1482,0.0099,0.0228,0.0,3.8407,0.0017,0.0593,0.0126,0.1591,0.0168,0.1875,0.1266,0.0128,0.3618,1
8.7,-1.0,-1.75,0.7745,0.184,0.0138,0.0228,0.0,4.6835,0.0014,0.0592,0.0139,0.1163,0.0168,0.144,0.1295,0.011,0.3644,1
8.7,-1.0,-1.5,0.6194,0.2244,0.0188,0.0227,0.0,5.5884,0.0011,0.0592,0.015,0.0882,0.0167,0.1151,0.1297,0.0095,0.3556,1
8.8,-1.0,-4.0,0.1679,0.0,0.0,0.021,0.0,0.0022,0.0,0.0555,0.0,0.2047,0.0159,0.4705,0.0164,0.0,0.0314,1
8.8,-1.0,-3.75,0.2923,0.0011,0.0,0.0219,0.0,0.0088,0.0,0.0578,0.0,0.2723,0.0165,0.5319,0.024,0.0,0.0542,1
8.8,-1.0,-3.5,0.5242,0.003,0.0,0.0225,0.0,0.0405,0.0,0.059,0.0,0.3637,0.0168,0.5851,0.036,0.0,0.096,1
8.8,-1.0,-3.25,0.9195,0.0084,0.0,0.0227,0.0,0.1729,0.0013,0.0594,0.0022,0.4552,0.0169,0.6057,0.0538,0.003,0.1638,1
8.8,-1.0,-3.0,1.3028,0.0192,0.0,0.0228,0.0,0.5012,0.0018,0.0595,0.0042,0.4695,0.0169,0.5504,0.0715,0.0081,0.238,1
8.8,-1.0,-2.75,1.4347,0.0333,0.0011,0.0229,0.0,0.9886,0.002,0.0595,0.006,0.3973,0.0169,0.4376,0.0824,0.0105,0.2915,1
8.8,-1.0,-2.5,1.3562,0.0496,0.002,0.0229,0.0,1.548,0.0018,0.0596,0.0073,0.3011,0.017,0.3259,0.088,0.0115,0.324,1
8.8,-1.0,-2.25,1.1774,0.0692,0.0033,0.0229,0.0,2.1634,0.0016,0.0597,0.0084,0.2174,0.017,0.2388,0.0919,0.0113,0.3456,1
8.8,-1.0,-2.0,0.9746,0.0933,0.0049,0.0229,0.0,2.8387,0.0013,0.0597,0.0095,0.1557,0.017,0.1776,0.096,0.0105,0.3617,1
8.8,-1.0,-1.75,0.7914,0.1224,0.0072,0.0229,0.0,3.5775,0.001,0.0597,0.0107,0.1136,0.0169,0.1363,0.1003,0.0093,0.3721,1
8.8,-1.0,-1.5,0.6436,0.1567,0.0101,0.0229,0.0,4.3913,0.0,0.0597,0.0118,0.0858,0.0169,0.1089,0.1037,0.0081,0.3739,1
8.9,-1.0,-4.0,0.0424,0.0,0.0,0.018,0.0,0.0011,0.0,0.048,0.0,0.0935,0.0139,0.1812,0.0099,0.0,0.0206,1
8.9,-1.0,-3.75,0.063,0.0,0.0,0.0197,0.0,0.0042,0.0,0.0524,0.0,0.1128,0.0151,0.1849,0.014,0.0,0.0351,1
8.9,-1.0,-3.5,0.1349,0.0,0.0,0.022,0.0,0.0085,0.0,0.0582,0.0,0.1785,0.0166,0.3115,0.0223,0.0,0.0526,1
8.9,-1.0,-3.25,0.2884,0.0014,0.0,0.0225,0.0,0.0463,0.0,0.0592,0.0,0.2541,0.0169,0.3633,0.0377,0.0,0.1011,1
8.9,-1.0,-3.0,0.5494,0.0045,0.0,0.0227,0.0,0.1836,0.0,0.0595,0.0016,0.3143,0.017,0.3841,0.0596,0.0,0.1731,1
8.9,-1.0,-2.75,0.7909,0.0098,0.0,0.0228,0.0,0.4455,0.0,0.0597,0.0028,0.3097,0.017,0.3441,0.0785,0.0015,0.2386,1
8.9,-1.0,-2.5,0.9133,0.0165,0.0,0.0229,0.0,0.7741,0.0,0.0599,0.004,0.2583,0.017,0.273,0.0894,0.0046,0.2807,1
8.9,-1.0,-2.25,0.9258,0.0247,0.0,0.0229,0.0,1.1487,0.0,0.06,0.005,0.1973,0.0171,0.206,0.0959,0.0056,0.3065,1
8.9,-1.0,-2.0,0.8645,0.0358,0.0016,0.0229,0.0,1.5832,0.0,0.0601,0.0058,0.1452,0.0171,0.1545,0.1012,0.006,0.3253,1
8.9,-1.0,-1.75,0.7628,0.0518,0.0025,0.023,0.0,2.1003,0.0,0.0602,0.0067,0.1067,0.0171,0.1185,0.1073,0.0059,0.3413,1
8.9,-1.0,-1.5,0.6508,0.074,0.0038,0.0229,0.0,2.7124,0.0,0.0601,0.0076,0.0803,0.017,0.0944,0.1142,0.0056,0.3537,1
9.0,-1.0,-4.0,0.0043,0.0,0.0,0.0097,0.0,0.0,0.0,0.0259,0.0,0.0225,0.0074,0.0476,0.0018,0.0,0.0054,1
9.0,-1.0,-3.75,0.008,0.0,0.0,0.0108,0.0,0.0,0.0,0.0286,0.0,0.031,0.0082,0.0561,0.0029,0.0,0.0104,1
9.0,-1.0,-3.5,0.02,0.0,0.0,0.0115,0.0,0.0025,0.0,0.0305,0.0,0.0496,0.0087,0.0741,0.0055,0.0,0.0221,1
9.0,-1.0,-3.25,0.0775,0.0,0.0,0.0196,0.0,0.0196,0.0,0.0523,0.0,0.1119,0.0151,0.1397,0.0155,0.0,0.0675,1
9.0,-1.0,-3.0,0.1056,0.0,0.0,0.0221,0.0,0.03,0.0,0.0584,0.0,0.1377,0.0167,0.182,0.0191,0.0,0.0825,1
9.0,-1.0,-2.75,0.2268,0.0011,0.0,0.0224,0.0,0.1028,0.0,0.0591,0.0,0.1778,0.0168,0.2033,0.0324,0.0,0.1437,1
9.0,-1.0,-2.5,0.4093,0.0025,0.0,0.0226,0.0,0.224,0.0,0.0595,0.0014,0.1928,0.0169,0.1968,0.0462,0.0,0.2055,1
9.0,-1.0,-2.25,0.6341,0.0043,0.0,0.0227,0.0,0.3766,0.0,0.0598,0.0025,0.1802,0.017,0.1703,0.058,0.0011,0.2563,1
9.0,-1.0,-2.0,0.865,0.0061,0.0,0.0228,0.0,0.5429,0.0,0.06,0.0037,0.1508,0.017,0.1381,0.0671,0.0042,0.2937,1
9.0,-1.0,-1.75,1.0605,0.0084,0.0,0.0229,0.0,0.7293,0.0,0.0602,0.0048,0.1178,0.0171,0.1091,0.0738,0.0073,0.3195,1
9.0,-1.0,-1.5,1.1081,0.0122,0.0,0.0229,0.0,0.988,0.0,0.0603,0.0056,0.0882,0.017,0.0855,0.0772,0.0091,0.3306,1
9.1,-1.0,-4.0,0.0,0.0,0.0,0.0078,0.0,0.0,0.0,0.021,0.0,0.0037,0.006,0.0087,0.0,0.0,0.0011,1
9.1,-1.0,-3.75,0.0,0.0,0.0,0.009,0.0,0.0,0.0,0.0242,0.0,0.0057,0.0069,0.0115,0.0,0.0,0.0024,1
9.1,-1.0,-3.5,0.0,0.0,0.0,0.01,0.0,0.0,0.0,0.0268,0.0,0.0097,0.0076,0.0168,0.0013,0.0,0.0055,1
9.1,-1.0,-3.25,0.0048,0.0,0.0,0.0107,0.0,0.0012,0.0,0.0284,0.0,0.0217,0.0081,0.0304,0.0036,0.0,0.0151,1
9.1,-1.0,-3.0,0.0279,0.0,0.0,0.0116,0.0,0.0113,0.0,0.0306,0.0,0.0485,0.0087,0.0572,0.0105,0.0,0.0429,1
9.1,-1.0,-2.75,0.0701,0.0,0.0,0.0195,0.0,0.0532,0.0,0.0518,0.0,0.0707,0.0149,0.0787,0.0237,0.0,0.0999,1
9.1,-1.0,-2.5,0.068,0.0,0.0,0.021,0.0,0.0956,0.0,0.0558,0.0,0.0476,0.016,0.0533,0.0266,0.0,0.1176,1
9.1,-1.0,-2.25,0.0477,0.0,0.0,0.0206,0.0,0.1335,0.0,0.0546,0.0,0.0249,0.0157,0.0293,0.0253,0.0,0.1163,1
9.1,-1.0,-2.0,0.021,0.0,0.0,0.0153,0.0,0.1253,0.0,0.0407,0.0,0.0093,0.0117,0.0115,0.0176,0.0,0.0833,1
9.1,-1.0,-1.75,0.0083,0.0,0.0,0.0135,0.0,0.0991,0.0,0.0357,0.0,0.0038,0.0102,0.0047,0.0126,0.0,0.0622,1
9.1,-1.0,-1.5,0.0036,0.0,0.0,0.0137,0.0,0.0843,0.0,0.0362,0.0,0.0019,0.0103,0.0012,0.0102,0.0,0.0519,1
6.9,-0.875,-4.0,0.3443,0.0107,0.0,0.0234,0.0,0.0103,0.0015,0.0599,0.0,0.0712,0.0169,0.0996,0.0053,0.0077,0.006,1
6.9,-0.875,-3.75,0.3946,0.0167,0.0,0.0229,0.0,0.0331,0.0017,0.0586,0.0,0.0729,0.0165,0.0842,0.006,0.0094,0.0088,1
6.9,-0.875,-3.5,0.4152,0.0249,0.0014,0.0224,0.0,0.0932,0.0017,0.0573,0.0014,0.0685,0.0161,0.0682,0.0068,0.0108,0.012,1
6.9,-0.875,-3.25,0.3791,0.0351,0.0035,0.0219,0.0,0.2112,0.0015,0.0561,0.002,0.0562,0.0158,0.0526,0.0077,0.0105,0.0155,1
6.9,-0.875,-3.0,0.2985,0.0468,0.0072,0.0215,0.0,0.3743,0.0012,0.0551,0.0027,0.0409,0.0154,0.0392,0.0085,0.0087,0.0188,1
6.9,-0.875,-2.75,0.2132,0.0598,0.012,0.0211,0.0,0.55,0.0,0.0542,0.0034,0.0279,0.0151,0.0284,0.0092,0.0056,0.0214,1
6.9,-0.875,-2.5,0.1468,0.0741,0.0179,0.0208,0.0,0.7215,0.0,0.0534,0.004,0.0188,0.0149,0.0205,0.0095,0.004,0.023,1
6.9,-0.875,-2.25,0.1018,0.0895,0.0248,0.0205,0.0,0.8859,0.0,0.0529,0.0044,0.0129,0.0147,0.0147,0.0094,0.0014,0.0232,1
6.9,-0.875,-2.0,0.0729,0.1059,0.0327,0.0203,0.0,1.0445,0.0,0.0524,0.0046,0.0092,0.0145,0.011,0.0088,0.001,0.0222,1
6.9,-0.875,-1.75,0.0544,0.1226,0.0416,0.0201,0.0,1.1969,0.0,0.0521,0.0044,0.0069,0.0144,0.0084,0.0077,0.0,0.0201,1
6.9,-0.875,-1.5,0.0422,0.1393,0.0511,0.0199,0.001,1.342,0.0,0.0517,0.0041,0.0054,0.0142,0.0068,0.0066,0.0,0.0174,1
7.0,-0.875,-4.0,0.4302,0.0084,0.0,0.0234,0.0,0.0128,0.0018,0.06,0.0,0.0893,0.0169,0.125,0.0066,0.0094,0.0076,1
7.0,-0.875,-3.75,0.4931,0.0131,0.0,0.0229,0.0,0.0411,0.0021,0.0586,0.0012,0.0915,0.0165,0.1057,0.0075,0.0117,0.011,1
7.0,-0.875,-3.5,0.519,0.0196,0.0017,0.0224,0.0,0.116,0.0022,0.0574,0.0018,0.0859,0.0162,0.0855,0.0085,0.0134,0.0151,1
7.0,-0.875,-3.25,0.4742,0.0276,0.0044,0.0219,0.0,0.2629,0.0019,0.0562,0.0025,0.0706,0.0158,0.0661,0.0096,0.013,0.0194,1
7.0,-0.875,-3.0,0.3736,0.0367,0.0088,0.0215,0.0,0.4659,0.0015,0.0551,0.0034,0.0514,0.0155,0.0492,0.0106,0.0109,0.0235,1
7.0,-0.875,-2.75,0.267,0.0469,0.0148,0.0212,0.0,0.6843,0.0011,0.0543,0.0042,0.0351,0.0152,0.0357,0.0115,0.0081,0.0268,1
7.0,-0.875,-2.5,0.1839,0.058,0.0219,0.0209,0.0,0.8967,0.0,0.0536,0.005,0.0236,0.0149,0.0256,0.0119,0.0051,0.0288,1
7.0,-0.875,-2.25,0.1274,0.0699,0.0303,0.0206,0.0,1.099,0.0,0.053,0.0055,0.0162,0.0147,0.0186,0.0118,0.0017,0.0291,1
7.0,-0.875,-2.0,0.0912,0.0824,0.0397,0.0204,0.0,1.2925,0.0,0.0526,0.0056,0.0116,0.0146,0.0138,0.0109,0.0013,0.0277,1
7.0,-0.875,-1.75,0.0679,0.095,0.0501,0.0202,0.0,1.4767,0.0,0.0523,0.0054,0.0087,0.0144,0.0106,0.0097,0.0,0.025,1
7.0,-0.875,-1.5,0.0527,0.1076,0.0613,0.02,0.0,1.6515,0.0,0.052,0.005,0.0067,0.0143,0.0084,0.0082,0.0,0.0216,1
7.1,-0.875,-4.0,0.5372,0.0104,0.0,0.0234,0.0,0.0159,0.0023,0.06,0.0,0.1119,0.0169,0.1567,0.0082,0.0117,0.0095,1
7.1,-0.875,-3.75,0.6157,0.0163,0.0,0.0229,0.0,0.0512,0.0026,0.0587,0.0014,0.1146,0.0166,0.1326,0.0094,0.0146,0.0138,1
7.1,-0.875,-3.5,0.6482,0.0243,0.0021,0.0224,0.0,0.1442,0.0027,0.0574,0.0022,0.1077,0.0162,0.1073,0.0107,0.0166,0.0189,1
7.1,-0.875,-3.25,0.5927,0.0343,0.0054,0.022,0.0,0.3271,0.0024,0.0562,0.0031,0.0886,0.0158,0.0829,0.012,0.0163,0.0243,1
7.1,-0.875,-3.0,0.4673,0.0457,0.0109,0.0216,0.0,0.5799,0.0019,0.0552,0.0042,0.0646,0.0155,0.0616,0.0133,0.0136,0.0294,1
7.1,-0.875,-2.75,0.3344,0.0584,0.0182,0.0212,0.0,0.852,0.0013,0.0544,0.0052,0.0441,0.0152,0.0448,0.0143,0.0102,0.0336,1
7.1,-0.875,-2.5,0.2304,0.0721,0.027,0.0209,0.0,1.1165,0.0,0.0537,0.0062,0.0297,0.015,0.0322,0.0149,0.0073,0.036,1
7.1,-0.875,-2.25,0.1597,0.0869,0.0372,0.0207,0.0,1.3687,0.0,0.0531,0.0068,0.0204,0.0148,0.0233,0.0147,0.0045,0.0364,1
7.1,-0.875,-2.0,0.1143,0.1024,0.049,0.0204,0.0,1.6104,0.0,0.0527,0.007,0.0146,0.0146,0.0173,0.0137,0.0016,0.0347,1
7.1,-0.875,-1.75,0.0852,0.1183,0.0619,0.0203,0.0,1.8422,0.0,0.0524,0.0068,0.0109,0.0145,0.0133,0.0121,0.0012,0.0313,1
7.1,-0.875,-1.5,0.066,0.1343,0.076,0.0201,0.0,2.0644,0.0,0.0521,0.0062,0.0085,0.0143,0.0107,0.0103,0.0,0.0272,1
7.2,-0.875,-4.0,0.6679,0.0128,0.0,0.0234,0.0,0.0197,0.0028,0.06,0.0011,0.1399,0.0169,0.1961,0.0082,0.0145,0.0119,1
7.2,-0.875,-3.75,0.7656,0.0201,0.0,0.0229,0.0,0.0632,0.0032,0.0587,0.0018,0.1434,0.0166,0.1659,0.0093,0.0181,0.0172,1
7.2,-0.875,-3.5,0.8061,0.03,0.0025,0.0225,0.0,0.1782,0.0033,0.0575,0.0027,0.1349,0.0162,0.1343,0.0106,0.0206,0.0236,1
7.2,-0.875,-3.25,0.7379,0.0423,0.0066,0.022,0.0,0.4042,0.003,0.0563,0.0039,0.1112,0.0158,0.1038,0.0119,0.0201,0.0304,1
7.2,-0.875,-3.0,0.5823,0.0564,0.0132,0.0216,0.0,0.7164,0.0023,0.0554,0.0051,0.0811,0.0155,0.0772,0.0132,0.0168,0.0367,1
7.2,-0.875,-2.75,0.417,0.0719,0.022,0.0213,0.0,1.0519,0.0017,0.0545,0.0065,0.0554,0.0153,0.056,0.0142,0.0127,0.0419,1
7.2,-0.875,-2.5,0.2874,0.0886,0.0325,0.021,0.0,1.3763,0.0012,0.0539,0.0076,0.0373,0.015,0.0402,0.0148,0.0091,0.0449,1
7.2,-0.875,-2.25,0.1992,0.1065,0.0447,0.0208,0.0,1.6833,0.0,0.0534,0.0083,0.0256,0.0148,0.0291,0.0146,0.0055,0.0454,1
7.2,-0.875,-2.0,0.1424,0.125,0.0583,0.0206,0.0,1.975,0.0,0.053,0.0086,0.0182,0.0147,0.0216,0.0136,0.004,0.0432,1
7.2,-0.875,-1.75,0.1059,0.1438,0.0733,0.0204,0.0,2.2528,0.0,0.0527,0.0082,0.0136,0.0146,0.0166,0.012,0.0015,0.0389,1
7.2,-0.875,-1.5,0.0819,0.1626,0.0895,0.0202,0.0,2.5168,0.0,0.0524,0.0075,0.0106,0.0145,0.0133,0.0102,0.0011,0.0336,1
7.3,-0.875,-4.0,0.827,0.0155,0.0,0.0234,0.0,0.0241,0.0035,0.0599,0.0014,0.1744,0.0169,0.2445,0.0128,0.0178,0.0148,1
7.3,-0.875,-3.75,0.9477,0.0244,0.0,0.0229,0.0,0.0774,0.004,0.0587,0.0022,0.1789,0.0166,0.2069,0.0146,0.0221,0.0214,1
7.3,-0.875,-3.5,0.9981,0.0366,0.003,0.0225,0.0,0.2182,0.0041,0.0575,0.0033,0.1687,0.0162,0.1675,0.0166,0.0251,0.0294,1
7.3,-0.875,-3.25,0.9147,0.0517,0.0079,0.0221,0.0,0.4953,0.0037,0.0565,0.0047,0.1394,0.0159,0.1295,0.0186,0.0246,0.0378,1
7.3,-0.875,-3.0,0.7233,0.069,0.0159,0.0217,0.0,0.8786,0.0029,0.0555,0.0063,0.102,0.0156,0.0963,0.0206,0.0206,0.0457,1
7.3,-0.875,-2.75,0.5184,0.0878,0.0263,0.0214,0.0,1.2895,0.0021,0.0548,0.0079,0.0697,0.0153,0.0698,0.0222,0.0155,0.0521,1
7.3,-0.875,-2.5,0.3575,0.108,0.0386,0.0211,0.0,1.6838,0.0015,0.0541,0.0093,0.0469,0.0151,0.0501,0.0231,0.0113,0.0559,1
7.3,-0.875,-2.25,0.2476,0.1292,0.0527,0.0209,0.0,2.0537,0.001,0.0537,0.0101,0.0321,0.0149,0.0362,0.0228,0.0081,0.0564,1
7.3,-0.875,-2.0,0.1767,0.151,0.0683,0.0207,0.0,2.4013,0.0,0.0534,0.0104,0.0229,0.0148,0.0268,0.0212,0.0051,0.0536,1
7.3,-0.875,-1.75,0.1312,0.1729,0.0853,0.0206,0.0,2.7297,0.0,0.0531,0.0099,0.017,0.0147,0.0206,0.0188,0.0028,0.0483,1
7.3,-0.875,-1.5,0.1012,0.1947,0.1034,0.0204,0.0,3.0396,0.0,0.0528,0.009,0.0132,0.0146,0.0164,0.016,0.0014,0.0416,1
7.4,-0.875,-4.0,1.0193,0.0187,0.0,0.0234,0.0,0.0295,0.0043,0.0598,0.0017,0.2168,0.0169,0.3044,0.0126,0.0217,0.0183,1
7.4,-0.875,-3.75,1.1676,0.0295,0.0011,0.0229,0.0,0.0943,0.0049,0.0587,0.0027,0.2227,0.0166,0.2578,0.0144,0.027,0.0266,1
7.4,-0.875,-3.5,1.2305,0.0444,0.0036,0.0225,0.0,0.2658,0.0051,0.0576,0.0041,0.2105,0.0162,0.2088,0.0164,0.0306,0.0365,1
7.4,-0.875,-3.25,1.1292,0.0628,0.0094,0.0221,0.0,0.6034,0.0046,0.0566,0.0058,0.1745,0.0159,0.1613,0.0184,0.0301,0.0469,1
7.4,-0.875,-3.0,0.8942,0.0837,0.0188,0.0218,0.0,1.0704,0.0036,0.0557,0.0077,0.128,0.0156,0.1199,0.0203,0.0252,0.0567,1
7.4,-0.875,-2.75,0.6418,0.1064,0.031,0.0215,0.0,1.5696,0.0026,0.055,0.0096,0.0876,0.0154,0.0869,0.0219,0.019,0.0646,1
7.4,-0.875,-2.5,0.4426,0.1304,0.0453,0.0212,0.0,2.0447,0.0018,0.0544,0.0112,0.0589,0.0152,0.0623,0.0227,0.0137,0.0692,1
7.4,-0.875,-2.25,0.3065,0.1553,0.0613,0.021,0.0,2.4859,0.0013,0.054,0.0122,0.0403,0.015,0.045,0.0224,0.0098,0.0698,1
7.4,-0.875,-2.0,0.2183,0.1806,0.0788,0.0209,0.0,2.8956,0.0,0.0537,0.0124,0.0286,0.0149,0.0333,0.0209,0.0061,0.0663,1
7.4,-0.875,-1.75,0.1618,0.2059,0.0976,0.0207,0.0,3.2795,0.0,0.0535,0.0118,0.0212,0.0148,0.0255,0.0185,0.0046,0.0596,1
7.4,-0.875,-1.5,0.1246,0.231,0.1175,0.0206,0.0,3.6411,0.0,0.0533,0.0107,0.0164,0.0147,0.0203,0.0158,0.0017,0.0512,1
7.5,-0.875,-4.0,1.2466,0.0224,0.0,0.0234,0.0,0.0356,0.0052,0.0598,0.002,0.2684,0.0169,0.3776,0.0195,0.0261,0.0227,1
7.5,-0.875,-3.75,1.4279,0.0354,0.0013,0.023,0.0,0.1139,0.0059,0.0588,0.0033,0.2761,0.0166,0.32,0.0224,0.0325,0.0329,1
7.5,-0.875,-3.5,1.5055,0.0534,0.0042,0.0226,0.0,0.321,0.0062,0.0577,0.0049,0.2616,0.0163,0.2593,0.0254,0.0369,0.0451,1
7.5,-0.875,-3.25,1.3829,0.0756,0.0109,0.0222,0.0,0.7283,0.0056,0.0568,0.007,0.2175,0.016,0.2003,0.0285,0.0363,0.058,1
7.5,-0.875,-3.0,1.0976,0.1007,0.0218,0.0218,0.0,1.2916,0.0044,0.0559,0.0092,0.16,0.0157,0.1488,0.0315,0.0304,0.07,1
7.5,-0.875,-2.75,0.789,0.1275,0.0358,0.0216,0.0,1.8916,0.0032,0.0553,0.0115,0.1096,0.0155,0.1078,0.0339,0.0229,0.0795,1
7.5,-0.875,-2.5,0.5445,0.1556,0.0519,0.0213,0.0,2.4574,0.0022,0.0548,0.0133,0.0737,0.0153,0.0772,0.0351,0.0164,0.0852,1
7.5,-0.875,-2.25,0.3767,0.1844,0.0697,0.0212,0.0,2.976,0.0016,0.0544,0.0145,0.0503,0.0152,0.0557,0.0347,0.0117,0.0859,1
7.5,-0.875,-2.0,0.2681,0.2134,0.0889,0.021,0.0,3.4538,0.0011,0.0541,0.0147,0.0356,0.0151,0.0412,0.0323,0.0086,0.0814,1
7.5,-0.875,-1.75,0.1982,0.2422,0.1094,0.0209,0.0,3.8975,0.0,0.0539,0.014,0.0263,0.015,0.0315,0.0286,0.0055,0.0731,1
7.5,-0.875,-1.5,0.1523,0.2706,0.1311,0.0207,0.0,4.315,0.0,0.0537,0.0126,0.0203,0.0149,0.025,0.0244,0.0043,0.0627,1
7.6,-0.875,-4.0,1.5158,0.0266,0.0,0.0233,0.0,0.0429,0.0063,0.0598,0.0024,0.3312,0.0169,0.4669,0.019,0.0314,0.028,1
7.6,-0.875,-3.75,1.7342,0.0421,0.0015,0.023,0.0,0.1366,0.0072,0.0588,0.0039,0.3409,0.0166,0.3962,0.0219,0.0387,0.0405,1
7.6,-0.875,-3.5,1.8277,0.0635,0.0049,0.0226,0.0,0.3841,0.0075,0.0579,0.0059,0.3237,0.0163,0.321,0.0248,0.044,0.0555,1
7.6,-0.875,-3.25,1.6809,0.09,0.0125,0.0223,0.0,0.8707,0.0068,0.057,0.0083,0.2701,0.016,0.248,0.0278,0.0431,0.0713,1
7.6,-0.875,-3.0,1.3367,0.1197,0.0249,0.0219,0.0,1.5424,0.0054,0.0562,0.011,0.1993,0.0158,0.1842,0.0306,0.0363,0.0858,1
7.6,-0.875,-2.75,0.9622,0.151,0.0405,0.0217,0.0,2.2535,0.0039,0.0556,0.0135,0.1367,0.0156,0.1333,0.0329,0.0274,0.0973,1
7.6,-0.875,-2.5,0.6646,0.1834,0.0583,0.0215,0.0,2.9188,0.0027,0.0551,0.0157,0.0918,0.0154,0.0954,0.0341,0.0196,0.1041,1
7.6,-0.875,-2.25,0.4597,0.2161,0.0775,0.0213,0.0,3.5202,0.0019,0.0548,0.017,0.0626,0.0153,0.0688,0.0336,0.0141,0.1049,1
7.6,-0.875,-2.0,0.3268,0.2487,0.0982,0.0212,0.0,4.0696,0.0014,0.0545,0.0171,0.0442,0.0152,0.0506,0.0313,0.0103,0.0993,1
7.6,-0.875,-1.75,0.2413,0.281,0.12,0.0211,0.0,4.5786,0.001,0.0543,0.0163,0.0325,0.0151,0.0387,0.0278,0.0077,0.089,1
7.6,-0.875,-1.5,0.1851,0.3131,0.1432,0.0209,0.0,5.0573,0.0,0.0541,0.0147,0.025,0.015,0.0306,0.0237,0.0051,0.0763,1
7.7,-0.875,-4.0,1.8175,0.0311,0.0,0.0233,0.0,0.0509,0.0075,0.0598,0.0029,0.4054,0.0169,0.5739,0.0292,0.0366,0.0342,1
7.7,-0.875,-3.75,2.0766,0.0493,0.0017,0.023,0.0,0.1613,0.0085,0.0589,0.0046,0.4176,0.0167,0.4873,0.0336,0.0453,0.0495,1
7.7,-0.875,-3.5,2.1881,0.0745,0.0055,0.0227,0.0,0.4526,0.0089,0.058,0.007,0.3975,0.0164,0.3952,0.0381,0.0514,0.0678,1
7.7,-0.875,-3.25,2.015,0.1055,0.0139,0.0223,0.0,1.0247,0.0081,0.0572,0.0098,0.3331,0.0161,0.3054,0.0427,0.0504,0.0868,1
7.7,-0.875,-3.0,1.6063,0.1399,0.0275,0.022,0.0,1.8121,0.0064,0.0565,0.0128,0.2466,0.0159,0.2267,0.0469,0.0425,0.1043,1
7.7,-0.875,-2.75,1.1595,0.1758,0.0444,0.0218,0.0,2.6408,0.0047,0.0559,0.0157,0.1695,0.0157,0.1639,0.0502,0.0322,0.118,1
7.7,-0.875,-2.5,0.8019,0.2121,0.0634,0.0216,0.0,3.4086,0.0033,0.0555,0.018,0.1138,0.0155,0.1172,0.0519,0.0232,0.1259,1
7.7,-0.875,-2.25,0.5549,0.2485,0.0836,0.0215,0.0,4.0967,0.0023,0.0552,0.0194,0.0774,0.0154,0.0842,0.0511,0.0165,0.1266,1
7.7,-0.875,-2.0,0.3943,0.2847,0.1052,0.0214,0.0,4.7193,0.0017,0.0549,0.0196,0.0545,0.0153,0.062,0.0476,0.012,0.12,1
7.7,-0.875,-1.75,0.2907,0.3205,0.128,0.0213,0.0,5.2956,0.0012,0.0548,0.0186,0.04,0.0152,0.0472,0.0423,0.0091,0.1075,1
7.7,-0.875,-1.5,0.2229,0.3566,0.1526,0.0211,0.0,5.8473,0.0,0.0546,0.0168,0.0307,0.0152,0.0374,0.0362,0.0061,0.0922,1
7.8,-0.875,-4.0,2.1517,0.0359,0.0,0.0233,0.0,0.06,0.0088,0.0598,0.0034,0.4924,0.0169,0.7,0.0281,0.0422,0.0415,1
7.8,-0.875,-3.75,2.4553,0.0569,0.0019,0.0231,0.0,0.188,0.01,0.059,0.0054,0.5079,0.0167,0.5962,0.0323,0.0519,0.06,1
7.8,-0.875,-3.5,2.5856,0.0861,0.0059,0.0227,0.0,0.5255,0.0104,0.0582,0.0081,0.4846,0.0164,0.4837,0.0367,0.0588,0.082,1
7.8,-0.875,-3.25,2.3823,0.1217,0.015,0.0224,0.0,1.1865,0.0095,0.0574,0.0113,0.4076,0.0162,0.3737,0.0409,0.0577,0.1049,1
7.8,-0.875,-3.0,1.904,0.1607,0.0294,0.0222,0.0,2.0925,0.0076,0.0567,0.0146,0.3029,0.016,0.2771,0.0448,0.0487,0.1256,1
7.8,-0.875,-2.75,1.3784,0.2006,0.0471,0.0219,0.0,3.0393,0.0055,0.0562,0.0178,0.2087,0.0158,0.2001,0.0478,0.037,0.1415,1
7.8,-0.875,-2.5,0.9558,0.2406,0.0667,0.0218,0.0,3.9098,0.0039,0.0558,0.0203,0.1402,0.0156,0.1429,0.0492,0.0267,0.1506,1
7.8,-0.875,-2.25,0.6623,0.2803,0.0874,0.0216,0.0,4.6858,0.0027,0.0555,0.0218,0.0952,0.0155,0.1026,0.0485,0.0192,0.1512,1
7.8,-0.875,-2.0,0.4706,0.3198,0.1094,0.0215,0.0,5.3854,0.002,0.0553,0.022,0.0668,0.0155,0.0755,0.0452,0.0139,0.1433,1
7.8,-0.875,-1.75,0.3471,0.3595,0.1329,0.0214,0.0,6.0356,0.0015,0.0552,0.0209,0.0489,0.0154,0.0574,0.0402,0.0105,0.1287,1
7.8,-0.875,-1.5,0.266,0.3995,0.1582,0.0213,0.0,6.6595,0.0011,0.055,0.0189,0.0374,0.0153,0.0454,0.0345,0.0082,0.1104,1
7.9,-0.875,-4.0,2.4791,0.0403,0.0,0.0233,0.0,0.0684,0.0099,0.0598,0.0038,0.5892,0.0169,0.8436,0.0423,0.0465,0.0496,1
7.9,-0.875,-3.75,2.8286,0.064,0.002,0.0231,0.0,0.2134,0.0113,0.0592,0.0061,0.6086,0.0167,0.7202,0.0486,0.0573,0.0716,1
7.9,-0.875,-3.5,2.9782,0.0968,0.0062,0.0228,0.0,0.5939,0.0119,0.0584,0.0091,0.5824,0.0165,0.5852,0.0551,0.0649,0.0978,1
7.9,-0.875,-3.25,2.7517,0.1367,0.0154,0.0225,0.0,1.3378,0.0109,0.0577,0.0126,0.4925,0.0163,0.4524,0.0613,0.0638,0.1248,1
7.9,-0.875,-3.0,2.2074,0.1795,0.03,0.0223,0.0,2.3544,0.0087,0.057,0.0163,0.3678,0.0161,0.3353,0.0668,0.0541,0.1489,1
7.9,-0.875,-2.75,1.607,0.2229,0.0477,0.0221,0.0,3.4125,0.0064,0.0565,0.0196,0.2543,0.0159,0.242,0.071,0.0414,0.1673,1
7.9,-0.875,-2.5,1.1192,0.2658,0.0671,0.0219,0.0,4.3788,0.0045,0.0562,0.0222,0.171,0.0158,0.1727,0.073,0.0301,0.1776,1
7.9,-0.875,-2.25,0.7776,0.3083,0.0876,0.0218,0.0,5.2364,0.0032,0.0559,0.0238,0.116,0.0157,0.124,0.0718,0.0216,0.1781,1
7.9,-0.875,-2.0,0.5536,0.3509,0.1095,0.0217,0.0,6.0152,0.0023,0.0557,0.024,0.0813,0.0156,0.0909,0.0672,0.0159,0.1688,1
7.9,-0.875,-1.75,0.4087,0.3941,0.1331,0.0216,0.0,6.7463,0.0017,0.0556,0.0229,0.0594,0.0155,0.0692,0.06,0.012,0.1518,1
7.9,-0.875,-1.5,0.3137,0.4385,0.159,0.0215,0.0,7.4547,0.0013,0.0554,0.0208,0.0454,0.0155,0.0546,0.0516,0.0094,0.1308,1
8.0,-0.875,-4.0,2.7881,0.0441,0.0,0.0234,0.0,0.0761,0.011,0.0599,0.0042,0.6951,0.017,1.004,0.0396,0.0496,0.0583,1
8.0,-0.875,-3.75,3.1875,0.0704,0.002,0.0232,0.0,0.237,0.0125,0.0594,0.0067,0.7199,0.0168,0.8606,0.0456,0.0615,0.0844,1
8.0,-0.875,-3.5,3.3589,0.1064,0.0061,0.0229,0.0,0.6565,0.0132,0.0587,0.01,0.6913,0.0166,0.701,0.0516,0.0695,0.1151,1
8.0,-0.875,-3.25,3.1069,0.1495,0.0152,0.0226,0.0,1.4706,0.0121,0.058,0.0138,0.5874,0.0164,0.5421,0.0571,0.0683,0.1464,1
8.0,-0.875,-3.0,2.5065,0.1955,0.0291,0.0224,0.0,2.5817,0.0098,0.0574,0.0176,0.4415,0.0162,0.4018,0.062,0.0583,0.1741,1
8.0,-0.875,-2.75,1.8371,0.2413,0.0462,0.0222,0.0,3.7388,0.0073,0.0569,0.021,0.3066,0.016,0.2898,0.0656,0.0451,0.1949,1
8.0,-0.875,-2.5,1.2874,0.2863,0.0648,0.0221,0.0,4.7944,0.0052,0.0565,0.0237,0.2066,0.0159,0.2068,0.0673,0.0331,0.2065,1
8.0,-0.875,-2.25,0.8988,0.3312,0.0845,0.0219,0.0,5.7313,0.0037,0.0563,0.0253,0.1403,0.0158,0.1484,0.0663,0.024,0.207,1
8.0,-0.875,-2.0,0.6421,0.3766,0.1058,0.0218,0.0,6.5874,0.0027,0.0561,0.0256,0.0982,0.0157,0.1089,0.0622,0.0177,0.1964,1
8.0,-0.875,-1.75,0.4751,0.4233,0.129,0.0218,0.0,7.4011,0.002,0.056,0.0245,0.0717,0.0157,0.0827,0.0558,0.0135,0.1771,1
8.0,-0.875,-1.5,0.3652,0.4721,0.155,0.0217,0.0,8.2022,0.0016,0.0558,0.0225,0.0546,0.0156,0.0653,0.0482,0.0106,0.153,1
8.1,-0.875,-4.0,2.9769,0.0459,0.0,0.0234,0.0,0.0806,0.0114,0.0601,0.0044,0.7956,0.017,1.1639,0.0571,0.0492,0.0667,1
8.1,-0.875,-3.75,3.4266,0.0737,0.0018,0.0232,0.0,0.2513,0.0131,0.0596,0.007,0.8286,0.0169,1.0048,0.0659,0.0615,0.0967,1
8.1,-0.875,-3.5,3.6294,0.1118,0.0056,0.023,0.0,0.6954,0.0139,0.0589,0.0105,0.8005,0.0167,0.8225,0.0746,0.0699,0.1322,1
8.1,-0.875,-3.25,3.3806,0.1571,0.0138,0.0227,0.0,1.5562,0.013,0.0583,0.0144,0.6859,0.0165,0.6379,0.0826,0.0695,0.1681,1
8.1,-0.875,-3.0,2.7529,0.2048,0.0265,0.0225,0.0,2.7299,0.0106,0.0577,0.0182,0.52,0.0163,0.4735,0.0891,0.06,0.1994,1
8.1,-0.875,-2.75,2.0399,0.252,0.042,0.0223,0.0,3.9588,0.008,0.0572,0.0216,0.3636,0.0161,0.3419,0.094,0.047,0.2228,1
8.1,-0.875,-2.5,1.4438,0.2983,0.0591,0.0222,0.0,5.0877,0.0058,0.0569,0.0244,0.2462,0.016,0.2442,0.0964,0.035,0.2358,1
8.1,-0.875,-2.25,1.0157,0.3445,0.0774,0.0221,0.0,6.0966,0.0041,0.0566,0.0261,0.1674,0.0159,0.1754,0.0951,0.0258,0.2366,1
8.1,-0.875,-2.0,0.7293,0.392,0.0974,0.022,0.0,7.027,0.003,0.0565,0.0265,0.1172,0.0159,0.1287,0.0897,0.0192,0.2249,1
8.1,-0.875,-1.75,0.5419,0.4419,0.1196,0.0219,0.0,7.9228,0.0023,0.0563,0.0255,0.0854,0.0158,0.0979,0.0809,0.0146,0.2034,1
8.1,-0.875,-1.5,0.418,0.495,0.1449,0.0218,0.0,8.8189,0.0018,0.0562,0.0236,0.065,0.0157,0.0774,0.0703,0.0116,0.1765,1
8.2,-0.875,-4.0,3.0161,0.0443,0.0,0.0233,0.0,0.0803,0.0111,0.0599,0.0043,0.8814,0.017,1.3111,0.0502,0.0451,0.0737,1
8.2,-0.875,-3.75,3.5196,0.0722,0.0015,0.0232,0.0,0.2524,0.0131,0.0596,0.0069,0.927,0.0169,1.1449,0.0584,0.0575,0.1077,1
8.2,-0.875,-3.5,3.7687,0.1108,0.0047,0.023,0.0,0.7016,0.014,0.0591,0.0104,0.9046,0.0167,0.945,0.0664,0.0666,0.1479,1
8.2,-0.875,-3.25,3.5493,0.1567,0.0117,0.0228,0.0,1.5729,0.0133,0.0585,0.0143,0.7838,0.0166,0.7366,0.0734,0.067,0.1883,1
8.2,-0.875,-3.0,2.928,0.2046,0.0224,0.0226,0.0,2.7668,0.0111,0.058,0.018,0.6008,0.0164,0.5481,0.079,0.0589,0.2232,1
8.2,-0.875,-2.75,2.2012,0.2517,0.0356,0.0224,0.0,4.0285,0.0085,0.0576,0.0214,0.4242,0.0163,0.3965,0.0831,0.0472,0.2493,1
8.2,-0.875,-2.5,1.5786,0.2981,0.0504,0.0223,0.0,5.2021,0.0062,0.0573,0.0241,0.2891,0.0162,0.2837,0.0852,0.0358,0.2642,1
8.2,-0.875,-2.25,1.1215,0.3447,0.0666,0.0222,0.0,6.2624,0.0045,0.057,0.0259,0.1973,0.0161,0.2041,0.0844,0.0267,0.2659,1
8.2,-0.875,-2.0,0.8115,0.3931,0.0845,0.0221,0.0,7.249,0.0033,0.0569,0.0264,0.1383,0.016,0.15,0.0801,0.0201,0.2539,1
8.2,-0.875,-1.75,0.6062,0.4448,0.1047,0.0221,0.0,8.216,0.0025,0.0567,0.0258,0.1009,0.016,0.1142,0.0728,0.0156,0.231,1
8.2,-0.875,-1.5,0.4695,0.5009,0.1281,0.022,0.0,9.1989,0.002,0.0566,0.0241,0.0767,0.0159,0.0904,0.0638,0.0124,0.2016,1
8.3,-0.875,-4.0,2.7149,0.0367,0.0,0.0231,0.0,0.0704,0.0095,0.0594,0.0036,0.9081,0.0169,1.3843,0.0647,0.035,0.0757,1
8.3,-0.875,-3.75,3.2659,0.062,0.001,0.0231,0.0,0.2263,0.0115,0.0594,0.0061,0.9749,0.0169,1.2368,0.0768,0.0465,0.1126,1
8.3,-0.875,-3.5,3.5951,0.0981,0.0034,0.023,0.0,0.6419,0.0128,0.0591,0.0093,0.971,0.0168,1.0393,0.0886,0.0559,0.1571,1
8.3,-0.875,-3.25,3.4712,0.1419,0.0085,0.0228,0.0,1.4631,0.0125,0.0587,0.013,0.8586,0.0166,0.8194,0.0986,0.0582,0.2021,1
8.3,-0.875,-3.0,2.9326,0.1878,0.0166,0.0227,0.0,2.6076,0.0107,0.0583,0.0165,0.6702,0.0165,0.6138,0.1063,0.0529,0.2406,1
8.3,-0.875,-2.75,2.2547,0.2331,0.0268,0.0225,0.0,3.8409,0.0084,0.0579,0.0196,0.4802,0.0164,0.4458,0.1119,0.0438,0.2696,1
8.3,-0.875,-2.5,1.649,0.2778,0.0385,0.0224,0.0,5.0093,0.0063,0.0576,0.0223,0.3307,0.0163,0.32,0.1151,0.0342,0.287,1
8.3,-0.875,-2.25,1.1898,0.3231,0.0517,0.0224,0.0,6.0827,0.0047,0.0574,0.0241,0.2272,0.0162,0.2309,0.1148,0.0261,0.2907,1
8.3,-0.875,-2.0,0.8705,0.3707,0.0665,0.0223,0.0,7.0962,0.0035,0.0573,0.025,0.1598,0.0162,0.1702,0.11,0.0201,0.28,1
8.3,-0.875,-1.75,0.656,0.4221,0.0835,0.0222,0.0,8.0958,0.0027,0.0572,0.0247,0.1168,0.0161,0.1298,0.1012,0.0159,0.257,1
8.3,-0.875,-1.5,0.5116,0.4795,0.1038,0.0221,0.0,9.1413,0.0022,0.0571,0.0236,0.0889,0.0161,0.103,0.0898,0.0128,0.2267,1
8.4,-0.875,-4.0,2.2492,0.0279,0.0,0.0228,0.0,0.0577,0.0073,0.0588,0.0028,0.8895,0.0167,1.3927,0.0502,0.0241,0.0746,1
8.4,-0.875,-3.75,2.8366,0.0497,0.0,0.0229,0.0,0.1922,0.0094,0.0591,0.0049,0.9845,0.0168,1.2855,0.0614,0.0343,0.1139,1
8.4,-0.875,-3.5,3.2479,0.0821,0.0022,0.0229,0.0,0.5618,0.0109,0.0591,0.0079,1.0078,0.0168,1.1076,0.0723,0.0436,0.1625,1
8.4,-0.875,-3.25,3.2349,0.1222,0.0057,0.0228,0.0,1.3063,0.0111,0.0588,0.0113,0.9125,0.0167,0.8874,0.0814,0.0473,0.2118,1
8.4,-0.875,-3.0,2.8124,0.1648,0.0114,0.0227,0.0,2.3642,0.0098,0.0585,0.0145,0.7277,0.0166,0.6714,0.0882,0.0447,0.254,1
8.4,-0.875,-2.75,2.2191,0.2071,0.0188,0.0226,0.0,3.5291,0.008,0.0582,0.0173,0.5303,0.0165,0.4906,0.093,0.0383,0.2859,1
8.4,-0.875,-2.5,1.6593,0.249,0.0276,0.0225,0.0,4.6578,0.0062,0.058,0.0197,0.3698,0.0164,0.3538,0.096,0.0309,0.3059,1
8.4,-0.875,-2.25,1.2189,0.2916,0.0377,0.0225,0.0,5.7137,0.0047,0.0579,0.0216,0.2562,0.0164,0.2563,0.0963,0.0245,0.3118,1
8.4,-0.875,-2.0,0.9049,0.337,0.0494,0.0224,0.0,6.7275,0.0036,0.0577,0.0227,0.1812,0.0163,0.1896,0.0932,0.0192,0.3029,1
8.4,-0.875,-1.75,0.6896,0.3864,0.063,0.0224,0.0,7.7387,0.0028,0.0576,0.0228,0.1329,0.0163,0.145,0.0868,0.0154,0.2806,1
8.4,-0.875,-1.5,0.5423,0.4425,0.0795,0.0223,0.0,8.8089,0.0023,0.0575,0.0221,0.1014,0.0162,0.1155,0.078,0.0127,0.2499,1
8.5,-0.875,-4.0,1.5112,0.0147,0.0,0.0223,0.0,0.0352,0.0044,0.0579,0.0017,0.7661,0.0165,1.2286,0.0543,0.0123,0.0664,1
8.5,-0.875,-3.75,2.0626,0.0289,0.0,0.0227,0.0,0.1247,0.0061,0.0587,0.0033,0.8906,0.0167,1.1928,0.0698,0.0195,0.1055,1
8.5,-0.875,-3.5,2.5675,0.0529,0.001,0.0228,0.0,0.3942,0.0078,0.0589,0.0058,0.9604,0.0168,1.0755,0.086,0.0278,0.1571,1
8.5,-0.875,-3.25,2.7516,0.0856,0.003,0.0228,0.0,0.9842,0.0086,0.0589,0.0087,0.9103,0.0167,0.8895,0.1,0.0331,0.2114,1
8.5,-0.875,-3.0,2.5348,0.1226,0.0064,0.0228,0.0,1.8766,0.008,0.0587,0.0115,0.7519,0.0167,0.6853,0.1102,0.0337,0.2581,1
8.5,-0.875,-2.75,2.0915,0.1604,0.011,0.0227,0.0,2.9044,0.0068,0.0586,0.014,0.5619,0.0166,0.5056,0.1171,0.0306,0.2932,1
8.5,-0.875,-2.5,1.6176,0.1984,0.0168,0.0226,0.0,3.9401,0.0054,0.0585,0.0162,0.3985,0.0166,0.3667,0.1218,0.0259,0.3168,1
8.5,-0.875,-2.25,1.2173,0.2377,0.0237,0.0226,0.0,4.9408,0.0042,0.0583,0.018,0.2788,0.0165,0.267,0.1241,0.0213,0.3279,1
8.5,-0.875,-2.0,0.9187,0.2796,0.0319,0.0226,0.0,5.9167,0.0033,0.0582,0.0194,0.1982,0.0165,0.1984,0.1228,0.0172,0.3247,1
8.5,-0.875,-1.75,0.708,0.3252,0.0417,0.0225,0.0,6.8987,0.0026,0.0582,0.02,0.1456,0.0164,0.1522,0.1172,0.0142,0.3075,1
8.5,-0.875,-1.5,0.561,0.3771,0.0537,0.0224,0.0,7.9459,0.0022,0.0581,0.02,0.1113,0.0164,0.1217,0.108,0.0117,0.2797,1
8.6,-0.875,-4.0,0.8758,0.0052,0.0,0.0217,0.0,0.0158,0.0022,0.0567,0.0,0.6035,0.0162,0.9823,0.0342,0.0043,0.0559,1
8.6,-0.875,-3.75,1.3039,0.0115,0.0,0.0223,0.0,0.0601,0.0034,0.0581,0.0019,0.7381,0.0166,1.0043,0.0462,0.0091,0.0922,1
8.6,-0.875,-3.5,1.8394,0.0246,0.0,0.0226,0.0,0.2154,0.0049,0.0587,0.0038,0.8569,0.0167,0.9646,0.0609,0.0151,0.1458,1
8.6,-0.875,-3.25,2.236,0.0465,0.0013,0.0227,0.0,0.6141,0.006,0.0589,0.0064,0.8717,0.0167,0.8395,0.075,0.0214,0.2071,1
8.6,-0.875,-3.0,2.255,0.0743,0.003,0.0227,0.0,1.295,0.0061,0.0589,0.0089,0.7522,0.0167,0.662,0.085,0.0242,0.2599,1
8.6,-0.875,-2.75,1.9881,0.1051,0.0056,0.0227,0.0,2.1405,0.0054,0.0589,0.011,0.5782,0.0167,0.4933,0.0914,0.0237,0.2985,1
8.6,-0.875,-2.5,1.6114,0.1378,0.0089,0.0227,0.0,3.04,0.0044,0.0589,0.0128,0.4167,0.0167,0.3587,0.0957,0.0213,0.3254,1
8.6,-0.875,-2.25,1.2497,0.1725,0.0131,0.0227,0.0,3.9457,0.0035,0.0588,0.0145,0.2936,0.0167,0.2612,0.099,0.0181,0.3423,1
8.6,-0.875,-2.0,0.9592,0.2101,0.0182,0.0227,0.0,4.8531,0.0028,0.0588,0.016,0.2088,0.0166,0.1942,0.1008,0.0151,0.3484,1
8.6,-0.875,-1.75,0.7448,0.251,0.0245,0.0227,0.0,5.7747,0.0023,0.0587,0.0171,0.153,0.0166,0.1492,0.1002,0.0127,0.3417,1
8.6,-0.875,-1.5,0.5921,0.2969,0.0324,0.0226,0.0,6.7497,0.0019,0.0586,0.0178,0.1166,0.0166,0.1193,0.0965,0.0108,0.3225,1
8.7,-0.875,-4.0,0.3923,0.0015,0.0,0.0213,0.0,0.0059,0.0,0.056,0.0,0.4107,0.016,0.6888,0.03,0.0,0.0421,1
8.7,-0.875,-3.75,0.632,0.0036,0.0,0.0221,0.0,0.0233,0.0014,0.0579,0.0,0.5247,0.0165,0.7402,0.0423,0.0012,0.0711,1
8.7,-0.875,-3.5,1.0203,0.0089,0.0,0.0225,0.0,0.0963,0.0023,0.0588,0.0019,0.659,0.0168,0.7645,0.06,0.005,0.1199,1
8.7,-0.875,-3.25,1.4891,0.0205,0.0,0.0227,0.0,0.3336,0.0034,0.0591,0.0039,0.7433,0.0168,0.7231,0.0812,0.0103,0.1864,1
8.7,-0.875,-3.0,1.7518,0.0386,0.0012,0.0228,0.0,0.8142,0.0039,0.0592,0.0062,0.6951,0.0168,0.6057,0.0986,0.0142,0.2495,1
8.7,-0.875,-2.75,1.6985,0.0601,0.0025,0.0228,0.0,1.4575,0.0038,0.0592,0.008,0.5559,0.0168,0.462,0.1086,0.0159,0.2935,1
8.7,-0.875,-2.5,1.4779,0.0845,0.0042,0.0228,0.0,2.1803,0.0033,0.0593,0.0096,0.4103,0.0168,0.3392,0.1149,0.0156,0.3231,1
8.7,-0.875,-2.25,1.2059,0.1123,0.0065,0.0228,0.0,2.9465,0.0027,0.0593,0.0109,0.2926,0.0168,0.2479,0.12,0.0142,0.3437,1
8.7,-0.875,-2.0,0.9553,0.1438,0.0095,0.0228,0.0,3.7478,0.0022,0.0593,0.0123,0.2088,0.0168,0.1845,0.1246,0.0123,0.3567,1
8.7,-0.875,-1.75,0.7559,0.1793,0.0133,0.0228,0.0,4.5864,0.0018,0.0593,0.0135,0.1529,0.0168,0.1419,0.1277,0.0106,0.36,1
8.7,-0.875,-1.5,0.6063,0.2194,0.0181,0.0228,0.0,5.4878,0.0015,0.0592,0.0146,0.1161,0.0168,0.1135,0.1282,0.0091,0.3519,1
8.8,-0.875,-4.0,0.1605,0.0,0.0,0.021,0.0,0.0021,0.0,0.0556,0.0,0.266,0.0159,0.4595,0.016,0.0,0.0307,1
8.8,-0.875,-3.75,0.2774,0.001,0.0,0.022,0.0,0.0085,0.0,0.0578,0.0,0.3522,0.0165,0.5177,0.0233,0.0,0.0528,1
8.8,-0.875,-3.5,0.4913,0.0028,0.0,0.0225,0.0,0.0381,0.0,0.059,0.0,0.4671,0.0168,0.5662,0.0347,0.0,0.0929,1
8.8,-0.875,-3.25,0.8549,0.0078,0.0,0.0227,0.0,0.1616,0.0016,0.0595,0.0021,0.5824,0.0169,0.5842,0.0517,0.0017,0.1579,1
8.8,-0.875,-3.0,1.2158,0.0178,0.0,0.0228,0.0,0.4715,0.0023,0.0595,0.0039,0.6026,0.017,0.5319,0.0688,0.0072,0.23,1
8.8,-0.875,-2.75,1.3508,0.0312,0.0,0.0229,0.0,0.9369,0.0025,0.0596,0.0056,0.5127,0.017,0.4245,0.0796,0.0095,0.283,1
8.8,-0.875,-2.5,1.2888,0.0469,0.0018,0.0229,0.0,1.4771,0.0023,0.0597,0.0069,0.3906,0.017,0.3171,0.0853,0.0108,0.3156,1
8.8,-0.875,-2.25,1.1279,0.0659,0.003,0.0229,0.0,2.0765,0.002,0.0598,0.008,0.2832,0.017,0.2332,0.0895,0.0107,0.3377,1
8.8,-0.875,-2.0,0.9393,0.0894,0.0046,0.0229,0.0,2.7389,0.0016,0.0598,0.0091,0.2033,0.017,0.1737,0.0938,0.0099,0.3544,1
8.8,-0.875,-1.75,0.7671,0.118,0.0068,0.0229,0.0,3.4706,0.0013,0.0598,0.0103,0.1487,0.0169,0.1337,0.0982,0.0089,0.3656,1
8.8,-0.875,-1.5,0.6256,0.1516,0.0097,0.0229,0.0,4.2755,0.0011,0.0597,0.0115,0.1125,0.0169,0.1069,0.1018,0.0078,0.3682,1
8.9,-0.875,-4.0,0.0405,0.0,0.0,0.018,0.0,0.0011,0.0,0.0481,0.0,0.1216,0.0139,0.177,0.0096,0.0,0.0202,1
8.9,-0.875,-3.75,0.0646,0.0,0.0,0.0195,0.0,0.0043,0.0,0.0519,0.0,0.1521,0.015,0.1866,0.0141,0.0,0.0354,1
8.9,-0.875,-3.5,0.1277,0.0,0.0,0.022,0.0,0.0081,0.0,0.0582,0.0,0.2304,0.0166,0.3025,0.0216,0.0,0.0512,1
8.9,-0.875,-3.25,0.2673,0.0013,0.0,0.0225,0.0,0.0429,0.0,0.0592,0.0,0.3247,0.0169,0.3497,0.0361,0.0,0.0974,1
8.9,-0.875,-3.0,0.5031,0.0041,0.0,0.0227,0.0,0.1691,0.0,0.0596,0.0014,0.3993,0.017,0.3679,0.0567,0.0,0.1657,1
8.9,-0.875,-2.75,0.7257,0.0089,0.0,0.0228,0.0,0.4115,0.001,0.0597,0.0026,0.3944,0.017,0.3297,0.0747,0.0013,0.2287,1
8.9,-0.875,-2.5,0.8475,0.0151,0.0,0.0229,0.0,0.7197,0.0012,0.0599,0.0037,0.331,0.0171,0.2627,0.0855,0.0042,0.27,1
8.9,-0.875,-2.25,0.8699,0.0228,0.0,0.0229,0.0,1.0764,0.0012,0.0601,0.0046,0.2544,0.0171,0.199,0.092,0.0051,0.296,1
8.9,-0.875,-2.0,0.8207,0.0334,0.0015,0.023,0.0,1.495,0.001,0.0602,0.0055,0.1881,0.0171,0.1498,0.0976,0.0056,0.3152,1
8.9,-0.875,-1.75,0.7307,0.0487,0.0023,0.023,0.0,1.9984,0.0,0.0602,0.0063,0.1387,0.0171,0.1153,0.1039,0.0056,0.332,1
8.9,-0.875,-1.5,0.6266,0.0701,0.0036,0.0229,0.0,2.598,0.0,0.0602,0.0073,0.1046,0.017,0.092,0.1109,0.0053,0.3452,1
9.0,-0.875,-4.0,0.0041,0.0,0.0,0.0097,0.0,0.0,0.0,0.0259,0.0,0.0293,0.0074,0.0464,0.0017,0.0,0.0053,1
9.0,-0.875,-3.75,0.0076,0.0,0.0,0.0108,0.0,0.0,0.0,0.0286,0.0,0.0402,0.0082,0.0546,0.0028,0.0,0.0102,1
9.0,-0.875,-3.5,0.0187,0.0,0.0,0.0115,0.0,0.0023,0.0,0.0305,0.0,0.0635,0.0087,0.0714,0.0053,0.0,0.0214,1
9.0,-0.875,-3.25,0.0694,0.0,0.0,0.0197,0.0,0.0179,0.0,0.0524,0.0,0.1404,0.0152,0.1319,0.0146,0.0,0.0642,1
9.0,-0.875,-3.0,0.1142,0.0,0.0,0.0218,0.0,0.0573,0.0,0.0579,0.0,0.1483,0.0166,0.1264,0.0215,0.0,0.101,1
9.0,-0.875,-2.75,0.201,0.0,0.0,0.0224,0.0,0.0911,0.0,0.0592,0.0,0.2226,0.0169,0.1918,0.0302,0.0,0.1352,1
9.0,-0.875,-2.5,0.3645,0.0022,0.0,0.0226,0.0,0.1977,0.0,0.0596,0.0013,0.2422,0.017,0.1858,0.043,0.0,0.1936,1
9.0,-0.875,-2.25,0.5796,0.0038,0.0,0.0228,0.0,0.3355,0.0,0.0599,0.0022,0.2292,0.017,0.1622,0.0546,0.0,0.2437,1
9.0,-0.875,-2.0,0.8113,0.0055,0.0,0.0228,0.0,0.4883,0.0,0.0601,0.0034,0.1938,0.0171,0.1326,0.0639,0.0028,0.2816,1
9.0,-0.875,-1.75,1.0175,0.0076,0.0,0.0229,0.0,0.6616,0.0,0.0603,0.0046,0.1525,0.0171,0.1054,0.0709,0.0059,0.3086,1
9.0,-0.875,-1.5,1.0814,0.011,0.0,0.0229,0.0,0.9052,0.0,0.0603,0.0054,0.1147,0.0171,0.083,0.0745,0.0086,0.3208,1
9.1,-0.875,-4.0,0.0,0.0,0.0,0.0078,0.0,0.0,0.0,0.021,0.0,0.0048,0.006,0.0083,0.0,0.0,0.0011,1
9.1,-0.875,-3.75,0.0,0.0,0.0,0.009,0.0,0.0,0.0,0.0242,0.0,0.0073,0.0069,0.0112,0.0,0.0,0.0023,1
9.1,-0.875,-3.5,0.0,0.0,0.0,0.01,0.0,0.0,0.0,0.0268,0.0,0.0125,0.0076,0.0161,0.0013,0.0,0.0053,1
9.1,-0.875,-3.25,0.0044,0.0,0.0,0.0107,0.0,0.0011,0.0,0.0284,0.0,0.0272,0.0081,0.0287,0.0034,0.0,0.0144,1
9.1,-0.875,-3.0,0.0235,0.0,0.0,0.0116,0.0,0.0098,0.0,0.0306,0.0,0.0588,0.0087,0.0523,0.0096,0.0,0.0398,1
9.1,-0.875,-2.75,0.0627,0.0,0.0,0.0183,0.0,0.0488,0.0,0.0485,0.0,0.0861,0.014,0.0721,0.0217,0.0,0.0921,1
9.1,-0.875,-2.5,0.0619,0.0,0.0,0.0198,0.0,0.093,0.0,0.0526,0.0,0.0579,0.0152,0.0494,0.025,0.0,0.1106,1
9.1,-0.875,-2.25,0.0399,0.0,0.0,0.0186,0.0,0.1212,0.0,0.0494,0.0,0.0286,0.0142,0.0256,0.0224,0.0,0.1034,1
9.1,-0.875,-2.0,0.0162,0.0,0.0,0.0134,0.0,0.101,0.0,0.0352,0.0,0.0102,0.01,0.0095,0.0146,0.0,0.0699,1
9.1,-0.875,-1.75,0.0062,0.0,0.0,0.0136,0.0,0.0787,0.0,0.0358,0.0,0.0044,0.0102,0.004,0.0108,0.0,0.0548,1
9.1,-0.875,-1.5,0.0027,0.0,0.0,0.0137,0.0,0.0658,0.0,0.0363,0.0,0.0022,0.0103,0.001,0.0086,0.0,0.0453,1
6.9,-0.75,-4.0,0.344,0.0107,0.0,0.0234,0.0,0.0103,0.002,0.06,0.0,0.095,0.0169,0.0995,0.0053,0.0077,0.006,1
6.9,-0.75,-3.75,0.3943,0.0167,0.0,0.0229,0.0,0.033,0.0022,0.0586,0.0,0.0972,0.0165,0.0842,0.006,0.0094,0.0088,1
6.9,-0.75,-3.5,0.4149,0.0249,0.0014,0.0224,0.0,0.0931,0.0023,0.0573,0.0014,0.0913,0.0161,0.0681,0.0068,0.0108,0.012,1
6.9,-0.75,-3.25,0.3789,0.0351,0.0035,0.0219,0.0,0.2111,0.0021,0.0561,0.002,0.075,0.0158,0.0526,0.0076,0.0105,0.0155,1
6.9,-0.75,-3.0,0.2985,0.0468,0.0072,0.0215,0.0,0.3741,0.0016,0.0551,0.0027,0.0546,0.0154,0.0392,0.0085,0.0087,0.0188,1
6.9,-0.75,-2.75,0.2132,0.0598,0.012,0.0211,0.0,0.5498,0.0012,0.0542,0.0034,0.0372,0.0151,0.0284,0.0092,0.0056,0.0214,1
6.9,-0.75,-2.5,0.1468,0.0741,0.0179,0.0208,0.0,0.7213,0.0,0.0534,0.004,0.025,0.0149,0.0205,0.0095,0.004,0.023,1
6.9,-0.75,-2.25,0.1018,0.0895,0.0248,0.0205,0.0,0.8855,0.0,0.0529,0.0044,0.0172,0.0147,0.0147,0.0094,0.0014,0.0232,1
6.9,-0.75,-2.0,0.0729,0.1058,0.0327,0.0203,0.0,1.0441,0.0,0.0524,0.0046,0.0123,0.0145,0.011,0.0087,0.001,0.0222,1
6.9,-0.75,-1.75,0.0544,0.1225,0.0415,0.0201,0.0,1.1961,0.0,0.0521,0.0044,0.0092,0.0144,0.0084,0.0077,0.0,0.0201,1
6.9,-0.75,-1.5,0.0422,0.1392,0.051,0.0199,0.001,1.3411,0.0,0.0517,0.0041,0.0072,0.0142,0.0068,0.0066,0.0,0.0174,1
7.0,-0.75,-4.0,0.4298,0.0084,0.0,0.0234,0.0,0.0128,0.0024,0.06,0.0,0.1191,0.0169,0.125,0.0066,0.0094,0.0076,1
7.0,-0.75,-3.75,0.4926,0.0131,0.0,0.0229,0.0,0.0411,0.0028,0.0586,0.0012,0.1219,0.0165,0.1056,0.0075,0.0117,0.011,1
7.0,-0.75,-3.5,0.5185,0.0195,0.0017,0.0224,0.0,0.1159,0.0029,0.0574,0.0018,0.1145,0.0162,0.0855,0.0085,0.0133,0.0151,1
7.0,-0.75,-3.25,0.4739,0.0275,0.0044,0.022,0.0,0.2628,0.0026,0.0562,0.0025,0.0941,0.0158,0.0661,0.0096,0.013,0.0194,1
7.0,-0.75,-3.0,0.3734,0.0367,0.0088,0.0215,0.0,0.4656,0.002,0.0551,0.0034,0.0686,0.0155,0.0492,0.0106,0.0109,0.0235,1
7.0,-0.75,-2.75,0.267,0.0469,0.0148,0.0212,0.0,0.684,0.0014,0.0543,0.0042,0.0468,0.0152,0.0357,0.0115,0.0081,0.0268,1
7.0,-0.75,-2.5,0.1838,0.058,0.0219,0.0209,0.0,0.8963,0.001,0.0536,0.005,0.0315,0.0149,0.0256,0.0119,0.0051,0.0288,1
7.0,-0.75,-2.25,0.1274,0.0699,0.0302,0.0206,0.0,1.0985,0.0,0.053,0.0055,0.0216,0.0147,0.0186,0.0118,0.0017,0.029,1
7.0,-0.75,-2.0,0.0911,0.0823,0.0397,0.0204,0.0,1.2919,0.0,0.0526,0.0056,0.0154,0.0146,0.0138,0.0109,0.0013,0.0277,1
7.0,-0.75,-1.75,0.0679,0.095,0.0501,0.0202,0.0,1.4758,0.0,0.0523,0.0054,0.0115,0.0144,0.0106,0.0097,0.0,0.025,1
7.0,-0.75,-1.5,0.0526,0.1075,0.0612,0.02,0.0,1.6504,0.0,0.052,0.005,0.009,0.0143,0.0084,0.0082,0.0,0.0216,1
7.1,-0.75,-4.0,0.5365,0.0104,0.0,0.0234,0.0,0.0159,0.003,0.06,0.0,0.1492,0.0169,0.1567,0.0082,0.0117,0.0095,1
7.1,-0.75,-3.75,0.615,0.0163,0.0,0.0229,0.0,0.0511,0.0035,0.0587,0.0014,0.1528,0.0166,0.1325,0.0094,0.0145,0.0137,1
7.1,-0.75,-3.5,0.6475,0.0243,0.0021,0.0224,0.0,0.144,0.0036,0.0574,0.0022,0.1436,0.0162,0.1073,0.0107,0.0166,0.0189,1
7.1,-0.75,-3.25,0.5922,0.0343,0.0054,0.022,0.0,0.3268,0.0032,0.0562,0.0031,0.1181,0.0158,0.0829,0.012,0.0163,0.0243,1
7.1,-0.75,-3.0,0.4671,0.0457,0.0109,0.0216,0.0,0.5795,0.0025,0.0552,0.0042,0.0861,0.0155,0.0616,0.0133,0.0136,0.0294,1
7.1,-0.75,-2.75,0.3342,0.0583,0.0182,0.0212,0.0,0.8515,0.0018,0.0544,0.0052,0.0588,0.0152,0.0448,0.0143,0.0102,0.0336,1
7.1,-0.75,-2.5,0.2303,0.0721,0.027,0.0209,0.0,1.1159,0.0013,0.0537,0.0062,0.0395,0.015,0.0322,0.0149,0.0073,0.036,1
7.1,-0.75,-2.25,0.1597,0.0869,0.0372,0.0207,0.0,1.3679,0.0,0.0531,0.0068,0.0272,0.0148,0.0233,0.0147,0.0045,0.0364,1
7.1,-0.75,-2.0,0.1143,0.1024,0.0489,0.0205,0.0,1.6094,0.0,0.0528,0.007,0.0194,0.0146,0.0173,0.0137,0.0016,0.0347,1
7.1,-0.75,-1.75,0.0852,0.1182,0.0618,0.0203,0.0,1.8407,0.0,0.0524,0.0068,0.0145,0.0145,0.0133,0.0121,0.0012,0.0313,1
7.1,-0.75,-1.5,0.066,0.1342,0.0759,0.0201,0.0,2.0624,0.0,0.0521,0.0062,0.0113,0.0144,0.0107,0.0103,0.0,0.0271,1
7.2,-0.75,-4.0,0.6669,0.0128,0.0,0.0234,0.0,0.0197,0.0038,0.06,0.0011,0.1864,0.017,0.1961,0.0082,0.0145,0.0118,1
7.2,-0.75,-3.75,0.7644,0.02,0.0,0.023,0.0,0.0631,0.0043,0.0587,0.0018,0.1911,0.0166,0.1659,0.0093,0.018,0.0172,1
7.2,-0.75,-3.5,0.8051,0.03,0.0025,0.0225,0.0,0.1779,0.0045,0.0575,0.0027,0.1798,0.0162,0.1343,0.0106,0.0206,0.0236,1
7.2,-0.75,-3.25,0.737,0.0423,0.0066,0.022,0.0,0.4037,0.004,0.0563,0.0039,0.1482,0.0158,0.1038,0.0119,0.0201,0.0303,1
7.2,-0.75,-3.0,0.582,0.0564,0.0132,0.0216,0.0,0.7159,0.0031,0.0554,0.0051,0.1082,0.0155,0.0772,0.0132,0.0168,0.0367,1
7.2,-0.75,-2.75,0.4167,0.0718,0.022,0.0213,0.0,1.0512,0.0022,0.0545,0.0065,0.0739,0.0153,0.056,0.0142,0.0127,0.0419,1
7.2,-0.75,-2.5,0.2872,0.0886,0.0325,0.021,0.0,1.3754,0.0016,0.0539,0.0076,0.0497,0.015,0.0402,0.0148,0.0091,0.0449,1
7.2,-0.75,-2.25,0.1991,0.1064,0.0446,0.0208,0.0,1.6822,0.0011,0.0534,0.0083,0.0341,0.0148,0.0291,0.0146,0.0055,0.0453,1
7.2,-0.75,-2.0,0.1423,0.1249,0.0582,0.0206,0.0,1.9734,0.0,0.053,0.0085,0.0243,0.0147,0.0216,0.0136,0.004,0.0431,1
7.2,-0.75,-1.75,0.1058,0.1437,0.0732,0.0204,0.0,2.2507,0.0,0.0527,0.0082,0.0181,0.0146,0.0166,0.012,0.0015,0.0389,1
7.2,-0.75,-1.5,0.0819,0.1624,0.0893,0.0202,0.0,2.514,0.0,0.0524,0.0075,0.0141,0.0145,0.0133,0.0102,0.0011,0.0336,1
7.3,-0.75,-4.0,0.8254,0.0155,0.0,0.0234,0.0,0.0241,0.0047,0.0599,0.0014,0.2323,0.0169,0.2444,0.0128,0.0177,0.0148,1
7.3,-0.75,-3.75,0.9458,0.0244,0.0,0.0229,0.0,0.0773,0.0053,0.0587,0.0022,0.2384,0.0166,0.2068,0.0146,0.022,0.0214,1
7.3,-0.75,-3.5,0.9964,0.0365,0.003,0.0225,0.0,0.2178,0.0055,0.0575,0.0033,0.2248,0.0162,0.1675,0.0166,0.025,0.0293,1
7.3,-0.75,-3.25,0.9135,0.0516,0.0079,0.0221,0.0,0.4945,0.0049,0.0565,0.0047,0.1858,0.0159,0.1295,0.0186,0.0246,0.0378,1
7.3,-0.75,-3.0,0.7225,0.0689,0.0158,0.0217,0.0,0.8776,0.0039,0.0555,0.0063,0.136,0.0156,0.0963,0.0206,0.0206,0.0457,1
7.3,-0.75,-2.75,0.5181,0.0877,0.0263,0.0214,0.0,1.2883,0.0028,0.0548,0.0079,0.093,0.0153,0.0698,0.0222,0.0155,0.0521,1
7.3,-0.75,-2.5,0.3572,0.1078,0.0386,0.0211,0.0,1.6823,0.002,0.0542,0.0092,0.0625,0.0151,0.0501,0.0231,0.0111,0.0559,1
7.3,-0.75,-2.25,0.2474,0.129,0.0526,0.0209,0.0,2.0519,0.0014,0.0537,0.0101,0.0428,0.0149,0.0362,0.0228,0.0079,0.0564,1
7.3,-0.75,-2.0,0.1766,0.1508,0.0682,0.0207,0.0,2.3989,0.0,0.0534,0.0103,0.0305,0.0148,0.0268,0.0212,0.0051,0.0536,1
7.3,-0.75,-1.75,0.131,0.1727,0.0851,0.0206,0.0,2.7265,0.0,0.0531,0.0099,0.0227,0.0147,0.0206,0.0188,0.0028,0.0482,1
7.3,-0.75,-1.5,0.1011,0.1944,0.1031,0.0204,0.0,3.0357,0.0,0.0528,0.009,0.0176,0.0146,0.0164,0.016,0.0014,0.0416,1
7.4,-0.75,-4.0,1.0167,0.0187,0.0,0.0234,0.0,0.0294,0.0057,0.0598,0.0017,0.2887,0.0169,0.304,0.0125,0.0215,0.0183,1
7.4,-0.75,-3.75,1.1647,0.0294,0.0011,0.023,0.0,0.0941,0.0065,0.0587,0.0027,0.2966,0.0166,0.2575,0.0144,0.0268,0.0266,1
7.4,-0.75,-3.5,1.2277,0.0443,0.0036,0.0225,0.0,0.2652,0.0068,0.0576,0.0041,0.2804,0.0162,0.2086,0.0163,0.0306,0.0364,1
7.4,-0.75,-3.25,1.127,0.0627,0.0093,0.0221,0.0,0.6022,0.0061,0.0566,0.0058,0.2325,0.0159,0.1612,0.0183,0.0301,0.0469,1
7.4,-0.75,-3.0,0.8929,0.0836,0.0187,0.0218,0.0,1.0688,0.0048,0.0557,0.0077,0.1706,0.0156,0.1199,0.0203,0.0252,0.0567,1
7.4,-0.75,-2.75,0.6411,0.1062,0.0309,0.0215,0.0,1.5677,0.0035,0.055,0.0096,0.1167,0.0154,0.0868,0.0218,0.0189,0.0645,1
7.4,-0.75,-2.5,0.4423,0.1302,0.0452,0.0212,0.0,2.0425,0.0024,0.0544,0.0112,0.0785,0.0152,0.0623,0.0227,0.0137,0.0692,1
7.4,-0.75,-2.25,0.3062,0.1551,0.0611,0.021,0.0,2.4831,0.0017,0.054,0.0122,0.0537,0.015,0.045,0.0224,0.0098,0.0698,1
7.4,-0.75,-2.0,0.2181,0.1804,0.0786,0.0209,0.0,2.8921,0.0012,0.0538,0.0124,0.0381,0.0149,0.0333,0.0209,0.0061,0.0662,1
7.4,-0.75,-1.75,0.1616,0.2056,0.0973,0.0207,0.0,3.275,0.0,0.0535,0.0118,0.0282,0.0148,0.0255,0.0185,0.0046,0.0595,1
7.4,-0.75,-1.5,0.1244,0.2305,0.1172,0.0206,0.0,3.6357,0.0,0.0533,0.0107,0.0218,0.0147,0.0203,0.0157,0.0017,0.0512,1
7.5,-0.75,-4.0,1.2425,0.0223,0.0,0.0234,0.0,0.0355,0.0069,0.0598,0.002,0.3573,0.0169,0.3771,0.0195,0.026,0.0226,1
7.5,-0.75,-3.75,1.4231,0.0352,0.0013,0.023,0.0,0.1136,0.0079,0.0588,0.0032,0.3675,0.0166,0.3196,0.0223,0.0323,0.0329,1
7.5,-0.75,-3.5,1.5006,0.0532,0.0042,0.0226,0.0,0.3199,0.0082,0.0578,0.0049,0.3482,0.0163,0.259,0.0254,0.0367,0.045,1
7.5,-0.75,-3.25,1.3794,0.0754,0.0109,0.0222,0.0,0.7263,0.0074,0.0568,0.007,0.2897,0.016,0.2002,0.0285,0.0361,0.0579,1
7.5,-0.75,-3.0,1.0955,0.1004,0.0217,0.0219,0.0,1.2891,0.0059,0.0559,0.0092,0.2132,0.0157,0.1488,0.0314,0.0304,0.0699,1
7.5,-0.75,-2.75,0.7879,0.1273,0.0357,0.0216,0.0,1.8886,0.0042,0.0553,0.0114,0.1461,0.0155,0.1077,0.0338,0.0229,0.0795,1
7.5,-0.75,-2.5,0.5438,0.1554,0.0518,0.0214,0.0,2.4539,0.003,0.0548,0.0133,0.0982,0.0153,0.0772,0.0351,0.0164,0.0852,1
7.5,-0.75,-2.25,0.3763,0.1841,0.0695,0.0212,0.0,2.9719,0.0021,0.0544,0.0145,0.067,0.0152,0.0557,0.0346,0.0117,0.0858,1
7.5,-0.75,-2.0,0.2678,0.213,0.0887,0.021,0.0,3.4487,0.0015,0.0541,0.0147,0.0474,0.0151,0.0411,0.0323,0.0086,0.0813,1
7.5,-0.75,-1.75,0.198,0.2417,0.109,0.0209,0.0,3.8913,0.0011,0.0539,0.0139,0.035,0.015,0.0315,0.0286,0.0055,0.073,1
7.5,-0.75,-1.5,0.1521,0.27,0.1306,0.0208,0.0,4.3077,0.0,0.0537,0.0126,0.027,0.0149,0.025,0.0244,0.0043,0.0627,1
7.6,-0.75,-4.0,1.5094,0.0265,0.0,0.0233,0.0,0.0427,0.0084,0.0598,0.0024,0.4406,0.0169,0.4662,0.019,0.031,0.0279,1
7.6,-0.75,-3.75,1.7263,0.0419,0.0015,0.023,0.0,0.1359,0.0095,0.0589,0.0039,0.4535,0.0166,0.3955,0.0218,0.0385,0.0404,1
7.6,-0.75,-3.5,1.8198,0.0633,0.0048,0.0226,0.0,0.3824,0.0099,0.0579,0.0059,0.4307,0.0163,0.3205,0.0248,0.0438,0.0554,1
7.6,-0.75,-3.25,1.6748,0.0897,0.0124,0.0223,0.0,0.8675,0.009,0.057,0.0083,0.3596,0.016,0.2476,0.0278,0.0429,0.0711,1
7.6,-0.75,-3.0,1.3328,0.1193,0.0247,0.0219,0.0,1.538,0.0071,0.0562,0.0109,0.2654,0.0158,0.184,0.0306,0.0362,0.0857,1
7.6,-0.75,-2.75,0.9604,0.1507,0.0404,0.0217,0.0,2.2487,0.0052,0.0556,0.0135,0.1822,0.0156,0.1331,0.0329,0.0274,0.0972,1
7.6,-0.75,-2.5,0.6635,0.183,0.0581,0.0215,0.0,2.9135,0.0036,0.0551,0.0156,0.1224,0.0154,0.0953,0.034,0.0196,0.104,1
7.6,-0.75,-2.25,0.459,0.2156,0.0773,0.0213,0.0,3.5141,0.0025,0.0548,0.0169,0.0834,0.0153,0.0687,0.0335,0.0141,0.1048,1
7.6,-0.75,-2.0,0.3263,0.2482,0.0978,0.0212,0.0,4.0623,0.0018,0.0545,0.0171,0.0588,0.0152,0.0506,0.0313,0.0102,0.0992,1
7.6,-0.75,-1.75,0.2409,0.2804,0.1196,0.0211,0.0,4.5702,0.0014,0.0543,0.0162,0.0433,0.0151,0.0387,0.0277,0.0077,0.0889,1
7.6,-0.75,-1.5,0.1847,0.3124,0.1426,0.0209,0.0,5.0477,0.001,0.0541,0.0146,0.0333,0.015,0.0306,0.0237,0.0051,0.0763,1
7.7,-0.75,-4.0,1.8063,0.0309,0.0,0.0233,0.0,0.0506,0.0099,0.0598,0.0029,0.5388,0.0169,0.5726,0.0292,0.0363,0.0341,1
7.7,-0.75,-3.75,2.0636,0.049,0.0017,0.023,0.0,0.1603,0.0113,0.059,0.0046,0.555,0.0167,0.4861,0.0335,0.0449,0.0493,1
7.7,-0.75,-3.5,2.1758,0.0741,0.0054,0.0227,0.0,0.4499,0.0118,0.0581,0.0069,0.5285,0.0164,0.3943,0.038,0.0509,0.0675,1
7.7,-0.75,-3.25,2.0057,0.105,0.0138,0.0223,0.0,1.0198,0.0107,0.0572,0.0097,0.4432,0.0161,0.3048,0.0426,0.0501,0.0866,1
7.7,-0.75,-3.0,1.6006,0.1394,0.0273,0.0221,0.0,1.8055,0.0085,0.0565,0.0127,0.3283,0.0159,0.2263,0.0468,0.0423,0.1041,1
7.7,-0.75,-2.75,1.1561,0.1751,0.0442,0.0218,0.0,2.6328,0.0062,0.0559,0.0156,0.2257,0.0157,0.1636,0.0501,0.032,0.1178,1
7.7,-0.75,-2.5,0.8002,0.2115,0.0631,0.0216,0.0,3.4004,0.0044,0.0555,0.018,0.1516,0.0155,0.117,0.0518,0.0231,0.1257,1
7.7,-0.75,-2.25,0.5538,0.2478,0.0833,0.0215,0.0,4.0877,0.0031,0.0552,0.0194,0.1031,0.0154,0.0842,0.051,0.0164,0.1265,1
7.7,-0.75,-2.0,0.3935,0.2839,0.1047,0.0214,0.0,4.708,0.0022,0.055,0.0196,0.0726,0.0153,0.062,0.0476,0.012,0.1198,1
7.7,-0.75,-1.75,0.2902,0.3198,0.1275,0.0213,0.0,5.286,0.0016,0.0548,0.0185,0.0533,0.0153,0.0471,0.0422,0.0091,0.1074,1
7.7,-0.75,-1.5,0.2224,0.3556,0.1519,0.0211,0.0,5.8345,0.0013,0.0546,0.0167,0.0409,0.0152,0.0373,0.0361,0.006,0.0921,1
7.8,-0.75,-4.0,2.1343,0.0356,0.0,0.0233,0.0,0.0595,0.0116,0.0598,0.0034,0.6538,0.0169,0.6978,0.028,0.0416,0.0413,1
7.8,-0.75,-3.75,2.4354,0.0565,0.0018,0.0231,0.0,0.1865,0.0132,0.0591,0.0054,0.6743,0.0167,0.5942,0.0322,0.0514,0.0597,1
7.8,-0.75,-3.5,2.5654,0.0854,0.0059,0.0227,0.0,0.5212,0.0138,0.0582,0.008,0.6436,0.0164,0.4822,0.0365,0.0581,0.0816,1
7.8,-0.75,-3.25,2.3678,0.1209,0.0148,0.0224,0.0,1.1789,0.0126,0.0574,0.0112,0.5419,0.0162,0.3727,0.0408,0.0573,0.1045,1
7.8,-0.75,-3.0,1.894,0.1597,0.0291,0.0222,0.0,2.0817,0.01,0.0568,0.0145,0.403,0.016,0.2766,0.0446,0.0482,0.1252,1
7.8,-0.75,-2.75,1.3735,0.1997,0.0468,0.022,0.0,3.028,0.0073,0.0562,0.0177,0.2778,0.0158,0.1998,0.0477,0.0368,0.1412,1
7.8,-0.75,-2.5,0.953,0.2397,0.0662,0.0218,0.0,3.8976,0.0052,0.0558,0.0202,0.1866,0.0157,0.1427,0.0492,0.0266,0.1503,1
7.8,-0.75,-2.25,0.6606,0.2794,0.0869,0.0216,0.0,4.6726,0.0036,0.0555,0.0217,0.1268,0.0155,0.1025,0.0484,0.0191,0.151,1
7.8,-0.75,-2.0,0.4695,0.3189,0.1089,0.0215,0.0,5.372,0.0026,0.0553,0.0219,0.089,0.0155,0.0753,0.0452,0.0139,0.1431,1
7.8,-0.75,-1.75,0.3463,0.3584,0.1322,0.0214,0.0,6.0204,0.0019,0.0552,0.0208,0.0652,0.0154,0.0573,0.0402,0.0105,0.1285,1
7.8,-0.75,-1.5,0.2655,0.3984,0.1575,0.0213,0.0,6.6441,0.0015,0.055,0.0188,0.0498,0.0153,0.0453,0.0345,0.0081,0.1103,1
7.9,-0.75,-4.0,2.4505,0.0398,0.0,0.0234,0.0,0.0676,0.0131,0.0599,0.0038,0.7808,0.017,0.8396,0.0421,0.0458,0.0492,1
7.9,-0.75,-3.75,2.797,0.0633,0.0019,0.0231,0.0,0.211,0.0149,0.0592,0.006,0.8066,0.0168,0.7169,0.0483,0.0565,0.0711,1
7.9,-0.75,-3.5,2.9482,0.0958,0.006,0.0228,0.0,0.5877,0.0156,0.0585,0.009,0.7724,0.0165,0.5829,0.0548,0.0639,0.0972,1
7.9,-0.75,-3.25,2.7272,0.1353,0.0152,0.0225,0.0,1.3254,0.0144,0.0577,0.0125,0.6538,0.0163,0.4508,0.061,0.0629,0.1241,1
7.9,-0.75,-3.0,2.193,0.1782,0.0296,0.0223,0.0,2.3387,0.0115,0.0571,0.0161,0.4889,0.0161,0.3344,0.0665,0.0537,0.1483,1
7.9,-0.75,-2.75,1.599,0.2216,0.0472,0.0221,0.0,3.3955,0.0085,0.0566,0.0195,0.3383,0.0159,0.2415,0.0708,0.041,0.1668,1
7.9,-0.75,-2.5,1.1149,0.2645,0.0666,0.0219,0.0,4.3616,0.006,0.0562,0.0221,0.2276,0.0158,0.1724,0.0728,0.03,0.1771,1
7.9,-0.75,-2.25,0.7751,0.3071,0.087,0.0218,0.0,5.2187,0.0043,0.0559,0.0237,0.1545,0.0157,0.1238,0.0717,0.0215,0.1777,1
7.9,-0.75,-2.0,0.5519,0.3496,0.1088,0.0217,0.0,5.9972,0.0031,0.0557,0.0239,0.1082,0.0156,0.0909,0.0671,0.0159,0.1685,1
7.9,-0.75,-1.75,0.4076,0.3928,0.1324,0.0216,0.0,6.7278,0.0023,0.0556,0.0228,0.0791,0.0155,0.069,0.0599,0.012,0.1516,1
7.9,-0.75,-1.5,0.3128,0.4372,0.1583,0.0215,0.0,7.4361,0.0018,0.0554,0.0208,0.0604,0.0155,0.0546,0.0515,0.0094,0.1306,1
8.0,-0.75,-4.0,2.7465,0.0435,0.0,0.0234,0.0,0.075,0.0144,0.06,0.0042,0.9192,0.017,0.9976,0.0393,0.0486,0.0579,1
8.0,-0.75,-3.75,3.1394,0.0693,0.0019,0.0232,0.0,0.2333,0.0164,0.0594,0.0066,0.9519,0.0168,0.8552,0.0452,0.0601,0.0836,1
8.0,-0.75,-3.5,3.3128,0.1049,0.006,0.0229,0.0,0.6471,0.0173,0.0587,0.0099,0.9149,0.0166,0.6969,0.0512,0.0681,0.1142,1
8.0,-0.75,-3.25,3.0715,0.1477,0.0148,0.0226,0.0,1.4533,0.016,0.058,0.0136,0.7787,0.0164,0.5394,0.0568,0.0672,0.1454,1
8.0,-0.75,-3.0,2.4846,0.1935,0.0287,0.0224,0.0,2.5585,0.013,0.0574,0.0174,0.5861,0.0162,0.4003,0.0616,0.0576,0.1732,1
8.0,-0.75,-2.75,1.825,0.2395,0.0456,0.0222,0.0,3.7137,0.0096,0.0569,0.0208,0.4075,0.016,0.289,0.0653,0.0446,0.1942,1
8.0,-0.75,-2.5,1.281,0.2846,0.0641,0.0221,0.0,4.77,0.0069,0.0565,0.0236,0.2748,0.0159,0.2063,0.0671,0.0328,0.2059,1
8.0,-0.75,-2.25,0.8951,0.3295,0.0838,0.0219,0.0,5.7071,0.0049,0.0563,0.0252,0.1866,0.0158,0.148,0.0661,0.0237,0.2065,1
8.0,-0.75,-2.0,0.6397,0.3749,0.105,0.0219,0.0,6.5634,0.0035,0.0561,0.0255,0.1307,0.0157,0.1086,0.0621,0.0177,0.196,1
8.0,-0.75,-1.75,0.4735,0.4216,0.1282,0.0218,0.0,7.3763,0.0027,0.056,0.0244,0.0953,0.0157,0.0825,0.0557,0.0134,0.1767,1
8.0,-0.75,-1.5,0.364,0.4705,0.1542,0.0217,0.0,8.1804,0.0021,0.0558,0.0224,0.0726,0.0156,0.0652,0.0481,0.0105,0.1528,1
8.1,-0.75,-4.0,2.9157,0.045,0.0,0.0234,0.0,0.0789,0.0148,0.0601,0.0043,1.0486,0.017,1.1534,0.0565,0.0477,0.0659,1
8.1,-0.75,-3.75,3.3557,0.0721,0.0017,0.0232,0.0,0.246,0.0171,0.0596,0.0069,1.0919,0.0169,0.9957,0.0652,0.0595,0.0956,1
8.1,-0.75,-3.5,3.5616,0.1096,0.0054,0.023,0.0,0.682,0.0182,0.059,0.0102,1.0564,0.0167,0.8158,0.0739,0.0681,0.1307,1
8.1,-0.75,-3.25,3.3277,0.1545,0.0134,0.0227,0.0,1.5312,0.017,0.0583,0.0141,0.907,0.0165,0.6335,0.0818,0.0679,0.1665,1
8.1,-0.75,-3.0,2.7204,0.2021,0.0259,0.0225,0.0,2.6974,0.014,0.0577,0.0179,0.6891,0.0163,0.4709,0.0885,0.059,0.198,1
8.1,-0.75,-2.75,2.0219,0.2495,0.0413,0.0223,0.0,3.9241,0.0105,0.0573,0.0214,0.4827,0.0161,0.3405,0.0935,0.0465,0.2216,1
8.1,-0.75,-2.5,1.4341,0.296,0.0583,0.0222,0.0,5.0532,0.0076,0.0569,0.0242,0.3271,0.016,0.2433,0.096,0.0347,0.2349,1
8.1,-0.75,-2.25,1.01,0.3423,0.0766,0.0221,0.0,6.0636,0.0055,0.0567,0.0259,0.2226,0.0159,0.1748,0.0948,0.0255,0.2358,1
8.1,-0.75,-2.0,0.7257,0.3899,0.0965,0.022,0.0,6.9952,0.004,0.0565,0.0263,0.1558,0.0159,0.1284,0.0894,0.0191,0.2243,1
8.1,-0.75,-1.75,0.5395,0.4399,0.1187,0.0219,0.0,7.8924,0.003,0.0564,0.0254,0.1136,0.0158,0.0976,0.0807,0.0146,0.203,1
8.1,-0.75,-1.5,0.4161,0.4932,0.144,0.0218,0.0,8.7923,0.0024,0.0562,0.0235,0.0865,0.0158,0.0772,0.0702,0.0115,0.1762,1
8.2,-0.75,-4.0,2.9338,0.0431,0.0,0.0233,0.0,0.0781,0.0144,0.06,0.0041,1.1568,0.017,1.2948,0.0495,0.0433,0.0726,1
8.2,-0.75,-3.75,3.4248,0.0703,0.0014,0.0232,0.0,0.2454,0.0169,0.0596,0.0067,1.2171,0.0169,1.1313,0.0575,0.0554,0.106,1
8.2,-0.75,-3.5,3.6764,0.108,0.0045,0.023,0.0,0.6841,0.0182,0.0591,0.0101,1.1897,0.0167,0.9349,0.0655,0.0641,0.1458,1
8.2,-0.75,-3.25,3.476,0.1532,0.0112,0.0228,0.0,1.5404,0.0173,0.0585,0.0139,1.0335,0.0166,0.7298,0.0725,0.065,0.1861,1
8.2,-0.75,-3.0,2.8814,0.201,0.0217,0.0226,0.0,2.7233,0.0145,0.058,0.0177,0.7944,0.0164,0.5442,0.0782,0.0576,0.2212,1
8.2,-0.75,-2.75,2.1747,0.2483,0.0348,0.0225,0.0,3.9817,0.0111,0.0576,0.0211,0.5621,0.0163,0.3942,0.0825,0.0463,0.2476,1
8.2,-0.75,-2.5,1.5645,0.2951,0.0496,0.0223,0.0,5.1569,0.0082,0.0573,0.0238,0.3836,0.0162,0.2823,0.0848,0.0353,0.2629,1
8.2,-0.75,-2.25,1.1132,0.3418,0.0657,0.0222,0.0,6.2191,0.006,0.0571,0.0256,0.262,0.0161,0.2032,0.084,0.0264,0.2648,1
8.2,-0.75,-2.0,0.8062,0.3903,0.0835,0.0221,0.0,7.2071,0.0044,0.0569,0.0262,0.1837,0.016,0.1494,0.0798,0.02,0.2531,1
8.2,-0.75,-1.75,0.6027,0.4423,0.1038,0.0221,0.0,8.1769,0.0034,0.0568,0.0256,0.134,0.016,0.1137,0.0726,0.0155,0.2303,1
8.2,-0.75,-1.5,0.467,0.4985,0.1271,0.022,0.0,9.1621,0.0026,0.0566,0.024,0.102,0.0159,0.09,0.0637,0.0124,0.2012,1
8.3,-0.75,-4.0,2.6105,0.0353,0.0,0.0231,0.0,0.0678,0.0121,0.0595,0.0035,1.1838,0.0169,1.3593,0.0634,0.0331,0.0741,1
8.3,-0.75,-3.75,3.1472,0.0597,0.0,0.0231,0.0,0.2181,0.0147,0.0594,0.0058,1.2726,0.0169,1.2161,0.0753,0.0442,0.1103,1
8.3,-0.75,-3.5,3.4771,0.0948,0.0032,0.023,0.0,0.6209,0.0164,0.0591,0.009,1.2705,0.0168,1.0237,0.0869,0.0533,0.1542,1
8.3,-0.75,-3.25,3.3753,0.1377,0.0081,0.0228,0.0,1.4232,0.0161,0.0587,0.0126,1.1273,0.0166,0.8091,0.097,0.056,0.1989,1
8.3,-0.75,-3.0,2.8684,0.1833,0.0159,0.0227,0.0,2.553,0.0139,0.0583,0.0161,0.8832,0.0165,0.6075,0.105,0.0512,0.2376,1
8.3,-0.75,-2.75,2.217,0.2289,0.026,0.0226,0.0,3.7805,0.011,0.0579,0.0193,0.6346,0.0164,0.4422,0.1108,0.0426,0.2671,1
8.3,-0.75,-2.5,1.6277,0.2739,0.0377,0.0224,0.0,4.9496,0.0083,0.0577,0.0219,0.4379,0.0163,0.3179,0.1142,0.0336,0.2849,1
8.3,-0.75,-2.25,1.1772,0.3194,0.0508,0.0224,0.0,6.0241,0.0062,0.0575,0.0238,0.3012,0.0162,0.2296,0.114,0.0258,0.289,1
8.3,-0.75,-2.0,0.8628,0.3673,0.0656,0.0223,0.0,7.0413,0.0046,0.0573,0.0247,0.212,0.0162,0.1693,0.1095,0.0199,0.2787,1
8.3,-0.75,-1.75,0.6509,0.4188,0.0825,0.0222,0.0,8.0436,0.0036,0.0572,0.0245,0.155,0.0161,0.1291,0.1008,0.0156,0.256,1
8.3,-0.75,-1.5,0.5078,0.4762,0.1027,0.0221,0.0,9.0903,0.0028,0.0571,0.0234,0.1181,0.0161,0.1025,0.0895,0.0127,0.226,1
8.4,-0.75,-4.0,2.1428,0.0266,0.0,0.0228,0.0,0.0551,0.0092,0.0589,0.0027,1.1531,0.0167,1.3606,0.0489,0.0224,0.0726,1
8.4,-0.75,-3.75,2.705,0.0474,0.0,0.0229,0.0,0.1835,0.0119,0.0592,0.0047,1.2771,0.0168,1.2571,0.0598,0.0321,0.1109,1
8.4,-0.75,-3.5,3.1088,0.0785,0.002,0.0229,0.0,0.5383,0.0139,0.0591,0.0075,1.3105,0.0168,1.0854,0.0705,0.0409,0.1586,1
8.4,-0.75,-3.25,3.1181,0.1175,0.0054,0.0228,0.0,1.2607,0.0142,0.0588,0.0108,1.1919,0.0167,0.8724,0.0797,0.0449,0.2075,1
8.4,-0.75,-3.0,2.7308,0.1597,0.0108,0.0227,0.0,2.2998,0.0127,0.0586,0.014,0.9548,0.0166,0.662,0.0867,0.0429,0.25,1
8.4,-0.75,-2.75,2.1689,0.202,0.0181,0.0226,0.0,3.4557,0.0104,0.0583,0.0168,0.6985,0.0165,0.4851,0.0918,0.037,0.2824,1
8.4,-0.75,-2.5,1.6294,0.2442,0.0267,0.0226,0.0,4.5822,0.008,0.0581,0.0193,0.4883,0.0164,0.3505,0.0949,0.0301,0.3029,1
8.4,-0.75,-2.25,1.2014,0.2871,0.0368,0.0225,0.0,5.6401,0.0061,0.0579,0.0212,0.3389,0.0164,0.2542,0.0955,0.0237,0.3095,1
8.4,-0.75,-2.0,0.8938,0.3327,0.0484,0.0224,0.0,6.6552,0.0047,0.0578,0.0224,0.2399,0.0163,0.1882,0.0926,0.0188,0.301,1
8.4,-0.75,-1.75,0.6822,0.3823,0.062,0.0224,0.0,7.6715,0.0037,0.0577,0.0225,0.176,0.0163,0.1441,0.0863,0.0151,0.2792,1
8.4,-0.75,-1.5,0.5369,0.4386,0.0784,0.0223,0.0,8.7446,0.003,0.0575,0.0219,0.1344,0.0162,0.1148,0.0776,0.0124,0.2488,1
8.5,-0.75,-4.0,1.4256,0.0139,0.0,0.0223,0.0,0.0333,0.0054,0.0579,0.0016,0.9873,0.0165,1.1935,0.0526,0.0113,0.0644,1
8.5,-0.75,-3.75,1.9404,0.0272,0.0,0.0227,0.0,0.1177,0.0076,0.0587,0.0031,1.1459,0.0167,1.1577,0.0675,0.0179,0.102,1
8.5,-0.75,-3.5,2.4269,0.0499,0.0,0.0228,0.0,0.374,0.0098,0.059,0.0054,1.2396,0.0168,1.0468,0.0834,0.0256,0.1524,1
8.5,-0.75,-3.25,2.6175,0.0812,0.0028,0.0228,0.0,0.94,0.0108,0.0589,0.0082,1.1799,0.0167,0.8685,0.0972,0.0309,0.2058,1
8.5,-0.75,-3.0,2.4343,0.1174,0.006,0.0228,0.0,1.8086,0.0102,0.0588,0.011,0.9803,0.0167,0.6719,0.1076,0.0318,0.2526,1
8.5,-0.75,-2.75,2.0239,0.1549,0.0104,0.0227,0.0,2.8211,0.0087,0.0586,0.0135,0.736,0.0166,0.4974,0.1149,0.0292,0.2882,1
8.5,-0.75,-2.5,1.5762,0.1931,0.0161,0.0227,0.0,3.8515,0.007,0.0585,0.0157,0.5238,0.0166,0.3618,0.12,0.025,0.3126,1
8.5,-0.75,-2.25,1.1915,0.2324,0.0229,0.0226,0.0,4.8496,0.0055,0.0584,0.0176,0.3674,0.0165,0.2639,0.1225,0.0206,0.3243,1
8.5,-0.75,-2.0,0.9023,0.2745,0.031,0.0226,0.0,5.8284,0.0043,0.0583,0.019,0.2616,0.0165,0.1963,0.1215,0.0167,0.3219,1
8.5,-0.75,-1.75,0.6967,0.32,0.0407,0.0225,0.0,6.8084,0.0035,0.0582,0.0197,0.1924,0.0164,0.1508,0.1162,0.0137,0.3051,1
8.5,-0.75,-1.5,0.5532,0.3721,0.0526,0.0225,0.0,7.8599,0.0028,0.0581,0.0198,0.1471,0.0164,0.1206,0.1073,0.0115,0.2779,1
8.6,-0.75,-4.0,0.8208,0.0049,0.0,0.0218,0.0,0.0149,0.0027,0.0568,0.0,0.7749,0.0162,0.9503,0.033,0.004,0.0541,1
8.6,-0.75,-3.75,1.2148,0.0107,0.0,0.0223,0.0,0.0562,0.0041,0.0581,0.0018,0.9444,0.0166,0.9694,0.0444,0.0081,0.0888,1
8.6,-0.75,-3.5,1.7133,0.0229,0.0,0.0226,0.0,0.2016,0.006,0.0588,0.0035,1.0964,0.0167,0.9316,0.0586,0.0137,0.1404,1
8.6,-0.75,-3.25,2.0957,0.0435,0.0011,0.0227,0.0,0.5791,0.0074,0.0589,0.006,1.1202,0.0168,0.8135,0.0723,0.0194,0.2002,1
8.6,-0.75,-3.0,2.1338,0.0701,0.0028,0.0228,0.0,1.2338,0.0076,0.059,0.0084,0.9725,0.0168,0.6442,0.0824,0.0223,0.2526,1
8.6,-0.75,-2.75,1.8986,0.1001,0.0052,0.0228,0.0,2.0576,0.0068,0.0589,0.0105,0.7518,0.0167,0.482,0.089,0.0223,0.2917,1
8.6,-0.75,-2.5,1.5514,0.1323,0.0084,0.0227,0.0,2.9423,0.0057,0.0589,0.0123,0.5443,0.0167,0.3517,0.0937,0.0201,0.3192,1
8.6,-0.75,-2.25,1.2116,0.1669,0.0124,0.0227,0.0,3.8407,0.0045,0.0588,0.014,0.3848,0.0167,0.2568,0.0973,0.0173,0.337,1
8.6,-0.75,-2.0,0.9341,0.2043,0.0175,0.0227,0.0,4.7443,0.0036,0.0588,0.0155,0.2743,0.0167,0.1912,0.0993,0.0145,0.3438,1
8.6,-0.75,-1.75,0.728,0.245,0.0236,0.0227,0.0,5.6613,0.0029,0.0587,0.0167,0.2014,0.0166,0.1471,0.0989,0.0122,0.3377,1
8.6,-0.75,-1.5,0.5799,0.2908,0.0314,0.0226,0.0,6.6365,0.0024,0.0587,0.0174,0.1535,0.0166,0.1177,0.0955,0.0103,0.3193,1
8.7,-0.75,-4.0,0.3691,0.0014,0.0,0.0213,0.0,0.0056,0.0,0.056,0.0,0.5287,0.016,0.6673,0.029,0.0,0.0409,1
8.7,-0.75,-3.75,0.5885,0.0033,0.0,0.0221,0.0,0.0218,0.0017,0.0579,0.0,0.6712,0.0165,0.7136,0.0406,0.0011,0.0686,1
8.7,-0.75,-3.5,0.941,0.0081,0.0,0.0225,0.0,0.0892,0.0028,0.0589,0.0018,0.8385,0.0168,0.7341,0.0573,0.0044,0.115,1
8.7,-0.75,-3.25,1.3741,0.0188,0.0,0.0227,0.0,0.3102,0.0041,0.0592,0.0036,0.9468,0.0169,0.695,0.0777,0.0092,0.1789,1
8.7,-0.75,-3.0,1.6308,0.0358,0.0011,0.0228,0.0,0.7645,0.0048,0.0592,0.0057,0.8906,0.0169,0.5846,0.0947,0.0128,0.2406,1
8.7,-0.75,-2.75,1.5981,0.0563,0.0022,0.0228,0.0,1.3819,0.0047,0.0593,0.0075,0.7169,0.0169,0.4479,0.1049,0.0145,0.2847,1
8.7,-0.75,-2.5,1.4026,0.0799,0.0039,0.0228,0.0,2.0834,0.0041,0.0593,0.009,0.5317,0.0169,0.3301,0.1115,0.0144,0.3148,1
8.7,-0.75,-2.25,1.1545,0.1071,0.006,0.0228,0.0,2.8344,0.0034,0.0593,0.0104,0.3808,0.0169,0.242,0.1169,0.0132,0.3361,1
8.7,-0.75,-2.0,0.9206,0.1381,0.0089,0.0228,0.0,3.6262,0.0028,0.0593,0.0118,0.2726,0.0168,0.1805,0.1218,0.0117,0.3499,1
8.7,-0.75,-1.75,0.7319,0.1732,0.0126,0.0228,0.0,4.4588,0.0023,0.0593,0.0131,0.2,0.0168,0.1391,0.1253,0.01,0.3541,1
8.7,-0.75,-1.5,0.5891,0.2129,0.0173,0.0228,0.0,5.3536,0.0019,0.0592,0.0142,0.1521,0.0168,0.1115,0.1261,0.0087,0.3468,1
8.8,-0.75,-4.0,0.1512,0.0,0.0,0.021,0.0,0.002,0.0,0.0555,0.0,0.3428,0.0158,0.4449,0.0155,0.0,0.0299,1
8.8,-0.75,-3.75,0.2595,0.0,0.0,0.022,0.0,0.008,0.0,0.0578,0.0,0.452,0.0165,0.4997,0.0225,0.0,0.0511,1
8.8,-0.75,-3.5,0.4528,0.0026,0.0,0.0225,0.0,0.0353,0.0011,0.0591,0.0,0.5941,0.0169,0.543,0.0332,0.0,0.0892,1
8.8,-0.75,-3.25,0.7783,0.007,0.0,0.0227,0.0,0.1481,0.0019,0.0595,0.0019,0.7363,0.017,0.5576,0.049,0.0015,0.1506,1
8.8,-0.75,-3.0,1.1096,0.0162,0.0,0.0228,0.0,0.4346,0.0027,0.0596,0.0035,0.764,0.017,0.5084,0.0654,0.0055,0.2199,1
8.8,-0.75,-2.75,1.2464,0.0286,0.0,0.0229,0.0,0.872,0.003,0.0597,0.0051,0.6545,0.017,0.4076,0.076,0.0086,0.272,1
8.8,-0.75,-2.5,1.2033,0.0434,0.0016,0.0229,0.0,1.3857,0.0028,0.0598,0.0064,0.5019,0.017,0.3059,0.0819,0.0098,0.3047,1
8.8,-0.75,-2.25,1.0642,0.0616,0.0027,0.0229,0.0,1.9642,0.0025,0.0598,0.0075,0.3657,0.017,0.2257,0.0863,0.0099,0.3274,1
8.8,-0.75,-2.0,0.8944,0.0843,0.0043,0.0229,0.0,2.6111,0.0021,0.0599,0.0086,0.2636,0.017,0.1688,0.0908,0.0092,0.3449,1
8.8,-0.75,-1.75,0.7351,0.1122,0.0063,0.0229,0.0,3.3303,0.0017,0.0599,0.0098,0.1934,0.017,0.1301,0.0955,0.0083,0.357,1
8.8,-0.75,-1.5,0.6026,0.1452,0.0091,0.0229,0.0,4.1271,0.0014,0.0598,0.011,0.1466,0.0169,0.1044,0.0994,0.0073,0.3607,1
8.9,-0.75,-4.0,0.0382,0.0,0.0,0.0181,0.0,0.001,0.0,0.0481,0.0,0.1568,0.0139,0.1715,0.0093,0.0,0.0197,1
8.9,-0.75,-3.75,0.06,0.0,0.0,0.0195,0.0,0.0041,0.0,0.0519,0.0,0.1945,0.015,0.1793,0.0136,0.0,0.0342,1
8.9,-0.75,-3.5,0.0796,0.0,0.0,0.0217,0.0,0.0127,0.0,0.0578,0.0,0.2115,0.0166,0.1656,0.0175,0.0,0.0517,1
8.9,-0.75,-3.25,0.2424,0.0012,0.0,0.0225,0.0,0.0389,0.0,0.0593,0.0,0.4098,0.0169,0.333,0.0342,0.0,0.0927,1
8.9,-0.75,-3.0,0.4482,0.0036,0.0,0.0227,0.0,0.1515,0.0,0.0597,0.0012,0.4997,0.017,0.3476,0.0531,0.0,0.1564,1
8.9,-0.75,-2.75,0.6491,0.0079,0.0,0.0228,0.0,0.3699,0.0012,0.0598,0.0023,0.4955,0.017,0.312,0.07,0.0011,0.2163,1
8.9,-0.75,-2.5,0.7667,0.0134,0.0,0.0229,0.0,0.6518,0.0014,0.06,0.0033,0.4186,0.0171,0.2496,0.0804,0.0017,0.2562,1
8.9,-0.75,-2.25,0.8,0.0206,0.0,0.023,0.0,0.9849,0.0014,0.0602,0.0042,0.3243,0.0171,0.1901,0.0871,0.0046,0.2822,1
8.9,-0.75,-2.0,0.7652,0.0304,0.0013,0.023,0.0,1.3828,0.0013,0.0603,0.005,0.2412,0.0171,0.1438,0.0928,0.0051,0.302,1
8.9,-0.75,-1.75,0.6889,0.0448,0.0021,0.023,0.0,1.8677,0.0011,0.0603,0.0059,0.1787,0.0171,0.1111,0.0993,0.0052,0.3196,1
8.9,-0.75,-1.5,0.5959,0.0653,0.0033,0.023,0.0,2.4525,0.0,0.0603,0.0068,0.1352,0.0171,0.0889,0.1067,0.0049,0.3341,1
9.0,-0.75,-4.0,0.0039,0.0,0.0,0.0097,0.0,0.0,0.0,0.0259,0.0,0.0377,0.0074,0.0449,0.0017,0.0,0.0052,1
9.0,-0.75,-3.75,0.0071,0.0,0.0,0.0108,0.0,0.0,0.0,0.0286,0.0,0.0516,0.0082,0.0527,0.0027,0.0,0.0099,1
9.0,-0.75,-3.5,0.0171,0.0,0.0,0.0115,0.0,0.0022,0.0,0.0305,0.0,0.0804,0.0087,0.0679,0.005,0.0,0.0205,1
9.0,-0.75,-3.25,0.0597,0.0,0.0,0.0197,0.0,0.0158,0.0,0.0525,0.0,0.1725,0.0152,0.1222,0.0135,0.0,0.0602,1
9.0,-0.75,-3.0,0.1049,0.0,0.0,0.0216,0.0,0.0548,0.0,0.0573,0.0,0.1866,0.0164,0.1198,0.0206,0.0,0.0976,1
9.0,-0.75,-2.75,0.1716,0.0,0.0,0.0224,0.0,0.0773,0.0,0.0593,0.0,0.2733,0.0169,0.1778,0.0275,0.0,0.1249,1
9.0,-0.75,-2.5,0.3126,0.0018,0.0,0.0227,0.0,0.1674,0.0,0.0597,0.0011,0.2986,0.017,0.1722,0.0392,0.0,0.179,1
9.0,-0.75,-2.25,0.5088,0.0032,0.0,0.0228,0.0,0.2869,0.0,0.06,0.0019,0.2859,0.0171,0.1514,0.0502,0.0,0.2268,1
9.0,-0.75,-2.0,0.7359,0.0047,0.0,0.0229,0.0,0.4232,0.0,0.0603,0.003,0.2452,0.0171,0.125,0.0595,0.0016,0.2648,1
9.0,-0.75,-1.75,0.9363,0.0065,0.0,0.0229,0.0,0.5847,0.0,0.0604,0.0041,0.1942,0.0171,0.0999,0.0664,0.0053,0.2916,1
9.0,-0.75,-1.5,1.0349,0.0095,0.0,0.0229,0.0,0.8058,0.0,0.0605,0.005,0.1475,0.0171,0.0795,0.0708,0.0081,0.3069,1
9.1,-0.75,-4.0,0.0,0.0,0.0,0.0078,0.0,0.0,0.0,0.021,0.0,0.0061,0.006,0.008,0.0,0.0,0.0011,1
9.1,-0.75,-3.75,0.0,0.0,0.0,0.009,0.0,0.0,0.0,0.0242,0.0,0.0093,0.0069,0.0107,0.0,0.0,0.0022,1
9.1,-0.75,-3.5,0.0,0.0,0.0,0.01,0.0,0.0,0.0,0.0267,0.0,0.0157,0.0076,0.0152,0.0012,0.0,0.005,1
9.1,-0.75,-3.25,0.0037,0.0,0.0,0.0107,0.0,0.0,0.0,0.0284,0.0,0.0334,0.0081,0.0266,0.0031,0.0,0.0134,1
9.1,-0.75,-3.0,0.0189,0.0,0.0,0.0116,0.0,0.0082,0.0,0.0306,0.0,0.0692,0.0087,0.0464,0.0085,0.0,0.036,1
9.1,-0.75,-2.75,0.0479,0.0,0.0,0.0159,0.0,0.0387,0.0,0.0424,0.0,0.0927,0.0124,0.0585,0.0176,0.0,0.0755,1
9.1,-0.75,-2.5,0.0508,0.0,0.0,0.0178,0.0,0.0803,0.0,0.0474,0.0,0.066,0.0138,0.0426,0.0216,0.0,0.0964,1
9.1,-0.75,-2.25,0.0297,0.0,0.0,0.0155,0.0,0.0953,0.0,0.041,0.0,0.03,0.0118,0.0204,0.0178,0.0,0.0831,1
9.1,-0.75,-2.0,0.0113,0.0,0.0,0.0134,0.0,0.0753,0.0,0.0353,0.0,0.0113,0.01,0.0079,0.012,0.0,0.0595,1
9.1,-0.75,-1.75,0.0042,0.0,0.0,0.0136,0.0,0.0568,0.0,0.0359,0.0,0.0048,0.0102,0.0032,0.0086,0.0,0.0458,1
9.1,-0.75,-1.5,0.0,0.0,0.0,0.0137,0.0,0.0463,0.0,0.0364,0.0,0.0024,0.0104,0.0,0.0068,0.0,0.0373,1
6.9,-0.625,-4.0,0.3436,0.0107,0.0,0.0234,0.0,0.0103,0.0026,0.06,0.0,0.1266,0.0169,0.0995,0.0052,0.0077,0.006,1
6.9,-0.625,-3.75,0.3939,0.0167,0.0,0.0229,0.0,0.033,0.003,0.0586,0.0,0.1296,0.0165,0.0842,0.006,0.0094,0.0088,1
6.9,-0.625,-3.5,0.4146,0.0249,0.0014,0.0224,0.0,0.093,0.0031,0.0573,0.0014,0.1217,0.0161,0.068,0.0068,0.0108,0.012,1
6.9,-0.625,-3.25,0.3787,0.035,0.0035,0.0219,0.0,0.211,0.0027,0.0561,0.002,0.0999,0.0158,0.0526,0.0076,0.0105,0.0155,1
6.9,-0.625,-3.0,0.2983,0.0468,0.0072,0.0215,0.0,0.3739,0.0021,0.0551,0.0027,0.0727,0.0154,0.0392,0.0085,0.0087,0.0188,1
6.9,-0.625,-2.75,0.2132,0.0598,0.012,0.0211,0.0,0.5496,0.0015,0.0542,0.0034,0.0496,0.0151,0.0284,0.0092,0.0056,0.0214,1
6.9,-0.625,-2.5,0.1468,0.0741,0.0179,0.0208,0.0,0.721,0.0011,0.0534,0.004,0.0334,0.0149,0.0203,0.0095,0.004,0.023,1
6.9,-0.625,-2.25,0.1018,0.0895,0.0247,0.0205,0.0,0.8852,0.0,0.0529,0.0044,0.0229,0.0147,0.0147,0.0094,0.0014,0.0232,1
6.9,-0.625,-2.0,0.0729,0.1057,0.0327,0.0203,0.0,1.0435,0.0,0.0524,0.0046,0.0164,0.0145,0.011,0.0087,0.001,0.0221,1
6.9,-0.625,-1.75,0.0544,0.1224,0.0415,0.0201,0.0,1.1955,0.0,0.0521,0.0044,0.0123,0.0144,0.0084,0.0077,0.0,0.02,1
6.9,-0.625,-1.5,0.0422,0.139,0.051,0.0199,0.0,1.3401,0.0,0.0517,0.0041,0.0096,0.0142,0.0068,0.0066,0.0,0.0174,1
7.0,-0.625,-4.0,0.4294,0.0084,0.0,0.0234,0.0,0.0128,0.0033,0.06,0.0,0.1587,0.0169,0.1248,0.0066,0.0094,0.0076,1
7.0,-0.625,-3.75,0.4921,0.0131,0.0,0.0229,0.0,0.0411,0.0037,0.0587,0.0012,0.1625,0.0165,0.1056,0.0075,0.0117,0.011,1
7.0,-0.625,-3.5,0.518,0.0195,0.0017,0.0224,0.0,0.1157,0.0038,0.0574,0.0018,0.1526,0.0162,0.0855,0.0085,0.0133,0.0151,1
7.0,-0.625,-3.25,0.4735,0.0275,0.0044,0.022,0.0,0.2625,0.0034,0.0562,0.0025,0.1255,0.0158,0.066,0.0096,0.013,0.0194,1
7.0,-0.625,-3.0,0.3732,0.0367,0.0088,0.0215,0.0,0.4653,0.0027,0.0552,0.0034,0.0914,0.0155,0.0492,0.0106,0.0108,0.0235,1
7.0,-0.625,-2.75,0.2668,0.0469,0.0147,0.0212,0.0,0.6836,0.0019,0.0543,0.0042,0.0624,0.0152,0.0357,0.0115,0.0081,0.0268,1
7.0,-0.625,-2.5,0.1838,0.058,0.0219,0.0209,0.0,0.8958,0.0013,0.0536,0.005,0.042,0.0149,0.0256,0.0119,0.0051,0.0287,1
7.0,-0.625,-2.25,0.1274,0.0698,0.0302,0.0206,0.0,1.0979,0.0,0.053,0.0055,0.0288,0.0147,0.0186,0.0118,0.0017,0.029,1
7.0,-0.625,-2.0,0.0911,0.0823,0.0396,0.0204,0.0,1.291,0.0,0.0526,0.0056,0.0206,0.0146,0.0138,0.0109,0.0013,0.0276,1
7.0,-0.625,-1.75,0.0679,0.0949,0.05,0.0202,0.0,1.4746,0.0,0.0523,0.0054,0.0154,0.0144,0.0106,0.0097,0.0,0.025,1
7.0,-0.625,-1.5,0.0525,0.1074,0.0611,0.02,0.0,1.6487,0.0,0.052,0.0049,0.012,0.0143,0.0084,0.0082,0.0,0.0216,1
7.1,-0.625,-4.0,0.5358,0.0104,0.0,0.0234,0.0,0.0159,0.0041,0.06,0.0,0.1987,0.017,0.1566,0.0082,0.0117,0.0095,1
7.1,-0.625,-3.75,0.614,0.0163,0.0,0.0229,0.0,0.051,0.0046,0.0587,0.0014,0.2036,0.0166,0.1324,0.0094,0.0145,0.0137,1
7.1,-0.625,-3.5,0.6466,0.0243,0.0021,0.0224,0.0,0.1438,0.0048,0.0574,0.0022,0.1913,0.0162,0.1072,0.0107,0.0165,0.0188,1
7.1,-0.625,-3.25,0.5916,0.0342,0.0054,0.022,0.0,0.3264,0.0043,0.0563,0.0031,0.1574,0.0158,0.0829,0.012,0.0163,0.0243,1
7.1,-0.625,-3.0,0.4668,0.0456,0.0109,0.0216,0.0,0.579,0.0033,0.0552,0.0042,0.1148,0.0155,0.0616,0.0133,0.0136,0.0294,1
7.1,-0.625,-2.75,0.3341,0.0583,0.0181,0.0212,0.0,0.8509,0.0024,0.0544,0.0052,0.0784,0.0152,0.0447,0.0143,0.0102,0.0335,1
7.1,-0.625,-2.5,0.2301,0.072,0.0269,0.0209,0.0,1.1151,0.0017,0.0537,0.0062,0.0527,0.015,0.0322,0.0149,0.0073,0.036,1
7.1,-0.625,-2.25,0.1596,0.0868,0.0371,0.0207,0.0,1.3669,0.0012,0.0532,0.0068,0.0362,0.0148,0.0233,0.0147,0.0045,0.0364,1
7.1,-0.625,-2.0,0.1142,0.1023,0.0488,0.0205,0.0,1.608,0.0,0.0528,0.007,0.0259,0.0146,0.0173,0.0137,0.0016,0.0346,1
7.1,-0.625,-1.75,0.085,0.1181,0.0617,0.0203,0.0,1.8389,0.0,0.0524,0.0067,0.0193,0.0145,0.0133,0.0121,0.0012,0.0313,1
7.1,-0.625,-1.5,0.066,0.134,0.0757,0.0201,0.0,2.0598,0.0,0.0521,0.0062,0.0151,0.0144,0.0107,0.0103,0.0,0.0271,1
7.2,-0.625,-4.0,0.6657,0.0128,0.0,0.0234,0.0,0.0196,0.005,0.06,0.0011,0.2483,0.017,0.1959,0.0082,0.0145,0.0118,1
7.2,-0.625,-3.75,0.763,0.02,0.0,0.023,0.0,0.063,0.0057,0.0587,0.0018,0.2546,0.0166,0.1657,0.0093,0.0179,0.0172,1
7.2,-0.625,-3.5,0.8035,0.0299,0.0025,0.0225,0.0,0.1776,0.0059,0.0575,0.0027,0.2395,0.0162,0.1341,0.0106,0.0203,0.0235,1
7.2,-0.625,-3.25,0.7358,0.0422,0.0065,0.022,0.0,0.403,0.0053,0.0564,0.0038,0.1974,0.0158,0.1037,0.0119,0.0201,0.0303,1
7.2,-0.625,-3.0,0.5813,0.0563,0.0132,0.0216,0.0,0.715,0.0041,0.0554,0.0051,0.1442,0.0155,0.0772,0.0131,0.0167,0.0367,1
7.2,-0.625,-2.75,0.4164,0.0718,0.022,0.0213,0.0,1.0503,0.003,0.0546,0.0064,0.0985,0.0153,0.056,0.0142,0.0126,0.0418,1
7.2,-0.625,-2.5,0.287,0.0885,0.0324,0.021,0.0,1.3742,0.0021,0.0539,0.0076,0.0662,0.015,0.0402,0.0148,0.0091,0.0449,1
7.2,-0.625,-2.25,0.1989,0.1063,0.0445,0.0208,0.0,1.6806,0.0015,0.0534,0.0083,0.0455,0.0148,0.0291,0.0146,0.0055,0.0453,1
7.2,-0.625,-2.0,0.1422,0.1247,0.0581,0.0206,0.0,1.9712,0.0011,0.053,0.0085,0.0324,0.0147,0.0216,0.0136,0.004,0.0431,1
7.2,-0.625,-1.75,0.1057,0.1435,0.073,0.0204,0.0,2.2479,0.0,0.0528,0.0082,0.0242,0.0146,0.0166,0.012,0.0015,0.0389,1
7.2,-0.625,-1.5,0.0817,0.1621,0.089,0.0202,0.0,2.5105,0.0,0.0525,0.0075,0.0188,0.0145,0.0133,0.0102,0.0011,0.0336,1
7.3,-0.625,-4.0,0.8234,0.0155,0.0,0.0234,0.0,0.024,0.0062,0.0599,0.0014,0.3094,0.0169,0.2441,0.0127,0.0177,0.0147,1
7.3,-0.625,-3.75,0.9434,0.0243,0.0,0.023,0.0,0.0771,0.007,0.0587,0.0022,0.3175,0.0166,0.2066,0.0146,0.022,0.0214,1
7.3,-0.625,-3.5,0.9941,0.0364,0.003,0.0225,0.0,0.2173,0.0073,0.0576,0.0033,0.2994,0.0162,0.1673,0.0166,0.025,0.0293,1
7.3,-0.625,-3.25,0.9117,0.0515,0.0078,0.0221,0.0,0.4935,0.0066,0.0565,0.0047,0.2476,0.0159,0.1293,0.0186,0.0245,0.0377,1
7.3,-0.625,-3.0,0.7214,0.0688,0.0158,0.0217,0.0,0.8763,0.0052,0.0555,0.0063,0.1812,0.0156,0.0962,0.0206,0.0206,0.0457,1
7.3,-0.625,-2.75,0.5174,0.0876,0.0262,0.0214,0.0,1.2867,0.0037,0.0548,0.0079,0.1239,0.0153,0.0697,0.0222,0.0155,0.052,1
7.3,-0.625,-2.5,0.3569,0.1077,0.0385,0.0211,0.0,1.6804,0.0026,0.0542,0.0092,0.0833,0.0151,0.0501,0.0231,0.011,0.0558,1
7.3,-0.625,-2.25,0.2472,0.1289,0.0525,0.0209,0.0,2.0495,0.0018,0.0537,0.0101,0.0571,0.0149,0.0362,0.0228,0.0078,0.0563,1
7.3,-0.625,-2.0,0.1764,0.1506,0.068,0.0207,0.0,2.3956,0.0013,0.0534,0.0103,0.0406,0.0148,0.0268,0.0212,0.005,0.0535,1
7.3,-0.625,-1.75,0.131,0.1724,0.0848,0.0206,0.0,2.7224,0.0,0.0531,0.0099,0.0302,0.0147,0.0206,0.0188,0.0028,0.0482,1
7.3,-0.625,-1.5,0.1009,0.194,0.1027,0.0204,0.0,3.0304,0.0,0.0529,0.009,0.0234,0.0146,0.0164,0.016,0.0014,0.0415,1
7.4,-0.625,-4.0,1.013,0.0186,0.0,0.0234,0.0,0.0293,0.0076,0.0599,0.0017,0.3843,0.0169,0.3037,0.0125,0.0215,0.0183,1
7.4,-0.625,-3.75,1.1609,0.0293,0.0011,0.023,0.0,0.0938,0.0086,0.0588,0.0027,0.3949,0.0166,0.2571,0.0143,0.0267,0.0265,1
7.4,-0.625,-3.5,1.2239,0.0441,0.0036,0.0225,0.0,0.2643,0.009,0.0577,0.004,0.3733,0.0162,0.2083,0.0163,0.0304,0.0364,1
7.4,-0.625,-3.25,1.1242,0.0625,0.0093,0.0221,0.0,0.6006,0.0081,0.0566,0.0057,0.3097,0.0159,0.161,0.0183,0.0299,0.0468,1
7.4,-0.625,-3.0,0.8913,0.0834,0.0186,0.0218,0.0,1.0667,0.0064,0.0557,0.0076,0.2273,0.0156,0.1197,0.0202,0.025,0.0566,1
7.4,-0.625,-2.75,0.6401,0.106,0.0308,0.0215,0.0,1.5653,0.0046,0.055,0.0095,0.1556,0.0154,0.0868,0.0218,0.0189,0.0645,1
7.4,-0.625,-2.5,0.4416,0.13,0.045,0.0212,0.0,2.0395,0.0032,0.0545,0.0111,0.1046,0.0152,0.0623,0.0227,0.0136,0.0691,1
7.4,-0.625,-2.25,0.3058,0.1548,0.0609,0.021,0.0,2.4794,0.0023,0.0541,0.0122,0.0715,0.0151,0.045,0.0224,0.0098,0.0697,1
7.4,-0.625,-2.0,0.2179,0.18,0.0783,0.0209,0.0,2.8875,0.0016,0.0538,0.0124,0.0508,0.0149,0.0333,0.0208,0.0061,0.0662,1
7.4,-0.625,-1.75,0.1614,0.2052,0.097,0.0207,0.0,3.2692,0.0012,0.0535,0.0118,0.0376,0.0148,0.0254,0.0184,0.0046,0.0595,1
7.4,-0.625,-1.5,0.1242,0.23,0.1167,0.0206,0.0,3.6284,0.0,0.0533,0.0107,0.0291,0.0147,0.0203,0.0157,0.0017,0.0511,1
7.5,-0.625,-4.0,1.2371,0.0222,0.0,0.0234,0.0,0.0353,0.0092,0.0598,0.002,0.4754,0.0169,0.3764,0.0194,0.0259,0.0226,1
7.5,-0.625,-3.75,1.4165,0.0351,0.0013,0.023,0.0,0.113,0.0105,0.0588,0.0032,0.4889,0.0166,0.3191,0.0223,0.0322,0.0328,1
7.5,-0.625,-3.5,1.4942,0.0529,0.0042,0.0226,0.0,0.3186,0.0109,0.0578,0.0049,0.4634,0.0163,0.2586,0.0253,0.0365,0.0449,1
7.5,-0.625,-3.25,1.3747,0.0751,0.0108,0.0222,0.0,0.7238,0.0099,0.0568,0.0069,0.3858,0.016,0.1999,0.0284,0.036,0.0578,1
7.5,-0.625,-3.0,1.0926,0.1001,0.0216,0.0219,0.0,1.2856,0.0078,0.056,0.0092,0.284,0.0157,0.1486,0.0314,0.0302,0.0698,1
7.5,-0.625,-2.75,0.7864,0.127,0.0356,0.0216,0.0,1.8846,0.0056,0.0553,0.0114,0.1947,0.0155,0.1077,0.0338,0.0228,0.0794,1
7.5,-0.625,-2.5,0.5428,0.155,0.0516,0.0214,0.0,2.4491,0.004,0.0548,0.0133,0.1308,0.0153,0.0771,0.0351,0.0164,0.0851,1
7.5,-0.625,-2.25,0.3757,0.1837,0.0692,0.0212,0.0,2.9663,0.0028,0.0544,0.0144,0.0893,0.0152,0.0557,0.0346,0.0117,0.0857,1
7.5,-0.625,-2.0,0.2674,0.2126,0.0883,0.021,0.0,3.442,0.002,0.0542,0.0146,0.0632,0.0151,0.0411,0.0322,0.0086,0.0813,1
7.5,-0.625,-1.75,0.1977,0.2411,0.1086,0.0209,0.0,3.8831,0.0015,0.0539,0.0139,0.0467,0.015,0.0314,0.0286,0.0055,0.0729,1
7.5,-0.625,-1.5,0.1519,0.2693,0.13,0.0208,0.0,4.2979,0.0012,0.0537,0.0125,0.036,0.0149,0.0249,0.0244,0.0043,0.0626,1
7.6,-0.625,-4.0,1.5011,0.0263,0.0,0.0234,0.0,0.0425,0.0111,0.0598,0.0024,0.5858,0.0169,0.4651,0.0189,0.0309,0.0278,1
7.6,-0.625,-3.75,1.7157,0.0416,0.0015,0.023,0.0,0.1351,0.0126,0.0589,0.0039,0.6028,0.0166,0.3944,0.0217,0.0382,0.0403,1
7.6,-0.625,-3.5,1.8095,0.0629,0.0048,0.0226,0.0,0.3802,0.0132,0.0579,0.0059,0.5727,0.0163,0.3198,0.0247,0.0433,0.0552,1
7.6,-0.625,-3.25,1.6674,0.0892,0.0123,0.0223,0.0,0.8635,0.012,0.057,0.0083,0.4785,0.016,0.2473,0.0277,0.0426,0.071,1
7.6,-0.625,-3.0,1.3281,0.1188,0.0246,0.022,0.0,1.5325,0.0095,0.0562,0.0109,0.3534,0.0158,0.1838,0.0305,0.036,0.0855,1
7.6,-0.625,-2.75,0.9579,0.1502,0.0401,0.0217,0.0,2.2424,0.0069,0.0556,0.0134,0.2427,0.0156,0.1329,0.0328,0.0272,0.0971,1
7.6,-0.625,-2.5,0.662,0.1824,0.0578,0.0215,0.0,2.9064,0.0048,0.0551,0.0156,0.163,0.0154,0.0952,0.034,0.0196,0.1039,1
7.6,-0.625,-2.25,0.4581,0.215,0.0769,0.0213,0.0,3.5057,0.0034,0.0548,0.0169,0.1111,0.0153,0.0686,0.0335,0.014,0.1046,1
7.6,-0.625,-2.0,0.3257,0.2475,0.0973,0.0212,0.0,4.0526,0.0024,0.0546,0.017,0.0784,0.0152,0.0506,0.0312,0.0102,0.0991,1
7.6,-0.625,-1.75,0.2404,0.2796,0.119,0.0211,0.0,4.5591,0.0018,0.0544,0.0162,0.0577,0.0151,0.0385,0.0277,0.0077,0.0888,1
7.6,-0.625,-1.5,0.1844,0.3114,0.1419,0.021,0.0,5.0348,0.0014,0.0541,0.0146,0.0444,0.015,0.0306,0.0237,0.0051,0.0761,1
7.7,-0.625,-4.0,1.7923,0.0306,0.0,0.0234,0.0,0.0502,0.0131,0.0598,0.0029,0.7154,0.0169,0.5706,0.029,0.0358,0.0339,1
7.7,-0.625,-3.75,2.0462,0.0485,0.0017,0.023,0.0,0.159,0.0149,0.059,0.0046,0.7368,0.0167,0.4847,0.0333,0.0443,0.0491,1
7.7,-0.625,-3.5,2.1591,0.0735,0.0053,0.0227,0.0,0.4464,0.0156,0.0581,0.0069,0.702,0.0164,0.3931,0.0379,0.0504,0.0672,1
7.7,-0.625,-3.25,1.9931,0.1043,0.0136,0.0224,0.0,1.0132,0.0142,0.0572,0.0097,0.5891,0.0161,0.304,0.0424,0.0496,0.0863,1
7.7,-0.625,-3.0,1.593,0.1386,0.027,0.0221,0.0,1.7968,0.0113,0.0565,0.0127,0.4368,0.0159,0.2258,0.0466,0.0419,0.1038,1
7.7,-0.625,-2.75,1.1519,0.1744,0.0439,0.0218,0.0,2.6229,0.0082,0.0559,0.0155,0.3005,0.0157,0.1634,0.05,0.0318,0.1175,1
7.7,-0.625,-2.5,0.7978,0.2107,0.0627,0.0216,0.0,3.3896,0.0058,0.0555,0.0179,0.2019,0.0155,0.1168,0.0517,0.0229,0.1255,1
7.7,-0.625,-2.25,0.5524,0.247,0.0828,0.0215,0.0,4.0759,0.0041,0.0552,0.0193,0.1373,0.0154,0.0841,0.0509,0.0164,0.1263,1
7.7,-0.625,-2.0,0.3926,0.283,0.1041,0.0214,0.0,4.6952,0.0029,0.055,0.0195,0.0966,0.0153,0.0618,0.0475,0.012,0.1196,1
7.7,-0.625,-1.75,0.2895,0.3188,0.1268,0.0213,0.0,5.2713,0.0022,0.0548,0.0185,0.0709,0.0153,0.0471,0.0422,0.0091,0.1072,1
7.7,-0.625,-1.5,0.2219,0.3544,0.1511,0.0211,0.0,5.818,0.0017,0.0546,0.0167,0.0544,0.0152,0.0373,0.0361,0.006,0.0919,1
7.8,-0.625,-4.0,2.1113,0.0352,0.0,0.0234,0.0,0.0589,0.0152,0.0598,0.0033,0.8666,0.0169,0.6945,0.0279,0.0409,0.0411,1
7.8,-0.625,-3.75,2.4092,0.0558,0.0018,0.0231,0.0,0.1844,0.0173,0.0591,0.0053,0.8939,0.0167,0.5915,0.032,0.0504,0.0593,1
7.8,-0.625,-3.5,2.5386,0.0845,0.0057,0.0228,0.0,0.5155,0.0182,0.0583,0.0079,0.8535,0.0165,0.4802,0.0363,0.0573,0.0811,1
7.8,-0.625,-3.25,2.3475,0.1197,0.0146,0.0225,0.0,1.1685,0.0166,0.0575,0.0111,0.7195,0.0162,0.3714,0.0406,0.0565,0.104,1
7.8,-0.625,-3.0,1.8819,0.1586,0.0287,0.0222,0.0,2.0679,0.0133,0.0568,0.0144,0.5357,0.016,0.2758,0.0445,0.0479,0.1247,1
7.8,-0.625,-2.75,1.3669,0.1986,0.0463,0.022,0.0,3.0127,0.0097,0.0563,0.0176,0.3696,0.0158,0.1993,0.0475,0.0365,0.1408,1
7.8,-0.625,-2.5,0.9497,0.2386,0.0657,0.0218,0.0,3.8822,0.0069,0.0558,0.0201,0.2484,0.0157,0.1424,0.049,0.0265,0.15,1
7.8,-0.625,-2.25,0.6583,0.2782,0.0863,0.0217,0.0,4.6554,0.0048,0.0556,0.0216,0.1687,0.0155,0.1023,0.0483,0.019,0.1506,1
7.8,-0.625,-2.0,0.468,0.3176,0.1081,0.0215,0.0,5.353,0.0035,0.0554,0.0218,0.1185,0.0155,0.0752,0.0451,0.0138,0.1428,1
7.8,-0.625,-1.75,0.3452,0.357,0.1314,0.0214,0.0,6.0012,0.0026,0.0552,0.0207,0.0867,0.0154,0.0572,0.0401,0.0105,0.1282,1
7.8,-0.625,-1.5,0.2646,0.3969,0.1566,0.0213,0.0,6.6236,0.002,0.055,0.0188,0.0663,0.0153,0.0452,0.0344,0.0081,0.1101,1
7.9,-0.625,-4.0,2.4157,0.0393,0.0,0.0234,0.0,0.0667,0.0171,0.0599,0.0037,1.0329,0.017,0.8344,0.0417,0.0447,0.0488,1
7.9,-0.625,-3.75,2.7557,0.0623,0.0019,0.0231,0.0,0.2079,0.0195,0.0593,0.0059,1.0668,0.0168,0.7125,0.0479,0.0552,0.0705,1
7.9,-0.625,-3.5,2.9064,0.0944,0.0059,0.0228,0.0,0.579,0.0205,0.0585,0.0089,1.0222,0.0165,0.5796,0.0543,0.0626,0.0964,1
7.9,-0.625,-3.25,2.6952,0.1336,0.0148,0.0226,0.0,1.3092,0.0189,0.0578,0.0123,0.8666,0.0163,0.4486,0.0606,0.0619,0.1233,1
7.9,-0.625,-3.0,2.174,0.1764,0.0291,0.0223,0.0,2.3176,0.0152,0.0571,0.0159,0.6492,0.0161,0.3332,0.0662,0.0529,0.1475,1
7.9,-0.625,-2.75,1.5883,0.2199,0.0466,0.0221,0.0,3.3726,0.0112,0.0566,0.0193,0.4496,0.0159,0.2408,0.0705,0.0407,0.1661,1
7.9,-0.625,-2.5,1.1092,0.2629,0.0659,0.0219,0.0,4.3385,0.008,0.0562,0.022,0.3027,0.0158,0.172,0.0726,0.0296,0.1766,1
7.9,-0.625,-2.25,0.7718,0.3055,0.0863,0.0218,0.0,5.1964,0.0056,0.0559,0.0236,0.2055,0.0157,0.1235,0.0715,0.0215,0.1773,1
7.9,-0.625,-2.0,0.5498,0.348,0.108,0.0217,0.0,5.973,0.0041,0.0558,0.0238,0.144,0.0156,0.0906,0.067,0.0158,0.1681,1
7.9,-0.625,-1.75,0.4061,0.3911,0.1315,0.0216,0.0,6.7034,0.003,0.0556,0.0227,0.1052,0.0155,0.0688,0.0598,0.012,0.1512,1
7.9,-0.625,-1.5,0.3116,0.4354,0.1572,0.0215,0.0,7.4105,0.0024,0.0554,0.0207,0.0803,0.0155,0.0544,0.0514,0.0093,0.1304,1
8.0,-0.625,-4.0,2.6907,0.0426,0.0,0.0234,0.0,0.0735,0.0187,0.06,0.0041,1.2117,0.017,0.9886,0.0389,0.0472,0.0572,1
8.0,-0.625,-3.75,3.0764,0.0679,0.0018,0.0232,0.0,0.2286,0.0214,0.0595,0.0065,1.2552,0.0168,0.8478,0.0447,0.0583,0.0826,1
8.0,-0.625,-3.5,3.2496,0.1028,0.0057,0.0229,0.0,0.6343,0.0226,0.0587,0.0096,1.2073,0.0166,0.6914,0.0506,0.0661,0.1129,1
8.0,-0.625,-3.25,3.0236,0.1452,0.0144,0.0227,0.0,1.4297,0.0209,0.058,0.0133,1.0299,0.0164,0.5358,0.0562,0.0656,0.1441,1
8.0,-0.625,-3.0,2.4554,0.191,0.028,0.0224,0.0,2.5275,0.0171,0.0574,0.0171,0.7769,0.0162,0.3982,0.0612,0.0566,0.172,1
8.0,-0.625,-2.75,1.8094,0.2371,0.0448,0.0222,0.0,3.6813,0.0127,0.0569,0.0206,0.541,0.016,0.2877,0.065,0.044,0.1931,1
8.0,-0.625,-2.5,1.2726,0.2824,0.0633,0.0221,0.0,4.7379,0.0091,0.0566,0.0234,0.3652,0.0159,0.2055,0.0668,0.0324,0.205,1
8.0,-0.625,-2.25,0.89,0.3273,0.0829,0.022,0.0,5.6752,0.0065,0.0563,0.025,0.2481,0.0158,0.1476,0.0659,0.0237,0.2058,1
8.0,-0.625,-2.0,0.6365,0.3728,0.1041,0.0219,0.0,6.5317,0.0047,0.0561,0.0253,0.1737,0.0157,0.1083,0.0619,0.0174,0.1954,1
8.0,-0.625,-1.75,0.4713,0.4194,0.1271,0.0218,0.0,7.3445,0.0035,0.056,0.0243,0.1267,0.0157,0.0823,0.0555,0.0133,0.1763,1
8.0,-0.625,-1.5,0.3624,0.4683,0.153,0.0217,0.0,8.147,0.0027,0.0558,0.0223,0.0966,0.0156,0.065,0.048,0.0105,0.1524,1
8.1,-0.625,-4.0,2.8347,0.0438,0.0,0.0234,0.0,0.0767,0.0191,0.0601,0.0042,1.3762,0.0171,1.1391,0.0557,0.0458,0.0649,1
8.1,-0.625,-3.75,3.2639,0.0701,0.0016,0.0233,0.0,0.2392,0.0221,0.0597,0.0066,1.4335,0.0169,0.9838,0.0642,0.0573,0.094,1
8.1,-0.625,-3.5,3.4704,0.1067,0.0051,0.023,0.0,0.6642,0.0236,0.059,0.0099,1.3887,0.0167,0.8069,0.0728,0.0655,0.1288,1
8.1,-0.625,-3.25,3.258,0.151,0.0129,0.0228,0.0,1.4983,0.0221,0.0583,0.0137,1.1959,0.0165,0.6277,0.0808,0.0659,0.1645,1
8.1,-0.625,-3.0,2.6775,0.1986,0.0251,0.0225,0.0,2.6545,0.0183,0.0578,0.0176,0.9113,0.0163,0.4676,0.0876,0.0576,0.1961,1
8.1,-0.625,-2.75,1.9977,0.2461,0.0404,0.0223,0.0,3.8777,0.0139,0.0573,0.0211,0.6397,0.0162,0.3385,0.0928,0.0456,0.2201,1
8.1,-0.625,-2.5,1.421,0.2929,0.0573,0.0222,0.0,5.008,0.0101,0.0569,0.0239,0.4341,0.016,0.2422,0.0954,0.0343,0.2336,1
8.1,-0.625,-2.25,1.0024,0.3394,0.0756,0.0221,0.0,6.02,0.0072,0.0567,0.0257,0.2956,0.0159,0.1741,0.0944,0.0253,0.2348,1
8.1,-0.625,-2.0,0.7211,0.3872,0.0955,0.022,0.0,6.9538,0.0053,0.0565,0.0261,0.207,0.0159,0.1279,0.0891,0.0189,0.2235,1
8.1,-0.625,-1.75,0.5362,0.4372,0.1176,0.0219,0.0,7.8521,0.004,0.0564,0.0253,0.1509,0.0158,0.0972,0.0804,0.0145,0.2024,1
8.1,-0.625,-1.5,0.4139,0.4905,0.1428,0.0218,0.0,8.7527,0.0031,0.0562,0.0234,0.1149,0.0158,0.0769,0.07,0.0115,0.1757,1
8.2,-0.625,-4.0,2.8234,0.0416,0.0,0.0233,0.0,0.0752,0.0184,0.06,0.004,1.5092,0.017,1.2725,0.0485,0.041,0.071,1
8.2,-0.625,-3.75,3.2991,0.0677,0.0013,0.0232,0.0,0.2364,0.0216,0.0597,0.0064,1.5888,0.0169,1.1126,0.0564,0.0524,0.1038,1
8.2,-0.625,-3.5,3.5512,0.1042,0.0042,0.023,0.0,0.6604,0.0234,0.0592,0.0097,1.5559,0.0168,0.9208,0.0642,0.061,0.1429,1
8.2,-0.625,-3.25,3.3787,0.1486,0.0106,0.0228,0.0,1.4972,0.0224,0.0586,0.0135,1.357,0.0166,0.7207,0.0713,0.0624,0.183,1
8.2,-0.625,-3.0,2.8201,0.1963,0.0208,0.0226,0.0,2.6665,0.0189,0.0581,0.0172,1.0474,0.0164,0.5388,0.0772,0.0559,0.2184,1
8.2,-0.625,-2.75,2.1398,0.2439,0.0338,0.0225,0.0,3.9199,0.0146,0.0576,0.0206,0.7432,0.0163,0.391,0.0817,0.0452,0.2453,1
8.2,-0.625,-2.5,1.5452,0.2909,0.0485,0.0223,0.0,5.0959,0.0108,0.0573,0.0235,0.5082,0.0162,0.2805,0.0841,0.0347,0.261,1
8.2,-0.625,-2.25,1.1022,0.338,0.0646,0.0222,0.0,6.1605,0.0079,0.0571,0.0253,0.3474,0.0161,0.2021,0.0835,0.026,0.2633,1
8.2,-0.625,-2.0,0.7992,0.3868,0.0823,0.0222,0.0,7.1527,0.0058,0.0569,0.026,0.2438,0.016,0.1487,0.0794,0.0198,0.2519,1
8.2,-0.625,-1.75,0.5981,0.4388,0.1025,0.0221,0.0,8.1229,0.0044,0.0568,0.0254,0.1778,0.016,0.1132,0.0723,0.0154,0.2294,1
8.2,-0.625,-1.5,0.4636,0.4953,0.1258,0.022,0.0,9.113,0.0035,0.0566,0.0239,0.1353,0.0159,0.0897,0.0635,0.0122,0.2006,1
8.3,-0.625,-4.0,2.4819,0.0336,0.0,0.0231,0.0,0.0645,0.0152,0.0595,0.0033,1.5331,0.0169,1.3275,0.0617,0.0309,0.072,1
8.3,-0.625,-3.75,2.9975,0.0569,0.0,0.0231,0.0,0.2078,0.0186,0.0595,0.0055,1.65,0.0169,1.1892,0.0733,0.0411,0.1073,1
8.3,-0.625,-3.5,3.3215,0.0904,0.0029,0.023,0.0,0.5933,0.0208,0.0592,0.0085,1.6506,0.0168,1.0027,0.0847,0.05,0.1502,1
8.3,-0.625,-3.25,3.2504,0.1323,0.0075,0.0229,0.0,1.3714,0.0206,0.0588,0.012,1.4721,0.0167,0.7953,0.0949,0.0531,0.1947,1
8.3,-0.625,-3.0,2.7844,0.1775,0.0151,0.0227,0.0,2.4816,0.018,0.0583,0.0155,1.159,0.0165,0.5993,0.1031,0.0491,0.2337,1
8.3,-0.625,-2.75,2.1675,0.2233,0.0249,0.0226,0.0,3.7016,0.0143,0.058,0.0187,0.8361,0.0164,0.4374,0.1093,0.0413,0.2638,1
8.3,-0.625,-2.5,1.5993,0.2687,0.0365,0.0225,0.0,4.87,0.0109,0.0577,0.0215,0.5785,0.0163,0.3151,0.113,0.0327,0.2822,1
8.3,-0.625,-2.25,1.1607,0.3146,0.0495,0.0224,0.0,5.9478,0.0081,0.0575,0.0234,0.3985,0.0162,0.2278,0.1131,0.0252,0.2868,1
8.3,-0.625,-2.0,0.8526,0.3627,0.0643,0.0223,0.0,6.9687,0.0061,0.0573,0.0244,0.2808,0.0162,0.1682,0.1088,0.0195,0.277,1
8.3,-0.625,-1.75,0.644,0.4144,0.0812,0.0222,0.0,7.9742,0.0047,0.0572,0.0242,0.2053,0.0161,0.1283,0.1003,0.0154,0.2547,1
8.3,-0.625,-1.5,0.503,0.4722,0.1013,0.0222,0.0,9.0261,0.0038,0.0571,0.0232,0.1565,0.0161,0.102,0.0892,0.0124,0.2251,1
8.4,-0.625,-4.0,2.0114,0.0251,0.0,0.0228,0.0,0.0519,0.0114,0.0589,0.0025,1.4819,0.0168,1.3195,0.0472,0.0206,0.0701,1
8.4,-0.625,-3.75,2.5403,0.0445,0.0,0.023,0.0,0.1726,0.0147,0.0593,0.0043,1.6419,0.0168,1.2202,0.0578,0.0293,0.1071,1
8.4,-0.625,-3.5,2.9323,0.0739,0.0018,0.023,0.0,0.5087,0.0173,0.0592,0.007,1.6897,0.0168,1.0563,0.0683,0.0377,0.1535,1
8.4,-0.625,-3.25,2.9664,0.1115,0.0049,0.0229,0.0,1.2021,0.0178,0.0589,0.0102,1.5453,0.0167,0.8524,0.0775,0.0418,0.2018,1
8.4,-0.625,-3.0,2.6239,0.153,0.0101,0.0228,0.0,2.2162,0.0161,0.0586,0.0133,1.2456,0.0166,0.6497,0.0847,0.0404,0.2446,1
8.4,-0.625,-2.75,2.1017,0.1954,0.0171,0.0227,0.0,3.3589,0.0133,0.0583,0.0162,0.9158,0.0165,0.4778,0.0901,0.0354,0.2777,1
8.4,-0.625,-2.5,1.5899,0.2378,0.0256,0.0226,0.0,4.4826,0.0104,0.0581,0.0188,0.6426,0.0165,0.3461,0.0936,0.0291,0.299,1
8.4,-0.625,-2.25,1.1779,0.2811,0.0356,0.0225,0.0,5.5416,0.008,0.0579,0.0208,0.447,0.0164,0.2516,0.0944,0.0232,0.3062,1
8.4,-0.625,-2.0,0.879,0.327,0.0471,0.0224,0.0,6.5614,0.0061,0.0578,0.022,0.3169,0.0163,0.1865,0.0918,0.0185,0.2984,1
8.4,-0.625,-1.75,0.6722,0.3767,0.0606,0.0224,0.0,7.578,0.0048,0.0577,0.0222,0.2327,0.0163,0.1428,0.0856,0.015,0.2771,1
8.4,-0.625,-1.5,0.53,0.4334,0.077,0.0223,0.0,8.661,0.0039,0.0576,0.0216,0.1777,0.0162,0.1139,0.0772,0.0122,0.2474,1
8.5,-0.625,-4.0,1.3218,0.0129,0.0,0.0223,0.0,0.0311,0.0066,0.058,0.0015,1.2595,0.0165,1.1493,0.0505,0.0101,0.0618,1
8.5,-0.625,-3.75,1.7959,0.0252,0.0,0.0227,0.0,0.1094,0.0093,0.0588,0.0028,1.4604,0.0167,1.1147,0.0646,0.0159,0.0978,1
8.5,-0.625,-3.5,2.2521,0.0462,0.0,0.0228,0.0,0.3485,0.012,0.0591,0.005,1.5827,0.0168,1.0096,0.0799,0.0231,0.1463,1
8.5,-0.625,-3.25,2.4532,0.0759,0.0025,0.0228,0.0,0.8854,0.0133,0.059,0.0077,1.5163,0.0168,0.8419,0.0937,0.0281,0.1988,1
8.5,-0.625,-3.0,2.3049,0.1109,0.0054,0.0228,0.0,1.7223,0.0128,0.0589,0.0104,1.2681,0.0167,0.6544,0.1043,0.0294,0.2454,1
8.5,-0.625,-2.75,1.9365,0.1478,0.0096,0.0227,0.0,2.7137,0.0111,0.0587,0.0129,0.958,0.0167,0.4867,0.112,0.0274,0.2817,1
8.5,-0.625,-2.5,1.5207,0.1859,0.0151,0.0227,0.0,3.7339,0.009,0.0585,0.0151,0.6851,0.0166,0.3552,0.1176,0.0237,0.3069,1
8.5,-0.625,-2.25,1.1575,0.2254,0.0218,0.0226,0.0,4.7286,0.0071,0.0584,0.0171,0.4821,0.0165,0.2598,0.1205,0.0196,0.3195,1
8.5,-0.625,-2.0,0.8806,0.2675,0.0298,0.0226,0.0,5.7068,0.0056,0.0583,0.0185,0.344,0.0165,0.1936,0.1199,0.0163,0.3179,1
8.5,-0.625,-1.75,0.6823,0.3134,0.0394,0.0225,0.0,6.6924,0.0045,0.0582,0.0193,0.2534,0.0165,0.1489,0.1149,0.0134,0.302,1
8.5,-0.625,-1.5,0.5428,0.3656,0.0512,0.0225,0.0,7.7456,0.0037,0.0581,0.0194,0.194,0.0164,0.1192,0.1064,0.0113,0.2756,1
8.6,-0.625,-4.0,0.7554,0.0045,0.0,0.0218,0.0,0.0139,0.0032,0.0568,0.0,0.9844,0.0162,0.9107,0.0315,0.0017,0.0519,1
8.6,-0.625,-3.75,1.11,0.0098,0.0,0.0223,0.0,0.0517,0.005,0.0582,0.0016,1.1945,0.0166,0.9263,0.0422,0.0072,0.0847,1
8.6,-0.625,-3.5,1.5609,0.0208,0.0,0.0226,0.0,0.1849,0.0072,0.0589,0.0032,1.385,0.0168,0.8897,0.0556,0.012,0.1336,1
8.6,-0.625,-3.25,1.9252,0.0398,0.0,0.0228,0.0,0.5365,0.009,0.059,0.0054,1.4232,0.0168,0.7802,0.069,0.0172,0.1915,1
8.6,-0.625,-3.0,1.9824,0.0649,0.0024,0.0228,0.0,1.1567,0.0093,0.059,0.0077,1.2446,0.0168,0.6212,0.0791,0.0201,0.2433,1
8.6,-0.625,-2.75,1.7871,0.0939,0.0047,0.0228,0.0,1.9519,0.0085,0.059,0.0098,0.9697,0.0168,0.4675,0.086,0.0203,0.2829,1
8.6,-0.625,-2.5,1.4753,0.1254,0.0077,0.0228,0.0,2.8166,0.0071,0.059,0.0116,0.706,0.0167,0.3425,0.091,0.0186,0.3112,1
8.6,-0.625,-2.25,1.161,0.1596,0.0116,0.0227,0.0,3.7028,0.0058,0.0589,0.0134,0.5012,0.0167,0.2509,0.0949,0.0163,0.3298,1
8.6,-0.625,-2.0,0.9012,0.1967,0.0165,0.0227,0.0,4.6006,0.0046,0.0588,0.0149,0.3585,0.0167,0.1874,0.0973,0.0137,0.3376,1
8.6,-0.625,-1.75,0.7055,0.2372,0.0225,0.0227,0.0,5.5137,0.0038,0.0588,0.0162,0.2637,0.0166,0.1443,0.0972,0.0117,0.3325,1
8.6,-0.625,-1.5,0.5645,0.283,0.0301,0.0226,0.0,6.491,0.0031,0.0587,0.017,0.2014,0.0166,0.1158,0.0941,0.01,0.3152,1
8.7,-0.625,-4.0,0.3403,0.0013,0.0,0.0213,0.0,0.0052,0.0012,0.0561,0.0,0.6725,0.016,0.6395,0.0277,0.0,0.0393,1
8.7,-0.625,-3.75,0.5373,0.003,0.0,0.0221,0.0,0.0201,0.002,0.058,0.0,0.8486,0.0165,0.681,0.0386,0.0,0.0655,1
8.7,-0.625,-3.5,0.8476,0.0073,0.0,0.0226,0.0,0.0809,0.0033,0.0589,0.0016,1.0523,0.0168,0.6964,0.0541,0.0028,0.109,1
8.7,-0.625,-3.25,1.2373,0.0169,0.0,0.0227,0.0,0.282,0.0049,0.0592,0.0032,1.1893,0.0169,0.6598,0.0732,0.0078,0.1695,1
8.7,-0.625,-3.0,1.4826,0.0324,0.0,0.0228,0.0,0.7032,0.0058,0.0593,0.0052,1.1264,0.0169,0.5577,0.0898,0.0113,0.2294,1
8.7,-0.625,-2.75,1.4726,0.0516,0.0019,0.0228,0.0,1.2861,0.0057,0.0594,0.0069,0.914,0.0169,0.4296,0.1002,0.0128,0.2733,1
8.7,-0.625,-2.5,1.3095,0.0741,0.0034,0.0229,0.0,1.9596,0.0051,0.0594,0.0084,0.6828,0.0169,0.3182,0.1071,0.013,0.304,1
8.7,-0.625,-2.25,1.0892,0.1004,0.0055,0.0229,0.0,2.6897,0.0042,0.0594,0.0097,0.4917,0.0169,0.2343,0.1129,0.0122,0.3261,1
8.7,-0.625,-2.0,0.8761,0.1307,0.0082,0.0228,0.0,3.4673,0.0035,0.0594,0.0111,0.3534,0.0168,0.1754,0.1182,0.0108,0.3409,1
8.7,-0.625,-1.75,0.701,0.1653,0.0117,0.0228,0.0,4.2913,0.0029,0.0594,0.0125,0.26,0.0168,0.1355,0.1221,0.0095,0.3463,1
8.7,-0.625,-1.5,0.567,0.2045,0.0163,0.0228,0.0,5.1801,0.0024,0.0593,0.0136,0.1982,0.0168,0.1088,0.1233,0.0083,0.3402,1
8.8,-0.625,-4.0,0.1401,0.0,0.0,0.021,0.0,0.0019,0.0,0.0555,0.0,0.4375,0.0159,0.4272,0.0148,0.0,0.0288,1
8.8,-0.625,-3.75,0.2377,0.0,0.0,0.022,0.0,0.0074,0.0,0.0578,0.0,0.5728,0.0165,0.4771,0.0214,0.0,0.049,1
8.8,-0.625,-3.5,0.4075,0.0023,0.0,0.0225,0.0,0.032,0.0013,0.0591,0.0,0.7453,0.0169,0.5143,0.0313,0.0,0.0846,1
8.8,-0.625,-3.25,0.6901,0.0062,0.0,0.0228,0.0,0.1323,0.0023,0.0596,0.0016,0.917,0.017,0.5252,0.0458,0.0012,0.1418,1
8.8,-0.625,-3.0,0.9848,0.0142,0.0,0.0229,0.0,0.3903,0.0032,0.0597,0.0031,0.9535,0.017,0.4791,0.0611,0.0046,0.2073,1
8.8,-0.625,-2.75,1.121,0.0255,0.0,0.0229,0.0,0.7911,0.0035,0.0598,0.0046,0.8241,0.017,0.3864,0.0715,0.0073,0.2579,1
8.8,-0.625,-2.5,1.0981,0.0391,0.0014,0.0229,0.0,1.271,0.0034,0.0599,0.0058,0.6369,0.017,0.2915,0.0775,0.0086,0.2906,1
8.8,-0.625,-2.25,0.9848,0.0562,0.0024,0.023,0.0,1.8214,0.003,0.0599,0.0069,0.4673,0.017,0.2162,0.0822,0.0087,0.3139,1
8.8,-0.625,-2.0,0.8373,0.0779,0.0038,0.023,0.0,2.4453,0.0025,0.0599,0.008,0.3385,0.017,0.1623,0.087,0.0083,0.3323,1
8.8,-0.625,-1.75,0.6941,0.1048,0.0057,0.0229,0.0,3.1471,0.0021,0.0599,0.0091,0.2492,0.017,0.1256,0.092,0.0077,0.3456,1
8.8,-0.625,-1.5,0.5729,0.137,0.0084,0.0229,0.0,3.9327,0.0018,0.0599,0.0104,0.1895,0.017,0.101,0.0962,0.0059,0.3507,1
8.9,-0.625,-4.0,0.0403,0.0,0.0,0.0171,0.0,0.0011,0.0,0.0457,0.0,0.2119,0.0132,0.1729,0.0095,0.0,0.0197,1
8.9,-0.625,-3.75,0.0546,0.0,0.0,0.0195,0.0,0.0038,0.0,0.052,0.0,0.2456,0.015,0.1704,0.0129,0.0,0.0327,1
8.9,-0.625,-3.5,0.0796,0.0,0.0,0.0212,0.0,0.013,0.0,0.0563,0.0,0.2821,0.0161,0.1649,0.0176,0.0,0.0524,1
8.9,-0.625,-3.25,0.214,0.001,0.0,0.0225,0.0,0.0344,0.0,0.0593,0.0,0.5093,0.0169,0.3128,0.0319,0.0,0.087,1
8.9,-0.625,-3.0,0.3877,0.003,0.0,0.0227,0.0,0.1305,0.0,0.0597,0.0011,0.6153,0.017,0.3233,0.0488,0.0,0.1454,1
8.9,-0.625,-2.75,0.5593,0.0067,0.0,0.0228,0.0,0.3204,0.0014,0.06,0.0019,0.6103,0.0171,0.29,0.0641,0.0,0.2007,1
8.9,-0.625,-2.5,0.6707,0.0115,0.0,0.0229,0.0,0.569,0.0016,0.0601,0.0028,0.5201,0.0171,0.2329,0.074,0.0014,0.2384,1
8.9,-0.625,-2.25,0.7144,0.0178,0.0,0.023,0.0,0.8718,0.0017,0.0603,0.0037,0.407,0.0171,0.1786,0.0807,0.0028,0.2643,1
8.9,-0.625,-2.0,0.6963,0.0267,0.0011,0.023,0.0,1.2423,0.0015,0.0604,0.0045,0.3051,0.0172,0.1359,0.0867,0.0044,0.2847,1
8.9,-0.625,-1.75,0.6368,0.04,0.0018,0.023,0.0,1.7026,0.0013,0.0604,0.0053,0.2275,0.0171,0.1056,0.0935,0.0047,0.3035,1
8.9,-0.625,-1.5,0.557,0.0592,0.0029,0.023,0.0,2.2654,0.0012,0.0604,0.0062,0.1728,0.0171,0.0849,0.1012,0.0044,0.3195,1
9.0,-0.625,-4.0,0.0036,0.0,0.0,0.0097,0.0,0.0,0.0,0.0259,0.0,0.048,0.0074,0.043,0.0016,0.0,0.005,1
9.0,-0.625,-3.75,0.0065,0.0,0.0,0.0108,0.0,0.0,0.0,0.0286,0.0,0.0654,0.0082,0.0502,0.0026,0.0,0.0095,1
9.0,-0.625,-3.5,0.0152,0.0,0.0,0.0115,0.0,0.002,0.0,0.0306,0.0,0.1002,0.0087,0.0637,0.0047,0.0,0.0194,1
9.0,-0.625,-3.25,0.0549,0.0,0.0,0.0192,0.0,0.0148,0.0,0.0513,0.0,0.2174,0.0149,0.1156,0.0128,0.0,0.0572,1
9.0,-0.625,-3.0,0.0891,0.0,0.0,0.0214,0.0,0.0486,0.0,0.0569,0.0,0.2259,0.0163,0.1095,0.0189,0.0,0.0908,1
9.0,-0.625,-2.75,0.1396,0.0,0.0,0.0224,0.0,0.0623,0.0,0.0594,0.0,0.3272,0.0169,0.1609,0.0243,0.0,0.1124,1
9.0,-0.625,-2.5,0.2543,0.0014,0.0,0.0227,0.0,0.133,0.0,0.0599,0.0,0.3583,0.0171,0.1555,0.0345,0.0,0.1604,1
9.0,-0.625,-2.25,0.4241,0.0025,0.0,0.0228,0.0,0.2305,0.0,0.0602,0.0016,0.3477,0.0171,0.1378,0.0445,0.0,0.2045,1
9.0,-0.625,-2.0,0.635,0.0037,0.0,0.0229,0.0,0.348,0.0,0.0604,0.0026,0.3031,0.0172,0.1151,0.0535,0.0013,0.2415,1
9.0,-0.625,-1.75,0.8458,0.0053,0.0,0.0229,0.0,0.4898,0.0,0.0606,0.0036,0.2441,0.0172,0.0934,0.061,0.0046,0.2704,1
9.0,-0.625,-1.5,0.9745,0.0078,0.0,0.023,0.0,0.6865,0.0,0.0606,0.0046,0.1875,0.0172,0.0751,0.0661,0.0073,0.2887,1
9.1,-0.625,-4.0,0.0,0.0,0.0,0.0078,0.0,0.0,0.0,0.021,0.0,0.0076,0.006,0.0076,0.0,0.0,0.001,1
9.1,-0.625,-3.75,0.0,0.0,0.0,0.009,0.0,0.0,0.0,0.0242,0.0,0.0116,0.0069,0.01,0.0,0.0,0.0021,1
9.1,-0.625,-3.5,0.0,0.0,0.0,0.01,0.0,0.0,0.0,0.0267,0.0,0.0194,0.0076,0.0141,0.0011,0.0,0.0048,1
9.1,-0.625,-3.25,0.0032,0.0,0.0,0.0107,0.0,0.0,0.0,0.0284,0.0,0.04,0.0081,0.024,0.0028,0.0,0.0123,1
9.1,-0.625,-3.0,0.014,0.0,0.0,0.0116,0.0,0.0065,0.0,0.0306,0.0,0.0783,0.0087,0.0398,0.0073,0.0,0.0316,1
9.1,-0.625,-2.75,0.032,0.0,0.0,0.0123,0.0,0.027,0.0,0.0324,0.0,0.0899,0.0092,0.0429,0.0129,0.0,0.0561,1
9.1,-0.625,-2.5,0.0316,0.0,0.0,0.0135,0.0,0.053,0.0,0.0357,0.0,0.0603,0.0103,0.0294,0.0149,0.0,0.0677,1
9.1,-0.625,-2.25,0.0175,0.0,0.0,0.0131,0.0,0.061,0.0,0.0346,0.0,0.0282,0.0099,0.0145,0.0125,0.0,0.0607,1
9.1,-0.625,-2.0,0.0067,0.0,0.0,0.0134,0.0,0.0492,0.0,0.0354,0.0,0.0115,0.0101,0.006,0.009,0.0,0.0472,1
9.1,-0.625,-1.75,0.0023,0.0,0.0,0.0136,0.0,0.0355,0.0,0.0361,0.0,0.0049,0.0103,0.0024,0.0062,0.0,0.0354,1
9.1,-0.625,-1.5,0.0,0.0,0.0,0.0138,0.0,0.0282,0.0,0.0366,0.0,0.0025,0.0104,0.0,0.0048,0.0,0.0283,1
6.9,-0.5,-4.0,0.3433,0.0107,0.0,0.0234,0.0,0.0103,0.0035,0.06,0.0,0.1687,0.0169,0.0995,0.0052,0.0077,0.006,1
6.9,-0.5,-3.75,0.3934,0.0166,0.0,0.0229,0.0,0.033,0.0039,0.0586,0.0,0.1727,0.0165,0.0841,0.006,0.0094,0.0088,1
6.9,-0.5,-3.5,0.4142,0.0248,0.0014,0.0224,0.0,0.0929,0.0041,0.0573,0.0014,0.1621,0.0161,0.068,0.0068,0.0107,0.012,1
6.9,-0.5,-3.25,0.3784,0.035,0.0035,0.0219,0.0,0.2108,0.0037,0.0561,0.002,0.1332,0.0158,0.0526,0.0076,0.0105,0.0155,1
6.9,-0.5,-3.0,0.298,0.0467,0.0072,0.0215,0.0,0.3737,0.0028,0.0551,0.0027,0.097,0.0154,0.0392,0.0085,0.0087,0.0187,1
6.9,-0.5,-2.75,0.213,0.0597,0.012,0.0211,0.0,0.5493,0.002,0.0542,0.0034,0.0661,0.0151,0.0284,0.0091,0.0056,0.0214,1
6.9,-0.5,-2.5,0.1467,0.074,0.0178,0.0208,0.0,0.7206,0.0014,0.0534,0.004,0.0445,0.0149,0.0203,0.0095,0.004,0.023,1
6.9,-0.5,-2.25,0.1017,0.0894,0.0247,0.0205,0.0,0.8846,0.001,0.0529,0.0044,0.0306,0.0147,0.0147,0.0094,0.0014,0.0232,1
6.9,-0.5,-2.0,0.0729,0.1056,0.0326,0.0203,0.0,1.0427,0.0,0.0525,0.0046,0.0219,0.0145,0.011,0.0087,0.001,0.0221,1
6.9,-0.5,-1.75,0.0543,0.1223,0.0414,0.0201,0.0,1.1942,0.0,0.0521,0.0044,0.0164,0.0144,0.0084,0.0077,0.0,0.02,1
6.9,-0.5,-1.5,0.0422,0.1388,0.0508,0.0199,0.0,1.3385,0.0,0.0518,0.004,0.0128,0.0142,0.0068,0.0066,0.0,0.0174,1
7.0,-0.5,-4.0,0.4287,0.0084,0.0,0.0234,0.0,0.0128,0.0043,0.06,0.0,0.2114,0.017,0.1248,0.0066,0.0094,0.0076,1
7.0,-0.5,-3.75,0.4913,0.0131,0.0,0.0229,0.0,0.041,0.0049,0.0587,0.0011,0.2165,0.0166,0.1055,0.0075,0.0117,0.011,1
7.0,-0.5,-3.5,0.5172,0.0195,0.0017,0.0224,0.0,0.1156,0.0051,0.0574,0.0017,0.2034,0.0162,0.0855,0.0085,0.0133,0.015,1
7.0,-0.5,-3.25,0.473,0.0275,0.0044,0.022,0.0,0.2622,0.0046,0.0562,0.0025,0.1672,0.0158,0.066,0.0096,0.013,0.0194,1
7.0,-0.5,-3.0,0.3728,0.0367,0.0088,0.0215,0.0,0.4649,0.0036,0.0552,0.0033,0.1218,0.0155,0.0492,0.0106,0.0108,0.0235,1
7.0,-0.5,-2.75,0.2666,0.0468,0.0147,0.0212,0.0,0.6831,0.0026,0.0543,0.0042,0.0831,0.0152,0.0356,0.0114,0.0081,0.0268,1
7.0,-0.5,-2.5,0.1836,0.0579,0.0218,0.0209,0.0,0.8952,0.0018,0.0536,0.005,0.0559,0.0149,0.0256,0.0119,0.0051,0.0287,1
7.0,-0.5,-2.25,0.1272,0.0698,0.0301,0.0206,0.0,1.097,0.0013,0.053,0.0055,0.0384,0.0147,0.0186,0.0117,0.0017,0.029,1
7.0,-0.5,-2.0,0.0911,0.0822,0.0396,0.0204,0.0,1.2898,0.0,0.0527,0.0056,0.0275,0.0146,0.0138,0.0109,0.0013,0.0276,1
7.0,-0.5,-1.75,0.0678,0.0947,0.0499,0.0202,0.0,1.473,0.0,0.0523,0.0054,0.0205,0.0144,0.0106,0.0097,0.0,0.0249,1
7.0,-0.5,-1.5,0.0525,0.1072,0.0609,0.02,0.0,1.6466,0.0,0.052,0.0049,0.016,0.0143,0.0084,0.0082,0.0,0.0216,1
7.1,-0.5,-4.0,0.5347,0.0104,0.0,0.0234,0.0,0.0159,0.0054,0.06,0.0,0.2648,0.017,0.1565,0.0082,0.0117,0.0095,1
7.1,-0.5,-3.75,0.6128,0.0162,0.0,0.023,0.0,0.0509,0.0061,0.0587,0.0014,0.2712,0.0166,0.1324,0.0094,0.0145,0.0137,1
7.1,-0.5,-3.5,0.6454,0.0242,0.0021,0.0225,0.0,0.1436,0.0064,0.0574,0.0022,0.2549,0.0162,0.1072,0.0107,0.0164,0.0188,1
7.1,-0.5,-3.25,0.5908,0.0342,0.0054,0.022,0.0,0.3259,0.0057,0.0563,0.0031,0.2098,0.0158,0.0828,0.012,0.0163,0.0243,1
7.1,-0.5,-3.0,0.4662,0.0456,0.0108,0.0216,0.0,0.5783,0.0044,0.0553,0.0042,0.153,0.0155,0.0616,0.0133,0.0135,0.0294,1
7.1,-0.5,-2.75,0.3337,0.0582,0.0181,0.0212,0.0,0.8501,0.0032,0.0544,0.0052,0.1045,0.0152,0.0447,0.0143,0.0102,0.0335,1
7.1,-0.5,-2.5,0.23,0.072,0.0269,0.0209,0.0,1.1141,0.0022,0.0537,0.0062,0.0703,0.015,0.0321,0.0149,0.0073,0.036,1
7.1,-0.5,-2.25,0.1595,0.0867,0.0371,0.0207,0.0,1.3655,0.0016,0.0532,0.0068,0.0483,0.0148,0.0233,0.0147,0.0044,0.0364,1
7.1,-0.5,-2.0,0.1141,0.1021,0.0487,0.0205,0.0,1.6061,0.0011,0.0528,0.007,0.0345,0.0146,0.0173,0.0137,0.0016,0.0346,1
7.1,-0.5,-1.75,0.085,0.1179,0.0615,0.0203,0.0,1.8364,0.0,0.0525,0.0067,0.0257,0.0145,0.0133,0.0121,0.0012,0.0313,1
7.1,-0.5,-1.5,0.0658,0.1337,0.0754,0.0201,0.0,2.0564,0.0,0.0521,0.0062,0.0201,0.0144,0.0107,0.0103,0.0,0.0271,1
7.2,-0.5,-4.0,0.664,0.0128,0.0,0.0234,0.0,0.0196,0.0067,0.06,0.0011,0.3307,0.017,0.1957,0.0081,0.0144,0.0118,1
7.2,-0.5,-3.75,0.7609,0.02,0.0,0.023,0.0,0.0628,0.0076,0.0588,0.0018,0.339,0.0166,0.1655,0.0093,0.0179,0.0171,1
7.2,-0.5,-3.5,0.8016,0.0298,0.0025,0.0225,0.0,0.1771,0.0079,0.0575,0.0027,0.319,0.0162,0.1341,0.0106,0.0203,0.0235,1
7.2,-0.5,-3.25,0.7344,0.0421,0.0065,0.022,0.0,0.4022,0.0071,0.0564,0.0038,0.263,0.0158,0.1036,0.0119,0.0199,0.0303,1
7.2,-0.5,-3.0,0.5804,0.0562,0.0131,0.0216,0.0,0.714,0.0055,0.0554,0.0051,0.1921,0.0155,0.0772,0.0131,0.0167,0.0367,1
7.2,-0.5,-2.75,0.4159,0.0717,0.0219,0.0213,0.0,1.049,0.004,0.0546,0.0064,0.1313,0.0153,0.0559,0.0142,0.0126,0.0418,1
7.2,-0.5,-2.5,0.2868,0.0884,0.0324,0.021,0.0,1.3726,0.0028,0.0539,0.0076,0.0883,0.015,0.0401,0.0148,0.0091,0.0449,1
7.2,-0.5,-2.25,0.1988,0.1061,0.0444,0.0208,0.0,1.6785,0.002,0.0534,0.0083,0.0606,0.0149,0.0291,0.0146,0.0055,0.0453,1
7.2,-0.5,-2.0,0.142,0.1245,0.0579,0.0206,0.0,1.9684,0.0014,0.0531,0.0085,0.0432,0.0147,0.0215,0.0135,0.004,0.0431,1
7.2,-0.5,-1.75,0.1056,0.1432,0.0727,0.0204,0.0,2.2442,0.0011,0.0528,0.0082,0.0322,0.0146,0.0166,0.012,0.0015,0.0388,1
7.2,-0.5,-1.5,0.0816,0.1618,0.0886,0.0202,0.0,2.5054,0.0,0.0525,0.0074,0.025,0.0145,0.0133,0.0102,0.0011,0.0335,1
7.3,-0.5,-4.0,0.8206,0.0154,0.0,0.0234,0.0,0.024,0.0082,0.0599,0.0014,0.4118,0.0169,0.2438,0.0127,0.0176,0.0147,1
7.3,-0.5,-3.75,0.9402,0.0242,0.0,0.023,0.0,0.0768,0.0094,0.0588,0.0022,0.4226,0.0166,0.2064,0.0146,0.0218,0.0213,1
7.3,-0.5,-3.5,0.9909,0.0363,0.003,0.0225,0.0,0.2166,0.0097,0.0576,0.0033,0.3986,0.0162,0.1671,0.0165,0.025,0.0292,1
7.3,-0.5,-3.25,0.9092,0.0514,0.0078,0.0221,0.0,0.4922,0.0087,0.0565,0.0047,0.3297,0.0159,0.1293,0.0186,0.0245,0.0377,1
7.3,-0.5,-3.0,0.7201,0.0686,0.0157,0.0217,0.0,0.8745,0.0069,0.0556,0.0063,0.2414,0.0156,0.0961,0.0206,0.0206,0.0456,1
7.3,-0.5,-2.75,0.5167,0.0874,0.0261,0.0214,0.0,1.2847,0.0049,0.0548,0.0079,0.1651,0.0153,0.0697,0.0222,0.0155,0.052,1
7.3,-0.5,-2.5,0.3564,0.1075,0.0384,0.0211,0.0,1.6779,0.0035,0.0542,0.0092,0.1111,0.0151,0.0501,0.0231,0.011,0.0558,1
7.3,-0.5,-2.25,0.2469,0.1286,0.0523,0.0209,0.0,2.0463,0.0024,0.0537,0.0101,0.0761,0.0149,0.0362,0.0228,0.0078,0.0563,1
7.3,-0.5,-2.0,0.1761,0.1502,0.0677,0.0207,0.0,2.3913,0.0018,0.0534,0.0103,0.0541,0.0148,0.0268,0.0212,0.005,0.0535,1
7.3,-0.5,-1.75,0.1308,0.172,0.0845,0.0206,0.0,2.717,0.0013,0.0532,0.0099,0.0402,0.0147,0.0205,0.0187,0.0028,0.0481,1
7.3,-0.5,-1.5,0.1009,0.1935,0.1022,0.0204,0.0,3.0235,0.001,0.0529,0.0089,0.0312,0.0146,0.0164,0.016,0.0014,0.0415,1
7.4,-0.5,-4.0,1.0087,0.0185,0.0,0.0234,0.0,0.0291,0.01,0.0599,0.0016,0.5113,0.0169,0.3031,0.0125,0.0214,0.0182,1
7.4,-0.5,-3.75,1.1556,0.0292,0.0011,0.023,0.0,0.0933,0.0114,0.0588,0.0027,0.5253,0.0166,0.2567,0.0143,0.0265,0.0265,1
7.4,-0.5,-3.5,1.2187,0.0439,0.0035,0.0225,0.0,0.2632,0.0119,0.0577,0.004,0.4967,0.0163,0.208,0.0163,0.0301,0.0363,1
7.4,-0.5,-3.25,1.1203,0.0623,0.0092,0.0221,0.0,0.5985,0.0108,0.0567,0.0057,0.4123,0.0159,0.1608,0.0183,0.0296,0.0467,1
7.4,-0.5,-3.0,0.8889,0.0832,0.0185,0.0218,0.0,1.0638,0.0085,0.0558,0.0076,0.3027,0.0156,0.1196,0.0202,0.025,0.0565,1
7.4,-0.5,-2.75,0.6388,0.1058,0.0307,0.0215,0.0,1.5619,0.0061,0.055,0.0095,0.2073,0.0154,0.0867,0.0218,0.0188,0.0644,1
7.4,-0.5,-2.5,0.4409,0.1297,0.0448,0.0212,0.0,2.0356,0.0043,0.0545,0.0111,0.1393,0.0152,0.0622,0.0226,0.0135,0.0691,1
7.4,-0.5,-2.25,0.3053,0.1545,0.0607,0.021,0.0,2.4745,0.003,0.0541,0.0121,0.0953,0.0151,0.045,0.0223,0.0096,0.0696,1
7.4,-0.5,-2.0,0.2176,0.1796,0.078,0.0209,0.0,2.8813,0.0022,0.0538,0.0123,0.0676,0.0149,0.0333,0.0208,0.0061,0.0661,1
7.4,-0.5,-1.75,0.1611,0.2046,0.0965,0.0207,0.0,3.2615,0.0016,0.0536,0.0118,0.0501,0.0148,0.0254,0.0184,0.0046,0.0594,1
7.4,-0.5,-1.5,0.1239,0.2293,0.1161,0.0206,0.0,3.6189,0.0013,0.0533,0.0106,0.0387,0.0147,0.0203,0.0157,0.0017,0.051,1
7.5,-0.5,-4.0,1.2301,0.0221,0.0,0.0234,0.0,0.0351,0.0122,0.0599,0.002,0.632,0.0169,0.3755,0.0194,0.0257,0.0225,1
7.5,-0.5,-3.75,1.4077,0.0348,0.0013,0.023,0.0,0.1123,0.0139,0.0589,0.0032,0.6498,0.0166,0.3182,0.0222,0.0318,0.0326,1
7.5,-0.5,-3.5,1.4859,0.0526,0.0041,0.0226,0.0,0.3167,0.0145,0.0578,0.0049,0.6162,0.0163,0.2579,0.0252,0.0362,0.0448,1
7.5,-0.5,-3.25,1.3683,0.0747,0.0107,0.0222,0.0,0.7203,0.0131,0.0568,0.0069,0.5133,0.016,0.1995,0.0284,0.0357,0.0576,1
7.5,-0.5,-3.0,1.0888,0.0997,0.0215,0.0219,0.0,1.281,0.0104,0.056,0.0091,0.3781,0.0157,0.1484,0.0313,0.0301,0.0696,1
7.5,-0.5,-2.75,0.7842,0.1266,0.0354,0.0216,0.0,1.8793,0.0075,0.0553,0.0114,0.2593,0.0155,0.1075,0.0338,0.0228,0.0792,1
7.5,-0.5,-2.5,0.5417,0.1546,0.0513,0.0214,0.0,2.4432,0.0053,0.0548,0.0132,0.1743,0.0153,0.0771,0.035,0.0164,0.085,1
7.5,-0.5,-2.25,0.3749,0.1832,0.0689,0.0212,0.0,2.9588,0.0037,0.0544,0.0144,0.1189,0.0152,0.0555,0.0345,0.0117,0.0856,1
7.5,-0.5,-2.0,0.2669,0.2119,0.0878,0.021,0.0,3.4329,0.0027,0.0542,0.0146,0.0842,0.0151,0.041,0.0322,0.0086,0.0811,1
7.5,-0.5,-1.75,0.1972,0.2403,0.108,0.0209,0.0,3.8723,0.002,0.054,0.0139,0.0622,0.015,0.0314,0.0285,0.0055,0.0728,1
7.5,-0.5,-1.5,0.1515,0.2684,0.1292,0.0208,0.0,4.2855,0.0015,0.0537,0.0125,0.0479,0.0149,0.0249,0.0243,0.0043,0.0625,1
7.6,-0.5,-4.0,1.4897,0.0261,0.0,0.0234,0.0,0.0422,0.0146,0.0598,0.0024,0.7779,0.0169,0.4636,0.0189,0.0304,0.0277,1
7.6,-0.5,-3.75,1.7019,0.0413,0.0015,0.023,0.0,0.134,0.0166,0.0589,0.0038,0.8003,0.0166,0.3932,0.0216,0.0378,0.0401,1
7.6,-0.5,-3.5,1.796,0.0624,0.0047,0.0226,0.0,0.3772,0.0174,0.058,0.0058,0.7607,0.0163,0.3189,0.0246,0.0429,0.055,1
7.6,-0.5,-3.25,1.6569,0.0886,0.0122,0.0223,0.0,0.8579,0.0158,0.057,0.0082,0.6362,0.0161,0.2466,0.0276,0.0423,0.0707,1
7.6,-0.5,-3.0,1.3221,0.1182,0.0243,0.022,0.0,1.5251,0.0126,0.0563,0.0108,0.4702,0.0158,0.1834,0.0304,0.0358,0.0853,1
7.6,-0.5,-2.75,0.9546,0.1496,0.0398,0.0217,0.0,2.2343,0.0091,0.0556,0.0134,0.323,0.0156,0.1327,0.0327,0.0272,0.0969,1
7.6,-0.5,-2.5,0.6601,0.1817,0.0574,0.0215,0.0,2.8969,0.0064,0.0551,0.0155,0.217,0.0154,0.0951,0.0339,0.0195,0.1037,1
7.6,-0.5,-2.25,0.4568,0.2142,0.0764,0.0213,0.0,3.4948,0.0045,0.0548,0.0168,0.1479,0.0153,0.0685,0.0334,0.0139,0.1044,1
7.6,-0.5,-2.0,0.3248,0.2466,0.0967,0.0212,0.0,4.0397,0.0032,0.0546,0.017,0.1043,0.0152,0.0505,0.0312,0.0101,0.0989,1
7.6,-0.5,-1.75,0.2397,0.2785,0.1182,0.0211,0.0,4.5443,0.0024,0.0544,0.0161,0.0768,0.0151,0.0385,0.0276,0.0077,0.0886,1
7.6,-0.5,-1.5,0.1839,0.3102,0.141,0.021,0.0,5.018,0.0019,0.0542,0.0145,0.059,0.015,0.0305,0.0236,0.0051,0.076,1
7.7,-0.5,-4.0,1.7733,0.0303,0.0,0.0234,0.0,0.0497,0.0172,0.0599,0.0028,0.9484,0.0169,0.568,0.0289,0.0353,0.0337,1
7.7,-0.5,-3.75,2.0256,0.048,0.0016,0.0231,0.0,0.1573,0.0196,0.059,0.0045,0.9772,0.0167,0.4826,0.0331,0.0436,0.0488,1
7.7,-0.5,-3.5,2.1365,0.0727,0.0052,0.0227,0.0,0.4415,0.0206,0.0581,0.0068,0.9311,0.0164,0.3916,0.0376,0.0495,0.0668,1
7.7,-0.5,-3.25,1.9763,0.1033,0.0134,0.0224,0.0,1.0043,0.0188,0.0573,0.0096,0.7823,0.0161,0.303,0.0422,0.049,0.0859,1
7.7,-0.5,-3.0,1.583,0.1376,0.0267,0.0221,0.0,1.785,0.015,0.0565,0.0126,0.5807,0.0159,0.2253,0.0465,0.0416,0.1034,1
7.7,-0.5,-2.75,1.1466,0.1734,0.0434,0.0218,0.0,2.6098,0.0109,0.056,0.0154,0.3998,0.0157,0.163,0.0498,0.0317,0.1172,1
7.7,-0.5,-2.5,0.7948,0.2097,0.0622,0.0217,0.0,3.3754,0.0077,0.0555,0.0178,0.2687,0.0155,0.1166,0.0516,0.0228,0.1252,1
7.7,-0.5,-2.25,0.5505,0.2459,0.0822,0.0215,0.0,4.0604,0.0054,0.0552,0.0192,0.1828,0.0154,0.0839,0.0508,0.0164,0.126,1
7.7,-0.5,-2.0,0.3912,0.2817,0.1034,0.0214,0.0,4.6782,0.0039,0.055,0.0194,0.1286,0.0153,0.0617,0.0474,0.012,0.1194,1
7.7,-0.5,-1.75,0.2886,0.3173,0.1258,0.0213,0.0,5.2506,0.0029,0.0548,0.0184,0.0944,0.0153,0.047,0.0421,0.009,0.107,1
7.7,-0.5,-1.5,0.2212,0.3528,0.1499,0.0212,0.0,5.7953,0.0022,0.0546,0.0166,0.0724,0.0152,0.0373,0.036,0.0059,0.0917,1
7.8,-0.5,-4.0,2.081,0.0347,0.0,0.0234,0.0,0.0581,0.02,0.0599,0.0033,1.1466,0.017,0.6905,0.0277,0.0401,0.0407,1
7.8,-0.5,-3.75,2.3723,0.055,0.0018,0.0231,0.0,0.1816,0.0227,0.0592,0.0052,1.1821,0.0167,0.588,0.0317,0.0495,0.0588,1
7.8,-0.5,-3.5,2.503,0.0832,0.0056,0.0228,0.0,0.508,0.0238,0.0583,0.0078,1.1297,0.0165,0.4776,0.036,0.056,0.0805,1
7.8,-0.5,-3.25,2.3208,0.1182,0.0143,0.0225,0.0,1.1544,0.0219,0.0575,0.0109,0.954,0.0162,0.3696,0.0403,0.0555,0.1033,1
7.8,-0.5,-3.0,1.8665,0.157,0.0283,0.0222,0.0,2.0501,0.0176,0.0568,0.0143,0.7115,0.016,0.2747,0.0442,0.0473,0.1241,1
7.8,-0.5,-2.75,1.3585,0.1971,0.0457,0.022,0.0,2.9936,0.0129,0.0563,0.0174,0.4913,0.0158,0.1988,0.0473,0.0362,0.1403,1
7.8,-0.5,-2.5,0.9447,0.2371,0.065,0.0218,0.0,3.8609,0.0091,0.0559,0.02,0.3304,0.0157,0.142,0.0489,0.0263,0.1495,1
7.8,-0.5,-2.25,0.6554,0.2766,0.0855,0.0217,0.0,4.6329,0.0064,0.0556,0.0215,0.2245,0.0156,0.1021,0.0481,0.0188,0.1502,1
7.8,-0.5,-2.0,0.4662,0.3159,0.1072,0.0216,0.0,5.3303,0.0046,0.0554,0.0217,0.1576,0.0155,0.075,0.045,0.0137,0.1424,1
7.8,-0.5,-1.75,0.3438,0.3552,0.1303,0.0215,0.0,5.9755,0.0034,0.0552,0.0206,0.1154,0.0154,0.0571,0.04,0.0103,0.1279,1
7.8,-0.5,-1.5,0.2636,0.395,0.1554,0.0213,0.0,6.5972,0.0027,0.055,0.0187,0.0882,0.0153,0.0452,0.0343,0.0081,0.1098,1
7.9,-0.5,-4.0,2.3664,0.0385,0.0,0.0234,0.0,0.0653,0.0223,0.06,0.0036,1.3617,0.017,0.8272,0.0413,0.0434,0.0483,1
7.9,-0.5,-3.75,2.7001,0.0611,0.0018,0.0232,0.0,0.2035,0.0255,0.0593,0.0058,1.4066,0.0168,0.7064,0.0474,0.0537,0.0697,1
7.9,-0.5,-3.5,2.8523,0.0925,0.0057,0.0229,0.0,0.5677,0.0268,0.0586,0.0087,1.3494,0.0165,0.575,0.0538,0.0609,0.0954,1
7.9,-0.5,-3.25,2.6541,0.1313,0.0144,0.0226,0.0,1.2884,0.0248,0.0578,0.0121,1.1465,0.0163,0.4456,0.06,0.0605,0.1222,1
7.9,-0.5,-3.0,2.1486,0.174,0.0284,0.0223,0.0,2.2896,0.0201,0.0571,0.0157,0.8607,0.0161,0.3314,0.0657,0.0519,0.1465,1
7.9,-0.5,-2.75,1.575,0.2177,0.0459,0.0221,0.0,3.3437,0.0149,0.0566,0.0191,0.597,0.0159,0.2398,0.0701,0.0401,0.1653,1
7.9,-0.5,-2.5,1.1018,0.2608,0.065,0.0219,0.0,4.3081,0.0106,0.0562,0.0218,0.4022,0.0158,0.1713,0.0723,0.0294,0.1758,1
7.9,-0.5,-2.25,0.7674,0.3033,0.0853,0.0218,0.0,5.165,0.0075,0.056,0.0234,0.2732,0.0157,0.1231,0.0713,0.0213,0.1766,1
7.9,-0.5,-2.0,0.5469,0.3458,0.1069,0.0217,0.0,5.941,0.0054,0.0558,0.0236,0.1914,0.0156,0.0904,0.0667,0.0156,0.1675,1
7.9,-0.5,-1.75,0.404,0.3888,0.1302,0.0216,0.0,6.6708,0.004,0.0556,0.0226,0.1399,0.0155,0.0686,0.0596,0.0117,0.1508,1
7.9,-0.5,-1.5,0.3101,0.433,0.1558,0.0215,0.0,7.3762,0.0031,0.0554,0.0206,0.1067,0.0155,0.0543,0.0513,0.0093,0.13,1
8.0,-0.5,-4.0,2.6174,0.0415,0.0,0.0234,0.0,0.0715,0.0242,0.0601,0.0039,1.5911,0.017,0.977,0.0383,0.0453,0.0563,1
8.0,-0.5,-3.75,2.9911,0.066,0.0017,0.0232,0.0,0.2221,0.0276,0.0595,0.0062,1.6477,0.0168,0.8377,0.044,0.056,0.0813,1
8.0,-0.5,-3.5,3.1666,0.1,0.0055,0.0229,0.0,0.6176,0.0292,0.0588,0.0093,1.5874,0.0166,0.684,0.0499,0.0637,0.1112,1
8.0,-0.5,-3.25,2.96,0.1418,0.0138,0.0227,0.0,1.3987,0.0273,0.0581,0.013,1.3581,0.0164,0.531,0.0555,0.0637,0.1423,1
8.0,-0.5,-3.0,2.4162,0.1875,0.0271,0.0224,0.0,2.4863,0.0223,0.0575,0.0168,1.0276,0.0162,0.3952,0.0606,0.0552,0.1703,1
8.0,-0.5,-2.75,1.7881,0.2338,0.0438,0.0222,0.0,3.6371,0.0167,0.057,0.0203,0.7171,0.016,0.2861,0.0645,0.0433,0.1918,1
8.0,-0.5,-2.5,1.261,0.2794,0.0622,0.0221,0.0,4.6943,0.012,0.0566,0.0231,0.4847,0.0159,0.2046,0.0664,0.032,0.2039,1
8.0,-0.5,-2.25,0.8834,0.3244,0.0817,0.022,0.0,5.6323,0.0086,0.0563,0.0248,0.3294,0.0158,0.147,0.0656,0.0234,0.2048,1
8.0,-0.5,-2.0,0.6322,0.3699,0.1028,0.0219,0.0,6.4896,0.0062,0.0562,0.0251,0.2307,0.0157,0.1079,0.0617,0.0173,0.1947,1
8.0,-0.5,-1.75,0.4684,0.4166,0.1258,0.0218,0.0,7.3029,0.0047,0.056,0.0241,0.1684,0.0157,0.082,0.0554,0.0132,0.1757,1
8.0,-0.5,-1.5,0.3602,0.4654,0.1515,0.0217,0.0,8.1055,0.0036,0.0558,0.0222,0.1283,0.0156,0.0648,0.0479,0.0103,0.152,1
8.1,-0.5,-4.0,2.7298,0.0422,0.0,0.0234,0.0,0.0739,0.0245,0.0602,0.004,1.7962,0.0171,1.1203,0.0546,0.0433,0.0635,1
8.1,-0.5,-3.75,3.1434,0.0675,0.0015,0.0233,0.0,0.2303,0.0283,0.0597,0.0064,1.8716,0.0169,0.968,0.0629,0.0541,0.092,1
8.1,-0.5,-3.5,3.3531,0.1029,0.0048,0.023,0.0,0.641,0.0302,0.0591,0.0095,1.8169,0.0167,0.7951,0.0714,0.0624,0.1262,1
8.1,-0.5,-3.25,3.1674,0.1464,0.0122,0.0228,0.0,1.4556,0.0286,0.0584,0.0133,1.5708,0.0165,0.62,0.0795,0.0632,0.1617,1
8.1,-0.5,-3.0,2.6201,0.1938,0.0241,0.0226,0.0,2.5972,0.0238,0.0578,0.0171,1.2017,0.0163,0.463,0.0865,0.0559,0.1936,1
8.1,-0.5,-2.75,1.9664,0.2417,0.0392,0.0224,0.0,3.817,0.0182,0.0573,0.0207,0.8462,0.0162,0.3359,0.0919,0.0446,0.218,1
8.1,-0.5,-2.5,1.4043,0.2889,0.056,0.0222,0.0,4.9495,0.0133,0.057,0.0236,0.5752,0.016,0.2407,0.0947,0.0336,0.232,1
8.1,-0.5,-2.25,0.9924,0.3356,0.0742,0.0221,0.0,5.9628,0.0096,0.0567,0.0254,0.3919,0.016,0.1731,0.0938,0.025,0.2334,1
8.1,-0.5,-2.0,0.7149,0.3834,0.094,0.022,0.0,6.8975,0.007,0.0565,0.0258,0.2746,0.0159,0.1272,0.0887,0.0186,0.2224,1
8.1,-0.5,-1.75,0.5321,0.4336,0.116,0.0219,0.0,7.7986,0.0053,0.0564,0.025,0.2003,0.0158,0.0968,0.0801,0.0144,0.2015,1
8.1,-0.5,-1.5,0.4107,0.4869,0.1411,0.0218,0.0,8.6994,0.0041,0.0562,0.0232,0.1525,0.0158,0.0765,0.0698,0.0113,0.1751,1
8.2,-0.5,-4.0,2.6834,0.0396,0.0,0.0234,0.0,0.0715,0.0231,0.0601,0.0037,1.9547,0.0171,1.2436,0.0472,0.0382,0.069,1
8.2,-0.5,-3.75,3.1401,0.0644,0.0012,0.0233,0.0,0.2248,0.0272,0.0598,0.0061,2.0599,0.017,1.0886,0.0549,0.0487,0.1009,1
8.2,-0.5,-3.5,3.3931,0.0994,0.0039,0.0231,0.0,0.6304,0.0296,0.0592,0.0092,2.0224,0.0168,0.9026,0.0626,0.0572,0.1392,1
8.2,-0.5,-3.25,3.2547,0.1428,0.0099,0.0229,0.0,1.4412,0.0286,0.0587,0.0129,1.7729,0.0166,0.7089,0.0697,0.059,0.1791,1
8.2,-0.5,-3.0,2.7395,0.1901,0.0197,0.0226,0.0,2.5915,0.0244,0.0581,0.0166,1.3753,0.0164,0.5316,0.0759,0.0534,0.2148,1
8.2,-0.5,-2.75,2.0939,0.2381,0.0324,0.0225,0.0,3.8388,0.019,0.0577,0.0201,0.9799,0.0163,0.387,0.0806,0.0438,0.2423,1
8.2,-0.5,-2.5,1.5194,0.2855,0.047,0.0223,0.0,5.0157,0.0141,0.0573,0.023,0.6717,0.0162,0.2781,0.0832,0.0338,0.2585,1
8.2,-0.5,-2.25,1.0875,0.333,0.063,0.0222,0.0,6.0839,0.0103,0.0571,0.0249,0.4599,0.0161,0.2006,0.0828,0.0255,0.2613,1
8.2,-0.5,-2.0,0.79,0.382,0.0807,0.0222,0.0,7.0792,0.0077,0.0569,0.0257,0.3228,0.016,0.1477,0.0789,0.0194,0.2503,1
8.2,-0.5,-1.75,0.5919,0.4342,0.1008,0.0221,0.0,8.0535,0.0059,0.0568,0.0251,0.2356,0.016,0.1125,0.072,0.0151,0.2282,1
8.2,-0.5,-1.5,0.4591,0.491,0.1241,0.022,0.0,9.0476,0.0046,0.0567,0.0236,0.1793,0.0159,0.0891,0.0633,0.0121,0.1997,1
8.3,-0.5,-4.0,2.3221,0.0316,0.0,0.0231,0.0,0.0605,0.0188,0.0596,0.003,1.9671,0.0169,1.2867,0.0595,0.0279,0.0694,1
8.3,-0.5,-3.75,2.8082,0.0533,0.0,0.0231,0.0,0.1948,0.023,0.0596,0.0051,2.1189,0.0169,1.1541,0.0708,0.0374,0.1034,1
8.3,-0.5,-3.5,3.1297,0.0851,0.0026,0.023,0.0,0.5592,0.0259,0.0593,0.0079,2.1277,0.0168,0.9761,0.082,0.0459,0.1452,1
8.3,-0.5,-3.25,3.0883,0.1253,0.0068,0.0229,0.0,1.3047,0.0259,0.0588,0.0113,1.9079,0.0167,0.777,0.0922,0.0492,0.1891,1
8.3,-0.5,-3.0,2.6758,0.1701,0.014,0.0227,0.0,2.3887,0.0229,0.0584,0.0148,1.5125,0.0165,0.5882,0.1007,0.0464,0.2285,1
8.3,-0.5,-2.75,2.1025,0.216,0.0236,0.0226,0.0,3.5975,0.0184,0.058,0.0181,1.097,0.0164,0.431,0.1074,0.0395,0.2593,1
8.3,-0.5,-2.5,1.5624,0.2619,0.035,0.0225,0.0,4.7659,0.0141,0.0578,0.0209,0.7618,0.0163,0.3113,0.1114,0.0315,0.2785,1
8.3,-0.5,-2.25,1.1389,0.3081,0.0479,0.0224,0.0,5.8461,0.0106,0.0575,0.0229,0.5259,0.0162,0.2254,0.1118,0.0245,0.2838,1
8.3,-0.5,-2.0,0.839,0.3566,0.0625,0.0223,0.0,6.8702,0.008,0.0574,0.024,0.371,0.0162,0.1666,0.1078,0.0191,0.2746,1
8.3,-0.5,-1.75,0.6349,0.4087,0.0794,0.0222,0.0,7.8835,0.0062,0.0573,0.0239,0.2714,0.0161,0.1272,0.0996,0.0151,0.253,1
8.3,-0.5,-1.5,0.4964,0.4667,0.0995,0.0222,0.0,8.9393,0.0049,0.0571,0.0229,0.2069,0.0161,0.1011,0.0887,0.0123,0.2238,1
8.4,-0.5,-4.0,1.8498,0.0231,0.0,0.0228,0.0,0.048,0.0138,0.059,0.0023,1.8817,0.0168,1.2672,0.0451,0.0181,0.067,1
8.4,-0.5,-3.75,2.3396,0.0411,0.0,0.023,0.0,0.1594,0.0179,0.0593,0.004,2.087,0.0169,1.1735,0.0552,0.026,0.1023,1
8.4,-0.5,-3.5,2.7179,0.0684,0.0016,0.023,0.0,0.4727,0.0212,0.0593,0.0064,2.1566,0.0168,1.0192,0.0654,0.0337,0.1471,1
8.4,-0.5,-3.25,2.7769,0.1041,0.0043,0.0229,0.0,1.1291,0.0221,0.059,0.0094,1.9852,0.0168,0.8265,0.0746,0.038,0.1946,1
8.4,-0.5,-3.0,2.4877,0.1446,0.0092,0.0228,0.0,2.1089,0.0203,0.0587,0.0125,1.6129,0.0166,0.6335,0.0821,0.0374,0.2376,1
8.4,-0.5,-2.75,2.0149,0.1867,0.0159,0.0227,0.0,3.2321,0.0169,0.0584,0.0155,1.1936,0.0166,0.468,0.0879,0.0332,0.2714,1
8.4,-0.5,-2.5,1.5386,0.2296,0.0242,0.0226,0.0,4.3518,0.0134,0.0582,0.0181,0.8418,0.0165,0.3403,0.0918,0.0277,0.2938,1
8.4,-0.5,-2.25,1.147,0.2733,0.034,0.0225,0.0,5.4131,0.0103,0.058,0.0202,0.5874,0.0164,0.2479,0.0929,0.0223,0.302,1
8.4,-0.5,-2.0,0.8596,0.3195,0.0454,0.0224,0.0,6.436,0.008,0.0578,0.0214,0.4172,0.0163,0.1841,0.0906,0.0178,0.295,1
8.4,-0.5,-1.75,0.6589,0.3696,0.0588,0.0224,0.0,7.4606,0.0063,0.0577,0.0218,0.3066,0.0163,0.1411,0.0848,0.0145,0.2746,1
8.4,-0.5,-1.5,0.5206,0.4264,0.075,0.0223,0.0,8.5461,0.0051,0.0576,0.0213,0.2344,0.0162,0.1127,0.0766,0.012,0.2455,1
8.5,-0.5,-4.0,1.1993,0.0117,0.0,0.0223,0.0,0.0284,0.0079,0.0581,0.0014,1.5863,0.0165,1.0946,0.0479,0.0087,0.0587,1
8.5,-0.5,-3.75,1.6248,0.0228,0.0,0.0227,0.0,0.0996,0.0111,0.0589,0.0025,1.8363,0.0168,1.0611,0.0612,0.0138,0.0926,1
8.5,-0.5,-3.5,2.0428,0.0419,0.0,0.0228,0.0,0.318,0.0143,0.0592,0.0045,1.9942,0.0168,0.9631,0.0757,0.0201,0.1387,1
8.5,-0.5,-3.25,2.2491,0.0693,0.0021,0.0229,0.0,0.8173,0.0161,0.0591,0.0069,1.9243,0.0168,0.8074,0.0892,0.0249,0.1897,1
8.5,-0.5,-3.0,2.1431,0.1027,0.0048,0.0228,0.0,1.6136,0.0157,0.0589,0.0095,1.6238,0.0167,0.6318,0.1001,0.0264,0.2362,1
8.5,-0.5,-2.75,1.8245,0.1388,0.0087,0.0227,0.0,2.576,0.0138,0.0588,0.012,1.2365,0.0167,0.4725,0.1083,0.025,0.2732,1
8.5,-0.5,-2.5,1.4492,0.1767,0.0139,0.0227,0.0,3.5806,0.0114,0.0586,0.0143,0.8899,0.0166,0.3466,0.1144,0.0221,0.2994,1
8.5,-0.5,-2.25,1.1128,0.2162,0.0204,0.0226,0.0,4.5704,0.0091,0.0585,0.0163,0.6291,0.0166,0.2543,0.1178,0.0186,0.3131,1
8.5,-0.5,-2.0,0.852,0.2586,0.0282,0.0226,0.0,5.5489,0.0072,0.0584,0.0179,0.4502,0.0165,0.19,0.1177,0.0154,0.3126,1
8.5,-0.5,-1.75,0.6631,0.3046,0.0377,0.0225,0.0,6.5371,0.0058,0.0583,0.0187,0.3322,0.0165,0.1464,0.1132,0.0129,0.2978,1
8.5,-0.5,-1.5,0.5292,0.3569,0.0493,0.0225,0.0,7.595,0.0048,0.0581,0.0189,0.2547,0.0164,0.1173,0.1051,0.0108,0.2724,1
8.6,-0.5,-4.0,0.6802,0.004,0.0,0.0218,0.0,0.0127,0.0038,0.0569,0.0,1.2348,0.0162,0.8633,0.0298,0.0014,0.0492,1
8.6,-0.5,-3.75,0.9898,0.0087,0.0,0.0224,0.0,0.0465,0.0058,0.0583,0.0014,1.4895,0.0166,0.8742,0.0397,0.0052,0.0798,1
8.6,-0.5,-3.5,1.3869,0.0184,0.0,0.0227,0.0,0.1657,0.0084,0.0589,0.0028,1.7241,0.0168,0.8389,0.052,0.0101,0.1255,1
8.6,-0.5,-3.25,1.722,0.0354,0.0,0.0228,0.0,0.4853,0.0105,0.0591,0.0048,1.7803,0.0168,0.7384,0.0648,0.0146,0.1807,1
8.6,-0.5,-3.0,1.7985,0.0585,0.0021,0.0228,0.0,1.0615,0.0111,0.0591,0.0069,1.5716,0.0168,0.592,0.0748,0.0173,0.2315,1
8.6,-0.5,-2.75,1.6461,0.086,0.004,0.0228,0.0,1.8167,0.0103,0.0591,0.009,1.2359,0.0168,0.4484,0.0821,0.018,0.2714,1
8.6,-0.5,-2.5,1.3776,0.1166,0.0068,0.0228,0.0,2.6534,0.0088,0.059,0.0108,0.9068,0.0168,0.3305,0.0875,0.0169,0.3006,1
8.6,-0.5,-2.25,1.0968,0.1502,0.0105,0.0228,0.0,3.5242,0.0072,0.059,0.0125,0.6477,0.0167,0.2432,0.0918,0.015,0.3204,1
8.6,-0.5,-2.0,0.8587,0.1869,0.0152,0.0227,0.0,4.412,0.0058,0.0589,0.0142,0.4651,0.0167,0.1822,0.0946,0.0128,0.3295,1
8.6,-0.5,-1.75,0.6768,0.2272,0.0211,0.0227,0.0,5.3236,0.0048,0.0588,0.0155,0.3431,0.0167,0.1408,0.0949,0.011,0.3257,1
8.6,-0.5,-1.5,0.5435,0.2726,0.0284,0.0226,0.0,6.2948,0.004,0.0588,0.0163,0.2626,0.0166,0.1131,0.0923,0.0095,0.3096,1
8.7,-0.5,-4.0,0.3077,0.0011,0.0,0.0213,0.0,0.0048,0.0014,0.0561,0.0,0.8459,0.016,0.6067,0.0263,0.0,0.0374,1
8.7,-0.5,-3.75,0.4794,0.0027,0.0,0.0221,0.0,0.0181,0.0023,0.058,0.0,1.0589,0.0165,0.6421,0.0363,0.0,0.0619,1
8.7,-0.5,-3.5,0.7449,0.0064,0.0,0.0226,0.0,0.0718,0.0038,0.059,0.0014,1.302,0.0168,0.6526,0.0503,0.0015,0.1021,1
8.7,-0.5,-3.25,1.0806,0.0146,0.0,0.0228,0.0,0.249,0.0055,0.0594,0.0027,1.4678,0.0169,0.6169,0.0678,0.0056,0.1582,1
8.7,-0.5,-3.0,1.3104,0.0284,0.0,0.0228,0.0,0.6296,0.0067,0.0594,0.0045,1.4022,0.0169,0.5246,0.0837,0.0094,0.2154,1
8.7,-0.5,-2.75,1.3208,0.0458,0.0016,0.0229,0.0,1.1672,0.0067,0.0595,0.0061,1.1482,0.0169,0.4065,0.0941,0.0109,0.2587,1
8.7,-0.5,-2.5,1.1937,0.0669,0.0029,0.0229,0.0,1.8018,0.0061,0.0595,0.0075,0.8656,0.0169,0.303,0.1014,0.0113,0.2898,1
8.7,-0.5,-2.25,1.0072,0.092,0.0048,0.0229,0.0,2.5038,0.0052,0.0595,0.0089,0.6279,0.0169,0.2243,0.1077,0.0108,0.313,1
8.7,-0.5,-2.0,0.819,0.1213,0.0073,0.0229,0.0,3.2612,0.0043,0.0595,0.0103,0.4536,0.0169,0.1686,0.1135,0.0099,0.329,1
8.7,-0.5,-1.75,0.6612,0.155,0.0107,0.0228,0.0,4.0724,0.0036,0.0594,0.0117,0.335,0.0168,0.1308,0.1179,0.0087,0.3359,1
8.7,-0.5,-1.5,0.5386,0.1935,0.015,0.0228,0.0,4.9509,0.003,0.0594,0.0129,0.2562,0.0168,0.1053,0.1197,0.0078,0.3314,1
8.8,-0.5,-4.0,0.1271,0.0,0.0,0.021,0.0,0.0018,0.0,0.0555,0.0,0.5515,0.0159,0.4052,0.0141,0.0,0.0275,1
8.8,-0.5,-3.75,0.2132,0.0,0.0,0.0219,0.0,0.0067,0.0,0.0579,0.0,0.7169,0.0165,0.4502,0.0202,0.0,0.0465,1
8.8,-0.5,-3.5,0.3573,0.002,0.0,0.0225,0.0,0.0282,0.0015,0.0592,0.0,0.9208,0.0169,0.4807,0.0291,0.0,0.0792,1
8.8,-0.5,-3.25,0.5926,0.0053,0.0,0.0228,0.0,0.1147,0.0025,0.0597,0.0014,1.1213,0.017,0.4868,0.042,0.0,0.1314,1
8.8,-0.5,-3.0,0.8426,0.012,0.0,0.0229,0.0,0.3379,0.0035,0.0598,0.0026,1.1662,0.017,0.4434,0.0559,0.0017,0.1918,1
8.8,-0.5,-2.75,0.9726,0.0217,0.0,0.0229,0.0,0.693,0.004,0.0599,0.0039,1.0173,0.0171,0.3598,0.0658,0.0051,0.2401,1
8.8,-0.5,-2.5,0.9709,0.0338,0.0011,0.023,0.0,1.1274,0.004,0.06,0.005,0.7945,0.0171,0.2732,0.0719,0.0062,0.2723,1
8.8,-0.5,-2.25,0.8871,0.0495,0.002,0.023,0.0,1.6397,0.0036,0.06,0.0061,0.5883,0.0171,0.2039,0.0768,0.0077,0.2962,1
8.8,-0.5,-2.0,0.7656,0.0699,0.0033,0.023,0.0,2.2349,0.003,0.0601,0.0072,0.4291,0.017,0.1539,0.0819,0.0073,0.3158,1
8.8,-0.5,-1.75,0.6428,0.0955,0.005,0.023,0.0,2.9144,0.0026,0.06,0.0084,0.3176,0.017,0.1198,0.0873,0.0059,0.3307,1
8.8,-0.5,-1.5,0.5362,0.1265,0.0075,0.0229,0.0,3.6822,0.0022,0.06,0.0096,0.2425,0.017,0.0967,0.0921,0.0055,0.3376,1
8.9,-0.5,-4.0,0.0325,0.0,0.0,0.0138,0.0,0.0,0.0,0.0367,0.0,0.2292,0.0105,0.1399,0.0077,0.0,0.0161,1
8.9,-0.5,-3.75,0.0481,0.0,0.0,0.0196,0.0,0.0034,0.0,0.0521,0.0,0.3058,0.015,0.1599,0.0121,0.0,0.031,1
8.9,-0.5,-3.5,0.0756,0.0,0.0,0.0213,0.0,0.0127,0.0,0.0566,0.0,0.3672,0.0162,0.1608,0.0173,0.0,0.0519,1
8.9,-0.5,-3.25,0.1828,0.0,0.0,0.0225,0.0,0.0293,0.0,0.0594,0.0,0.6209,0.0169,0.2888,0.0291,0.0,0.0803,1
8.9,-0.5,-3.0,0.3211,0.0025,0.0,0.0227,0.0,0.1075,0.001,0.0598,0.0,0.7398,0.0171,0.2943,0.0438,0.0,0.1321,1
8.9,-0.5,-2.75,0.4645,0.0053,0.0,0.0229,0.0,0.261,0.0015,0.0601,0.0016,0.7361,0.0171,0.2636,0.0573,0.0,0.1822,1
8.9,-0.5,-2.5,0.5804,0.0094,0.0,0.023,0.0,0.4647,0.0018,0.0603,0.0024,0.639,0.0172,0.2138,0.067,0.0011,0.2192,1
8.9,-0.5,-2.25,0.6498,0.0149,0.0,0.023,0.0,0.7243,0.0019,0.0604,0.0032,0.5091,0.0172,0.1656,0.0741,0.0016,0.2461,1
8.9,-0.5,-2.0,0.6498,0.0226,0.0,0.023,0.0,1.0569,0.0018,0.0605,0.004,0.3846,0.0172,0.1268,0.08,0.004,0.2662,1
8.9,-0.5,-1.75,0.5718,0.0343,0.0015,0.0231,0.0,1.4978,0.0016,0.0606,0.0046,0.2848,0.0172,0.0987,0.0859,0.004,0.2823,1
8.9,-0.5,-1.5,0.5083,0.0518,0.0025,0.023,0.0,2.0323,0.0014,0.0605,0.0056,0.2177,0.0171,0.08,0.0941,0.004,0.3003,1
9.0,-0.5,-4.0,0.0032,0.0,0.0,0.0097,0.0,0.0,0.0,0.0259,0.0,0.0602,0.0074,0.0405,0.0015,0.0,0.0047,1
9.0,-0.5,-3.75,0.0057,0.0,0.0,0.0107,0.0,0.0,0.0,0.0286,0.0,0.0813,0.0082,0.047,0.0024,0.0,0.009,1
9.0,-0.5,-3.5,0.0131,0.0,0.0,0.0115,0.0,0.0018,0.0,0.0306,0.0,0.1225,0.0087,0.0587,0.0044,0.0,0.0181,1
9.0,-0.5,-3.25,0.0436,0.0,0.0,0.0193,0.0,0.0123,0.0,0.0515,0.0,0.2547,0.0149,0.1023,0.0113,0.0,0.0515,1
9.0,-0.5,-3.0,0.073,0.0,0.0,0.0214,0.0,0.0419,0.0,0.0566,0.0,0.2702,0.0162,0.0989,0.0171,0.0,0.0838,1
9.0,-0.5,-2.75,0.0809,0.0,0.0,0.0222,0.0,0.0913,0.0,0.0592,0.0,0.1983,0.017,0.0726,0.0202,0.0,0.1045,1
9.0,-0.5,-2.5,0.1918,0.0,0.0,0.0227,0.0,0.0972,0.0,0.0601,0.0,0.4137,0.0171,0.1354,0.0288,0.0,0.1375,1
9.0,-0.5,-2.25,0.0367,0.0014,0.0,0.0223,0.0,0.1726,0.0,0.0595,0.0,0.0538,0.0171,0.0228,0.0184,0.0,0.1044,1
9.0,-0.5,-2.0,0.0222,0.002,0.0,0.0208,0.0,0.2089,0.0,0.0552,0.0,0.0268,0.0159,0.0118,0.0176,0.0,0.1006,1
9.0,-0.5,-1.75,0.0127,0.0025,0.0,0.0196,0.0,0.2236,0.0,0.0523,0.0,0.014,0.0151,0.0061,0.0163,0.0,0.0926,1
9.0,-0.5,-1.5,0.0078,0.0032,0.0,0.0195,0.0,0.2478,0.0,0.052,0.0,0.0082,0.015,0.0034,0.016,0.0,0.0886,1
9.1,-0.5,-4.0,0.0,0.0,0.0,0.0078,0.0,0.0,0.0,0.0209,0.0,0.0093,0.006,0.0069,0.0,0.0,0.0,1
9.1,-0.5,-3.75,0.0,0.0,0.0,0.009,0.0,0.0,0.0,0.0242,0.0,0.0142,0.0069,0.0092,0.0,0.0,0.002,1
9.1,-0.5,-3.5,0.0,0.0,0.0,0.01,0.0,0.0,0.0,0.0267,0.0,0.0234,0.0076,0.0128,0.001,0.0,0.0044,1
9.1,-0.5,-3.25,0.0025,0.0,0.0,0.0107,0.0,0.0,0.0,0.0285,0.0,0.0463,0.0081,0.0209,0.0025,0.0,0.011,1
9.1,-0.5,-3.0,0.0096,0.0,0.0,0.0116,0.0,0.0047,0.0,0.0306,0.0,0.084,0.0087,0.0323,0.0059,0.0,0.0265,1
9.1,-0.5,-2.75,0.0191,0.0,0.0,0.0123,0.0,0.0178,0.0,0.0325,0.0,0.0904,0.0093,0.0328,0.0098,0.0,0.0447,1
9.1,-0.5,-2.5,0.0177,0.0,0.0,0.0128,0.0,0.0329,0.0,0.0337,0.0,0.0577,0.0096,0.0213,0.0107,0.0,0.0514,1
9.1,-0.5,-2.25,0.0089,0.0,0.0,0.0131,0.0,0.035,0.0,0.0348,0.0,0.0263,0.0099,0.0101,0.0086,0.0,0.045,1
9.1,-0.5,-2.0,0.0032,0.0,0.0,0.0134,0.0,0.0264,0.0,0.0356,0.0,0.0104,0.0101,0.004,0.0059,0.0,0.0336,1
9.1,-0.5,-1.75,0.0,0.0,0.0,0.0137,0.0,0.0179,0.0,0.0363,0.0,0.0044,0.0103,0.0,0.0039,0.0,0.0243,1
9.1,-0.5,-1.5,0.0,0.0,0.0,0.0138,0.0,0.0137,0.0,0.0368,0.0,0.0023,0.0105,0.0,0.0029,0.0,0.0189,1
6.9,-0.375,-4.0,0.3426,0.0106,0.0,0.0234,0.0,0.0102,0.0046,0.06,0.0,0.2248,0.0169,0.0994,0.0052,0.0075,0.006,1
6.9,-0.375,-3.75,0.3927,0.0166,0.0,0.0229,0.0,0.0329,0.0053,0.0587,0.0,0.2301,0.0165,0.084,0.006,0.0094,0.0087,1
6.9,-0.375,-3.5,0.4135,0.0248,0.0014,0.0224,0.0,0.0928,0.0054,0.0573,0.0014,0.2161,0.0161,0.068,0.0068,0.0107,0.012,1
6.9,-0.375,-3.25,0.3779,0.035,0.0035,0.0219,0.0,0.2105,0.0049,0.0561,0.002,0.1775,0.0158,0.0525,0.0076,0.0105,0.0155,1
6.9,-0.375,-3.0,0.2978,0.0467,0.0071,0.0215,0.0,0.3733,0.0038,0.0551,0.0027,0.1293,0.0154,0.0391,0.0085,0.0087,0.0187,1
6.9,-0.375,-2.75,0.2129,0.0597,0.012,0.0211,0.0,0.5488,0.0027,0.0542,0.0034,0.0882,0.0151,0.0284,0.0091,0.0056,0.0214,1
6.9,-0.375,-2.5,0.1466,0.0739,0.0178,0.0208,0.0,0.7201,0.0019,0.0535,0.004,0.0593,0.0149,0.0203,0.0095,0.004,0.023,1
6.9,-0.375,-2.25,0.1016,0.0893,0.0247,0.0206,0.0,0.8839,0.0013,0.0529,0.0044,0.0408,0.0147,0.0147,0.0094,0.0014,0.0232,1
6.9,-0.375,-2.0,0.0728,0.1055,0.0325,0.0203,0.0,1.0416,0.0,0.0525,0.0046,0.0292,0.0145,0.011,0.0087,0.001,0.0221,1
6.9,-0.375,-1.75,0.0543,0.1221,0.0413,0.0201,0.0,1.1927,0.0,0.0521,0.0044,0.0218,0.0144,0.0084,0.0077,0.0,0.02,1
6.9,-0.375,-1.5,0.0421,0.1386,0.0507,0.0199,0.0,1.3366,0.0,0.0518,0.004,0.017,0.0143,0.0068,0.0066,0.0,0.0174,1
7.0,-0.375,-4.0,0.4278,0.0083,0.0,0.0234,0.0,0.0127,0.0058,0.06,0.0,0.2816,0.017,0.1248,0.0066,0.0094,0.0076,1
7.0,-0.375,-3.75,0.4902,0.013,0.0,0.0229,0.0,0.0409,0.0065,0.0587,0.0011,0.2884,0.0166,0.1055,0.0075,0.0117,0.0109,1
7.0,-0.375,-3.5,0.5162,0.0195,0.0017,0.0224,0.0,0.1153,0.0068,0.0574,0.0017,0.2709,0.0162,0.0853,0.0085,0.0132,0.015,1
7.0,-0.375,-3.25,0.4722,0.0274,0.0043,0.022,0.0,0.2618,0.0061,0.0562,0.0025,0.2228,0.0158,0.066,0.0096,0.013,0.0194,1
7.0,-0.375,-3.0,0.3724,0.0366,0.0088,0.0215,0.0,0.4644,0.0047,0.0552,0.0033,0.1624,0.0155,0.049,0.0106,0.0108,0.0235,1
7.0,-0.375,-2.75,0.2664,0.0468,0.0147,0.0212,0.0,0.6824,0.0034,0.0543,0.0042,0.1108,0.0152,0.0356,0.0114,0.0081,0.0268,1
7.0,-0.375,-2.5,0.1834,0.0578,0.0218,0.0209,0.0,0.8943,0.0024,0.0536,0.005,0.0746,0.0149,0.0256,0.0119,0.0051,0.0287,1
7.0,-0.375,-2.25,0.1272,0.0697,0.0301,0.0206,0.0,1.0959,0.0017,0.0531,0.0055,0.0512,0.0147,0.0185,0.0117,0.0017,0.029,1
7.0,-0.375,-2.0,0.0909,0.082,0.0394,0.0204,0.0,1.2882,0.0012,0.0527,0.0056,0.0366,0.0146,0.0138,0.0109,0.0013,0.0276,1
7.0,-0.375,-1.75,0.0677,0.0946,0.0497,0.0202,0.0,1.4709,0.0,0.0524,0.0054,0.0273,0.0145,0.0105,0.0096,0.0,0.0249,1
7.0,-0.375,-1.5,0.0525,0.107,0.0607,0.02,0.0,1.6437,0.0,0.052,0.0049,0.0213,0.0143,0.0084,0.0082,0.0,0.0216,1
7.1,-0.375,-4.0,0.5332,0.0104,0.0,0.0235,0.0,0.0158,0.0072,0.06,0.0,0.3526,0.017,0.1563,0.0082,0.0115,0.0094,1
7.1,-0.375,-3.75,0.611,0.0162,0.0,0.023,0.0,0.0508,0.0081,0.0587,0.0014,0.3611,0.0166,0.1322,0.0094,0.0145,0.0137,1
7.1,-0.375,-3.5,0.6438,0.0242,0.002,0.0225,0.0,0.1432,0.0084,0.0575,0.0022,0.3396,0.0162,0.107,0.0107,0.0164,0.0188,1
7.1,-0.375,-3.25,0.5896,0.0341,0.0053,0.022,0.0,0.3253,0.0076,0.0563,0.0031,0.2795,0.0158,0.0828,0.012,0.016,0.0242,1
7.1,-0.375,-3.0,0.4655,0.0455,0.0108,0.0216,0.0,0.5774,0.0059,0.0553,0.0042,0.2039,0.0155,0.0616,0.0133,0.0135,0.0294,1
7.1,-0.375,-2.75,0.3334,0.0581,0.0181,0.0212,0.0,0.8491,0.0043,0.0544,0.0052,0.1392,0.0152,0.0447,0.0143,0.0101,0.0335,1
7.1,-0.375,-2.5,0.2298,0.0719,0.0268,0.0209,0.0,1.1128,0.003,0.0537,0.0062,0.0937,0.015,0.0321,0.0149,0.0073,0.036,1
7.1,-0.375,-2.25,0.1594,0.0865,0.037,0.0207,0.0,1.3637,0.0021,0.0532,0.0068,0.0643,0.0148,0.0233,0.0147,0.0044,0.0363,1
7.1,-0.375,-2.0,0.1139,0.1019,0.0485,0.0205,0.0,1.6037,0.0015,0.0528,0.007,0.0459,0.0146,0.0173,0.0137,0.0016,0.0346,1
7.1,-0.375,-1.75,0.0849,0.1176,0.0613,0.0203,0.0,1.833,0.0011,0.0525,0.0067,0.0343,0.0145,0.0133,0.0121,0.0012,0.0312,1
7.1,-0.375,-1.5,0.0658,0.1333,0.0751,0.0201,0.0,2.0518,0.0,0.0522,0.0061,0.0267,0.0144,0.0107,0.0103,0.0,0.0271,1
7.2,-0.375,-4.0,0.6619,0.0127,0.0,0.0235,0.0,0.0195,0.0089,0.06,0.0011,0.4403,0.017,0.1954,0.0081,0.0142,0.0118,1
7.2,-0.375,-3.75,0.7582,0.0199,0.0,0.023,0.0,0.0626,0.0101,0.0588,0.0018,0.4512,0.0166,0.1654,0.0093,0.0178,0.0171,1
7.2,-0.375,-3.5,0.7989,0.0297,0.0025,0.0225,0.0,0.1765,0.0105,0.0575,0.0027,0.4247,0.0162,0.1339,0.0106,0.0202,0.0235,1
7.2,-0.375,-3.25,0.7325,0.042,0.0065,0.022,0.0,0.4011,0.0094,0.0564,0.0038,0.3504,0.0159,0.1036,0.0119,0.0199,0.0302,1
7.2,-0.375,-3.0,0.5792,0.0561,0.0131,0.0216,0.0,0.7125,0.0073,0.0554,0.0051,0.256,0.0155,0.077,0.0131,0.0167,0.0366,1
7.2,-0.375,-2.75,0.4153,0.0715,0.0218,0.0213,0.0,1.0473,0.0053,0.0546,0.0064,0.1749,0.0153,0.0559,0.0142,0.0125,0.0418,1
7.2,-0.375,-2.5,0.2863,0.0882,0.0323,0.021,0.0,1.3704,0.0037,0.0539,0.0076,0.1177,0.015,0.0401,0.0147,0.0091,0.0448,1
7.2,-0.375,-2.25,0.1985,0.1059,0.0442,0.0208,0.0,1.6757,0.0026,0.0534,0.0083,0.0807,0.0149,0.0291,0.0145,0.0055,0.0453,1
7.2,-0.375,-2.0,0.1419,0.1242,0.0577,0.0206,0.0,1.9647,0.0019,0.0531,0.0085,0.0575,0.0147,0.0215,0.0135,0.004,0.043,1
7.2,-0.375,-1.75,0.1054,0.1428,0.0724,0.0204,0.0,2.2393,0.0014,0.0528,0.0082,0.0429,0.0146,0.0166,0.012,0.0015,0.0388,1
7.2,-0.375,-1.5,0.0815,0.1612,0.0881,0.0202,0.0,2.4989,0.0011,0.0525,0.0074,0.0333,0.0145,0.0132,0.0102,0.0011,0.0335,1
7.3,-0.375,-4.0,0.8171,0.0154,0.0,0.0234,0.0,0.0239,0.0109,0.06,0.0013,0.5479,0.0169,0.2434,0.0127,0.0174,0.0147,1
7.3,-0.375,-3.75,0.9357,0.0241,0.0,0.023,0.0,0.0764,0.0124,0.0588,0.0022,0.5621,0.0166,0.206,0.0145,0.0217,0.0213,1
7.3,-0.375,-3.5,0.9869,0.0362,0.003,0.0225,0.0,0.2157,0.0129,0.0576,0.0033,0.5305,0.0162,0.1668,0.0165,0.0246,0.0292,1
7.3,-0.375,-3.25,0.9061,0.0512,0.0077,0.0221,0.0,0.4904,0.0116,0.0565,0.0047,0.439,0.0159,0.1291,0.0185,0.0243,0.0376,1
7.3,-0.375,-3.0,0.7183,0.0684,0.0156,0.0217,0.0,0.8722,0.0091,0.0556,0.0063,0.3216,0.0156,0.0961,0.0205,0.0204,0.0455,1
7.3,-0.375,-2.75,0.5157,0.0872,0.026,0.0214,0.0,1.2819,0.0066,0.0548,0.0078,0.22,0.0153,0.0697,0.0222,0.0154,0.0519,1
7.3,-0.375,-2.5,0.3558,0.1073,0.0382,0.0211,0.0,1.6745,0.0046,0.0542,0.0092,0.148,0.0151,0.05,0.023,0.011,0.0557,1
7.3,-0.375,-2.25,0.2465,0.1283,0.0521,0.0209,0.0,2.042,0.0032,0.0538,0.0101,0.1014,0.015,0.0361,0.0227,0.0078,0.0562,1
7.3,-0.375,-2.0,0.1759,0.1498,0.0674,0.0207,0.0,2.3857,0.0023,0.0534,0.0103,0.0721,0.0148,0.0268,0.0212,0.005,0.0534,1
7.3,-0.375,-1.75,0.1305,0.1714,0.084,0.0206,0.0,2.7096,0.0018,0.0532,0.0098,0.0536,0.0147,0.0205,0.0187,0.0028,0.048,1
7.3,-0.375,-1.5,0.1006,0.1928,0.1016,0.0204,0.0,3.0144,0.0014,0.0529,0.0089,0.0415,0.0146,0.0163,0.016,0.0014,0.0414,1
7.4,-0.375,-4.0,1.0027,0.0184,0.0,0.0234,0.0,0.029,0.0133,0.0599,0.0016,0.6796,0.0169,0.3024,0.0125,0.0211,0.0182,1
7.4,-0.375,-3.75,1.1483,0.029,0.0011,0.023,0.0,0.0927,0.0152,0.0588,0.0026,0.6982,0.0166,0.2561,0.0143,0.0263,0.0264,1
7.4,-0.375,-3.5,1.2115,0.0437,0.0035,0.0226,0.0,0.2616,0.0158,0.0577,0.004,0.6605,0.0163,0.2075,0.0162,0.03,0.0362,1
7.4,-0.375,-3.25,1.1151,0.062,0.0091,0.0221,0.0,0.5957,0.0143,0.0567,0.0057,0.5486,0.0159,0.1605,0.0182,0.0296,0.0466,1
7.4,-0.375,-3.0,0.8858,0.0828,0.0184,0.0218,0.0,1.0601,0.0112,0.0558,0.0076,0.403,0.0157,0.1194,0.0202,0.025,0.0564,1
7.4,-0.375,-2.75,0.6371,0.1054,0.0305,0.0215,0.0,1.5575,0.0081,0.0551,0.0095,0.2761,0.0154,0.0866,0.0218,0.0188,0.0643,1
7.4,-0.375,-2.5,0.4399,0.1293,0.0446,0.0212,0.0,2.0303,0.0057,0.0545,0.0111,0.1856,0.0152,0.0622,0.0226,0.0135,0.069,1
7.4,-0.375,-2.25,0.3046,0.154,0.0604,0.021,0.0,2.4679,0.004,0.0541,0.0121,0.1269,0.0151,0.0449,0.0223,0.0095,0.0695,1
7.4,-0.375,-2.0,0.2171,0.179,0.0775,0.0209,0.0,2.8731,0.0029,0.0538,0.0123,0.09,0.0149,0.0332,0.0208,0.006,0.066,1
7.4,-0.375,-1.75,0.1607,0.2038,0.0959,0.0208,0.0,3.2511,0.0022,0.0536,0.0117,0.0667,0.0149,0.0254,0.0184,0.0046,0.0593,1
7.4,-0.375,-1.5,0.1237,0.2283,0.1152,0.0206,0.0,3.6063,0.0017,0.0533,0.0106,0.0516,0.0148,0.0202,0.0157,0.0017,0.0509,1
7.5,-0.375,-4.0,1.2205,0.0219,0.0,0.0234,0.0,0.0349,0.0161,0.0599,0.002,0.8392,0.0169,0.3745,0.0193,0.0253,0.0224,1
7.5,-0.375,-3.75,1.3963,0.0346,0.0013,0.023,0.0,0.1114,0.0183,0.0589,0.0032,0.8628,0.0166,0.3172,0.0221,0.0314,0.0325,1
7.5,-0.375,-3.5,1.4743,0.0522,0.0041,0.0226,0.0,0.3142,0.0191,0.0579,0.0048,0.8185,0.0163,0.2572,0.0251,0.0358,0.0446,1
7.5,-0.375,-3.25,1.3599,0.0742,0.0105,0.0222,0.0,0.7157,0.0174,0.0569,0.0068,0.6824,0.016,0.199,0.0283,0.0353,0.0574,1
7.5,-0.375,-3.0,1.0838,0.0992,0.0213,0.0219,0.0,1.2749,0.0137,0.056,0.0091,0.5031,0.0157,0.1481,0.0312,0.0299,0.0695,1
7.5,-0.375,-2.75,0.7814,0.126,0.0351,0.0216,0.0,1.8722,0.01,0.0554,0.0113,0.3452,0.0155,0.1073,0.0337,0.0227,0.0791,1
7.5,-0.375,-2.5,0.54,0.154,0.051,0.0214,0.0,2.435,0.007,0.0548,0.0132,0.232,0.0153,0.0769,0.035,0.0163,0.0848,1
7.5,-0.375,-2.25,0.3739,0.1825,0.0684,0.0212,0.0,2.9491,0.0049,0.0545,0.0143,0.1584,0.0152,0.0555,0.0345,0.0116,0.0854,1
7.5,-0.375,-2.0,0.2661,0.211,0.0872,0.0211,0.0,3.421,0.0035,0.0542,0.0145,0.112,0.0151,0.041,0.0321,0.0086,0.081,1
7.5,-0.375,-1.75,0.1967,0.2393,0.1072,0.0209,0.0,3.8581,0.0026,0.054,0.0138,0.0827,0.015,0.0313,0.0285,0.0055,0.0726,1
7.5,-0.375,-1.5,0.151,0.2671,0.1282,0.0208,0.0,4.2681,0.002,0.0538,0.0124,0.0638,0.0149,0.0249,0.0243,0.0043,0.0623,1
7.6,-0.375,-4.0,1.474,0.0258,0.0,0.0234,0.0,0.0418,0.0193,0.0599,0.0024,1.0314,0.0169,0.4616,0.0188,0.03,0.0275,1
7.6,-0.375,-3.75,1.684,0.0408,0.0014,0.023,0.0,0.1326,0.0219,0.059,0.0038,1.0613,0.0167,0.3916,0.0215,0.0372,0.0399,1
7.6,-0.375,-3.5,1.7779,0.0617,0.0046,0.0227,0.0,0.3732,0.0229,0.058,0.0057,1.0092,0.0164,0.3177,0.0245,0.0422,0.0547,1
7.6,-0.375,-3.25,1.6433,0.0878,0.012,0.0223,0.0,0.8505,0.0209,0.0571,0.0081,0.845,0.0161,0.2459,0.0275,0.0418,0.0704,1
7.6,-0.375,-3.0,1.3138,0.1173,0.024,0.022,0.0,1.5153,0.0166,0.0563,0.0107,0.6252,0.0158,0.1829,0.0303,0.0354,0.085,1
7.6,-0.375,-2.75,0.95,0.1487,0.0394,0.0217,0.0,2.2229,0.0121,0.0557,0.0133,0.4298,0.0156,0.1325,0.0327,0.0269,0.0966,1
7.6,-0.375,-2.5,0.6575,0.1808,0.0569,0.0215,0.0,2.8845,0.0085,0.0552,0.0154,0.2889,0.0154,0.0949,0.0338,0.0194,0.1034,1
7.6,-0.375,-2.25,0.4552,0.2132,0.0758,0.0214,0.0,3.4806,0.006,0.0548,0.0167,0.1968,0.0153,0.0683,0.0334,0.0138,0.1042,1
7.6,-0.375,-2.0,0.3237,0.2454,0.0959,0.0212,0.0,4.0228,0.0043,0.0546,0.0169,0.1388,0.0152,0.0504,0.0311,0.01,0.0987,1
7.6,-0.375,-1.75,0.2389,0.2771,0.1172,0.0211,0.0,4.525,0.0032,0.0544,0.016,0.1022,0.0151,0.0384,0.0276,0.0077,0.0884,1
7.6,-0.375,-1.5,0.1832,0.3085,0.1397,0.021,0.0,4.9959,0.0025,0.0542,0.0144,0.0785,0.0151,0.0305,0.0236,0.0051,0.0758,1
7.7,-0.375,-4.0,1.7484,0.0299,0.0,0.0234,0.0,0.049,0.0226,0.0599,0.0028,1.255,0.017,0.5647,0.0287,0.0345,0.0335,1
7.7,-0.375,-3.75,1.995,0.0473,0.0016,0.0231,0.0,0.1549,0.0257,0.0591,0.0044,1.2924,0.0167,0.4796,0.0329,0.0426,0.0484,1
7.7,-0.375,-3.5,2.1075,0.0716,0.0051,0.0227,0.0,0.4352,0.027,0.0582,0.0067,1.2328,0.0164,0.3894,0.0374,0.0486,0.0663,1
7.7,-0.375,-3.25,1.9539,0.102,0.0131,0.0224,0.0,0.9925,0.0247,0.0573,0.0094,1.0374,0.0162,0.3017,0.0419,0.0482,0.0853,1
7.7,-0.375,-3.0,1.5697,0.1362,0.0262,0.0221,0.0,1.7694,0.0198,0.0566,0.0124,0.7712,0.0159,0.2244,0.0462,0.041,0.1029,1
7.7,-0.375,-2.75,1.1393,0.172,0.0429,0.0219,0.0,2.5923,0.0145,0.056,0.0153,0.5315,0.0157,0.1625,0.0496,0.0314,0.1167,1
7.7,-0.375,-2.5,0.7907,0.2083,0.0615,0.0217,0.0,3.3564,0.0102,0.0555,0.0177,0.3574,0.0156,0.1163,0.0514,0.0228,0.1247,1
7.7,-0.375,-2.25,0.548,0.2444,0.0814,0.0215,0.0,4.0399,0.0072,0.0552,0.0191,0.2431,0.0154,0.0837,0.0506,0.0163,0.1256,1
7.7,-0.375,-2.0,0.3895,0.2801,0.1023,0.0214,0.0,4.6549,0.0052,0.055,0.0193,0.171,0.0153,0.0616,0.0472,0.0119,0.119,1
7.7,-0.375,-1.75,0.2874,0.3155,0.1246,0.0213,0.0,5.2256,0.0038,0.0548,0.0183,0.1255,0.0153,0.0469,0.042,0.0089,0.1067,1
7.7,-0.375,-1.5,0.2202,0.3508,0.1485,0.0212,0.0,5.7672,0.003,0.0546,0.0165,0.0962,0.0152,0.0371,0.0359,0.0059,0.0915,1
7.8,-0.375,-4.0,2.0417,0.0341,0.0,0.0234,0.0,0.057,0.0261,0.0599,0.0032,1.5129,0.017,0.6849,0.0274,0.039,0.0403,1
7.8,-0.375,-3.75,2.3252,0.0539,0.0017,0.0231,0.0,0.1779,0.0296,0.0592,0.0051,1.5592,0.0168,0.5832,0.0314,0.0479,0.0581,1
7.8,-0.375,-3.5,2.4566,0.0816,0.0054,0.0228,0.0,0.4981,0.0311,0.0584,0.0076,1.4916,0.0165,0.4739,0.0357,0.0546,0.0796,1
7.8,-0.375,-3.25,2.2852,0.1162,0.0138,0.0225,0.0,1.1358,0.0287,0.0576,0.0107,1.2622,0.0162,0.3673,0.0399,0.0543,0.1023,1
7.8,-0.375,-3.0,1.8451,0.155,0.0276,0.0222,0.0,2.0259,0.0231,0.0569,0.0141,0.9434,0.016,0.2734,0.0439,0.0465,0.1232,1
7.8,-0.375,-2.75,1.3466,0.195,0.0449,0.022,0.0,2.9661,0.017,0.0563,0.0172,0.6524,0.0158,0.1979,0.0471,0.0358,0.1395,1
7.8,-0.375,-2.5,0.9383,0.2351,0.0641,0.0218,0.0,3.8329,0.012,0.0559,0.0198,0.4391,0.0157,0.1415,0.0487,0.0259,0.1488,1
7.8,-0.375,-2.25,0.6516,0.2745,0.0844,0.0217,0.0,4.603,0.0085,0.0556,0.0213,0.2983,0.0156,0.1018,0.048,0.0186,0.1496,1
7.8,-0.375,-2.0,0.4637,0.3137,0.106,0.0216,0.0,5.2988,0.0061,0.0554,0.0215,0.2094,0.0155,0.0748,0.0448,0.0137,0.1419,1
7.8,-0.375,-1.75,0.3421,0.3528,0.1289,0.0215,0.0,5.9422,0.0046,0.0552,0.0205,0.1533,0.0154,0.0569,0.0399,0.0103,0.1275,1
7.8,-0.375,-1.5,0.2622,0.3925,0.1538,0.0213,0.0,6.5621,0.0035,0.0551,0.0186,0.1172,0.0153,0.045,0.0343,0.0081,0.1095,1
7.9,-0.375,-4.0,2.3031,0.0375,0.0,0.0234,0.0,0.0636,0.0289,0.06,0.0035,1.7887,0.017,0.8176,0.0407,0.0417,0.0475,1
7.9,-0.375,-3.75,2.6266,0.0594,0.0017,0.0232,0.0,0.1979,0.0329,0.0594,0.0056,1.8475,0.0168,0.6984,0.0467,0.0515,0.0686,1
7.9,-0.375,-3.5,2.7792,0.09,0.0054,0.0229,0.0,0.5526,0.0347,0.0586,0.0084,1.7745,0.0166,0.5691,0.053,0.0586,0.0939,1
7.9,-0.375,-3.25,2.5984,0.1283,0.0138,0.0226,0.0,1.26,0.0323,0.0579,0.0118,1.5122,0.0163,0.4417,0.0593,0.0587,0.1206,1
7.9,-0.375,-3.0,2.1148,0.1709,0.0275,0.0223,0.0,2.2523,0.0263,0.0572,0.0154,1.1386,0.0161,0.3291,0.0651,0.0508,0.1451,1
7.9,-0.375,-2.75,1.5567,0.2147,0.0448,0.0221,0.0,3.3034,0.0196,0.0567,0.0188,0.7915,0.0159,0.2384,0.0696,0.0395,0.1641,1
7.9,-0.375,-2.5,1.0918,0.2579,0.0638,0.022,0.0,4.2678,0.0139,0.0563,0.0215,0.5338,0.0158,0.1706,0.0719,0.0289,0.1748,1
7.9,-0.375,-2.25,0.7614,0.3005,0.084,0.0218,0.0,5.1235,0.0099,0.056,0.0231,0.3627,0.0157,0.1226,0.0709,0.021,0.1757,1
7.9,-0.375,-2.0,0.5431,0.3429,0.1054,0.0217,0.0,5.8993,0.0072,0.0558,0.0234,0.2542,0.0156,0.09,0.0665,0.0155,0.1668,1
7.9,-0.375,-1.75,0.4014,0.3858,0.1286,0.0216,0.0,6.6275,0.0053,0.0557,0.0224,0.1858,0.0156,0.0683,0.0594,0.0117,0.1502,1
7.9,-0.375,-1.5,0.3082,0.4299,0.154,0.0215,0.0,7.3318,0.0041,0.0555,0.0204,0.1417,0.0155,0.0541,0.0512,0.0091,0.1296,1
8.0,-0.375,-4.0,2.5217,0.04,0.0,0.0234,0.0,0.0689,0.0309,0.0602,0.0038,2.0777,0.017,0.9613,0.0376,0.0429,0.0551,1
8.0,-0.375,-3.75,2.8817,0.0635,0.0016,0.0232,0.0,0.2138,0.0353,0.0596,0.006,2.1521,0.0169,0.8247,0.0432,0.0531,0.0796,1
8.0,-0.375,-3.5,3.057,0.0964,0.0051,0.023,0.0,0.5954,0.0375,0.0589,0.009,2.0765,0.0167,0.674,0.0489,0.0605,0.1089,1
8.0,-0.375,-3.25,2.8763,0.1374,0.013,0.0227,0.0,1.3573,0.0352,0.0582,0.0125,1.7838,0.0164,0.5246,0.0546,0.061,0.1399,1
8.0,-0.375,-3.0,2.3645,0.183,0.026,0.0225,0.0,2.4319,0.0291,0.0575,0.0163,1.3552,0.0162,0.3915,0.0598,0.0536,0.1681,1
8.0,-0.375,-2.75,1.7599,0.2296,0.0425,0.0223,0.0,3.5791,0.0219,0.057,0.0199,0.9486,0.0161,0.2839,0.0638,0.0423,0.1899,1
8.0,-0.375,-2.5,1.2457,0.2754,0.0607,0.0221,0.0,4.6372,0.0158,0.0566,0.0227,0.6422,0.0159,0.2033,0.0659,0.0315,0.2024,1
8.0,-0.375,-2.25,0.8744,0.3205,0.0801,0.022,0.0,5.5757,0.0113,0.0564,0.0245,0.4368,0.0158,0.1461,0.0652,0.0231,0.2036,1
8.0,-0.375,-2.0,0.6266,0.366,0.101,0.0219,0.0,6.4322,0.0082,0.0562,0.0248,0.306,0.0158,0.1074,0.0613,0.0172,0.1936,1
8.0,-0.375,-1.75,0.4645,0.4129,0.124,0.0218,0.0,7.249,0.0062,0.056,0.0239,0.2233,0.0157,0.0816,0.0551,0.013,0.1749,1
8.0,-0.375,-1.5,0.3573,0.4616,0.1495,0.0217,0.0,8.0501,0.0048,0.0559,0.022,0.1701,0.0156,0.0645,0.0477,0.0103,0.1514,1
8.1,-0.375,-4.0,2.5938,0.0402,0.0,0.0235,0.0,0.0702,0.0308,0.0603,0.0037,2.3267,0.0171,1.0952,0.0531,0.0402,0.0617,1
8.1,-0.375,-3.75,2.9884,0.0642,0.0014,0.0233,0.0,0.2187,0.0356,0.0598,0.006,2.4255,0.017,0.947,0.0612,0.0504,0.0894,1
8.1,-0.375,-3.5,3.2004,0.098,0.0044,0.0231,0.0,0.6111,0.0382,0.0592,0.009,2.3611,0.0168,0.7794,0.0696,0.0582,0.1228,1
8.1,-0.375,-3.25,3.0466,0.1404,0.0113,0.0228,0.0,1.399,0.0365,0.0585,0.0127,2.0514,0.0165,0.6097,0.0777,0.0597,0.1581,1
8.1,-0.375,-3.0,2.5447,0.1876,0.0228,0.0226,0.0,2.5222,0.0308,0.0579,0.0165,1.5782,0.0163,0.4569,0.085,0.0534,0.1903,1
8.1,-0.375,-2.75,1.9245,0.2359,0.0376,0.0224,0.0,3.7364,0.0237,0.0574,0.0201,1.1158,0.0162,0.3325,0.0907,0.0431,0.2153,1
8.1,-0.375,-2.5,1.3813,0.2835,0.0543,0.0222,0.0,4.8708,0.0173,0.057,0.0231,0.7604,0.0161,0.2386,0.0938,0.0328,0.2297,1
8.1,-0.375,-2.25,0.9793,0.3305,0.0724,0.0221,0.0,5.8866,0.0126,0.0568,0.0249,0.5188,0.016,0.1719,0.093,0.0245,0.2316,1
8.1,-0.375,-2.0,0.7066,0.3786,0.0921,0.022,0.0,6.8246,0.0092,0.0566,0.0255,0.3637,0.0159,0.1264,0.0881,0.0184,0.221,1
8.1,-0.375,-1.75,0.5264,0.4289,0.114,0.0219,0.0,7.7277,0.007,0.0564,0.0248,0.2653,0.0158,0.0962,0.0797,0.0142,0.2004,1
8.1,-0.375,-1.5,0.4065,0.4824,0.139,0.0219,0.0,8.6318,0.0055,0.0563,0.023,0.2019,0.0158,0.076,0.0696,0.0113,0.1744,1
8.2,-0.375,-4.0,2.5076,0.0371,0.0,0.0234,0.0,0.0668,0.0285,0.0602,0.0035,2.5071,0.0171,1.2059,0.0455,0.0345,0.0664,1
8.2,-0.375,-3.75,2.9372,0.0603,0.0011,0.0233,0.0,0.2102,0.0336,0.0599,0.0056,2.6438,0.017,1.0566,0.053,0.0443,0.0971,1
8.2,-0.375,-3.5,3.1933,0.0934,0.0034,0.0231,0.0,0.5926,0.0368,0.0593,0.0086,2.6062,0.0168,0.8788,0.0605,0.0524,0.1344,1
8.2,-0.375,-3.25,3.0928,0.1352,0.009,0.0229,0.0,1.3694,0.036,0.0587,0.0121,2.2991,0.0166,0.693,0.0677,0.0549,0.1739,1
8.2,-0.375,-3.0,2.6321,0.182,0.0183,0.0227,0.0,2.4927,0.0311,0.0582,0.0158,1.7954,0.0165,0.522,0.0741,0.0504,0.2099,1
8.2,-0.375,-2.75,2.0327,0.2303,0.0307,0.0225,0.0,3.7311,0.0245,0.0577,0.0194,1.2865,0.0163,0.3815,0.0792,0.0418,0.2382,1
8.2,-0.375,-2.5,1.4852,0.2783,0.0451,0.0224,0.0,4.9081,0.0183,0.0574,0.0224,0.8848,0.0162,0.2749,0.0821,0.0328,0.2552,1
8.2,-0.375,-2.25,1.0678,0.3263,0.061,0.0223,0.0,5.9811,0.0135,0.0571,0.0244,0.607,0.0161,0.1985,0.0819,0.025,0.2586,1
8.2,-0.375,-2.0,0.7779,0.3757,0.0786,0.0222,0.0,6.9822,0.0101,0.057,0.0252,0.4266,0.016,0.1463,0.0782,0.019,0.2482,1
8.2,-0.375,-1.75,0.5836,0.4283,0.0986,0.0221,0.0,7.9614,0.0077,0.0568,0.0248,0.3115,0.016,0.1116,0.0715,0.0149,0.2267,1
8.2,-0.375,-1.5,0.4531,0.4852,0.1218,0.022,0.0,8.96,0.0061,0.0567,0.0234,0.2371,0.0159,0.0884,0.063,0.012,0.1986,1
8.3,-0.375,-4.0,2.1264,0.0291,0.0,0.0231,0.0,0.0556,0.0227,0.0597,0.0027,2.4923,0.017,1.2346,0.0568,0.0246,0.0661,1
8.3,-0.375,-3.75,2.5761,0.049,0.0,0.0232,0.0,0.1789,0.0278,0.0597,0.0046,2.6878,0.017,1.109,0.0675,0.0331,0.0985,1
8.3,-0.375,-3.5,2.8907,0.0784,0.0022,0.0231,0.0,0.5167,0.0316,0.0594,0.0072,2.7113,0.0169,0.9415,0.0784,0.0409,0.1388,1
8.3,-0.375,-3.25,2.8858,0.1166,0.006,0.0229,0.0,1.2206,0.032,0.0589,0.0105,2.4496,0.0167,0.7534,0.0886,0.0446,0.182,1
8.3,-0.375,-3.0,2.5362,0.1605,0.0127,0.0227,0.0,2.2699,0.0287,0.0585,0.0139,1.959,0.0166,0.5737,0.0976,0.0429,0.2218,1
8.3,-0.375,-2.75,2.017,0.2065,0.0219,0.0226,0.0,3.4615,0.0235,0.0581,0.0172,1.4308,0.0164,0.4224,0.1047,0.0372,0.2535,1
8.3,-0.375,-2.5,1.5132,0.2529,0.0331,0.0225,0.0,4.6281,0.0181,0.0578,0.0201,0.9985,0.0163,0.3062,0.1093,0.0301,0.2737,1
8.3,-0.375,-2.25,1.1101,0.2997,0.0458,0.0224,0.0,5.7126,0.0137,0.0576,0.0223,0.6913,0.0163,0.2223,0.1102,0.0237,0.2799,1
8.3,-0.375,-2.0,0.8211,0.3485,0.0603,0.0223,0.0,6.7417,0.0104,0.0574,0.0234,0.4885,0.0162,0.1645,0.1065,0.0186,0.2715,1
8.3,-0.375,-1.75,0.6229,0.4012,0.0771,0.0223,0.0,7.7637,0.0081,0.0573,0.0234,0.3578,0.0161,0.1258,0.0986,0.0147,0.2507,1
8.3,-0.375,-1.5,0.4878,0.4595,0.0971,0.0222,0.0,8.8272,0.0065,0.0572,0.0226,0.2729,0.0161,0.1,0.0881,0.012,0.2222,1
8.4,-0.375,-4.0,1.6632,0.0209,0.0,0.0228,0.0,0.0434,0.0163,0.0591,0.002,2.3578,0.0168,1.2031,0.0426,0.0156,0.0632,1
8.4,-0.375,-3.75,2.1009,0.037,0.0,0.023,0.0,0.1438,0.0211,0.0595,0.0035,2.6135,0.0169,1.1147,0.052,0.0223,0.0963,1
8.4,-0.375,-3.5,2.4569,0.0617,0.0013,0.023,0.0,0.4288,0.0252,0.0594,0.0057,2.7128,0.0169,0.9721,0.0618,0.0292,0.139,1
8.4,-0.375,-3.25,2.5421,0.0949,0.0037,0.0229,0.0,1.0381,0.0266,0.0591,0.0085,2.5181,0.0168,0.7931,0.0709,0.0336,0.1853,1
8.4,-0.375,-3.0,2.314,0.1339,0.008,0.0228,0.0,1.9729,0.0249,0.0588,0.0115,2.0665,0.0167,0.6121,0.0787,0.0337,0.2284,1
8.4,-0.375,-2.75,1.9038,0.1757,0.0143,0.0227,0.0,3.0698,0.0211,0.0585,0.0145,1.5434,0.0166,0.4552,0.085,0.0306,0.2633,1
8.4,-0.375,-2.5,1.4706,0.2188,0.0224,0.0226,0.0,4.1798,0.0169,0.0582,0.0172,1.0953,0.0165,0.3326,0.0894,0.0259,0.2868,1
8.4,-0.375,-2.25,1.1062,0.263,0.032,0.0225,0.0,5.2423,0.0132,0.058,0.0194,0.7676,0.0164,0.243,0.091,0.0211,0.2963,1
8.4,-0.375,-2.0,0.8337,0.3095,0.0432,0.0225,0.0,6.2686,0.0103,0.0579,0.0207,0.5466,0.0164,0.1809,0.0891,0.0172,0.2904,1
8.4,-0.375,-1.75,0.6416,0.3601,0.0564,0.0224,0.0,7.3003,0.0081,0.0578,0.0212,0.4023,0.0163,0.139,0.0837,0.0139,0.2711,1
8.4,-0.375,-1.5,0.5079,0.4173,0.0725,0.0223,0.0,8.3956,0.0066,0.0576,0.0208,0.3079,0.0163,0.1109,0.0758,0.0115,0.243,1
8.5,-0.375,-4.0,1.0607,0.0104,0.0,0.0224,0.0,0.0254,0.0091,0.0582,0.0012,1.9684,0.0166,1.0292,0.0448,0.0073,0.055,1
8.5,-0.375,-3.75,1.4287,0.0201,0.0,0.0227,0.0,0.0883,0.0127,0.059,0.0022,2.2707,0.0168,0.9959,0.057,0.0115,0.0864,1
8.5,-0.375,-3.5,1.8002,0.0368,0.0,0.0229,0.0,0.2825,0.0165,0.0593,0.0039,2.4705,0.0169,0.9056,0.0705,0.0167,0.1295,1
8.5,-0.375,-3.25,2.008,0.0616,0.0017,0.0229,0.0,0.736,0.0188,0.0592,0.0061,2.4049,0.0168,0.7643,0.0836,0.021,0.1785,1
8.5,-0.375,-3.0,1.9453,0.0927,0.004,0.0228,0.0,1.4792,0.0187,0.0591,0.0086,2.0512,0.0168,0.6027,0.0947,0.0229,0.2245,1
8.5,-0.375,-2.75,1.684,0.1276,0.0076,0.0228,0.0,2.4004,0.0167,0.0589,0.011,1.5778,0.0167,0.4541,0.1034,0.0223,0.2621,1
8.5,-0.375,-2.5,1.3583,0.165,0.0125,0.0227,0.0,3.3827,0.014,0.0587,0.0133,1.1454,0.0166,0.3352,0.1101,0.0201,0.2896,1
8.5,-0.375,-2.25,1.0552,0.2044,0.0186,0.0227,0.0,4.3641,0.0114,0.0585,0.0154,0.8146,0.0166,0.2471,0.1143,0.0172,0.3047,1
8.5,-0.375,-2.0,0.8147,0.2468,0.0262,0.0226,0.0,5.3403,0.0091,0.0584,0.017,0.5852,0.0165,0.1852,0.1148,0.0145,0.3056,1
8.5,-0.375,-1.75,0.6375,0.2928,0.0354,0.0226,0.0,6.329,0.0074,0.0583,0.018,0.4329,0.0165,0.1431,0.1109,0.0122,0.2922,1
8.5,-0.375,-1.5,0.5109,0.3455,0.0469,0.0225,0.0,7.3938,0.0061,0.0582,0.0183,0.3324,0.0164,0.1149,0.1034,0.0103,0.2682,1
8.6,-0.375,-4.0,0.5967,0.0035,0.0,0.0218,0.0,0.0113,0.0044,0.0569,0.0,1.5254,0.0162,0.807,0.0277,0.0012,0.0461,1
8.6,-0.375,-3.75,0.8571,0.0075,0.0,0.0224,0.0,0.0408,0.0066,0.0584,0.0012,1.8257,0.0166,0.8129,0.0366,0.0043,0.074,1
8.6,-0.375,-3.5,1.1925,0.0157,0.0,0.0227,0.0,0.144,0.0094,0.0591,0.0024,2.1054,0.0168,0.7782,0.0478,0.0081,0.1159,1
8.6,-0.375,-3.25,1.4907,0.0304,0.0,0.0228,0.0,0.426,0.0119,0.0593,0.0041,2.1856,0.0169,0.6875,0.0597,0.0119,0.1677,1
8.6,-0.375,-3.0,1.5823,0.0511,0.0016,0.0228,0.0,0.9477,0.0127,0.0593,0.006,1.9507,0.0169,0.5555,0.0696,0.0144,0.2168,1
8.6,-0.375,-2.75,1.4755,0.0765,0.0034,0.0228,0.0,1.6495,0.012,0.0592,0.0079,1.5515,0.0168,0.4242,0.0771,0.0154,0.2567,1
8.6,-0.375,-2.5,1.2558,0.1056,0.0058,0.0228,0.0,2.4473,0.0105,0.0591,0.0097,1.1493,0.0168,0.3149,0.083,0.0147,0.2869,1
8.6,-0.375,-2.25,1.0154,0.1382,0.0092,0.0228,0.0,3.2931,0.0087,0.0591,0.0115,0.8276,0.0168,0.2332,0.0878,0.0133,0.308,1
8.6,-0.375,-2.0,0.8041,0.1743,0.0137,0.0227,0.0,4.1671,0.0072,0.059,0.0132,0.5976,0.0167,0.1755,0.0911,0.0117,0.3186,1
8.6,-0.375,-1.75,0.6389,0.2142,0.0192,0.0227,0.0,5.0716,0.006,0.0589,0.0145,0.4425,0.0167,0.1361,0.0919,0.01,0.3165,1
8.6,-0.375,-1.5,0.5169,0.2594,0.0263,0.0227,0.0,6.0424,0.005,0.0588,0.0155,0.3397,0.0166,0.1096,0.0898,0.0087,0.3023,1
8.7,-0.375,-4.0,0.2706,0.001,0.0,0.0213,0.0,0.0043,0.0016,0.0561,0.0,1.0469,0.016,0.5671,0.0245,0.0,0.0352,1
8.7,-0.375,-3.75,0.416,0.0023,0.0,0.0221,0.0,0.016,0.0026,0.0581,0.0,1.2999,0.0166,0.5965,0.0336,0.0,0.0577,1
8.7,-0.375,-3.5,0.6334,0.0054,0.0,0.0226,0.0,0.0618,0.0042,0.0591,0.0011,1.5801,0.0169,0.6013,0.046,0.0012,0.094,1
8.7,-0.375,-3.25,0.9107,0.0122,0.0,0.0228,0.0,0.213,0.0061,0.0595,0.0023,1.7755,0.017,0.5668,0.0616,0.0044,0.1451,1
8.7,-0.375,-3.0,1.1142,0.0238,0.0,0.0229,0.0,0.5438,0.0074,0.0596,0.0038,1.7081,0.017,0.4839,0.0763,0.0073,0.1985,1
8.7,-0.375,-2.75,1.1426,0.0391,0.0012,0.0229,0.0,1.0236,0.0075,0.0596,0.0052,1.4141,0.017,0.3777,0.0865,0.0088,0.2403,1
8.7,-0.375,-2.5,1.0537,0.0582,0.0023,0.0229,0.0,1.6062,0.007,0.0597,0.0066,1.0782,0.017,0.2837,0.0941,0.0095,0.2716,1
8.7,-0.375,-2.25,0.9054,0.0816,0.004,0.0229,0.0,2.2675,0.0061,0.0596,0.0079,0.7894,0.0169,0.2115,0.1009,0.0093,0.2957,1
8.7,-0.375,-2.0,0.748,0.1095,0.0063,0.0229,0.0,2.9975,0.0051,0.0596,0.0093,0.5745,0.0169,0.16,0.1072,0.0086,0.3133,1
8.7,-0.375,-1.75,0.6114,0.142,0.0094,0.0229,0.0,3.7898,0.0043,0.0595,0.0107,0.4266,0.0169,0.1246,0.1123,0.0078,0.3221,1
8.7,-0.375,-1.5,0.5026,0.1797,0.0135,0.0228,0.0,4.6576,0.0037,0.0595,0.012,0.3275,0.0168,0.1008,0.1149,0.006,0.3198,1
8.8,-0.375,-4.0,0.1122,0.0,0.0,0.021,0.0,0.0016,0.0,0.0556,0.0,0.6845,0.0159,0.3792,0.0131,0.0,0.0259,1
8.8,-0.375,-3.75,0.1858,0.0,0.0,0.0219,0.0,0.006,0.0,0.0579,0.0,0.8828,0.0165,0.4185,0.0187,0.0,0.0435,1
8.8,-0.375,-3.5,0.3032,0.0017,0.0,0.0225,0.0,0.0242,0.0017,0.0593,0.0,1.1161,0.0169,0.4414,0.0265,0.0,0.0729,1
8.8,-0.375,-3.25,0.4901,0.0043,0.0,0.0228,0.0,0.0957,0.0027,0.0598,0.0011,1.3421,0.0171,0.4426,0.0377,0.0,0.1194,1
8.8,-0.375,-3.0,0.6901,0.0096,0.0,0.0229,0.0,0.2801,0.0037,0.06,0.0021,1.3922,0.0171,0.4017,0.0499,0.0013,0.1735,1
8.8,-0.375,-2.75,0.8089,0.0177,0.0,0.023,0.0,0.5817,0.0043,0.0601,0.0032,1.2292,0.0171,0.3283,0.0591,0.004,0.2187,1
8.8,-0.375,-2.5,0.8225,0.0279,0.0,0.023,0.0,0.9558,0.0044,0.0602,0.0041,0.9686,0.0171,0.2503,0.0648,0.0048,0.249,1
8.8,-0.375,-2.25,0.77,0.0416,0.0015,0.023,0.0,1.4169,0.004,0.0602,0.0051,0.7258,0.0171,0.1883,0.0699,0.0053,0.2733,1
8.8,-0.375,-2.0,0.6799,0.0601,0.0026,0.023,0.0,1.971,0.0035,0.0602,0.0062,0.5349,0.0171,0.1434,0.0754,0.0053,0.2943,1
8.8,-0.375,-1.75,0.5794,0.084,0.0042,0.023,0.0,2.62,0.003,0.0602,0.0074,0.3984,0.0171,0.1123,0.0813,0.0051,0.3111,1
8.8,-0.375,-1.5,0.4895,0.1135,0.0064,0.023,0.0,3.3648,0.0026,0.0601,0.0086,0.3058,0.017,0.0912,0.0866,0.0048,0.3205,1
8.9,-0.375,-4.0,0.0257,0.0,0.0,0.0117,0.0,0.0,0.0,0.0309,0.0,0.2508,0.0088,0.115,0.0063,0.0,0.0133,1
8.9,-0.375,-3.75,0.046,0.0,0.0,0.0192,0.0,0.0033,0.0,0.0513,0.0,0.3959,0.0148,0.1551,0.0118,0.0,0.0302,1
8.9,-0.375,-3.5,0.0647,0.0,0.0,0.021,0.0,0.0112,0.0,0.0557,0.0,0.4451,0.016,0.1468,0.0158,0.0,0.048,1
8.9,-0.375,-3.25,0.15,0.0,0.0,0.0225,0.0,0.024,0.0,0.0595,0.0,0.7397,0.017,0.2609,0.026,0.0,0.0726,1
8.9,-0.375,-3.0,0.2525,0.0019,0.0,0.0228,0.0,0.0839,0.0011,0.06,0.0,0.864,0.0171,0.2611,0.038,0.0,0.1168,1
8.9,-0.375,-2.75,0.365,0.004,0.0,0.0229,0.0,0.1978,0.0015,0.0603,0.0012,0.8617,0.0172,0.2328,0.0494,0.0,0.1602,1
8.9,-0.375,-2.5,0.4642,0.0071,0.0,0.023,0.0,0.3553,0.0019,0.0605,0.0018,0.7557,0.0172,0.1895,0.0577,0.0,0.1929,1
8.9,-0.375,-2.25,0.5445,0.0115,0.0,0.0231,0.0,0.5658,0.0021,0.0607,0.0025,0.614,0.0173,0.1486,0.0648,0.0012,0.2191,1
8.9,-0.375,-2.0,0.5759,0.0179,0.0,0.0231,0.0,0.8485,0.002,0.0608,0.0033,0.4724,0.0173,0.1151,0.0711,0.0016,0.2408,1
8.9,-0.375,-1.75,0.5436,0.0278,0.0012,0.0231,0.0,1.232,0.0018,0.0608,0.004,0.3556,0.0172,0.0905,0.0777,0.0017,0.2599,1
8.9,-0.375,-1.5,0.4506,0.0433,0.002,0.0231,0.0,1.7505,0.0016,0.0607,0.0047,0.2694,0.0172,0.0737,0.085,0.0016,0.2755,1
9.0,-0.375,-4.0,0.0028,0.0,0.0,0.0097,0.0,0.0,0.0,0.0258,0.0,0.0741,0.0074,0.0375,0.0014,0.0,0.0044,1
9.0,-0.375,-3.75,0.0049,0.0,0.0,0.0107,0.0,0.0,0.0,0.0286,0.0,0.0993,0.0082,0.0432,0.0022,0.0,0.0083,1
9.0,-0.375,-3.5,0.0108,0.0,0.0,0.0115,0.0,0.0015,0.0,0.0306,0.0,0.1459,0.0087,0.0527,0.0039,0.0,0.0166,1
9.0,-0.375,-3.25,0.03,0.0,0.0,0.012,0.0,0.0085,0.0,0.0318,0.0,0.2288,0.0091,0.0688,0.0077,0.0,0.0348,1
9.0,-0.375,-3.0,0.0629,0.0,0.0,0.02,0.0,0.038,0.0,0.0531,0.0,0.3223,0.0153,0.0888,0.0155,0.0,0.0766,1
9.0,-0.375,-2.75,0.0641,0.0,0.0,0.0209,0.0,0.0808,0.0,0.0556,0.0,0.2236,0.016,0.0626,0.018,0.0,0.0944,1
9.0,-0.375,-2.5,0.0431,0.0,0.0,0.021,0.0,0.1124,0.0,0.0558,0.0,0.1157,0.016,0.0349,0.0168,0.0,0.0942,1
9.0,-0.375,-2.25,0.0262,0.0011,0.0,0.0196,0.0,0.1388,0.0,0.0522,0.0,0.0555,0.015,0.0181,0.0153,0.0,0.0881,1
9.0,-0.375,-2.0,0.0131,0.0012,0.0,0.0167,0.0,0.1361,0.0,0.0443,0.0,0.0244,0.0128,0.0083,0.0123,0.0,0.0722,1
9.0,-0.375,-1.75,0.0064,0.0013,0.0,0.0139,0.0,0.1239,0.0,0.0368,0.0,0.0111,0.0106,0.0037,0.0098,0.0,0.0577,1
9.0,-0.375,-1.5,0.0037,0.0015,0.0,0.0128,0.0,0.128,0.0,0.034,0.0,0.006,0.0097,0.001,0.009,0.0,0.0514,1
9.1,-0.375,-4.0,0.0,0.0,0.0,0.0078,0.0,0.0,0.0,0.0209,0.0,0.0111,0.006,0.0062,0.0,0.0,0.0,1
9.1,-0.375,-3.75,0.0,0.0,0.0,0.009,0.0,0.0,0.0,0.0241,0.0,0.0169,0.0069,0.0083,0.0,0.0,0.0018,1
9.1,-0.375,-3.5,0.0,0.0,0.0,0.01,0.0,0.0,0.0,0.0267,0.0,0.0274,0.0076,0.0114,0.0,0.0,0.004,1
9.1,-0.375,-3.25,0.0,0.0,0.0,0.0107,0.0,0.0,0.0,0.0285,0.0,0.0512,0.0081,0.0175,0.002,0.0,0.0095,1
9.1,-0.375,-3.0,0.0057,0.0,0.0,0.0115,0.0,0.0031,0.0,0.0306,0.0,0.084,0.0087,0.0246,0.0045,0.0,0.0211,1
9.1,-0.375,-2.75,0.0094,0.0,0.0,0.0123,0.0,0.0099,0.0,0.0325,0.0,0.0815,0.0093,0.0224,0.0066,0.0,0.0325,1
9.1,-0.375,-2.5,0.0073,0.0,0.0,0.0128,0.0,0.0161,0.0,0.0339,0.0,0.0479,0.0097,0.0135,0.0066,0.0,0.0348,1
9.1,-0.375,-2.25,0.0032,0.0,0.0,0.0132,0.0,0.0153,0.0,0.0349,0.0,0.0206,0.01,0.0059,0.005,0.0,0.0287,1
9.1,-0.375,-2.0,0.0,0.0,0.0,0.0135,0.0,0.0105,0.0,0.0358,0.0,0.0079,0.0102,0.0012,0.0031,0.0,0.0203,1
9.1,-0.375,-1.75,0.0,0.0,0.0,0.0137,0.0,0.0066,0.0,0.0365,0.0,0.0035,0.0104,0.0,0.002,0.0,0.0139,1
9.1,-0.375,-1.5,0.0,0.0,0.0,0.0139,0.0,0.0049,0.0,0.0371,0.0,0.0021,0.0106,0.0,0.0014,0.0,0.0105,1
6.9,-0.25,-4.0,0.3419,0.0106,0.0,0.0235,0.0,0.0102,0.0061,0.06,0.0,0.2994,0.017,0.0994,0.0052,0.0074,0.006,1
6.9,-0.25,-3.75,0.3919,0.0166,0.0,0.0229,0.0,0.0328,0.007,0.0587,0.0,0.3065,0.0166,0.084,0.006,0.0094,0.0087,1
6.9,-0.25,-3.5,0.4126,0.0247,0.0013,0.0224,0.0,0.0926,0.0072,0.0574,0.0014,0.2878,0.0162,0.068,0.0068,0.0106,0.012,1
6.9,-0.25,-3.25,0.3772,0.0349,0.0035,0.0219,0.0,0.2101,0.0065,0.0562,0.002,0.2366,0.0158,0.0525,0.0076,0.0105,0.0155,1
6.9,-0.25,-3.0,0.2974,0.0466,0.0071,0.0215,0.0,0.3729,0.005,0.0551,0.0027,0.1723,0.0154,0.0391,0.0085,0.0087,0.0187,1
6.9,-0.25,-2.75,0.2127,0.0596,0.0119,0.0211,0.0,0.5483,0.0036,0.0542,0.0034,0.1175,0.0151,0.0284,0.0091,0.0056,0.0214,1
6.9,-0.25,-2.5,0.1464,0.0739,0.0178,0.0208,0.0,0.7193,0.0025,0.0535,0.004,0.0791,0.0149,0.0203,0.0095,0.004,0.0229,1
6.9,-0.25,-2.25,0.1016,0.0892,0.0246,0.0206,0.0,0.8829,0.0018,0.0529,0.0044,0.0544,0.0147,0.0147,0.0094,0.0014,0.0232,1
6.9,-0.25,-2.0,0.0727,0.1053,0.0324,0.0203,0.0,1.0402,0.0013,0.0525,0.0046,0.0389,0.0145,0.011,0.0087,0.001,0.0221,1
6.9,-0.25,-1.75,0.0543,0.1218,0.0411,0.0201,0.0,1.1908,0.0,0.0521,0.0044,0.0291,0.0144,0.0084,0.0077,0.0,0.02,1
6.9,-0.25,-1.5,0.042,0.1383,0.0504,0.0199,0.0,1.334,0.0,0.0518,0.004,0.0227,0.0143,0.0068,0.0066,0.0,0.0173,1
7.0,-0.25,-4.0,0.4266,0.0083,0.0,0.0235,0.0,0.0127,0.0077,0.06,0.0,0.375,0.017,0.1246,0.0066,0.0093,0.0075,1
7.0,-0.25,-3.75,0.4888,0.013,0.0,0.023,0.0,0.0408,0.0087,0.0587,0.0011,0.384,0.0166,0.1053,0.0075,0.0115,0.0109,1
7.0,-0.25,-3.5,0.5149,0.0194,0.0017,0.0224,0.0,0.115,0.009,0.0574,0.0017,0.3608,0.0162,0.0853,0.0085,0.0132,0.015,1
7.0,-0.25,-3.25,0.4713,0.0274,0.0043,0.022,0.0,0.2612,0.0081,0.0562,0.0025,0.2969,0.0158,0.0659,0.0096,0.0129,0.0193,1
7.0,-0.25,-3.0,0.3718,0.0365,0.0088,0.0216,0.0,0.4636,0.0063,0.0552,0.0033,0.2164,0.0155,0.049,0.0106,0.0108,0.0234,1
7.0,-0.25,-2.75,0.2661,0.0467,0.0146,0.0212,0.0,0.6815,0.0045,0.0543,0.0042,0.1477,0.0152,0.0356,0.0114,0.0081,0.0267,1
7.0,-0.25,-2.5,0.1833,0.0578,0.0217,0.0209,0.0,0.8932,0.0032,0.0536,0.005,0.0994,0.0149,0.0256,0.0119,0.0051,0.0287,1
7.0,-0.25,-2.25,0.1271,0.0696,0.03,0.0206,0.0,1.0944,0.0022,0.0531,0.0055,0.0683,0.0147,0.0185,0.0117,0.0017,0.029,1
7.0,-0.25,-2.0,0.0909,0.0819,0.0393,0.0204,0.0,1.2862,0.0016,0.0527,0.0056,0.0488,0.0146,0.0138,0.0109,0.0013,0.0276,1
7.0,-0.25,-1.75,0.0677,0.0944,0.0495,0.0202,0.0,1.468,0.0012,0.0524,0.0054,0.0364,0.0145,0.0105,0.0096,0.0,0.0249,1
7.0,-0.25,-1.5,0.0524,0.1067,0.0604,0.02,0.0,1.6398,0.0,0.0521,0.0049,0.0284,0.0143,0.0084,0.0082,0.0,0.0215,1
7.1,-0.25,-4.0,0.5315,0.0103,0.0,0.0235,0.0,0.0158,0.0095,0.0601,0.0,0.4693,0.017,0.1562,0.0082,0.0115,0.0094,1
7.1,-0.25,-3.75,0.6088,0.0161,0.0,0.023,0.0,0.0506,0.0108,0.0588,0.0014,0.4807,0.0166,0.132,0.0094,0.0144,0.0137,1
7.1,-0.25,-3.5,0.6416,0.0241,0.002,0.0225,0.0,0.1427,0.0112,0.0575,0.0022,0.4521,0.0162,0.107,0.0106,0.0164,0.0188,1
7.1,-0.25,-3.25,0.588,0.034,0.0053,0.022,0.0,0.3244,0.0101,0.0563,0.0031,0.3723,0.0158,0.0827,0.012,0.016,0.0242,1
7.1,-0.25,-3.0,0.4645,0.0454,0.0108,0.0216,0.0,0.5762,0.0079,0.0553,0.0041,0.2717,0.0155,0.0616,0.0132,0.0135,0.0293,1
7.1,-0.25,-2.75,0.3328,0.058,0.018,0.0212,0.0,0.8476,0.0057,0.0544,0.0052,0.1855,0.0152,0.0447,0.0143,0.0101,0.0335,1
7.1,-0.25,-2.5,0.2294,0.0717,0.0267,0.0209,0.0,1.111,0.004,0.0537,0.0061,0.1248,0.015,0.0321,0.0149,0.0073,0.0359,1
7.1,-0.25,-2.25,0.1592,0.0864,0.0368,0.0207,0.0,1.3613,0.0028,0.0532,0.0068,0.0857,0.0148,0.0233,0.0147,0.0044,0.0363,1
7.1,-0.25,-2.0,0.1139,0.1017,0.0483,0.0205,0.0,1.6005,0.002,0.0528,0.007,0.0612,0.0146,0.0172,0.0137,0.0016,0.0346,1
7.1,-0.25,-1.75,0.0847,0.1173,0.0609,0.0203,0.0,1.8284,0.0015,0.0525,0.0067,0.0457,0.0145,0.0133,0.0121,0.0012,0.0312,1
7.1,-0.25,-1.5,0.0656,0.1329,0.0746,0.0201,0.0,2.0459,0.0012,0.0522,0.0061,0.0356,0.0144,0.0107,0.0103,0.0,0.027,1
7.2,-0.25,-4.0,0.6588,0.0127,0.0,0.0235,0.0,0.0194,0.0118,0.0601,0.0011,0.5857,0.017,0.1951,0.0081,0.0142,0.0118,1
7.2,-0.25,-3.75,0.7547,0.0198,0.0,0.023,0.0,0.0623,0.0134,0.0588,0.0018,0.6002,0.0166,0.165,0.0093,0.0177,0.0171,1
7.2,-0.25,-3.5,0.7954,0.0296,0.0025,0.0225,0.0,0.1757,0.0139,0.0576,0.0027,0.5652,0.0162,0.1337,0.0105,0.0201,0.0234,1
7.2,-0.25,-3.25,0.7301,0.0418,0.0064,0.0221,0.0,0.3997,0.0125,0.0564,0.0038,0.4665,0.0159,0.1034,0.0118,0.0198,0.0302,1
7.2,-0.25,-3.0,0.5778,0.0559,0.013,0.0217,0.0,0.7106,0.0098,0.0554,0.0051,0.341,0.0155,0.077,0.0131,0.0166,0.0366,1
7.2,-0.25,-2.75,0.4145,0.0713,0.0217,0.0213,0.0,1.045,0.007,0.0546,0.0064,0.2331,0.0153,0.0559,0.0142,0.0124,0.0417,1
7.2,-0.25,-2.5,0.2858,0.088,0.0321,0.021,0.0,1.3676,0.0049,0.054,0.0075,0.1568,0.015,0.0401,0.0147,0.0091,0.0448,1
7.2,-0.25,-2.25,0.1981,0.1056,0.044,0.0208,0.0,1.672,0.0035,0.0535,0.0083,0.1075,0.0149,0.0291,0.0145,0.0055,0.0452,1
7.2,-0.25,-2.0,0.1416,0.1238,0.0574,0.0206,0.0,1.9597,0.0025,0.0531,0.0085,0.0766,0.0147,0.0215,0.0135,0.004,0.043,1
7.2,-0.25,-1.75,0.1052,0.1423,0.0719,0.0204,0.0,2.2324,0.0019,0.0528,0.0081,0.0571,0.0146,0.0165,0.0119,0.0015,0.0387,1
7.2,-0.25,-1.5,0.0812,0.1606,0.0875,0.0202,0.0,2.4902,0.0015,0.0525,0.0074,0.0444,0.0145,0.0132,0.0102,0.0011,0.0334,1
7.3,-0.25,-4.0,0.812,0.0153,0.0,0.0234,0.0,0.0237,0.0144,0.06,0.0013,0.7283,0.017,0.2428,0.0127,0.0173,0.0146,1
7.3,-0.25,-3.75,0.9299,0.0239,0.0,0.023,0.0,0.076,0.0164,0.0588,0.0021,0.7472,0.0166,0.2055,0.0145,0.0215,0.0212,1
7.3,-0.25,-3.5,0.9812,0.0359,0.0029,0.0225,0.0,0.2144,0.0171,0.0577,0.0033,0.7054,0.0162,0.1665,0.0164,0.0245,0.0291,1
7.3,-0.25,-3.25,0.9021,0.0509,0.0077,0.0221,0.0,0.4881,0.0154,0.0566,0.0047,0.5842,0.0159,0.1288,0.0185,0.0242,0.0375,1
7.3,-0.25,-3.0,0.7157,0.0681,0.0155,0.0217,0.0,0.8691,0.0121,0.0556,0.0062,0.4282,0.0156,0.0959,0.0205,0.0203,0.0454,1
7.3,-0.25,-2.75,0.5143,0.0869,0.0258,0.0214,0.0,1.2782,0.0087,0.0548,0.0078,0.293,0.0153,0.0695,0.0221,0.0154,0.0518,1
7.3,-0.25,-2.5,0.355,0.1069,0.038,0.0211,0.0,1.6701,0.0061,0.0542,0.0092,0.1971,0.0151,0.0499,0.023,0.011,0.0556,1
7.3,-0.25,-2.25,0.246,0.1279,0.0518,0.0209,0.0,2.0363,0.0043,0.0538,0.01,0.135,0.015,0.0361,0.0227,0.0078,0.0561,1
7.3,-0.25,-2.0,0.1755,0.1493,0.067,0.0207,0.0,2.3783,0.0031,0.0535,0.0102,0.096,0.0148,0.0268,0.0211,0.005,0.0533,1
7.3,-0.25,-1.75,0.1301,0.1707,0.0834,0.0206,0.0,2.7001,0.0023,0.0532,0.0098,0.0713,0.0147,0.0205,0.0187,0.0028,0.0479,1
7.3,-0.25,-1.5,0.1004,0.1918,0.1007,0.0204,0.0,3.0024,0.0018,0.0529,0.0088,0.0552,0.0146,0.0163,0.0159,0.0014,0.0413,1
7.4,-0.25,-4.0,0.9948,0.0183,0.0,0.0234,0.0,0.0287,0.0176,0.06,0.0016,0.9025,0.017,0.3014,0.0124,0.0209,0.0181,1
7.4,-0.25,-3.75,1.1388,0.0287,0.0011,0.023,0.0,0.092,0.02,0.0589,0.0026,0.927,0.0166,0.2553,0.0142,0.0259,0.0262,1
7.4,-0.25,-3.5,1.2023,0.0433,0.0035,0.0226,0.0,0.2595,0.0209,0.0578,0.004,0.8774,0.0163,0.207,0.0162,0.0296,0.036,1
7.4,-0.25,-3.25,1.1081,0.0615,0.009,0.0222,0.0,0.5918,0.0189,0.0567,0.0056,0.7294,0.016,0.1601,0.0182,0.0292,0.0464,1
7.4,-0.25,-3.0,0.8818,0.0824,0.0182,0.0218,0.0,1.055,0.0149,0.0558,0.0075,0.5363,0.0157,0.1192,0.0201,0.0246,0.0562,1
7.4,-0.25,-2.75,0.635,0.105,0.0303,0.0215,0.0,1.5517,0.0108,0.0551,0.0094,0.3675,0.0154,0.0865,0.0217,0.0186,0.0641,1
7.4,-0.25,-2.5,0.4386,0.1288,0.0443,0.0213,0.0,2.0233,0.0076,0.0545,0.011,0.2472,0.0152,0.062,0.0226,0.0135,0.0688,1
7.4,-0.25,-2.25,0.3038,0.1533,0.0599,0.0211,0.0,2.4592,0.0053,0.0541,0.012,0.169,0.0151,0.0448,0.0223,0.0095,0.0694,1
7.4,-0.25,-2.0,0.2164,0.1781,0.0769,0.0209,0.0,2.8622,0.0038,0.0538,0.0122,0.1199,0.015,0.0331,0.0208,0.006,0.0658,1
7.4,-0.25,-1.75,0.1602,0.2028,0.095,0.0208,0.0,3.2376,0.0029,0.0536,0.0117,0.0888,0.0149,0.0254,0.0184,0.0046,0.0591,1
7.4,-0.25,-1.5,0.1232,0.227,0.1142,0.0206,0.0,3.5899,0.0022,0.0534,0.0105,0.0686,0.0148,0.0202,0.0157,0.0017,0.0508,1
7.5,-0.25,-4.0,1.2078,0.0217,0.0,0.0234,0.0,0.0345,0.0212,0.06,0.002,1.1127,0.017,0.3729,0.0192,0.025,0.0223,1
7.5,-0.25,-3.75,1.3806,0.0342,0.0012,0.023,0.0,0.1101,0.0241,0.059,0.0031,1.1438,0.0167,0.3159,0.022,0.0309,0.0323,1
7.5,-0.25,-3.5,1.4593,0.0516,0.004,0.0226,0.0,0.3108,0.0252,0.0579,0.0048,1.0858,0.0163,0.2563,0.025,0.0352,0.0443,1
7.5,-0.25,-3.25,1.3489,0.0735,0.0104,0.0222,0.0,0.7097,0.023,0.0569,0.0068,0.9065,0.016,0.1984,0.0281,0.035,0.0572,1
7.5,-0.25,-3.0,1.0771,0.0985,0.021,0.0219,0.0,1.2667,0.0182,0.0561,0.009,0.669,0.0157,0.1477,0.0311,0.0296,0.0692,1
7.5,-0.25,-2.75,0.7778,0.1253,0.0347,0.0216,0.0,1.8628,0.0132,0.0554,0.0112,0.4593,0.0155,0.1071,0.0336,0.0224,0.0788,1
7.5,-0.25,-2.5,0.5379,0.1532,0.0505,0.0214,0.0,2.4241,0.0093,0.0549,0.0131,0.3088,0.0153,0.0767,0.0349,0.0163,0.0846,1
7.5,-0.25,-2.25,0.3725,0.1815,0.0678,0.0212,0.0,2.9361,0.0065,0.0545,0.0142,0.2108,0.0152,0.0554,0.0344,0.0115,0.0852,1
7.5,-0.25,-2.0,0.2651,0.2099,0.0864,0.0211,0.0,3.4053,0.0047,0.0542,0.0144,0.1491,0.0151,0.0409,0.0321,0.0085,0.0808,1
7.5,-0.25,-1.75,0.196,0.2379,0.1061,0.0209,0.0,3.8394,0.0035,0.054,0.0137,0.1101,0.015,0.0312,0.0284,0.0055,0.0724,1
7.5,-0.25,-1.5,0.1504,0.2654,0.1268,0.0208,0.0,4.2458,0.0027,0.0538,0.0124,0.0848,0.0149,0.0248,0.0242,0.0042,0.0621,1
7.6,-0.25,-4.0,1.4528,0.0255,0.0,0.0234,0.0,0.0412,0.0253,0.06,0.0023,1.3647,0.017,0.4589,0.0186,0.0294,0.0273,1
7.6,-0.25,-3.75,1.6587,0.0402,0.0014,0.0231,0.0,0.1305,0.0287,0.059,0.0037,1.4038,0.0167,0.3893,0.0214,0.0363,0.0395,1
7.6,-0.25,-3.5,1.7531,0.0608,0.0045,0.0227,0.0,0.3679,0.0301,0.0581,0.0056,1.3361,0.0164,0.316,0.0243,0.0414,0.0542,1
7.6,-0.25,-3.25,1.6248,0.0867,0.0117,0.0223,0.0,0.8406,0.0275,0.0572,0.008,1.1206,0.0161,0.2448,0.0273,0.041,0.0699,1
7.6,-0.25,-3.0,1.3028,0.1162,0.0236,0.022,0.0,1.5021,0.022,0.0563,0.0106,0.8304,0.0158,0.1823,0.0302,0.035,0.0845,1
7.6,-0.25,-2.75,0.9441,0.1475,0.0389,0.0217,0.0,2.2081,0.016,0.0557,0.0132,0.5714,0.0156,0.1321,0.0325,0.0267,0.0962,1
7.6,-0.25,-2.5,0.654,0.1796,0.0563,0.0215,0.0,2.8678,0.0113,0.0552,0.0153,0.3842,0.0154,0.0946,0.0337,0.0193,0.103,1
7.6,-0.25,-2.25,0.4531,0.2118,0.075,0.0214,0.0,3.4615,0.0079,0.0549,0.0166,0.2618,0.0153,0.0682,0.0333,0.0137,0.1039,1
7.6,-0.25,-2.0,0.3222,0.2438,0.0949,0.0212,0.0,4.0007,0.0057,0.0546,0.0168,0.1846,0.0152,0.0503,0.031,0.01,0.0984,1
7.6,-0.25,-1.75,0.2378,0.2753,0.1159,0.0211,0.0,4.4996,0.0042,0.0545,0.0159,0.1359,0.0151,0.0383,0.0275,0.0077,0.0881,1
7.6,-0.25,-1.5,0.1823,0.3064,0.1381,0.021,0.0,4.9667,0.0033,0.0542,0.0143,0.1044,0.0151,0.0304,0.0235,0.0051,0.0756,1
7.7,-0.25,-4.0,1.7144,0.0293,0.0,0.0234,0.0,0.0481,0.0295,0.06,0.0027,1.6556,0.017,0.5602,0.0284,0.0336,0.0331,1
7.7,-0.25,-3.75,1.9556,0.0463,0.0015,0.0231,0.0,0.1518,0.0335,0.0592,0.0043,1.7049,0.0167,0.4758,0.0325,0.0414,0.0478,1
7.7,-0.25,-3.5,2.0681,0.0702,0.0049,0.0228,0.0,0.4267,0.0352,0.0583,0.0065,1.6278,0.0164,0.3866,0.037,0.0473,0.0656,1
7.7,-0.25,-3.25,1.9239,0.1003,0.0127,0.0224,0.0,0.9767,0.0324,0.0574,0.0092,1.3728,0.0162,0.2998,0.0416,0.047,0.0845,1
7.7,-0.25,-3.0,1.5516,0.1344,0.0256,0.0221,0.0,1.7485,0.026,0.0566,0.0122,1.0228,0.0159,0.2234,0.0459,0.0404,0.1022,1
7.7,-0.25,-2.75,1.1295,0.1703,0.0421,0.0219,0.0,2.569,0.0191,0.056,0.0151,0.7058,0.0157,0.1618,0.0494,0.0309,0.1161,1
7.7,-0.25,-2.5,0.7852,0.2064,0.0606,0.0217,0.0,3.331,0.0135,0.0556,0.0175,0.4748,0.0156,0.1159,0.0511,0.0224,0.1242,1
7.7,-0.25,-2.25,0.5446,0.2424,0.0802,0.0215,0.0,4.0119,0.0095,0.0553,0.0189,0.3231,0.0155,0.0834,0.0504,0.016,0.1251,1
7.7,-0.25,-2.0,0.3874,0.2779,0.101,0.0214,0.0,4.6245,0.0068,0.0551,0.0191,0.2273,0.0154,0.0613,0.0471,0.0117,0.1186,1
7.7,-0.25,-1.75,0.2857,0.313,0.123,0.0213,0.0,5.1912,0.0051,0.0549,0.0181,0.1668,0.0153,0.0467,0.0418,0.0088,0.1063,1
7.7,-0.25,-1.5,0.2189,0.3481,0.1466,0.0212,0.0,5.7296,0.0039,0.0547,0.0164,0.1278,0.0152,0.037,0.0358,0.0059,0.0911,1
7.8,-0.25,-4.0,1.9872,0.0332,0.0,0.0234,0.0,0.0555,0.0337,0.06,0.0031,1.9876,0.017,0.6772,0.027,0.0374,0.0397,1
7.8,-0.25,-3.75,2.263,0.0524,0.0016,0.0232,0.0,0.173,0.0383,0.0593,0.0049,2.0486,0.0168,0.5768,0.031,0.046,0.0572,1
7.8,-0.25,-3.5,2.3941,0.0794,0.0051,0.0228,0.0,0.4849,0.0403,0.0585,0.0074,1.9621,0.0165,0.469,0.0352,0.0524,0.0784,1
7.8,-0.25,-3.25,2.2367,0.1135,0.0132,0.0225,0.0,1.1107,0.0374,0.0577,0.0104,1.665,0.0163,0.3642,0.0395,0.0526,0.101,1
7.8,-0.25,-3.0,1.8164,0.1522,0.0268,0.0222,0.0,1.9935,0.0303,0.057,0.0138,1.2484,0.016,0.2716,0.0435,0.0455,0.1221,1
7.8,-0.25,-2.75,1.331,0.1924,0.0439,0.022,0.0,2.9311,0.0224,0.0564,0.017,0.865,0.0158,0.1968,0.0467,0.0351,0.1385,1
7.8,-0.25,-2.5,0.9297,0.2324,0.0629,0.0218,0.0,3.7955,0.0159,0.056,0.0196,0.5827,0.0157,0.1408,0.0484,0.0257,0.148,1
7.8,-0.25,-2.25,0.6464,0.2718,0.083,0.0217,0.0,4.5637,0.0112,0.0557,0.0211,0.3961,0.0156,0.1013,0.0477,0.0185,0.1488,1
7.8,-0.25,-2.0,0.4602,0.3107,0.1043,0.0216,0.0,5.2563,0.0081,0.0555,0.0213,0.278,0.0155,0.0744,0.0446,0.0135,0.1412,1
7.8,-0.25,-1.75,0.3397,0.3497,0.127,0.0215,0.0,5.898,0.006,0.0553,0.0203,0.2036,0.0154,0.0566,0.0397,0.0102,0.1269,1
7.8,-0.25,-1.5,0.2603,0.3891,0.1515,0.0214,0.0,6.5136,0.0047,0.0551,0.0184,0.1556,0.0154,0.0448,0.0341,0.0081,0.1091,1
7.9,-0.25,-4.0,2.2198,0.0362,0.0,0.0234,0.0,0.0613,0.0369,0.0601,0.0034,2.3367,0.017,0.8048,0.04,0.0396,0.0466,1
7.9,-0.25,-3.75,2.5294,0.0572,0.0016,0.0232,0.0,0.1904,0.042,0.0595,0.0054,2.4129,0.0168,0.6875,0.0458,0.0487,0.0671,1
7.9,-0.25,-3.5,2.6837,0.0867,0.005,0.0229,0.0,0.5328,0.0445,0.0587,0.0081,2.3219,0.0166,0.5608,0.052,0.0556,0.092,1
7.9,-0.25,-3.25,2.5234,0.1242,0.013,0.0226,0.0,1.2221,0.0417,0.058,0.0114,1.9862,0.0164,0.4363,0.0583,0.0561,0.1186,1
7.9,-0.25,-3.0,2.0693,0.1667,0.0264,0.0224,0.0,2.2026,0.0342,0.0573,0.015,1.5019,0.0161,0.326,0.0642,0.0491,0.1432,1
7.9,-0.25,-2.75,1.5321,0.2107,0.0434,0.0221,0.0,3.2502,0.0256,0.0567,0.0184,1.047,0.016,0.2366,0.0689,0.0386,0.1625,1
7.9,-0.25,-2.5,1.0785,0.2541,0.0623,0.022,0.0,4.2144,0.0183,0.0563,0.0212,0.7073,0.0158,0.1694,0.0713,0.0285,0.1735,1
7.9,-0.25,-2.25,0.7535,0.2966,0.0822,0.0218,0.0,5.0683,0.013,0.056,0.0228,0.4809,0.0157,0.1219,0.0704,0.0208,0.1746,1
7.9,-0.25,-2.0,0.5381,0.339,0.1035,0.0217,0.0,5.843,0.0094,0.0558,0.0231,0.3371,0.0156,0.0895,0.0661,0.0152,0.1659,1
7.9,-0.25,-1.75,0.3979,0.3819,0.1265,0.0216,0.0,6.5712,0.0071,0.0557,0.0221,0.2463,0.0156,0.068,0.0591,0.0115,0.1495,1
7.9,-0.25,-1.5,0.3054,0.4258,0.1516,0.0215,0.0,7.2737,0.0055,0.0555,0.0202,0.1879,0.0155,0.0538,0.051,0.0091,0.129,1
8.0,-0.25,-4.0,2.3961,0.0381,0.0,0.0235,0.0,0.0654,0.0389,0.0603,0.0036,2.6919,0.0171,0.9402,0.0366,0.0397,0.0535,1
8.0,-0.25,-3.75,2.7385,0.0604,0.0015,0.0233,0.0,0.203,0.0444,0.0597,0.0056,2.789,0.0169,0.8069,0.042,0.0492,0.0773,1
8.0,-0.25,-3.5,2.916,0.0917,0.0046,0.023,0.0,0.5669,0.0474,0.059,0.0085,2.6983,0.0167,0.6607,0.0476,0.0565,0.106,1
8.0,-0.25,-3.25,2.7656,0.1316,0.0121,0.0227,0.0,1.3035,0.0449,0.0583,0.0119,2.3298,0.0165,0.5158,0.0534,0.0576,0.1367,1
8.0,-0.25,-3.0,2.2964,0.177,0.0246,0.0225,0.0,2.3602,0.0375,0.0576,0.0157,1.7803,0.0163,0.3864,0.0587,0.0512,0.1652,1
8.0,-0.25,-2.75,1.7226,0.2239,0.0407,0.0223,0.0,3.5025,0.0285,0.0571,0.0193,1.2512,0.0161,0.2811,0.063,0.0409,0.1875,1
8.0,-0.25,-2.5,1.2253,0.2701,0.0588,0.0221,0.0,4.5608,0.0207,0.0567,0.0223,0.8489,0.016,0.2016,0.0652,0.0308,0.2004,1
8.0,-0.25,-2.25,0.8627,0.3154,0.0781,0.022,0.0,5.5016,0.0148,0.0564,0.0241,0.5781,0.0158,0.145,0.0646,0.0227,0.2019,1
8.0,-0.25,-2.0,0.6191,0.361,0.0988,0.0219,0.0,6.3586,0.0108,0.0562,0.0245,0.4052,0.0158,0.1065,0.0609,0.0168,0.1923,1
8.0,-0.25,-1.75,0.4594,0.4079,0.1215,0.0218,0.0,7.1744,0.0081,0.0561,0.0236,0.2957,0.0157,0.0811,0.0548,0.0128,0.1738,1
8.0,-0.25,-1.5,0.3535,0.4567,0.1469,0.0217,0.0,7.9778,0.0063,0.0559,0.0218,0.2253,0.0156,0.0641,0.0475,0.0101,0.1506,1
8.1,-0.25,-4.0,2.4189,0.0376,0.0,0.0235,0.0,0.0655,0.0379,0.0604,0.0035,2.9816,0.0171,1.0618,0.0512,0.0364,0.0593,1
8.1,-0.25,-3.75,2.7919,0.06,0.0012,0.0233,0.0,0.2039,0.0439,0.0599,0.0055,3.112,0.017,0.9193,0.059,0.0456,0.0859,1
8.1,-0.25,-3.5,3.0052,0.0918,0.0039,0.0231,0.0,0.5728,0.0475,0.0593,0.0084,3.0402,0.0168,0.7586,0.0671,0.0532,0.1184,1
8.1,-0.25,-3.25,2.8929,0.1327,0.0102,0.0228,0.0,1.3265,0.0459,0.0586,0.0119,2.6602,0.0166,0.5961,0.0753,0.0554,0.1533,1
8.1,-0.25,-3.0,2.446,0.1795,0.0211,0.0226,0.0,2.4247,0.0393,0.058,0.0157,2.0613,0.0164,0.4488,0.083,0.0504,0.1859,1
8.1,-0.25,-2.75,1.869,0.2282,0.0356,0.0224,0.0,3.6304,0.0305,0.0575,0.0194,1.4656,0.0162,0.3278,0.0891,0.0414,0.2116,1
8.1,-0.25,-2.5,1.3504,0.2763,0.0521,0.0223,0.0,4.7647,0.0225,0.0571,0.0224,1.0019,0.0161,0.2358,0.0925,0.0318,0.2267,1
8.1,-0.25,-2.25,0.9617,0.3238,0.07,0.0221,0.0,5.7857,0.0164,0.0568,0.0244,0.6848,0.016,0.1701,0.092,0.0237,0.2292,1
8.1,-0.25,-2.0,0.6957,0.3722,0.0896,0.022,0.0,6.7286,0.0121,0.0566,0.025,0.4805,0.0159,0.1252,0.0873,0.0179,0.2191,1
8.1,-0.25,-1.75,0.5189,0.4226,0.1114,0.022,0.0,7.6341,0.0092,0.0565,0.0244,0.3506,0.0158,0.0953,0.0792,0.0138,0.199,1
8.1,-0.25,-1.5,0.4011,0.4763,0.1362,0.0219,0.0,8.5421,0.0072,0.0563,0.0227,0.2669,0.0158,0.0755,0.0692,0.011,0.1733,1
8.2,-0.25,-4.0,2.2912,0.0341,0.0,0.0234,0.0,0.0611,0.0343,0.0603,0.0031,3.1736,0.0171,1.1571,0.0434,0.0304,0.0631,1
8.2,-0.25,-3.75,2.6888,0.0553,0.0,0.0233,0.0,0.1922,0.0406,0.06,0.0051,3.3512,0.017,1.0156,0.0505,0.039,0.0923,1
8.2,-0.25,-3.5,2.9431,0.0858,0.0029,0.0231,0.0,0.5453,0.0448,0.0595,0.0078,3.3187,0.0169,0.8477,0.0578,0.0465,0.1282,1
8.2,-0.25,-3.25,2.8863,0.1255,0.0079,0.0229,0.0,1.2772,0.0444,0.0589,0.0111,2.9516,0.0167,0.6718,0.065,0.0496,0.167,1
8.2,-0.25,-3.0,2.4954,0.1716,0.0166,0.0227,0.0,2.3664,0.039,0.0583,0.0149,2.3269,0.0165,0.5094,0.0717,0.0467,0.2035,1
8.2,-0.25,-2.75,1.9528,0.2203,0.0285,0.0225,0.0,3.5911,0.0312,0.0578,0.0185,1.6796,0.0163,0.3742,0.0772,0.0396,0.2328,1
8.2,-0.25,-2.5,1.4402,0.269,0.0426,0.0224,0.0,4.7679,0.0236,0.0575,0.0216,1.1607,0.0162,0.2705,0.0806,0.0314,0.2507,1
8.2,-0.25,-2.25,1.0417,0.3175,0.0584,0.0223,0.0,5.8464,0.0175,0.0572,0.0237,0.7984,0.0161,0.1959,0.0808,0.024,0.255,1
8.2,-0.25,-2.0,0.7617,0.3674,0.0759,0.0222,0.0,6.8535,0.0131,0.057,0.0246,0.5618,0.0161,0.1446,0.0773,0.0185,0.2455,1
8.2,-0.25,-1.75,0.5727,0.4205,0.0958,0.0221,0.0,7.8422,0.01,0.0569,0.0243,0.4105,0.016,0.1103,0.0709,0.0145,0.2246,1
8.2,-0.25,-1.5,0.4453,0.4778,0.1189,0.022,0.0,8.8466,0.0079,0.0567,0.023,0.3126,0.0159,0.0874,0.0625,0.0116,0.1972,1
8.3,-0.25,-4.0,1.897,0.0261,0.0,0.0232,0.0,0.0498,0.0265,0.0598,0.0024,3.1096,0.017,1.1695,0.0534,0.0209,0.062,1
8.3,-0.25,-3.75,2.3025,0.0439,0.0,0.0232,0.0,0.1602,0.0326,0.0598,0.004,3.3582,0.017,1.0527,0.0635,0.0282,0.0924,1
8.3,-0.25,-3.5,2.6014,0.0704,0.0018,0.0231,0.0,0.4657,0.0374,0.0595,0.0064,3.4033,0.0169,0.8971,0.0739,0.0352,0.1308,1
8.3,-0.25,-3.25,2.6333,0.1059,0.0051,0.0229,0.0,1.1166,0.0385,0.0591,0.0094,3.1033,0.0168,0.7225,0.0841,0.0392,0.1728,1
8.3,-0.25,-3.0,2.3573,0.1484,0.0111,0.0228,0.0,2.118,0.0352,0.0586,0.0128,2.5102,0.0166,0.5544,0.0935,0.0387,0.2129,1
8.3,-0.25,-2.75,1.9074,0.1944,0.0198,0.0226,0.0,3.2866,0.0293,0.0582,0.0161,1.8516,0.0165,0.411,0.1013,0.0343,0.2458,1
8.3,-0.25,-2.5,1.4481,0.2412,0.0306,0.0225,0.0,4.4468,0.023,0.0579,0.0191,1.3004,0.0164,0.2994,0.1065,0.0282,0.2672,1
8.3,-0.25,-2.25,1.072,0.2887,0.0432,0.0224,0.0,5.5367,0.0176,0.0576,0.0214,0.9042,0.0163,0.2181,0.1079,0.0224,0.2746,1
8.3,-0.25,-2.0,0.7972,0.3379,0.0574,0.0223,0.0,6.5707,0.0134,0.0575,0.0227,0.6403,0.0162,0.1617,0.1048,0.0178,0.2673,1
8.3,-0.25,-1.75,0.607,0.391,0.0741,0.0223,0.0,7.601,0.0105,0.0573,0.0228,0.4696,0.0162,0.1239,0.0974,0.0142,0.2475,1
8.3,-0.25,-1.5,0.4763,0.4498,0.0939,0.0222,0.0,8.6733,0.0084,0.0572,0.0221,0.3585,0.0161,0.0986,0.0872,0.0115,0.2199,1
8.4,-0.25,-4.0,1.4516,0.0184,0.0,0.0229,0.0,0.0383,0.0186,0.0592,0.0017,2.9031,0.0169,1.1255,0.0396,0.0129,0.0587,1
8.4,-0.25,-3.75,1.8318,0.0323,0.0,0.023,0.0,0.1261,0.024,0.0596,0.003,3.2166,0.017,1.0437,0.0482,0.0184,0.0893,1
8.4,-0.25,-3.5,2.1554,0.054,0.001,0.023,0.0,0.378,0.0289,0.0595,0.0049,3.3533,0.0169,0.9137,0.0574,0.0242,0.1293,1
8.4,-0.25,-3.25,2.2637,0.084,0.003,0.023,0.0,0.9302,0.0311,0.0593,0.0074,3.1438,0.0168,0.7508,0.0663,0.0284,0.1739,1
8.4,-0.25,-3.0,2.1015,0.1209,0.0068,0.0228,0.0,1.8043,0.0297,0.0589,0.0103,2.6122,0.0167,0.5845,0.0744,0.0293,0.2168,1
8.4,-0.25,-2.75,1.7612,0.1618,0.0125,0.0227,0.0,2.8621,0.0258,0.0586,0.0133,1.9727,0.0166,0.4381,0.0813,0.0274,0.2526,1
8.4,-0.25,-2.5,1.3824,0.2048,0.0201,0.0226,0.0,3.9563,0.021,0.0583,0.016,1.4125,0.0165,0.3222,0.0862,0.0237,0.2776,1
8.4,-0.25,-2.25,1.0528,0.2495,0.0294,0.0225,0.0,5.0179,0.0166,0.0581,0.0183,0.9958,0.0164,0.2366,0.0884,0.0196,0.2886,1
8.4,-0.25,-2.0,0.7999,0.2965,0.0404,0.0225,0.0,6.0506,0.0131,0.0579,0.0198,0.7116,0.0164,0.1766,0.0871,0.016,0.2844,1
8.4,-0.25,-1.75,0.619,0.3477,0.0534,0.0224,0.0,7.0923,0.0104,0.0578,0.0204,0.525,0.0163,0.1359,0.0822,0.0132,0.2664,1
8.4,-0.25,-1.5,0.4917,0.4052,0.0693,0.0223,0.0,8.1954,0.0085,0.0577,0.0202,0.4023,0.0163,0.1088,0.0747,0.011,0.2395,1
8.5,-0.25,-4.0,0.909,0.009,0.0,0.0224,0.0,0.0222,0.0102,0.0583,0.0,2.3981,0.0166,0.9523,0.0412,0.0051,0.0507,1
8.5,-0.25,-3.75,1.2176,0.0171,0.0,0.0228,0.0,0.076,0.0141,0.0591,0.0018,2.7565,0.0168,0.9198,0.0521,0.0092,0.0793,1
8.5,-0.25,-3.5,1.5341,0.0313,0.0,0.0229,0.0,0.2432,0.0183,0.0594,0.0032,3.0012,0.0169,0.8376,0.0645,0.0133,0.1188,1
8.5,-0.25,-3.25,1.7314,0.0528,0.0013,0.0229,0.0,0.6422,0.0212,0.0594,0.0052,2.9459,0.0169,0.7112,0.0769,0.0171,0.1649,1
8.5,-0.25,-3.0,1.7095,0.0809,0.0032,0.0229,0.0,1.3167,0.0215,0.0592,0.0074,2.5443,0.0168,0.5658,0.0879,0.0191,0.2097,1
8.5,-0.25,-2.75,1.5117,0.1137,0.0063,0.0228,0.0,2.1812,0.0197,0.059,0.0097,1.9826,0.0168,0.4302,0.0972,0.0191,0.2478,1
8.5,-0.25,-2.5,1.2429,0.1502,0.0107,0.0227,0.0,3.1299,0.0169,0.0588,0.0121,1.4548,0.0167,0.3202,0.1046,0.0177,0.2767,1
8.5,-0.25,-2.25,0.981,0.1894,0.0165,0.0227,0.0,4.0978,0.0139,0.0586,0.0142,1.0432,0.0166,0.2375,0.1096,0.0155,0.2936,1
8.5,-0.25,-2.0,0.7661,0.2317,0.0238,0.0226,0.0,5.0694,0.0113,0.0585,0.0159,0.7535,0.0166,0.1788,0.1109,0.0132,0.2963,1
8.5,-0.25,-1.75,0.6048,0.2779,0.0327,0.0226,0.0,6.0615,0.0093,0.0584,0.017,0.5595,0.0165,0.1386,0.1078,0.0113,0.2848,1
8.5,-0.25,-1.5,0.4875,0.3306,0.0438,0.0225,0.0,7.1314,0.0078,0.0583,0.0175,0.4309,0.0165,0.1116,0.1011,0.0095,0.2625,1
8.6,-0.25,-4.0,0.5071,0.003,0.0,0.0218,0.0,0.0098,0.0048,0.057,0.0,1.85,0.0163,0.7422,0.0254,0.0,0.0425,1
8.6,-0.25,-3.75,0.7183,0.0063,0.0,0.0224,0.0,0.0347,0.0071,0.0585,0.001,2.1954,0.0167,0.7429,0.0332,0.0016,0.0676,1
8.6,-0.25,-3.5,0.9883,0.013,0.0,0.0227,0.0,0.121,0.0101,0.0592,0.0019,2.5164,0.0169,0.7085,0.043,0.0053,0.1051,1
8.6,-0.25,-3.25,1.2387,0.025,0.0,0.0228,0.0,0.3598,0.0128,0.0594,0.0033,2.6204,0.0169,0.6273,0.0538,0.0091,0.1522,1
8.6,-0.25,-3.0,1.3378,0.0427,0.0012,0.0229,0.0,0.8147,0.014,0.0594,0.005,2.3672,0.0169,0.5111,0.0632,0.0113,0.1989,1
8.6,-0.25,-2.75,1.2742,0.0653,0.0026,0.0229,0.0,1.4471,0.0135,0.0594,0.0067,1.908,0.0169,0.3937,0.0708,0.0123,0.2381,1
8.6,-0.25,-2.5,1.1086,0.0922,0.0047,0.0228,0.0,2.1892,0.0121,0.0593,0.0085,1.4311,0.0168,0.2948,0.0771,0.0123,0.269,1
8.6,-0.25,-2.25,0.9142,0.1233,0.0077,0.0228,0.0,2.999,0.0103,0.0592,0.0102,1.041,0.0168,0.2201,0.0825,0.0115,0.2917,1
8.6,-0.25,-2.0,0.7354,0.1584,0.0118,0.0228,0.0,3.8529,0.0086,0.0591,0.0119,0.7575,0.0168,0.1667,0.0864,0.0103,0.3043,1
8.6,-0.25,-1.75,0.5915,0.1976,0.017,0.0227,0.0,4.7465,0.0073,0.059,0.0134,0.564,0.0167,0.1299,0.088,0.0091,0.3045,1
8.6,-0.25,-1.5,0.4828,0.2423,0.0238,0.0227,0.0,5.7136,0.0062,0.0589,0.0145,0.4347,0.0167,0.105,0.0866,0.0081,0.2925,1
8.7,-0.25,-4.0,0.231,0.0,0.0,0.0213,0.0,0.0038,0.0018,0.0562,0.0,1.2737,0.016,0.5219,0.0225,0.0,0.0326,1
8.7,-0.25,-3.75,0.3492,0.0019,0.0,0.0221,0.0,0.0137,0.0029,0.0581,0.0,1.5657,0.0166,0.5447,0.0305,0.0,0.0529,1
8.7,-0.25,-3.5,0.5198,0.0044,0.0,0.0226,0.0,0.0514,0.0044,0.0592,0.0,1.8782,0.0169,0.5436,0.0412,0.0,0.0851,1
8.7,-0.25,-3.25,0.7353,0.0097,0.0,0.0228,0.0,0.1746,0.0063,0.0597,0.0018,2.095,0.017,0.5093,0.0546,0.0015,0.1302,1
8.7,-0.25,-3.0,0.9035,0.019,0.0,0.0229,0.0,0.4483,0.0077,0.0598,0.003,2.0264,0.017,0.4361,0.0677,0.0047,0.1786,1
8.7,-0.25,-2.75,0.9436,0.0316,0.0,0.0229,0.0,0.8561,0.0081,0.0598,0.0042,1.6978,0.017,0.3427,0.0773,0.0058,0.2178,1
8.7,-0.25,-2.5,0.8894,0.0481,0.0017,0.023,0.0,1.3683,0.0077,0.0598,0.0054,1.3108,0.017,0.2594,0.0849,0.0073,0.2484,1
8.7,-0.25,-2.25,0.7844,0.0691,0.0031,0.0229,0.0,1.976,0.0069,0.0598,0.0067,0.9724,0.017,0.1952,0.0922,0.0076,0.2735,1
8.7,-0.25,-2.0,0.6616,0.095,0.0051,0.0229,0.0,2.6665,0.0059,0.0598,0.0081,0.7146,0.017,0.1489,0.0992,0.0072,0.2928,1
8.7,-0.25,-1.75,0.5498,0.126,0.0079,0.0229,0.0,3.4343,0.0051,0.0597,0.0095,0.5346,0.0169,0.1168,0.1051,0.0058,0.3041,1
8.7,-0.25,-1.5,0.4581,0.1625,0.0116,0.0229,0.0,4.2862,0.0044,0.0596,0.0108,0.4127,0.0169,0.0951,0.1087,0.0052,0.3047,1
8.8,-0.25,-4.0,0.0961,0.0,0.0,0.021,0.0,0.0014,0.0,0.0555,0.0,0.8347,0.0159,0.3485,0.0121,0.0,0.0241,1
8.8,-0.25,-3.75,0.1566,0.0,0.0,0.0219,0.0,0.0052,0.0011,0.0579,0.0,1.0662,0.0165,0.3823,0.017,0.0,0.04,1
8.8,-0.25,-3.5,0.2481,0.0014,0.0,0.0225,0.0,0.0201,0.0018,0.0593,0.0,1.3242,0.0169,0.3977,0.0237,0.0,0.066,1
8.8,-0.25,-3.25,0.3874,0.0033,0.0,0.0228,0.0,0.0763,0.0028,0.06,0.0,1.5646,0.0171,0.3932,0.033,0.0,0.106,1
8.8,-0.25,-3.0,0.5361,0.0073,0.0,0.0229,0.0,0.2195,0.0038,0.0602,0.0016,1.614,0.0172,0.3544,0.0431,0.0,0.1527,1
8.8,-0.25,-2.75,0.6319,0.0133,0.0,0.023,0.0,0.455,0.0044,0.0603,0.0024,1.4337,0.0172,0.29,0.0509,0.0013,0.1921,1
8.8,-0.25,-2.5,0.6583,0.0213,0.0,0.0231,0.0,0.7582,0.0046,0.0604,0.0032,1.1456,0.0172,0.2225,0.0562,0.0017,0.2199,1
8.8,-0.25,-2.25,0.6358,0.0327,0.0011,0.0231,0.0,1.1532,0.0043,0.0605,0.0041,0.8718,0.0172,0.1693,0.0613,0.004,0.244,1
8.8,-0.25,-2.0,0.5774,0.0487,0.002,0.0231,0.0,1.6517,0.0039,0.0604,0.0051,0.6504,0.0172,0.1302,0.0671,0.0042,0.2663,1
8.8,-0.25,-1.75,0.5042,0.0702,0.0033,0.0231,0.0,2.2574,0.0034,0.0604,0.0062,0.4894,0.0171,0.103,0.0735,0.0042,0.2857,1
8.8,-0.25,-1.5,0.4338,0.0978,0.0052,0.023,0.0,2.9711,0.003,0.0603,0.0075,0.3787,0.0171,0.0844,0.0796,0.004,0.2983,1
8.9,-0.25,-4.0,0.0218,0.0,0.0,0.0116,0.0,0.0,0.0,0.0309,0.0,0.3038,0.0088,0.105,0.0058,0.0,0.0123,1
8.9,-0.25,-3.75,0.0381,0.0,0.0,0.0193,0.0,0.0028,0.0,0.0514,0.0,0.4743,0.0148,0.1403,0.0106,0.0,0.0277,1
8.9,-0.25,-3.5,0.0619,0.0,0.0,0.0208,0.0,0.0111,0.0,0.0552,0.0,0.5804,0.0159,0.1432,0.0156,0.0,0.0474,1
8.9,-0.25,-3.25,0.1177,0.0,0.0,0.0225,0.0,0.0187,0.0,0.0595,0.0,0.858,0.017,0.2303,0.0226,0.0,0.0641,1
8.9,-0.25,-3.0,0.1879,0.0013,0.0,0.0228,0.0,0.0611,0.001,0.0602,0.0,0.9775,0.0172,0.2252,0.0318,0.0,0.0999,1
8.9,-0.25,-2.75,0.2644,0.0027,0.0,0.0229,0.0,0.1379,0.0014,0.0605,0.0,0.9655,0.0173,0.1979,0.0403,0.0,0.1343,1
8.9,-0.25,-2.5,0.3431,0.0048,0.0,0.0231,0.0,0.2454,0.0018,0.0608,0.0013,0.8575,0.0173,0.1614,0.047,0.0,0.1612,1
8.9,-0.25,-2.25,0.4205,0.008,0.0,0.0231,0.0,0.4012,0.0021,0.061,0.0019,0.7112,0.0173,0.128,0.0533,0.0,0.1846,1
8.9,-0.25,-2.0,0.4698,0.0129,0.0,0.0232,0.0,0.6272,0.0021,0.0611,0.0025,0.5585,0.0174,0.1007,0.0596,0.0012,0.2064,1
8.9,-0.25,-1.75,0.4712,0.0208,0.0,0.0232,0.0,0.9496,0.002,0.0611,0.0032,0.428,0.0173,0.0803,0.0666,0.0014,0.2277,1
8.9,-0.25,-1.5,0.4196,0.0337,0.0015,0.0231,0.0,1.3999,0.0018,0.061,0.0039,0.3291,0.0173,0.0661,0.0746,0.0014,0.2477,1
9.0,-0.25,-4.0,0.0023,0.0,0.0,0.0097,0.0,0.0,0.0,0.0258,0.0,0.089,0.0074,0.0339,0.0013,0.0,0.0041,1
9.0,-0.25,-3.75,0.0041,0.0,0.0,0.0107,0.0,0.0,0.0,0.0286,0.0,0.1181,0.0082,0.0387,0.002,0.0,0.0076,1
9.0,-0.25,-3.5,0.0083,0.0,0.0,0.0115,0.0,0.0012,0.0,0.0306,0.0,0.1683,0.0087,0.0459,0.0034,0.0,0.0148,1
9.0,-0.25,-3.25,0.0207,0.0,0.0,0.012,0.0,0.0063,0.0,0.0318,0.0,0.2472,0.0091,0.0564,0.0063,0.0,0.0294,1
9.0,-0.25,-3.0,0.0424,0.0,0.0,0.0184,0.0,0.0276,0.0,0.0493,0.0,0.3334,0.0144,0.0694,0.0122,0.0,0.0615,1
9.0,-0.25,-2.75,0.0401,0.0,0.0,0.0181,0.0,0.0555,0.0,0.0485,0.0,0.2157,0.0141,0.0458,0.0132,0.0,0.0712,1
9.0,-0.25,-2.5,0.0244,0.0,0.0,0.0163,0.0,0.0711,0.0,0.0434,0.0,0.1009,0.0126,0.0231,0.0113,0.0,0.0647,1
9.0,-0.25,-2.25,0.0118,0.0,0.0,0.0143,0.0,0.071,0.0,0.0379,0.0,0.0424,0.0108,0.0105,0.0088,0.0,0.0533,1
9.0,-0.25,-2.0,0.0055,0.0,0.0,0.0146,0.0,0.0658,0.0,0.0387,0.0,0.0194,0.011,0.005,0.0072,0.0,0.046,1
9.0,-0.25,-1.75,0.0028,0.0,0.0,0.0148,0.0,0.0651,0.0,0.0392,0.0,0.0101,0.0112,0.0025,0.0065,0.0,0.0418,1
9.0,-0.25,-1.5,0.001,0.0,0.0,0.0149,0.0,0.0743,0.0,0.0396,0.0,0.0062,0.0113,0.0,0.0065,0.0,0.041,1
9.1,-0.25,-4.0,0.0,0.0,0.0,0.0078,0.0,0.0,0.0,0.0208,0.0,0.0127,0.006,0.0054,0.0,0.0,0.0,1
9.1,-0.25,-3.75,0.0,0.0,0.0,0.009,0.0,0.0,0.0,0.0241,0.0,0.0194,0.0069,0.0071,0.0,0.0,0.0016,1
9.1,-0.25,-3.5,0.0,0.0,0.0,0.01,0.0,0.0,0.0,0.0267,0.0,0.0306,0.0076,0.0096,0.0,0.0,0.0034,1
9.1,-0.25,-3.25,0.0,0.0,0.0,0.0107,0.0,0.0,0.0,0.0285,0.0,0.0535,0.0081,0.0139,0.0016,0.0,0.0078,1
9.1,-0.25,-3.0,0.0029,0.0,0.0,0.0115,0.0,0.0018,0.0,0.0306,0.0,0.0762,0.0087,0.017,0.0031,0.0,0.0155,1
9.1,-0.25,-2.75,0.0034,0.0,0.0,0.0123,0.0,0.0044,0.0,0.0326,0.0,0.0627,0.0093,0.0131,0.0039,0.0,0.0208,1
9.1,-0.25,-2.5,0.0011,0.0,0.0,0.0128,0.0,0.0056,0.0,0.034,0.0,0.0319,0.0097,0.0067,0.0033,0.0,0.0196,1
9.1,-0.25,-2.25,0.0,0.0,0.0,0.0132,0.0,0.0044,0.0,0.0352,0.0,0.0126,0.01,0.0026,0.0021,0.0,0.0145,1
9.1,-0.25,-2.0,0.0,0.0,0.0,0.0135,0.0,0.0027,0.0,0.0361,0.0,0.005,0.0103,0.0,0.0012,0.0,0.0095,1
9.1,-0.25,-1.75,0.0,0.0,0.0,0.0137,0.0,0.0016,0.0,0.0368,0.0,0.0026,0.0105,0.0,0.0,0.0,0.0061,1
9.1,-0.25,-1.5,0.0,0.0,0.0,0.0139,0.0,0.0013,0.0,0.0374,0.0,0.0019,0.0107,0.0,0.0,0.0,0.0045,1
6.9,-0.125,-4.0,0.3409,0.0106,0.0,0.0235,0.0,0.0102,0.0082,0.06,0.0,0.3986,0.017,0.0992,0.0052,0.0073,0.006,1
6.9,-0.125,-3.75,0.3908,0.0165,0.0,0.0229,0.0,0.0327,0.0093,0.0587,0.0,0.4081,0.0166,0.0839,0.006,0.0093,0.0087,1
6.9,-0.125,-3.5,0.4114,0.0247,0.0013,0.0224,0.0,0.0923,0.0096,0.0574,0.0014,0.3833,0.0162,0.0679,0.0068,0.0106,0.012,1
6.9,-0.125,-3.25,0.3765,0.0348,0.0035,0.022,0.0,0.2097,0.0086,0.0562,0.002,0.3152,0.0158,0.0525,0.0076,0.0103,0.0154,1
6.9,-0.125,-3.0,0.2969,0.0465,0.0071,0.0215,0.0,0.3722,0.0067,0.0551,0.0027,0.2296,0.0155,0.039,0.0084,0.0086,0.0187,1
6.9,-0.125,-2.75,0.2124,0.0595,0.0119,0.0212,0.0,0.5475,0.0048,0.0542,0.0034,0.1567,0.0152,0.0284,0.0091,0.0056,0.0214,1
6.9,-0.125,-2.5,0.1463,0.0737,0.0177,0.0208,0.0,0.7183,0.0034,0.0535,0.004,0.1054,0.0149,0.0203,0.0095,0.004,0.0229,1
6.9,-0.125,-2.25,0.1015,0.089,0.0245,0.0206,0.0,0.8816,0.0024,0.0529,0.0044,0.0725,0.0147,0.0147,0.0094,0.0014,0.0232,1
6.9,-0.125,-2.0,0.0726,0.1051,0.0323,0.0203,0.0,1.0384,0.0017,0.0525,0.0045,0.0518,0.0145,0.011,0.0087,0.001,0.0221,1
6.9,-0.125,-1.75,0.0541,0.1215,0.0409,0.0201,0.0,1.1882,0.0013,0.0522,0.0044,0.0388,0.0144,0.0084,0.0077,0.0,0.02,1
6.9,-0.125,-1.5,0.042,0.1378,0.0502,0.0199,0.0,1.3306,0.001,0.0518,0.004,0.0302,0.0143,0.0068,0.0066,0.0,0.0173,1
7.0,-0.125,-4.0,0.425,0.0083,0.0,0.0235,0.0,0.0127,0.0102,0.06,0.0,0.4991,0.017,0.1244,0.0065,0.0093,0.0075,1
7.0,-0.125,-3.75,0.4871,0.0129,0.0,0.023,0.0,0.0406,0.0116,0.0587,0.0011,0.5111,0.0166,0.1052,0.0075,0.0115,0.0109,1
7.0,-0.125,-3.5,0.5131,0.0193,0.0016,0.0225,0.0,0.1146,0.012,0.0575,0.0017,0.4804,0.0162,0.0852,0.0085,0.0132,0.015,1
7.0,-0.125,-3.25,0.4699,0.0273,0.0043,0.022,0.0,0.2605,0.0107,0.0563,0.0025,0.3954,0.0158,0.0658,0.0095,0.0129,0.0193,1
7.0,-0.125,-3.0,0.371,0.0365,0.0087,0.0216,0.0,0.4626,0.0084,0.0552,0.0033,0.2883,0.0155,0.049,0.0106,0.0108,0.0234,1
7.0,-0.125,-2.75,0.2656,0.0466,0.0146,0.0212,0.0,0.6804,0.006,0.0543,0.0042,0.1968,0.0152,0.0356,0.0114,0.0081,0.0267,1
7.0,-0.125,-2.5,0.1831,0.0576,0.0217,0.0209,0.0,0.8917,0.0042,0.0536,0.0049,0.1324,0.0149,0.0256,0.0119,0.0051,0.0287,1
7.0,-0.125,-2.25,0.1269,0.0694,0.0299,0.0206,0.0,1.0923,0.003,0.0531,0.0054,0.091,0.0147,0.0185,0.0117,0.0017,0.029,1
7.0,-0.125,-2.0,0.0907,0.0817,0.0391,0.0204,0.0,1.2835,0.0022,0.0527,0.0056,0.065,0.0146,0.0137,0.0109,0.0012,0.0276,1
7.0,-0.125,-1.75,0.0676,0.0941,0.0492,0.0203,0.0,1.4642,0.0016,0.0524,0.0054,0.0485,0.0145,0.0105,0.0096,0.0,0.0249,1
7.0,-0.125,-1.5,0.0522,0.1063,0.06,0.0201,0.0,1.6349,0.0013,0.0521,0.0049,0.0378,0.0144,0.0084,0.0082,0.0,0.0215,1
7.1,-0.125,-4.0,0.5289,0.0103,0.0,0.0235,0.0,0.0157,0.0126,0.0601,0.0,0.6243,0.017,0.1558,0.0082,0.0115,0.0094,1
7.1,-0.125,-3.75,0.606,0.016,0.0,0.023,0.0,0.0503,0.0144,0.0588,0.0014,0.6395,0.0166,0.1318,0.0093,0.0142,0.0136,1
7.1,-0.125,-3.5,0.6387,0.024,0.002,0.0225,0.0,0.142,0.0149,0.0575,0.0021,0.6015,0.0162,0.1068,0.0106,0.0163,0.0187,1
7.1,-0.125,-3.25,0.5857,0.0338,0.0053,0.022,0.0,0.323,0.0134,0.0564,0.0031,0.4957,0.0158,0.0826,0.0119,0.0159,0.0241,1
7.1,-0.125,-3.0,0.4633,0.0453,0.0107,0.0216,0.0,0.5747,0.0104,0.0553,0.0041,0.3619,0.0155,0.0615,0.0132,0.0134,0.0293,1
7.1,-0.125,-2.75,0.3322,0.0579,0.0179,0.0212,0.0,0.8457,0.0075,0.0545,0.0052,0.2472,0.0152,0.0446,0.0143,0.01,0.0334,1
7.1,-0.125,-2.5,0.2291,0.0715,0.0266,0.0209,0.0,1.1086,0.0053,0.0538,0.0061,0.1664,0.015,0.0321,0.0149,0.0073,0.0359,1
7.1,-0.125,-2.25,0.1588,0.0861,0.0366,0.0207,0.0,1.3581,0.0037,0.0532,0.0067,0.1142,0.0148,0.0233,0.0147,0.0044,0.0363,1
7.1,-0.125,-2.0,0.1136,0.1013,0.048,0.0205,0.0,1.596,0.0027,0.0529,0.0069,0.0815,0.0146,0.0172,0.0137,0.0016,0.0345,1
7.1,-0.125,-1.75,0.0845,0.1168,0.0605,0.0203,0.0,1.8225,0.002,0.0525,0.0067,0.0608,0.0145,0.0133,0.0121,0.0012,0.0311,1
7.1,-0.125,-1.5,0.0655,0.1322,0.074,0.0201,0.0,2.0381,0.0016,0.0522,0.0061,0.0474,0.0144,0.0106,0.0103,0.0,0.0269,1
7.2,-0.125,-4.0,0.6548,0.0126,0.0,0.0235,0.0,0.0193,0.0156,0.0601,0.0011,0.7785,0.017,0.1947,0.0081,0.0141,0.0117,1
7.2,-0.125,-3.75,0.7499,0.0197,0.0,0.023,0.0,0.0619,0.0177,0.0589,0.0017,0.7978,0.0166,0.1647,0.0092,0.0174,0.017,1
7.2,-0.125,-3.5,0.7909,0.0294,0.0024,0.0225,0.0,0.1747,0.0184,0.0576,0.0026,0.7516,0.0162,0.1334,0.0105,0.0199,0.0233,1
7.2,-0.125,-3.25,0.7266,0.0416,0.0064,0.0221,0.0,0.3978,0.0166,0.0565,0.0038,0.6208,0.0159,0.1032,0.0118,0.0196,0.0301,1
7.2,-0.125,-3.0,0.5758,0.0557,0.0129,0.0217,0.0,0.708,0.013,0.0555,0.0051,0.454,0.0156,0.0769,0.0131,0.0164,0.0365,1
7.2,-0.125,-2.75,0.4133,0.0711,0.0216,0.0213,0.0,1.0419,0.0094,0.0547,0.0064,0.3104,0.0153,0.0558,0.0141,0.0124,0.0417,1
7.2,-0.125,-2.5,0.2852,0.0877,0.0319,0.021,0.0,1.3639,0.0066,0.054,0.0075,0.2089,0.0151,0.0401,0.0147,0.009,0.0447,1
7.2,-0.125,-2.25,0.1977,0.1052,0.0438,0.0208,0.0,1.6671,0.0046,0.0535,0.0082,0.1432,0.0149,0.029,0.0145,0.0055,0.0451,1
7.2,-0.125,-2.0,0.1412,0.1233,0.057,0.0206,0.0,1.9533,0.0033,0.0532,0.0084,0.1021,0.0147,0.0215,0.0135,0.004,0.0429,1
7.2,-0.125,-1.75,0.1049,0.1416,0.0714,0.0204,0.0,2.2238,0.0025,0.0529,0.0081,0.076,0.0146,0.0165,0.0119,0.0014,0.0386,1
7.2,-0.125,-1.5,0.081,0.1597,0.0866,0.0203,0.0,2.4788,0.0019,0.0526,0.0073,0.059,0.0145,0.0131,0.0102,0.0011,0.0333,1
7.3,-0.125,-4.0,0.8053,0.0151,0.0,0.0235,0.0,0.0235,0.0191,0.0601,0.0013,0.9669,0.017,0.242,0.0126,0.0172,0.0146,1
7.3,-0.125,-3.75,0.9221,0.0237,0.0,0.023,0.0,0.0753,0.0217,0.0589,0.0021,0.9921,0.0166,0.2049,0.0144,0.0213,0.0211,1
7.3,-0.125,-3.5,0.9733,0.0356,0.0029,0.0226,0.0,0.2126,0.0226,0.0577,0.0032,0.937,0.0163,0.1661,0.0164,0.0242,0.029,1
7.3,-0.125,-3.25,0.8964,0.0506,0.0076,0.0221,0.0,0.485,0.0204,0.0566,0.0046,0.7767,0.0159,0.1286,0.0184,0.024,0.0374,1
7.3,-0.125,-3.0,0.7125,0.0677,0.0154,0.0217,0.0,0.8649,0.0161,0.0557,0.0062,0.5699,0.0156,0.0957,0.0204,0.0201,0.0453,1
7.3,-0.125,-2.75,0.5124,0.0865,0.0256,0.0214,0.0,1.2733,0.0116,0.0549,0.0078,0.3901,0.0154,0.0695,0.0221,0.0152,0.0517,1
7.3,-0.125,-2.5,0.3539,0.1065,0.0377,0.0211,0.0,1.6641,0.0081,0.0543,0.0091,0.2624,0.0151,0.0499,0.023,0.011,0.0555,1
7.3,-0.125,-2.25,0.2453,0.1273,0.0514,0.0209,0.0,2.0288,0.0057,0.0538,0.01,0.1797,0.015,0.0361,0.0227,0.0078,0.056,1
7.3,-0.125,-2.0,0.1749,0.1485,0.0664,0.0208,0.0,2.3689,0.0041,0.0535,0.0102,0.1278,0.0148,0.0267,0.0211,0.0049,0.0532,1
7.3,-0.125,-1.75,0.1298,0.1697,0.0826,0.0206,0.0,2.6876,0.0031,0.0533,0.0097,0.0949,0.0147,0.0205,0.0186,0.0028,0.0478,1
7.3,-0.125,-1.5,0.0999,0.1906,0.0996,0.0204,0.0,2.9865,0.0024,0.053,0.0088,0.0735,0.0146,0.0163,0.0159,0.0014,0.0411,1
7.4,-0.125,-4.0,0.9844,0.0181,0.0,0.0234,0.0,0.0284,0.0232,0.06,0.0016,1.1967,0.017,0.3002,0.0123,0.0206,0.018,1
7.4,-0.125,-3.75,1.1262,0.0284,0.001,0.023,0.0,0.0909,0.0263,0.0589,0.0026,1.229,0.0166,0.2543,0.0141,0.0255,0.0261,1
7.4,-0.125,-3.5,1.1899,0.0428,0.0034,0.0226,0.0,0.2568,0.0275,0.0578,0.0039,1.164,0.0163,0.2062,0.0161,0.0292,0.0358,1
7.4,-0.125,-3.25,1.0989,0.0609,0.0089,0.0222,0.0,0.5867,0.025,0.0568,0.0056,0.9688,0.016,0.1596,0.0181,0.0288,0.0462,1
7.4,-0.125,-3.0,0.8763,0.0818,0.018,0.0218,0.0,1.0482,0.0198,0.0559,0.0075,0.7132,0.0157,0.1189,0.02,0.0245,0.056,1
7.4,-0.125,-2.75,0.6319,0.1043,0.03,0.0215,0.0,1.5437,0.0143,0.0552,0.0094,0.4891,0.0154,0.0863,0.0217,0.0186,0.064,1
7.4,-0.125,-2.5,0.4369,0.1281,0.0439,0.0213,0.0,2.014,0.01,0.0546,0.011,0.329,0.0152,0.062,0.0225,0.0134,0.0687,1
7.4,-0.125,-2.25,0.3027,0.1525,0.0594,0.0211,0.0,2.4478,0.0071,0.0542,0.012,0.2249,0.0151,0.0447,0.0222,0.0095,0.0692,1
7.4,-0.125,-2.0,0.2156,0.1771,0.0761,0.0209,0.0,2.8479,0.0051,0.0539,0.0122,0.1595,0.015,0.0331,0.0207,0.0059,0.0657,1
7.4,-0.125,-1.75,0.1595,0.2015,0.094,0.0208,0.0,3.2199,0.0038,0.0537,0.0116,0.118,0.0149,0.0252,0.0183,0.0045,0.0589,1
7.4,-0.125,-1.5,0.1227,0.2254,0.1128,0.0206,0.0,3.5683,0.0029,0.0534,0.0104,0.0912,0.0148,0.0201,0.0156,0.0017,0.0506,1
7.5,-0.125,-4.0,1.19,0.0214,0.0,0.0234,0.0,0.034,0.0278,0.06,0.0019,1.4722,0.017,0.3708,0.0191,0.0245,0.0221,1
7.5,-0.125,-3.75,1.361,0.0337,0.0012,0.0231,0.0,0.1085,0.0316,0.059,0.0031,1.5136,0.0167,0.3141,0.0218,0.0302,0.032,1
7.5,-0.125,-3.5,1.4381,0.0508,0.0039,0.0227,0.0,0.3061,0.0331,0.058,0.0047,1.4373,0.0164,0.2549,0.0248,0.0345,0.044,1
7.5,-0.125,-3.25,1.3336,0.0726,0.0101,0.0223,0.0,0.7013,0.0302,0.057,0.0067,1.2023,0.016,0.1976,0.028,0.0343,0.0568,1
7.5,-0.125,-3.0,1.0681,0.0975,0.0206,0.0219,0.0,1.2557,0.024,0.0561,0.0089,0.8887,0.0158,0.1472,0.031,0.0292,0.0689,1
7.5,-0.125,-2.75,0.7728,0.1243,0.0343,0.0216,0.0,1.8501,0.0175,0.0555,0.0111,0.6107,0.0155,0.1068,0.0334,0.0223,0.0785,1
7.5,-0.125,-2.5,0.535,0.1521,0.0499,0.0214,0.0,2.4097,0.0123,0.0549,0.013,0.4107,0.0154,0.0766,0.0347,0.016,0.0843,1
7.5,-0.125,-2.25,0.3707,0.1803,0.067,0.0212,0.0,2.9189,0.0086,0.0545,0.0141,0.2803,0.0152,0.0553,0.0343,0.0115,0.0849,1
7.5,-0.125,-2.0,0.2638,0.2083,0.0854,0.0211,0.0,3.3846,0.0062,0.0543,0.0143,0.1982,0.0151,0.0408,0.032,0.0083,0.0805,1
7.5,-0.125,-1.75,0.1949,0.2361,0.1047,0.021,0.0,3.8148,0.0046,0.0541,0.0136,0.1463,0.015,0.0312,0.0283,0.0055,0.0722,1
7.5,-0.125,-1.5,0.1496,0.2633,0.1251,0.0208,0.0,4.2168,0.0036,0.0539,0.0122,0.1126,0.0149,0.0247,0.0241,0.0042,0.0619,1
7.6,-0.125,-4.0,1.4252,0.025,0.0,0.0234,0.0,0.0404,0.033,0.06,0.0023,1.8008,0.017,0.4553,0.0185,0.0285,0.027,1
7.6,-0.125,-3.75,1.6256,0.0394,0.0013,0.0231,0.0,0.1279,0.0375,0.0591,0.0036,1.8519,0.0167,0.3862,0.0211,0.0352,0.0391,1
7.6,-0.125,-3.5,1.7202,0.0596,0.0043,0.0227,0.0,0.3606,0.0393,0.0582,0.0055,1.7644,0.0164,0.3137,0.024,0.0401,0.0536,1
7.6,-0.125,-3.25,1.6,0.0852,0.0113,0.0224,0.0,0.8273,0.0361,0.0572,0.0078,1.4831,0.0161,0.2433,0.0271,0.0401,0.0693,1
7.6,-0.125,-3.0,1.2881,0.1147,0.0231,0.022,0.0,1.4845,0.0289,0.0564,0.0105,1.1015,0.0159,0.1814,0.03,0.0344,0.084,1
7.6,-0.125,-2.75,0.9358,0.146,0.0382,0.0218,0.0,2.1879,0.0212,0.0558,0.013,0.7589,0.0156,0.1315,0.0323,0.0263,0.0957,1
7.6,-0.125,-2.5,0.6495,0.178,0.0554,0.0216,0.0,2.8456,0.0149,0.0553,0.0152,0.5105,0.0155,0.0944,0.0336,0.0191,0.1026,1
7.6,-0.125,-2.25,0.4502,0.21,0.0739,0.0214,0.0,3.4362,0.0105,0.0549,0.0164,0.3479,0.0153,0.068,0.0331,0.0137,0.1034,1
7.6,-0.125,-2.0,0.3202,0.2417,0.0935,0.0213,0.0,3.9715,0.0075,0.0547,0.0166,0.2453,0.0152,0.0501,0.0309,0.01,0.0979,1
7.6,-0.125,-1.75,0.2363,0.2729,0.1142,0.0211,0.0,4.466,0.0056,0.0545,0.0158,0.1805,0.0152,0.0382,0.0274,0.0074,0.0878,1
7.6,-0.125,-1.5,0.1811,0.3036,0.136,0.021,0.0,4.9289,0.0043,0.0543,0.0142,0.1386,0.0151,0.0303,0.0234,0.0051,0.0752,1
7.7,-0.125,-4.0,1.6704,0.0286,0.0,0.0234,0.0,0.0472,0.0381,0.0601,0.0026,2.1757,0.017,0.5535,0.028,0.0323,0.0327,1
7.7,-0.125,-3.75,1.9019,0.045,0.0014,0.0231,0.0,0.1475,0.0433,0.0593,0.0042,2.2395,0.0168,0.4705,0.0321,0.0396,0.0471,1
7.7,-0.125,-3.5,2.0146,0.0683,0.0046,0.0228,0.0,0.4152,0.0456,0.0584,0.0063,2.1411,0.0165,0.3826,0.0365,0.0455,0.0646,1
7.7,-0.125,-3.25,1.8837,0.0979,0.0122,0.0225,0.0,0.9556,0.0422,0.0575,0.009,1.8114,0.0162,0.2972,0.0411,0.0456,0.0835,1
7.7,-0.125,-3.0,1.5276,0.132,0.0249,0.0222,0.0,1.7206,0.0341,0.0567,0.012,1.3536,0.016,0.2218,0.0455,0.0395,0.1012,1
7.7,-0.125,-2.75,1.1165,0.1679,0.0411,0.0219,0.0,2.538,0.0251,0.0561,0.0149,0.936,0.0158,0.161,0.049,0.0304,0.1153,1
7.7,-0.125,-2.5,0.7778,0.204,0.0593,0.0217,0.0,3.297,0.0178,0.0557,0.0173,0.6302,0.0156,0.1154,0.0508,0.0221,0.1234,1
7.7,-0.125,-2.25,0.5402,0.2398,0.0788,0.0216,0.0,3.9752,0.0125,0.0553,0.0187,0.4289,0.0155,0.083,0.0502,0.0159,0.1244,1
7.7,-0.125,-2.0,0.3843,0.275,0.0993,0.0214,0.0,4.5843,0.009,0.0551,0.0189,0.3017,0.0154,0.0611,0.0468,0.0116,0.118,1
7.7,-0.125,-1.75,0.2835,0.3099,0.121,0.0213,0.0,5.1474,0.0067,0.0549,0.018,0.2213,0.0153,0.0466,0.0416,0.0087,0.1058,1
7.7,-0.125,-1.5,0.2173,0.3446,0.1442,0.0212,0.0,5.6818,0.0052,0.0547,0.0162,0.1695,0.0152,0.0368,0.0357,0.0059,0.0907,1
7.8,-0.125,-4.0,1.9151,0.032,0.0,0.0235,0.0,0.0535,0.0431,0.0601,0.003,2.5968,0.017,0.6667,0.0265,0.0354,0.0389,1
7.8,-0.125,-3.75,2.1791,0.0504,0.0015,0.0232,0.0,0.1664,0.0489,0.0594,0.0047,2.6756,0.0168,0.5678,0.0304,0.0436,0.056,1
7.8,-0.125,-3.5,2.3109,0.0765,0.0048,0.0229,0.0,0.4673,0.0517,0.0586,0.0071,2.5676,0.0166,0.4625,0.0345,0.0498,0.0768,1
7.8,-0.125,-3.25,2.1737,0.11,0.0125,0.0226,0.0,1.078,0.0483,0.0578,0.0101,2.1882,0.0163,0.3598,0.0388,0.0504,0.0993,1
7.8,-0.125,-3.0,1.7775,0.1485,0.0257,0.0223,0.0,1.9499,0.0395,0.057,0.0134,1.6472,0.0161,0.269,0.0429,0.044,0.1205,1
7.8,-0.125,-2.75,1.3102,0.1888,0.0425,0.022,0.0,2.8835,0.0294,0.0565,0.0166,1.1446,0.0159,0.1954,0.0463,0.0343,0.1372,1
7.8,-0.125,-2.5,0.9183,0.2289,0.0613,0.0219,0.0,3.7468,0.0209,0.056,0.0192,0.7721,0.0157,0.14,0.048,0.0252,0.1468,1
7.8,-0.125,-2.25,0.6395,0.2681,0.0812,0.0217,0.0,4.5122,0.0148,0.0557,0.0208,0.5251,0.0156,0.1007,0.0474,0.0181,0.1478,1
7.8,-0.125,-2.0,0.4557,0.3069,0.1022,0.0216,0.0,5.2017,0.0107,0.0555,0.021,0.3686,0.0155,0.0741,0.0444,0.0134,0.1403,1
7.8,-0.125,-1.75,0.3365,0.3458,0.1247,0.0215,0.0,5.8423,0.008,0.0553,0.0201,0.2698,0.0154,0.0564,0.0395,0.01,0.1262,1
7.8,-0.125,-1.5,0.258,0.3848,0.1488,0.0214,0.0,6.4527,0.0062,0.0551,0.0182,0.2062,0.0154,0.0445,0.034,0.0078,0.1085,1
7.9,-0.125,-4.0,2.1094,0.0344,0.0,0.0235,0.0,0.0582,0.0464,0.0603,0.0032,3.0283,0.0171,0.7875,0.0389,0.0367,0.0452,1
7.9,-0.125,-3.75,2.4021,0.0543,0.0014,0.0233,0.0,0.1806,0.0528,0.0596,0.005,3.1266,0.0169,0.6728,0.0446,0.0451,0.0652,1
7.9,-0.125,-3.5,2.5577,0.0825,0.0046,0.023,0.0,0.5067,0.0562,0.0589,0.0076,3.0166,0.0166,0.5498,0.0506,0.0519,0.0895,1
7.9,-0.125,-3.25,2.4255,0.1189,0.012,0.0227,0.0,1.1728,0.0531,0.0581,0.0108,2.5945,0.0164,0.4292,0.057,0.0531,0.1158,1
7.9,-0.125,-3.0,2.0095,0.1612,0.0249,0.0224,0.0,2.1368,0.0442,0.0574,0.0144,1.9734,0.0162,0.3218,0.0631,0.0471,0.1407,1
7.9,-0.125,-2.75,1.4996,0.2055,0.0416,0.0222,0.0,3.1806,0.0334,0.0568,0.0179,1.3813,0.016,0.2342,0.068,0.0374,0.1604,1
7.9,-0.125,-2.5,1.0606,0.249,0.0602,0.022,0.0,4.1421,0.024,0.0564,0.0207,0.935,0.0158,0.168,0.0705,0.0279,0.1717,1
7.9,-0.125,-2.25,0.7432,0.2917,0.08,0.0219,0.0,4.9965,0.0171,0.0561,0.0224,0.6363,0.0157,0.1209,0.0698,0.0203,0.1731,1
7.9,-0.125,-2.0,0.5314,0.334,0.101,0.0218,0.0,5.7703,0.0124,0.0559,0.0228,0.4462,0.0157,0.0888,0.0656,0.015,0.1646,1
7.9,-0.125,-1.75,0.3933,0.3768,0.1237,0.0217,0.0,6.4961,0.0093,0.0557,0.0218,0.326,0.0156,0.0676,0.0588,0.0114,0.1484,1
7.9,-0.125,-1.5,0.302,0.4205,0.1486,0.0216,0.0,7.1984,0.0072,0.0556,0.02,0.2487,0.0155,0.0534,0.0507,0.0089,0.1282,1
8.0,-0.125,-4.0,2.234,0.0356,0.0,0.0235,0.0,0.061,0.0478,0.0604,0.0033,3.4504,0.0171,0.912,0.0353,0.036,0.0514,1
8.0,-0.125,-3.75,2.5539,0.0563,0.0013,0.0233,0.0,0.189,0.0547,0.0598,0.0052,3.5762,0.017,0.7832,0.0404,0.0445,0.0742,1
8.0,-0.125,-3.5,2.7322,0.0857,0.0041,0.0231,0.0,0.53,0.0587,0.0591,0.0078,3.4716,0.0167,0.6428,0.0459,0.0514,0.102,1
8.0,-0.125,-3.25,2.6229,0.1242,0.0109,0.0228,0.0,1.2337,0.0565,0.0584,0.0112,3.0205,0.0165,0.5042,0.0517,0.0533,0.1325,1
8.0,-0.125,-3.0,2.2057,0.1692,0.0227,0.0225,0.0,2.2661,0.0478,0.0577,0.015,2.3252,0.0163,0.3795,0.0573,0.0482,0.1613,1
8.0,-0.125,-2.75,1.6725,0.2165,0.0385,0.0223,0.0,3.4003,0.0368,0.0572,0.0186,1.6435,0.0161,0.2771,0.0618,0.0392,0.1842,1
8.0,-0.125,-2.5,1.1982,0.2631,0.0563,0.0221,0.0,4.4603,0.0269,0.0568,0.0216,1.1189,0.016,0.1992,0.0643,0.0296,0.1977,1
8.0,-0.125,-2.25,0.847,0.3087,0.0754,0.022,0.0,5.4032,0.0194,0.0565,0.0235,0.763,0.0159,0.1436,0.0639,0.022,0.1997,1
8.0,-0.125,-2.0,0.6093,0.3545,0.0959,0.0219,0.0,6.262,0.0142,0.0563,0.024,0.5351,0.0158,0.1056,0.0604,0.0164,0.1905,1
8.0,-0.125,-1.75,0.4525,0.4014,0.1185,0.0218,0.0,7.0792,0.0107,0.0561,0.0232,0.3906,0.0157,0.0804,0.0544,0.0126,0.1724,1
8.0,-0.125,-1.5,0.3485,0.4502,0.1436,0.0217,0.0,7.8837,0.0083,0.056,0.0214,0.2976,0.0157,0.0636,0.0473,0.01,0.1496,1
8.1,-0.125,-4.0,2.2056,0.0345,0.0,0.0235,0.0,0.0597,0.0455,0.0605,0.0031,3.7716,0.0172,1.0189,0.0488,0.0318,0.0563,1
8.1,-0.125,-3.75,2.5475,0.0548,0.001,0.0234,0.0,0.1857,0.0528,0.0601,0.005,3.939,0.017,0.8831,0.0562,0.04,0.0815,1
8.1,-0.125,-3.5,2.7603,0.0841,0.0033,0.0231,0.0,0.5247,0.0575,0.0594,0.0076,3.8659,0.0168,0.7311,0.064,0.047,0.1127,1
8.1,-0.125,-3.25,2.6943,0.1229,0.0089,0.0229,0.0,1.2344,0.0565,0.0587,0.0109,3.4133,0.0166,0.5778,0.0723,0.05,0.1471,1
8.1,-0.125,-3.0,2.3165,0.169,0.0191,0.0226,0.0,2.2975,0.0493,0.0581,0.0147,2.6712,0.0164,0.4378,0.0803,0.0466,0.1801,1
8.1,-0.125,-2.75,1.7955,0.2181,0.033,0.0224,0.0,3.4915,0.0389,0.0576,0.0185,1.9139,0.0162,0.3216,0.0869,0.039,0.2067,1
8.1,-0.125,-2.5,1.3101,0.2669,0.0492,0.0223,0.0,4.6273,0.0291,0.0572,0.0216,1.3148,0.0161,0.2322,0.0907,0.0304,0.2227,1
8.1,-0.125,-2.25,0.9387,0.315,0.067,0.0222,0.0,5.6538,0.0213,0.0569,0.0237,0.9008,0.016,0.1678,0.0907,0.023,0.226,1
8.1,-0.125,-2.0,0.6811,0.3637,0.0864,0.0221,0.0,6.5994,0.0157,0.0567,0.0244,0.6327,0.0159,0.1237,0.0863,0.0174,0.2166,1
8.1,-0.125,-1.75,0.509,0.4144,0.1079,0.022,0.0,7.5103,0.012,0.0565,0.0239,0.4619,0.0159,0.0942,0.0784,0.0135,0.197,1
8.1,-0.125,-1.5,0.3939,0.4684,0.1326,0.0219,0.0,8.4236,0.0094,0.0564,0.0223,0.3517,0.0158,0.0746,0.0687,0.0108,0.1719,1
8.2,-0.125,-4.0,2.0355,0.0305,0.0,0.0235,0.0,0.0544,0.04,0.0605,0.0027,3.9523,0.0172,1.0958,0.0407,0.0257,0.059,1
8.2,-0.125,-3.75,2.3916,0.0493,0.0,0.0234,0.0,0.1709,0.0474,0.0602,0.0044,4.1772,0.0171,0.9632,0.0473,0.0331,0.0863,1
8.2,-0.125,-3.5,2.6385,0.0767,0.0024,0.0232,0.0,0.4883,0.0528,0.0596,0.0068,4.1592,0.0169,0.8074,0.0543,0.0399,0.1204,1
8.2,-0.125,-3.25,2.6304,0.1137,0.0066,0.023,0.0,1.1638,0.0533,0.059,0.01,3.739,0.0167,0.6445,0.0616,0.0436,0.1584,1
8.2,-0.125,-3.0,2.3206,0.1586,0.0145,0.0227,0.0,2.2047,0.0479,0.0584,0.0136,2.9843,0.0165,0.4926,0.0687,0.0421,0.1953,1
8.2,-0.125,-2.75,1.8473,0.2073,0.0258,0.0226,0.0,3.4078,0.0391,0.0579,0.0173,2.1748,0.0164,0.3643,0.0747,0.0365,0.2256,1
8.2,-0.125,-2.5,1.3807,0.2567,0.0395,0.0224,0.0,4.5842,0.03,0.0576,0.0205,1.5133,0.0163,0.2647,0.0785,0.0294,0.2449,1
8.2,-0.125,-2.25,1.0072,0.306,0.055,0.0223,0.0,5.6684,0.0225,0.0573,0.0228,1.0448,0.0162,0.1922,0.0792,0.0229,0.2503,1
8.2,-0.125,-2.0,0.7404,0.3566,0.0723,0.0222,0.0,6.6851,0.0169,0.0571,0.0239,0.7367,0.0161,0.1421,0.0761,0.0177,0.2418,1
8.2,-0.125,-1.75,0.5584,0.4101,0.0921,0.0221,0.0,7.6804,0.013,0.0569,0.0237,0.5388,0.016,0.1086,0.07,0.0139,0.2219,1
8.2,-0.125,-1.5,0.4348,0.468,0.115,0.022,0.0,8.6958,0.0103,0.0568,0.0225,0.4105,0.016,0.0862,0.062,0.0113,0.1952,1
8.3,-0.125,-4.0,1.639,0.0227,0.0,0.0232,0.0,0.0433,0.0299,0.06,0.002,3.8074,0.0171,1.0905,0.0494,0.017,0.0572,1
8.3,-0.125,-3.75,1.9896,0.038,0.0,0.0232,0.0,0.1389,0.0369,0.06,0.0034,4.1132,0.0171,0.9831,0.0586,0.0229,0.0851,1
8.3,-0.125,-3.5,2.2667,0.0612,0.0014,0.0231,0.0,0.4068,0.0426,0.0597,0.0055,4.1923,0.017,0.8418,0.0684,0.0288,0.121,1
8.3,-0.125,-3.25,2.3326,0.0932,0.0041,0.023,0.0,0.993,0.0447,0.0592,0.0081,3.8654,0.0168,0.6833,0.0784,0.0328,0.1615,1
8.3,-0.125,-3.0,2.135,0.1335,0.0093,0.0228,0.0,1.9292,0.042,0.0587,0.0114,3.1707,0.0167,0.5293,0.0882,0.0334,0.2016,1
8.3,-0.125,-2.75,1.7647,0.1788,0.0173,0.0227,0.0,3.0612,0.0358,0.0583,0.0147,2.3681,0.0165,0.3958,0.0968,0.0306,0.2356,1
8.3,-0.125,-2.5,1.364,0.2261,0.0276,0.0225,0.0,4.2122,0.0286,0.058,0.0179,1.6789,0.0164,0.2903,0.1028,0.0259,0.2587,1
8.3,-0.125,-2.25,1.0218,0.2742,0.0398,0.0224,0.0,5.3051,0.0222,0.0577,0.0203,1.1739,0.0163,0.2124,0.105,0.021,0.2677,1
8.3,-0.125,-2.0,0.7658,0.3242,0.0538,0.0224,0.0,6.35,0.0171,0.0575,0.0217,0.8341,0.0162,0.1579,0.1025,0.0168,0.2618,1
8.3,-0.125,-1.75,0.5859,0.3779,0.0702,0.0223,0.0,7.3892,0.0134,0.0574,0.022,0.6129,0.0162,0.1213,0.0957,0.0135,0.2433,1
8.3,-0.125,-1.5,0.4612,0.4372,0.0897,0.0222,0.0,8.4716,0.0108,0.0572,0.0214,0.4685,0.0161,0.0967,0.0861,0.011,0.2169,1
8.4,-0.125,-4.0,1.2232,0.0156,0.0,0.0229,0.0,0.0327,0.0204,0.0594,0.0014,3.5012,0.0169,1.0345,0.0361,0.01,0.0536,1
8.4,-0.125,-3.75,1.5403,0.0273,0.0,0.0231,0.0,0.107,0.0263,0.0598,0.0025,3.8754,0.017,0.9597,0.0439,0.0144,0.0812,1
8.4,-0.125,-3.5,1.8193,0.0455,0.0,0.0231,0.0,0.3218,0.0318,0.0597,0.0041,4.0525,0.017,0.8428,0.0522,0.0191,0.1178,1
8.4,-0.125,-3.25,1.9434,0.0717,0.0023,0.023,0.0,0.8058,0.0348,0.0594,0.0063,3.8432,0.0169,0.6982,0.0608,0.0228,0.1599,1
8.4,-0.125,-3.0,1.845,0.1053,0.0054,0.0229,0.0,1.6013,0.0341,0.0591,0.0089,3.2402,0.0168,0.5492,0.069,0.0242,0.2021,1
8.4,-0.125,-2.75,1.5837,0.1445,0.0104,0.0228,0.0,2.6017,0.0304,0.0587,0.0117,2.4824,0.0167,0.4159,0.0764,0.0234,0.2388,1
8.4,-0.125,-2.5,1.2708,0.1873,0.0174,0.0227,0.0,3.6719,0.0254,0.0584,0.0146,1.7989,0.0166,0.3085,0.0821,0.021,0.2656,1
8.4,-0.125,-2.25,0.9833,0.2322,0.0262,0.0226,0.0,4.7275,0.0205,0.0582,0.017,1.2785,0.0165,0.228,0.085,0.0178,0.2786,1
8.4,-0.125,-2.0,0.7557,0.2798,0.0368,0.0225,0.0,5.7658,0.0163,0.058,0.0186,0.9183,0.0164,0.1709,0.0844,0.0149,0.2763,1
8.4,-0.125,-1.75,0.589,0.3312,0.0495,0.0224,0.0,6.8132,0.0131,0.0579,0.0194,0.6795,0.0163,0.132,0.0801,0.0123,0.2602,1
8.4,-0.125,-1.5,0.4703,0.3895,0.0651,0.0224,0.0,7.9326,0.0108,0.0577,0.0194,0.5221,0.0163,0.1059,0.0733,0.0103,0.235,1
8.5,-0.125,-4.0,0.7531,0.0075,0.0,0.0224,0.0,0.0188,0.0109,0.0584,0.0,2.864,0.0166,0.8658,0.0372,0.0028,0.0461,1
8.5,-0.125,-3.75,0.9983,0.0141,0.0,0.0228,0.0,0.0633,0.015,0.0593,0.0015,3.2717,0.0169,0.8329,0.0467,0.0059,0.0713,1
8.5,-0.125,-3.5,1.2553,0.0255,0.0,0.023,0.0,0.2016,0.0194,0.0596,0.0026,3.5596,0.017,0.7589,0.0576,0.01,0.1067,1
8.5,-0.125,-3.25,1.4337,0.0434,0.0,0.023,0.0,0.5392,0.0227,0.0596,0.0042,3.5258,0.017,0.6487,0.0691,0.013,0.1491,1
8.5,-0.125,-3.0,1.4435,0.0676,0.0024,0.0229,0.0,1.129,0.0236,0.0594,0.0061,3.0848,0.0169,0.5206,0.0797,0.015,0.1918,1
8.5,-0.125,-2.75,1.3076,0.0975,0.0049,0.0229,0.0,1.9169,0.0222,0.0592,0.0083,2.4401,0.0168,0.4001,0.0893,0.0154,0.2298,1
8.5,-0.125,-2.5,1.1017,0.132,0.0087,0.0228,0.0,2.8137,0.0196,0.059,0.0105,1.8155,0.0167,0.3006,0.0975,0.0147,0.2599,1
8.5,-0.125,-2.25,0.8876,0.1703,0.014,0.0227,0.0,3.7549,0.0165,0.0588,0.0127,1.3158,0.0167,0.225,0.1034,0.0134,0.2788,1
8.5,-0.125,-2.0,0.7044,0.2123,0.0207,0.0227,0.0,4.719,0.0137,0.0586,0.0146,0.9578,0.0166,0.1704,0.1057,0.0117,0.2841,1
8.5,-0.125,-1.75,0.5625,0.2586,0.0292,0.0226,0.0,5.7137,0.0114,0.0585,0.0158,0.715,0.0165,0.1328,0.1038,0.0102,0.2751,1
8.5,-0.125,-1.5,0.4573,0.3115,0.0399,0.0225,0.0,6.7891,0.0096,0.0583,0.0165,0.5527,0.0165,0.1073,0.098,0.0088,0.2551,1
8.6,-0.125,-4.0,0.4167,0.0025,0.0,0.0218,0.0,0.0083,0.0051,0.0571,0.0,2.1999,0.0163,0.6706,0.0228,0.0,0.0386,1
8.6,-0.125,-3.75,0.5804,0.0051,0.0,0.0224,0.0,0.0287,0.0074,0.0586,0.0,2.5841,0.0167,0.6662,0.0295,0.0012,0.0607,1
8.6,-0.125,-3.5,0.7865,0.0103,0.0,0.0228,0.0,0.098,0.0103,0.0594,0.0015,2.9372,0.0169,0.6316,0.0379,0.0028,0.0934,1
8.6,-0.125,-3.25,0.9853,0.0196,0.0,0.0229,0.0,0.2911,0.0131,0.0596,0.0026,3.0649,0.017,0.5601,0.0472,0.0056,0.1352,1
8.6,-0.125,-3.0,1.0763,0.0338,0.0,0.0229,0.0,0.6678,0.0145,0.0597,0.0039,2.7933,0.017,0.4587,0.0558,0.0082,0.1777,1
8.6,-0.125,-2.75,1.0478,0.0528,0.0018,0.0229,0.0,1.2106,0.0144,0.0596,0.0054,2.2834,0.0169,0.3565,0.0632,0.0093,0.2151,1
8.6,-0.125,-2.5,0.9362,0.0766,0.0035,0.0229,0.0,1.8763,0.0132,0.0595,0.007,1.7391,0.0169,0.2697,0.0697,0.0095,0.2462,1
8.6,-0.125,-2.25,0.7921,0.1053,0.006,0.0229,0.0,2.6334,0.0116,0.0594,0.0087,1.2821,0.0169,0.2034,0.0757,0.0093,0.2705,1
8.6,-0.125,-2.0,0.6509,0.1388,0.0096,0.0228,0.0,3.4556,0.01,0.0593,0.0104,0.9426,0.0168,0.1554,0.0804,0.0086,0.2856,1
8.6,-0.125,-1.75,0.5326,0.1769,0.0144,0.0228,0.0,4.334,0.0085,0.0592,0.012,0.7073,0.0168,0.1219,0.0828,0.0078,0.2887,1
8.6,-0.125,-1.5,0.4403,0.2208,0.0206,0.0227,0.0,5.2921,0.0074,0.059,0.0132,0.5484,0.0167,0.0992,0.0824,0.006,0.2797,1
8.7,-0.125,-4.0,0.1904,0.0,0.0,0.0213,0.0,0.0032,0.0019,0.0562,0.0,1.5186,0.016,0.4712,0.0202,0.0,0.0297,1
8.7,-0.125,-3.75,0.2823,0.0016,0.0,0.0221,0.0,0.0114,0.003,0.0582,0.0,1.8443,0.0166,0.4873,0.0271,0.0,0.0476,1
8.7,-0.125,-3.5,0.4098,0.0034,0.0,0.0226,0.0,0.0413,0.0045,0.0594,0.0,2.1808,0.0169,0.4813,0.0361,0.0,0.0755,1
8.7,-0.125,-3.25,0.5664,0.0073,0.0,0.0229,0.0,0.1366,0.0062,0.0599,0.0013,2.4052,0.0171,0.4468,0.0471,0.001,0.1141,1
8.7,-0.125,-3.0,0.6924,0.0142,0.0,0.023,0.0,0.3486,0.0076,0.06,0.0022,2.3288,0.0171,0.382,0.0581,0.0015,0.1559,1
8.7,-0.125,-2.75,0.7332,0.0238,0.0,0.023,0.0,0.6707,0.0081,0.0601,0.0031,1.971,0.0171,0.3014,0.0664,0.004,0.1908,1
8.7,-0.125,-2.5,0.7108,0.037,0.0012,0.023,0.0,1.0945,0.0079,0.0601,0.0041,1.5465,0.0171,0.2304,0.0737,0.0046,0.2197,1
8.7,-0.125,-2.25,0.6452,0.0548,0.0022,0.023,0.0,1.6256,0.0073,0.0601,0.0053,1.1644,0.0171,0.1752,0.0811,0.0048,0.245,1
8.7,-0.125,-2.0,0.5601,0.078,0.0038,0.023,0.0,2.2604,0.0065,0.06,0.0066,0.8673,0.017,0.1351,0.0888,0.0048,0.2663,1
8.7,-0.125,-1.75,0.4763,0.1067,0.0062,0.0229,0.0,2.9915,0.0057,0.0599,0.008,0.6554,0.017,0.107,0.0958,0.0047,0.2806,1
8.7,-0.125,-1.5,0.4042,0.1413,0.0095,0.0229,0.0,3.8163,0.0051,0.0598,0.0094,0.5101,0.0169,0.0878,0.1006,0.0044,0.2848,1
8.8,-0.125,-4.0,0.0793,0.0,0.0,0.0209,0.0,0.0012,0.0,0.0555,0.0,0.9958,0.0158,0.3137,0.0109,0.0,0.022,1
8.8,-0.125,-3.75,0.1269,0.0,0.0,0.0219,0.0,0.0043,0.0011,0.058,0.0,1.258,0.0166,0.3416,0.0152,0.0,0.0361,1
8.8,-0.125,-3.5,0.1951,0.0011,0.0,0.0225,0.0,0.0161,0.0018,0.0594,0.0,1.5351,0.017,0.3507,0.0207,0.0,0.0585,1
8.8,-0.125,-3.25,0.2915,0.0024,0.0,0.0228,0.0,0.0575,0.0027,0.0601,0.0,1.7722,0.0172,0.34,0.028,0.0,0.0917,1
8.8,-0.125,-3.0,0.3911,0.0051,0.0,0.023,0.0,0.159,0.0035,0.0604,0.0011,1.8047,0.0172,0.3026,0.0358,0.0,0.1296,1
8.8,-0.125,-2.75,0.4594,0.0092,0.0,0.0231,0.0,0.3245,0.0041,0.0606,0.0016,1.6072,0.0173,0.2466,0.0418,0.0,0.1616,1
8.8,-0.125,-2.5,0.4957,0.0148,0.0,0.0231,0.0,0.5406,0.0044,0.0607,0.0023,1.3067,0.0173,0.1901,0.0462,0.0011,0.1856,1
8.8,-0.125,-2.25,0.4977,0.0234,0.0,0.0231,0.0,0.8517,0.0044,0.0608,0.003,1.0126,0.0173,0.1461,0.0509,0.0013,0.208,1
8.8,-0.125,-2.0,0.4625,0.0363,0.0013,0.0231,0.0,1.283,0.0041,0.0608,0.0038,0.7658,0.0173,0.1142,0.0568,0.0015,0.2306,1
8.8,-0.125,-1.75,0.4176,0.0548,0.0024,0.0231,0.0,1.8279,0.0037,0.0607,0.0049,0.5843,0.0172,0.0915,0.0638,0.0015,0.253,1
8.8,-0.125,-1.5,0.3694,0.0794,0.004,0.0231,0.0,2.4929,0.0033,0.0606,0.0061,0.4575,0.0171,0.076,0.0707,0.0015,0.2697,1
8.9,-0.125,-4.0,0.0176,0.0,0.0,0.0116,0.0,0.0,0.0,0.0308,0.0,0.359,0.0088,0.0935,0.0052,0.0,0.0112,1
8.9,-0.125,-3.75,0.0275,0.0,0.0,0.0125,0.0,0.002,0.0,0.033,0.0,0.4426,0.0094,0.0975,0.0075,0.0,0.0194,1
8.9,-0.125,-3.5,0.0483,0.0,0.0,0.0204,0.0,0.009,0.0,0.0542,0.0,0.6671,0.0156,0.1243,0.0135,0.0,0.0419,1
8.9,-0.125,-3.25,0.0693,0.0,0.0,0.0216,0.0,0.0297,0.0,0.0572,0.0,0.6898,0.0164,0.1121,0.0183,0.0,0.064,1
8.9,-0.125,-3.0,0.1309,0.0,0.0,0.0228,0.0,0.0408,0.0,0.0604,0.0,1.0637,0.0172,0.1874,0.0255,0.0,0.082,1
8.9,-0.125,-2.75,0.1761,0.0016,0.0,0.023,0.0,0.085,0.0013,0.0608,0.0,1.0304,0.0173,0.1607,0.0308,0.0,0.1059,1
8.9,-0.125,-2.5,0.0325,0.0016,0.0,0.0222,0.0,0.1461,0.0,0.0589,0.0,0.1392,0.0169,0.0268,0.0194,0.0,0.085,1
8.9,-0.125,-2.25,0.0201,0.0021,0.0,0.0218,0.0,0.1806,0.0,0.0579,0.0,0.0702,0.0166,0.0148,0.0189,0.0,0.0845,1
8.9,-0.125,-2.0,0.0136,0.003,0.0,0.0215,0.0,0.2279,0.0,0.0573,0.0,0.0396,0.0165,0.0086,0.0197,0.0,0.0866,1
8.9,-0.125,-1.75,0.009,0.0039,0.0,0.0219,0.0,0.2658,0.0,0.0585,0.0,0.0237,0.0168,0.005,0.0199,0.0,0.0859,1
8.9,-0.125,-1.5,0.357,0.024,0.001,0.0232,0.0,1.0368,0.0019,0.0614,0.003,0.3872,0.0174,0.0571,0.0615,0.0011,0.2104,1
9.0,-0.125,-4.0,0.001,0.0,0.0,0.0096,0.0,0.0,0.0,0.0258,0.0,0.1033,0.0074,0.0296,0.0011,0.0,0.0037,1
9.0,-0.125,-3.75,0.0032,0.0,0.0,0.0107,0.0,0.0,0.0,0.0286,0.0,0.1358,0.0081,0.0336,0.0017,0.0,0.0068,1
9.0,-0.125,-3.5,0.006,0.0,0.0,0.0115,0.0,0.0,0.0,0.0306,0.0,0.186,0.0087,0.0384,0.0029,0.0,0.0127,1
9.0,-0.125,-3.25,0.0129,0.0,0.0,0.012,0.0,0.0043,0.0,0.0319,0.0,0.2519,0.0091,0.0438,0.0049,0.0,0.0237,1
9.0,-0.125,-3.0,0.0195,0.0,0.0,0.0128,0.0,0.014,0.0,0.0339,0.0,0.2503,0.0097,0.0397,0.0069,0.0,0.0366,1
9.0,-0.125,-2.75,0.0154,0.0,0.0,0.0135,0.0,0.0245,0.0,0.0357,0.0,0.1517,0.0102,0.0246,0.007,0.0,0.0405,1
9.0,-0.125,-2.5,0.0074,0.0,0.0,0.014,0.0,0.0264,0.0,0.0371,0.0,0.0666,0.0106,0.0117,0.0055,0.0,0.0356,1
9.0,-0.125,-2.25,0.0029,0.0,0.0,0.0144,0.0,0.0224,0.0,0.0382,0.0,0.0268,0.0109,0.0049,0.004,0.0,0.0284,1
9.0,-0.125,-2.0,0.0,0.0,0.0,0.0147,0.0,0.0187,0.0,0.0391,0.0,0.0118,0.0111,0.0012,0.003,0.0,0.023,1
9.0,-0.125,-1.75,0.0,0.0,0.0,0.0149,0.0,0.0176,0.0,0.0397,0.0,0.0063,0.0113,0.0,0.0026,0.0,0.0202,1
9.0,-0.125,-1.5,0.0,0.0,0.0,0.015,0.0,0.0203,0.0,0.04,0.0,0.0041,0.0114,0.0,0.0026,0.0,0.0199,1
9.1,-0.125,-4.0,0.0,0.0,0.0,0.0077,0.0,0.0,0.0,0.0208,0.0,0.0137,0.0059,0.0043,0.0,0.0,0.0,1
9.1,-0.125,-3.75,0.0,0.0,0.0,0.009,0.0,0.0,0.0,0.0241,0.0,0.021,0.0069,0.0058,0.0,0.0,0.0014,1
9.1,-0.125,-3.5,0.0,0.0,0.0,0.0099,0.0,0.0,0.0,0.0267,0.0,0.0322,0.0076,0.0076,0.0,0.0,0.0029,1
9.1,-0.125,-3.25,0.0,0.0,0.0,0.0106,0.0,0.0,0.0,0.0285,0.0,0.0509,0.0081,0.01,0.0012,0.0,0.006,1
9.1,-0.125,-3.0,0.0,0.0,0.0,0.0115,0.0,0.0,0.0,0.0306,0.0,0.0604,0.0087,0.0103,0.0019,0.0,0.0102,1
9.1,-0.125,-2.75,0.0,0.0,0.0,0.0122,0.0,0.0014,0.0,0.0326,0.0,0.0386,0.0093,0.0061,0.0018,0.0,0.0111,1
9.1,-0.125,-2.5,0.0,0.0,0.0,0.0128,0.0,0.0012,0.0,0.0342,0.0,0.0157,0.0098,0.0024,0.0011,0.0,0.0083,1
9.1,-0.125,-2.25,0.0,0.0,0.0,0.0132,0.0,0.0,0.0,0.0354,0.0,0.0061,0.0101,0.0,0.0,0.0,0.0052,1
9.1,-0.125,-2.0,0.0,0.0,0.0,0.0135,0.0,0.0,0.0,0.0364,0.0,0.0031,0.0104,0.0,0.0,0.0,0.003,1
9.1,-0.125,-1.75,0.0,0.0,0.0,0.0138,0.0,0.0,0.0,0.0372,0.0,0.0023,0.0106,0.0,0.0,0.0,0.0018,1
9.1,-0.125,-1.5,0.0,0.0,0.0,0.014,0.0,0.0,0.0,0.0378,0.0,0.0021,0.0108,0.0,0.0,0.0,0.0013,1
6.9,0.0,-4.0,0.3396,0.0105,0.0,0.0235,0.0,0.0102,0.0108,0.0601,0.0,0.5305,0.017,0.0991,0.0052,0.0073,0.006,1
6.9,0.0,-3.75,0.3891,0.0164,0.0,0.023,0.0,0.0326,0.0123,0.0587,0.0,0.5431,0.0166,0.0838,0.006,0.0092,0.0087,1
6.9,0.0,-3.5,0.41,0.0246,0.0013,0.0224,0.0,0.092,0.0128,0.0574,0.0014,0.5103,0.0162,0.0678,0.0068,0.0105,0.0119,1
6.9,0.0,-3.25,0.3754,0.0347,0.0035,0.022,0.0,0.209,0.0114,0.0562,0.002,0.4197,0.0158,0.0525,0.0076,0.0103,0.0154,1
6.9,0.0,-3.0,0.2963,0.0464,0.0071,0.0215,0.0,0.3714,0.0089,0.0552,0.0027,0.3059,0.0155,0.039,0.0084,0.0086,0.0187,1
6.9,0.0,-2.75,0.212,0.0594,0.0119,0.0212,0.0,0.5465,0.0064,0.0543,0.0034,0.2088,0.0152,0.0283,0.0091,0.0056,0.0213,1
6.9,0.0,-2.5,0.1461,0.0736,0.0176,0.0208,0.0,0.7171,0.0045,0.0535,0.004,0.1405,0.0149,0.0203,0.0095,0.004,0.0229,1
6.9,0.0,-2.25,0.1013,0.0888,0.0244,0.0206,0.0,0.8799,0.0032,0.053,0.0044,0.0965,0.0147,0.0147,0.0094,0.0014,0.0232,1
6.9,0.0,-2.0,0.0726,0.1048,0.0322,0.0204,0.0,1.0359,0.0023,0.0525,0.0045,0.069,0.0145,0.011,0.0087,0.001,0.0221,1
6.9,0.0,-1.75,0.0541,0.1211,0.0407,0.0202,0.0,1.1849,0.0017,0.0522,0.0044,0.0516,0.0144,0.0084,0.0077,0.0,0.0199,1
6.9,0.0,-1.5,0.042,0.1372,0.0498,0.02,0.0,1.3259,0.0013,0.0519,0.004,0.0402,0.0143,0.0068,0.0066,0.0,0.0173,1
7.0,0.0,-4.0,0.4229,0.0082,0.0,0.0235,0.0,0.0126,0.0135,0.0601,0.0,0.6639,0.017,0.1241,0.0065,0.0092,0.0075,1
7.0,0.0,-3.75,0.4845,0.0129,0.0,0.023,0.0,0.0404,0.0153,0.0588,0.0011,0.6798,0.0166,0.105,0.0075,0.0115,0.0109,1
7.0,0.0,-3.5,0.5106,0.0192,0.0016,0.0225,0.0,0.1141,0.0159,0.0575,0.0017,0.6391,0.0162,0.085,0.0085,0.013,0.0149,1
7.0,0.0,-3.25,0.4682,0.0272,0.0043,0.022,0.0,0.2595,0.0143,0.0563,0.0025,0.5264,0.0158,0.0658,0.0095,0.0128,0.0193,1
7.0,0.0,-3.0,0.37,0.0363,0.0087,0.0216,0.0,0.4613,0.0111,0.0553,0.0033,0.384,0.0155,0.049,0.0105,0.0108,0.0234,1
7.0,0.0,-2.75,0.2651,0.0465,0.0145,0.0212,0.0,0.6788,0.008,0.0544,0.0042,0.2622,0.0152,0.0355,0.0114,0.0081,0.0267,1
7.0,0.0,-2.5,0.1827,0.0575,0.0216,0.0209,0.0,0.8897,0.0056,0.0537,0.0049,0.1764,0.015,0.0256,0.0119,0.005,0.0286,1
7.0,0.0,-2.25,0.1267,0.0692,0.0297,0.0207,0.0,1.0897,0.004,0.0531,0.0054,0.1212,0.0148,0.0185,0.0117,0.0017,0.0289,1
7.0,0.0,-2.0,0.0906,0.0814,0.0389,0.0204,0.0,1.2797,0.0029,0.0528,0.0056,0.0865,0.0146,0.0137,0.0109,0.0012,0.0275,1
7.0,0.0,-1.75,0.0674,0.0937,0.0489,0.0203,0.0,1.4593,0.0022,0.0525,0.0053,0.0646,0.0145,0.0105,0.0096,0.0,0.0248,1
7.0,0.0,-1.5,0.0522,0.1058,0.0594,0.0201,0.0,1.6282,0.0017,0.0521,0.0049,0.0502,0.0144,0.0084,0.0082,0.0,0.0214,1
7.1,0.0,-4.0,0.5255,0.0102,0.0,0.0235,0.0,0.0156,0.0167,0.0601,0.0,0.8297,0.017,0.1555,0.0082,0.0113,0.0094,1
7.1,0.0,-3.75,0.602,0.0159,0.0,0.023,0.0,0.05,0.019,0.0588,0.0014,0.8499,0.0166,0.1315,0.0093,0.0142,0.0136,1
7.1,0.0,-3.5,0.6349,0.0238,0.002,0.0225,0.0,0.1412,0.0197,0.0576,0.0021,0.7998,0.0162,0.1065,0.0106,0.016,0.0187,1
7.1,0.0,-3.25,0.583,0.0337,0.0052,0.022,0.0,0.3215,0.0177,0.0564,0.0031,0.6596,0.0159,0.0824,0.0119,0.0159,0.0241,1
7.1,0.0,-3.0,0.4617,0.0451,0.0106,0.0216,0.0,0.5725,0.0139,0.0554,0.0041,0.4819,0.0155,0.0614,0.0132,0.0133,0.0292,1
7.1,0.0,-2.75,0.3312,0.0577,0.0178,0.0213,0.0,0.8432,0.01,0.0545,0.0052,0.3293,0.0152,0.0446,0.0143,0.01,0.0334,1
7.1,0.0,-2.5,0.2285,0.0713,0.0264,0.021,0.0,1.1054,0.007,0.0538,0.0061,0.2216,0.015,0.032,0.0148,0.0073,0.0358,1
7.1,0.0,-2.25,0.1585,0.0858,0.0364,0.0207,0.0,1.3539,0.0049,0.0533,0.0067,0.1521,0.0148,0.0231,0.0146,0.0044,0.0362,1
7.1,0.0,-2.0,0.1133,0.1009,0.0476,0.0205,0.0,1.5902,0.0036,0.0529,0.0069,0.1085,0.0147,0.0172,0.0136,0.0015,0.0344,1
7.1,0.0,-1.75,0.0843,0.1162,0.06,0.0203,0.0,1.8148,0.0027,0.0526,0.0066,0.081,0.0145,0.0133,0.012,0.0012,0.0311,1
7.1,0.0,-1.5,0.0652,0.1314,0.0732,0.0201,0.0,2.0276,0.0021,0.0523,0.006,0.063,0.0144,0.0105,0.0103,0.0,0.0268,1
7.2,0.0,-4.0,0.6493,0.0125,0.0,0.0235,0.0,0.0191,0.0206,0.0602,0.0011,1.0335,0.017,0.194,0.0081,0.0138,0.0117,1
7.2,0.0,-3.75,0.7434,0.0195,0.0,0.023,0.0,0.0614,0.0234,0.0589,0.0017,1.0592,0.0166,0.1641,0.0092,0.0172,0.0169,1
7.2,0.0,-3.5,0.7847,0.0292,0.0024,0.0225,0.0,0.1733,0.0243,0.0577,0.0026,0.9984,0.0163,0.133,0.0105,0.0196,0.0232,1
7.2,0.0,-3.25,0.7218,0.0413,0.0063,0.0221,0.0,0.3951,0.0219,0.0565,0.0038,0.8253,0.0159,0.103,0.0118,0.0194,0.03,1
7.2,0.0,-3.0,0.5731,0.0554,0.0128,0.0217,0.0,0.7046,0.0172,0.0555,0.005,0.6042,0.0156,0.0767,0.013,0.0164,0.0364,1
7.2,0.0,-2.75,0.4119,0.0708,0.0214,0.0213,0.0,1.0378,0.0124,0.0547,0.0063,0.4133,0.0153,0.0557,0.0141,0.0124,0.0416,1
7.2,0.0,-2.5,0.2843,0.0873,0.0317,0.0211,0.0,1.3589,0.0087,0.054,0.0075,0.2781,0.0151,0.04,0.0147,0.0089,0.0446,1
7.2,0.0,-2.25,0.1971,0.1047,0.0434,0.0208,0.0,1.6606,0.0061,0.0535,0.0082,0.1907,0.0149,0.0289,0.0145,0.0055,0.045,1
7.2,0.0,-2.0,0.1407,0.1227,0.0564,0.0206,0.0,1.9446,0.0044,0.0532,0.0084,0.1358,0.0147,0.0215,0.0135,0.004,0.0428,1
7.2,0.0,-1.75,0.1046,0.1407,0.0706,0.0205,0.0,2.2128,0.0033,0.0529,0.008,0.1011,0.0146,0.0165,0.0119,0.0014,0.0385,1
7.2,0.0,-1.5,0.0807,0.1585,0.0856,0.0203,0.0,2.4642,0.0026,0.0526,0.0073,0.0785,0.0145,0.0131,0.0101,0.0011,0.0332,1
7.3,0.0,-4.0,0.7966,0.015,0.0,0.0235,0.0,0.0233,0.0251,0.0601,0.0013,1.2819,0.017,0.241,0.0125,0.0168,0.0145,1
7.3,0.0,-3.75,0.9116,0.0234,0.0,0.023,0.0,0.0744,0.0285,0.059,0.0021,1.3151,0.0166,0.204,0.0143,0.0209,0.021,1
7.3,0.0,-3.5,0.9631,0.0352,0.0028,0.0226,0.0,0.2103,0.0298,0.0578,0.0032,1.2429,0.0163,0.1654,0.0163,0.0237,0.0288,1
7.3,0.0,-3.25,0.8888,0.0501,0.0074,0.0222,0.0,0.4807,0.027,0.0567,0.0046,1.0317,0.0159,0.1281,0.0183,0.0236,0.0372,1
7.3,0.0,-3.0,0.708,0.0673,0.0152,0.0218,0.0,0.8593,0.0213,0.0557,0.0061,0.7578,0.0156,0.0954,0.0204,0.02,0.0452,1
7.3,0.0,-2.75,0.51,0.086,0.0254,0.0214,0.0,1.2667,0.0154,0.0549,0.0077,0.5191,0.0154,0.0693,0.022,0.0151,0.0516,1
7.3,0.0,-2.5,0.3524,0.1059,0.0374,0.0212,0.0,1.6562,0.0108,0.0543,0.0091,0.3493,0.0152,0.0498,0.0229,0.0109,0.0554,1
7.3,0.0,-2.25,0.2443,0.1266,0.0509,0.021,0.0,2.0188,0.0076,0.0539,0.0099,0.2392,0.015,0.036,0.0226,0.0078,0.0559,1
7.3,0.0,-2.0,0.1742,0.1476,0.0657,0.0208,0.0,2.3558,0.0055,0.0536,0.0101,0.1699,0.0149,0.0266,0.021,0.0049,0.053,1
7.3,0.0,-1.75,0.1291,0.1685,0.0815,0.0206,0.0,2.6713,0.0041,0.0533,0.0096,0.1261,0.0148,0.0205,0.0186,0.0018,0.0477,1
7.3,0.0,-1.5,0.0995,0.189,0.0982,0.0205,0.0,2.9662,0.0032,0.0531,0.0087,0.0976,0.0147,0.0163,0.0158,0.0014,0.041,1
7.4,0.0,-4.0,0.97,0.0178,0.0,0.0235,0.0,0.028,0.0304,0.0601,0.0016,1.5834,0.017,0.2986,0.0123,0.0201,0.0179,1
7.4,0.0,-3.75,1.1096,0.028,0.001,0.0231,0.0,0.0896,0.0345,0.059,0.0025,1.6261,0.0167,0.2527,0.014,0.025,0.0259,1
7.4,0.0,-3.5,1.173,0.0422,0.0033,0.0226,0.0,0.253,0.0361,0.0579,0.0038,1.5411,0.0163,0.2051,0.0159,0.0286,0.0355,1
7.4,0.0,-3.25,1.0863,0.0602,0.0087,0.0222,0.0,0.5798,0.0329,0.0569,0.0055,1.285,0.016,0.159,0.018,0.0284,0.0459,1
7.4,0.0,-3.0,0.869,0.081,0.0177,0.0219,0.0,1.0391,0.0261,0.056,0.0074,0.9474,0.0157,0.1185,0.0199,0.0242,0.0558,1
7.4,0.0,-2.75,0.6279,0.1035,0.0296,0.0215,0.0,1.5332,0.019,0.0552,0.0093,0.6503,0.0155,0.086,0.0216,0.0184,0.0637,1
7.4,0.0,-2.5,0.4345,0.1271,0.0433,0.0213,0.0,2.0016,0.0133,0.0546,0.0109,0.4375,0.0153,0.0618,0.0224,0.0132,0.0684,1
7.4,0.0,-2.25,0.3011,0.1514,0.0586,0.0211,0.0,2.4325,0.0094,0.0542,0.0119,0.2991,0.0151,0.0446,0.0221,0.0095,0.069,1
7.4,0.0,-2.0,0.2145,0.1757,0.0751,0.0209,0.0,2.8293,0.0068,0.0539,0.0121,0.212,0.015,0.0329,0.0206,0.0059,0.0654,1
7.4,0.0,-1.75,0.1587,0.1997,0.0926,0.0208,0.0,3.1967,0.005,0.0537,0.0115,0.1569,0.0149,0.0252,0.0182,0.0044,0.0587,1
7.4,0.0,-1.5,0.122,0.2233,0.111,0.0207,0.0,3.5405,0.0039,0.0535,0.0103,0.1211,0.0148,0.0201,0.0156,0.0017,0.0504,1
7.5,0.0,-4.0,1.1678,0.021,0.0,0.0235,0.0,0.0335,0.0362,0.0601,0.0019,1.9428,0.017,0.3676,0.0189,0.0237,0.0219,1
7.5,0.0,-3.75,1.3324,0.0329,0.0011,0.0231,0.0,0.1062,0.0412,0.0591,0.003,1.9959,0.0167,0.3116,0.0216,0.0293,0.0317,1
7.5,0.0,-3.5,1.4116,0.0498,0.0037,0.0227,0.0,0.3002,0.0432,0.0581,0.0046,1.8985,0.0164,0.253,0.0246,0.0336,0.0435,1
7.5,0.0,-3.25,1.3132,0.0713,0.0098,0.0223,0.0,0.6903,0.0396,0.0571,0.0065,1.5914,0.0161,0.1963,0.0277,0.0336,0.0563,1
7.5,0.0,-3.0,1.056,0.0962,0.0202,0.022,0.0,1.241,0.0317,0.0562,0.0088,1.1788,0.0158,0.1465,0.0308,0.0287,0.0684,1
7.5,0.0,-2.75,0.7662,0.123,0.0337,0.0217,0.0,1.8333,0.0231,0.0555,0.011,0.8111,0.0156,0.1063,0.0333,0.022,0.0781,1
7.5,0.0,-2.5,0.5312,0.1507,0.0491,0.0214,0.0,2.3905,0.0163,0.055,0.0129,0.5457,0.0154,0.0763,0.0346,0.0159,0.0839,1
7.5,0.0,-2.25,0.3683,0.1786,0.066,0.0213,0.0,2.8963,0.0114,0.0546,0.014,0.3725,0.0152,0.055,0.0341,0.0113,0.0846,1
7.5,0.0,-2.0,0.2621,0.2064,0.084,0.0211,0.0,3.3576,0.0082,0.0543,0.0142,0.2633,0.0151,0.0406,0.0318,0.0083,0.0801,1
7.5,0.0,-1.75,0.1936,0.2337,0.103,0.021,0.0,3.783,0.0061,0.0541,0.0135,0.1942,0.015,0.031,0.0282,0.0053,0.0718,1
7.5,0.0,-1.5,0.1486,0.2605,0.1229,0.0208,0.0,4.1795,0.0047,0.0539,0.0121,0.1495,0.015,0.0247,0.024,0.0042,0.0616,1
7.6,0.0,-4.0,1.3877,0.0243,0.0,0.0235,0.0,0.0394,0.0426,0.0601,0.0022,2.3666,0.017,0.4504,0.0182,0.0274,0.0266,1
7.6,0.0,-3.75,1.5813,0.0383,0.0013,0.0231,0.0,0.1243,0.0484,0.0593,0.0035,2.4331,0.0167,0.3821,0.0208,0.0338,0.0385,1
7.6,0.0,-3.5,1.6761,0.0579,0.0041,0.0228,0.0,0.351,0.0509,0.0583,0.0053,2.3214,0.0164,0.3105,0.0237,0.0387,0.0528,1
7.6,0.0,-3.25,1.5667,0.0833,0.0109,0.0224,0.0,0.8095,0.047,0.0573,0.0076,1.9575,0.0162,0.2413,0.0267,0.0388,0.0684,1
7.6,0.0,-3.0,1.2681,0.1126,0.0224,0.0221,0.0,1.4609,0.0379,0.0565,0.0103,1.458,0.0159,0.1802,0.0297,0.0336,0.0832,1
7.6,0.0,-2.75,0.9251,0.144,0.0373,0.0218,0.0,2.1612,0.0278,0.0558,0.0128,1.0064,0.0157,0.1309,0.0321,0.0258,0.095,1
7.6,0.0,-2.5,0.6433,0.1758,0.0543,0.0216,0.0,2.8161,0.0196,0.0553,0.015,0.6775,0.0155,0.0939,0.0334,0.0188,0.102,1
7.6,0.0,-2.25,0.4464,0.2076,0.0725,0.0214,0.0,3.4028,0.0138,0.055,0.0162,0.4617,0.0154,0.0676,0.0329,0.0135,0.1028,1
7.6,0.0,-2.0,0.3176,0.2389,0.0917,0.0213,0.0,3.9333,0.01,0.0548,0.0164,0.3255,0.0153,0.0499,0.0307,0.0099,0.0974,1
7.6,0.0,-1.75,0.2344,0.2697,0.112,0.0212,0.0,4.4227,0.0074,0.0546,0.0156,0.2394,0.0152,0.038,0.0273,0.0073,0.0873,1
7.6,0.0,-1.5,0.1796,0.3,0.1334,0.021,0.0,4.8801,0.0057,0.0543,0.014,0.1837,0.0151,0.0301,0.0233,0.0049,0.0748,1
7.7,0.0,-4.0,1.6089,0.0276,0.0,0.0235,0.0,0.0455,0.0487,0.0602,0.0025,2.8423,0.017,0.545,0.0275,0.0306,0.032,1
7.7,0.0,-3.75,1.8314,0.0433,0.0013,0.0232,0.0,0.1419,0.0553,0.0594,0.004,2.9256,0.0168,0.4635,0.0314,0.0376,0.0461,1
7.7,0.0,-3.5,1.9444,0.0657,0.0043,0.0229,0.0,0.4,0.0584,0.0585,0.0061,2.8023,0.0165,0.3772,0.0358,0.0431,0.0633,1
7.7,0.0,-3.25,1.83,0.0948,0.0115,0.0225,0.0,0.9272,0.0545,0.0576,0.0087,2.3808,0.0162,0.2938,0.0404,0.0437,0.0821,1
7.7,0.0,-3.0,1.4954,0.1288,0.0238,0.0222,0.0,1.6834,0.0445,0.0568,0.0117,1.7865,0.016,0.2199,0.0449,0.0382,0.1,1
7.7,0.0,-2.75,1.0989,0.1648,0.0398,0.0219,0.0,2.4966,0.0329,0.0562,0.0146,1.2386,0.0158,0.1599,0.0485,0.0296,0.1142,1
7.7,0.0,-2.5,0.7682,0.2008,0.0578,0.0217,0.0,3.2527,0.0234,0.0557,0.017,0.835,0.0156,0.1146,0.0504,0.0217,0.1225,1
7.7,0.0,-2.25,0.5341,0.2363,0.0769,0.0216,0.0,3.9269,0.0165,0.0554,0.0184,0.5684,0.0155,0.0825,0.0498,0.0156,0.1235,1
7.7,0.0,-2.0,0.3803,0.2713,0.0971,0.0215,0.0,4.532,0.0119,0.0552,0.0186,0.3998,0.0154,0.0608,0.0465,0.0115,0.1172,1
7.7,0.0,-1.75,0.2806,0.3058,0.1183,0.0214,0.0,5.0898,0.0089,0.055,0.0177,0.2932,0.0153,0.0462,0.0414,0.0086,0.1051,1
7.7,0.0,-1.5,0.215,0.34,0.141,0.0212,0.0,5.6174,0.0069,0.0548,0.016,0.2245,0.0152,0.0366,0.0355,0.0058,0.0902,1
7.8,0.0,-4.0,1.8205,0.0305,0.0,0.0235,0.0,0.0508,0.0542,0.0603,0.0028,3.3668,0.0171,0.6525,0.0258,0.0329,0.0378,1
7.8,0.0,-3.75,2.0687,0.0478,0.0013,0.0233,0.0,0.1577,0.0614,0.0596,0.0044,3.4673,0.0169,0.5558,0.0295,0.0404,0.0544,1
7.8,0.0,-3.5,2.2018,0.0726,0.0043,0.0229,0.0,0.4441,0.0652,0.0587,0.0067,3.3362,0.0166,0.4534,0.0336,0.0465,0.0747,1
7.8,0.0,-3.25,2.0884,0.1052,0.0116,0.0226,0.0,1.0339,0.0616,0.0579,0.0096,2.8587,0.0163,0.354,0.0379,0.0474,0.097,1
7.8,0.0,-3.0,1.7258,0.1435,0.0242,0.0223,0.0,1.8917,0.0509,0.0572,0.0129,2.1647,0.0161,0.2656,0.0422,0.0422,0.1184,1
7.8,0.0,-2.75,1.2823,0.1841,0.0408,0.0221,0.0,2.8206,0.0382,0.0566,0.0162,1.51,0.0159,0.1935,0.0456,0.0332,0.1354,1
7.8,0.0,-2.5,0.9026,0.2241,0.0592,0.0219,0.0,3.68,0.0273,0.0561,0.0188,1.0204,0.0157,0.1387,0.0475,0.0245,0.1452,1
7.8,0.0,-2.25,0.6305,0.2634,0.0789,0.0217,0.0,4.4444,0.0194,0.0558,0.0204,0.6946,0.0156,0.0999,0.047,0.0178,0.1465,1
7.8,0.0,-2.0,0.4497,0.3019,0.0995,0.0216,0.0,5.13,0.014,0.0556,0.0207,0.4876,0.0155,0.0734,0.044,0.0131,0.1392,1
7.8,0.0,-1.75,0.3323,0.3404,0.1215,0.0215,0.0,5.7664,0.0105,0.0554,0.0197,0.3569,0.0155,0.0559,0.0393,0.01,0.1253,1
7.8,0.0,-1.5,0.2548,0.379,0.1452,0.0214,0.0,6.372,0.0081,0.0552,0.0179,0.2726,0.0154,0.0442,0.0338,0.0078,0.1078,1
7.9,0.0,-4.0,1.9659,0.0322,0.0,0.0235,0.0,0.0542,0.0571,0.0604,0.0029,3.8817,0.0171,0.7641,0.0375,0.0331,0.0434,1
7.9,0.0,-3.75,2.2372,0.0505,0.0012,0.0233,0.0,0.1678,0.065,0.0598,0.0046,4.0075,0.0169,0.653,0.0429,0.0408,0.0625,1
7.9,0.0,-3.5,2.3917,0.0768,0.004,0.023,0.0,0.4724,0.0694,0.059,0.007,3.8784,0.0167,0.5348,0.0488,0.047,0.086,1
7.9,0.0,-3.25,2.2968,0.112,0.0108,0.0227,0.0,1.108,0.0667,0.0582,0.0101,3.3623,0.0164,0.4194,0.0552,0.049,0.1121,1
7.9,0.0,-3.0,1.9295,0.154,0.023,0.0224,0.0,2.0499,0.0563,0.0575,0.0137,2.578,0.0162,0.316,0.0615,0.0443,0.1374,1
7.9,0.0,-2.75,1.4558,0.1985,0.0393,0.0222,0.0,3.0866,0.043,0.0569,0.0173,1.8147,0.016,0.231,0.0667,0.0358,0.1575,1
7.9,0.0,-2.5,1.0369,0.2425,0.0576,0.022,0.0,4.0489,0.0312,0.0565,0.0201,1.2322,0.0159,0.166,0.0695,0.0269,0.1694,1
7.9,0.0,-2.25,0.7292,0.2851,0.0771,0.0219,0.0,4.9014,0.0223,0.0562,0.0219,0.8396,0.0158,0.1196,0.069,0.0198,0.1711,1
7.9,0.0,-2.0,0.5226,0.3274,0.0978,0.0218,0.0,5.6733,0.0163,0.056,0.0223,0.5891,0.0157,0.0879,0.065,0.0146,0.1629,1
7.9,0.0,-1.75,0.3871,0.37,0.1202,0.0217,0.0,6.3989,0.0122,0.0558,0.0214,0.4304,0.0156,0.0669,0.0583,0.0113,0.1471,1
7.9,0.0,-1.5,0.2975,0.4137,0.1447,0.0216,0.0,7.1011,0.0095,0.0556,0.0197,0.3283,0.0155,0.0529,0.0504,0.0087,0.1272,1
8.0,0.0,-4.0,2.032,0.0326,0.0,0.0236,0.0,0.0554,0.0573,0.0605,0.0029,4.36,0.0172,0.8749,0.0336,0.0314,0.0487,1
8.0,0.0,-3.75,2.3226,0.0512,0.0011,0.0234,0.0,0.1713,0.0655,0.06,0.0046,4.5198,0.017,0.7518,0.0384,0.0387,0.0702,1
8.0,0.0,-3.5,2.5012,0.0782,0.0034,0.0231,0.0,0.4836,0.0708,0.0593,0.0071,4.4086,0.0168,0.6191,0.0437,0.0452,0.0969,1
8.0,0.0,-3.25,2.4352,0.1146,0.0094,0.0228,0.0,1.1434,0.0693,0.0585,0.0102,3.8712,0.0166,0.4883,0.0495,0.0479,0.1268,1
8.0,0.0,-3.0,2.0871,0.1591,0.0204,0.0226,0.0,2.1432,0.06,0.0579,0.014,3.0131,0.0163,0.3702,0.0554,0.0446,0.1561,1
8.0,0.0,-2.75,1.6063,0.2068,0.0357,0.0224,0.0,3.2669,0.0469,0.0573,0.0177,2.1467,0.0162,0.2718,0.0603,0.0369,0.1799,1
8.0,0.0,-2.5,1.1622,0.254,0.0532,0.0222,0.0,4.3275,0.0347,0.0569,0.0208,1.4681,0.016,0.196,0.0631,0.0285,0.1941,1
8.0,0.0,-2.25,0.8261,0.2999,0.072,0.0221,0.0,5.2728,0.0251,0.0566,0.0228,1.0035,0.0159,0.1416,0.0629,0.0213,0.1968,1
8.0,0.0,-2.0,0.596,0.3459,0.0922,0.0219,0.0,6.1342,0.0184,0.0564,0.0234,0.7044,0.0158,0.1042,0.0596,0.0159,0.1881,1
8.0,0.0,-1.75,0.4437,0.393,0.1145,0.0219,0.0,6.9546,0.0139,0.0562,0.0227,0.5144,0.0157,0.0794,0.0539,0.0122,0.1706,1
8.0,0.0,-1.5,0.342,0.4417,0.1392,0.0217,0.0,7.7594,0.0109,0.056,0.021,0.3919,0.0157,0.0629,0.0469,0.0097,0.1482,1
8.1,0.0,-4.0,1.9495,0.0307,0.0,0.0236,0.0,0.0527,0.0528,0.0607,0.0027,4.6852,0.0172,0.9639,0.0457,0.0267,0.0525,1
8.1,0.0,-3.75,2.2548,0.0486,0.0,0.0234,0.0,0.1639,0.0613,0.0603,0.0043,4.8985,0.0171,0.8368,0.0526,0.0336,0.076,1
8.1,0.0,-3.5,2.4614,0.0747,0.0026,0.0232,0.0,0.4664,0.0673,0.0596,0.0066,4.8333,0.0169,0.6954,0.06,0.04,0.1054,1
8.1,0.0,-3.25,2.4452,0.1108,0.0074,0.0229,0.0,1.1188,0.0676,0.0589,0.0097,4.3171,0.0167,0.5536,0.0683,0.0433,0.139,1
8.1,0.0,-3.0,2.1498,0.1557,0.0166,0.0227,0.0,2.1346,0.0604,0.0582,0.0135,3.424,0.0165,0.4233,0.0767,0.0418,0.1725,1
8.1,0.0,-2.75,1.6994,0.2051,0.0298,0.0225,0.0,3.3103,0.0488,0.0577,0.0173,2.4797,0.0163,0.3131,0.084,0.036,0.2002,1
8.1,0.0,-2.5,1.2566,0.2547,0.0456,0.0223,0.0,4.4462,0.037,0.0573,0.0206,1.7146,0.0161,0.2272,0.0884,0.0286,0.2174,1
8.1,0.0,-2.25,0.9076,0.3034,0.063,0.0222,0.0,5.4775,0.0273,0.057,0.0228,1.179,0.016,0.1647,0.0889,0.022,0.2217,1
8.1,0.0,-2.0,0.6619,0.3527,0.0822,0.0221,0.0,6.4324,0.0203,0.0567,0.0237,0.8294,0.016,0.1216,0.085,0.0167,0.2132,1
8.1,0.0,-1.75,0.4959,0.4036,0.1035,0.022,0.0,7.3487,0.0155,0.0566,0.0232,0.606,0.0159,0.0928,0.0775,0.013,0.1945,1
8.1,0.0,-1.5,0.3844,0.458,0.1279,0.0219,0.0,8.2684,0.0122,0.0564,0.0218,0.4616,0.0158,0.0736,0.0681,0.0103,0.1701,1
8.2,0.0,-4.0,1.745,0.0264,0.0,0.0235,0.0,0.0468,0.0449,0.0606,0.0023,4.8198,0.0172,1.0202,0.0375,0.0206,0.0542,1
8.2,0.0,-3.75,2.0551,0.0425,0.0,0.0234,0.0,0.1468,0.0532,0.0604,0.0037,5.1027,0.0171,0.8989,0.0436,0.0265,0.0792,1
8.2,0.0,-3.5,2.2858,0.0663,0.0018,0.0232,0.0,0.4226,0.0598,0.0598,0.0058,5.1101,0.017,0.7569,0.0501,0.0323,0.1109,1
8.2,0.0,-3.25,2.3192,0.0996,0.0052,0.023,0.0,1.0278,0.0616,0.0592,0.0086,4.6492,0.0168,0.609,0.0573,0.0363,0.1474,1
8.2,0.0,-3.0,2.0996,0.1423,0.012,0.0228,0.0,2.0024,0.057,0.0586,0.0121,3.7704,0.0166,0.4703,0.0647,0.0363,0.1845,1
8.2,0.0,-2.75,1.7121,0.1908,0.0225,0.0226,0.0,3.1735,0.0478,0.0581,0.0158,2.7854,0.0164,0.3511,0.0714,0.0326,0.2161,1
8.2,0.0,-2.5,1.3031,0.241,0.0357,0.0225,0.0,4.3456,0.0375,0.0577,0.0192,1.956,0.0163,0.2569,0.0758,0.0272,0.2371,1
8.2,0.0,-2.25,0.9618,0.2911,0.0508,0.0223,0.0,5.4363,0.0285,0.0574,0.0216,1.3578,0.0162,0.1875,0.077,0.0215,0.244,1
8.2,0.0,-2.0,0.7119,0.3423,0.0678,0.0222,0.0,6.4615,0.0216,0.0572,0.0229,0.9601,0.0161,0.139,0.0745,0.0168,0.2369,1
8.2,0.0,-1.75,0.5392,0.3964,0.0872,0.0222,0.0,7.4675,0.0167,0.057,0.0229,0.7032,0.016,0.1064,0.0688,0.0133,0.2182,1
8.2,0.0,-1.5,0.4211,0.4549,0.1099,0.0221,0.0,8.4938,0.0132,0.0568,0.0219,0.5363,0.016,0.0846,0.0612,0.0108,0.1926,1
8.3,0.0,-4.0,1.3631,0.0191,0.0,0.0232,0.0,0.0365,0.0324,0.0602,0.0017,4.5577,0.0171,0.9978,0.0447,0.013,0.0517,1
8.3,0.0,-3.75,1.6532,0.0318,0.0,0.0233,0.0,0.1162,0.0398,0.0602,0.0028,4.9227,0.0171,0.9005,0.0529,0.0177,0.0768,1
8.3,0.0,-3.5,1.8972,0.0511,0.001,0.0232,0.0,0.3421,0.0465,0.0599,0.0044,5.0442,0.017,0.7749,0.0619,0.0224,0.1095,1
8.3,0.0,-3.25,1.9881,0.0789,0.003,0.0231,0.0,0.8513,0.0497,0.0594,0.0068,4.7093,0.0169,0.6343,0.0715,0.0261,0.1477,1
8.3,0.0,-3.0,1.8665,0.1157,0.0073,0.0229,0.0,1.7015,0.048,0.0589,0.0097,3.9266,0.0167,0.4968,0.0816,0.0274,0.1873,1
8.3,0.0,-2.75,1.5871,0.1596,0.0143,0.0227,0.0,2.7783,0.0423,0.0585,0.013,2.9818,0.0166,0.3759,0.0909,0.0262,0.2225,1
8.3,0.0,-2.5,1.2552,0.2069,0.0239,0.0226,0.0,3.9093,0.0347,0.0581,0.0162,2.1401,0.0164,0.2782,0.0979,0.0229,0.2474,1
8.3,0.0,-2.25,0.9564,0.2557,0.0355,0.0225,0.0,5.0038,0.0274,0.0578,0.0188,1.5088,0.0163,0.2049,0.101,0.0191,0.2584,1
8.3,0.0,-2.0,0.7247,0.3063,0.0492,0.0224,0.0,6.0572,0.0214,0.0576,0.0204,1.0772,0.0163,0.153,0.0994,0.0155,0.2544,1
8.3,0.0,-1.75,0.5582,0.3606,0.0652,0.0223,0.0,7.1091,0.0169,0.0575,0.021,0.7937,0.0162,0.1178,0.0934,0.0127,0.2377,1
8.3,0.0,-1.5,0.4414,0.4206,0.0844,0.0222,0.0,8.2064,0.0137,0.0573,0.0206,0.6078,0.0161,0.0941,0.0845,0.0105,0.2128,1
8.4,0.0,-4.0,0.9907,0.0128,0.0,0.0229,0.0,0.027,0.0213,0.0596,0.0011,4.1251,0.017,0.9318,0.0322,0.0073,0.0479,1
8.4,0.0,-3.75,1.2417,0.0221,0.0,0.0231,0.0,0.0874,0.0274,0.06,0.0019,4.5538,0.0171,0.8636,0.039,0.0106,0.0722,1
8.4,0.0,-3.5,1.4718,0.0368,0.0,0.0231,0.0,0.2632,0.0332,0.06,0.0032,4.7764,0.0171,0.761,0.0464,0.0141,0.1049,1
8.4,0.0,-3.25,1.5951,0.0584,0.0016,0.0231,0.0,0.6691,0.037,0.0597,0.005,4.5774,0.017,0.6352,0.0543,0.0172,0.1436,1
8.4,0.0,-3.0,1.5512,0.0876,0.0039,0.0229,0.0,1.3654,0.0373,0.0593,0.0073,3.9218,0.0168,0.5051,0.0624,0.0188,0.1841,1
8.4,0.0,-2.75,1.3717,0.124,0.0081,0.0228,0.0,2.2865,0.0344,0.0589,0.01,3.0592,0.0167,0.3874,0.0703,0.0189,0.2213,1
8.4,0.0,-2.5,1.1307,0.1654,0.0142,0.0227,0.0,3.311,0.0296,0.0586,0.0128,2.2506,0.0166,0.2905,0.0767,0.0177,0.2498,1
8.4,0.0,-2.25,0.8943,0.2102,0.0224,0.0226,0.0,4.3541,0.0245,0.0583,0.0153,1.6172,0.0165,0.2166,0.0805,0.0155,0.2653,1
8.4,0.0,-2.0,0.6983,0.258,0.0324,0.0225,0.0,5.3931,0.0199,0.0581,0.0171,1.1701,0.0164,0.1634,0.0808,0.0132,0.2655,1
8.4,0.0,-1.75,0.5503,0.3101,0.0446,0.0225,0.0,6.4526,0.0162,0.058,0.0181,0.8701,0.0164,0.1268,0.0774,0.0113,0.2519,1
8.4,0.0,-1.5,0.4423,0.3689,0.0598,0.0224,0.0,7.5851,0.0134,0.0578,0.0184,0.6705,0.0163,0.102,0.0714,0.0095,0.2289,1
8.5,0.0,-4.0,0.6,0.006,0.0,0.0224,0.0,0.0154,0.0111,0.0586,0.0,3.3432,0.0167,0.7713,0.0329,0.0013,0.0411,1
8.5,0.0,-3.75,0.7868,0.0111,0.0,0.0228,0.0,0.051,0.0151,0.0595,0.0011,3.7939,0.017,0.739,0.041,0.0042,0.063,1
8.5,0.0,-3.5,0.9817,0.0199,0.0,0.023,0.0,0.1605,0.0194,0.0599,0.002,4.1119,0.017,0.6718,0.0502,0.006,0.0936,1
8.5,0.0,-3.25,1.1284,0.0338,0.0,0.023,0.0,0.4316,0.023,0.0598,0.0032,4.0958,0.017,0.5764,0.0602,0.0092,0.1313,1
8.5,0.0,-3.0,1.1562,0.0534,0.0016,0.023,0.0,0.9212,0.0243,0.0596,0.0048,3.6295,0.017,0.4665,0.0701,0.0108,0.1706,1
8.5,0.0,-2.75,1.0762,0.079,0.0035,0.0229,0.0,1.6057,0.0236,0.0594,0.0066,2.9207,0.0169,0.3626,0.0797,0.0115,0.2075,1
8.5,0.0,-2.5,0.9341,0.1105,0.0065,0.0228,0.0,2.4259,0.0215,0.0592,0.0087,2.2104,0.0168,0.2759,0.0885,0.0115,0.2384,1
8.5,0.0,-2.25,0.7735,0.1471,0.0111,0.0228,0.0,3.3258,0.0187,0.0589,0.0109,1.6251,0.0167,0.2088,0.0954,0.0109,0.2597,1
8.5,0.0,-2.0,0.6271,0.1882,0.0172,0.0227,0.0,4.2724,0.0159,0.0588,0.0128,1.1954,0.0166,0.1596,0.099,0.0099,0.2679,1
8.5,0.0,-1.75,0.5089,0.234,0.025,0.0226,0.0,5.2622,0.0135,0.0586,0.0143,0.899,0.0166,0.1251,0.0984,0.0087,0.2621,1
8.5,0.0,-1.5,0.4186,0.2867,0.0352,0.0226,0.0,6.341,0.0115,0.0585,0.0151,0.6988,0.0165,0.1017,0.0939,0.0078,0.2451,1
8.6,0.0,-4.0,0.3293,0.002,0.0,0.0218,0.0,0.0068,0.0051,0.0572,0.0,2.5579,0.0163,0.5935,0.0201,0.0,0.0344,1
8.6,0.0,-3.75,0.451,0.0039,0.0,0.0224,0.0,0.0229,0.0073,0.0588,0.0,2.9734,0.0168,0.5852,0.0257,0.0,0.0534,1
8.6,0.0,-3.5,0.5988,0.0077,0.0,0.0228,0.0,0.0763,0.01,0.0596,0.0011,3.3406,0.017,0.5502,0.0325,0.0012,0.0813,1
8.6,0.0,-3.25,0.7432,0.0146,0.0,0.0229,0.0,0.2238,0.0126,0.0599,0.0019,3.4758,0.0171,0.4868,0.0402,0.0028,0.1169,1
8.6,0.0,-3.0,0.817,0.0251,0.0,0.023,0.0,0.5156,0.0141,0.0599,0.0029,3.1886,0.0171,0.3995,0.0475,0.0048,0.154,1
8.6,0.0,-2.75,0.8106,0.0397,0.0012,0.023,0.0,0.9494,0.0143,0.0599,0.004,2.6408,0.017,0.3128,0.0542,0.0055,0.1878,1
8.6,0.0,-2.5,0.746,0.0592,0.0023,0.023,0.0,1.5113,0.0136,0.0598,0.0054,2.0464,0.017,0.2392,0.0606,0.0059,0.2177,1
8.6,0.0,-2.25,0.6515,0.0844,0.0043,0.0229,0.0,2.1896,0.0123,0.0596,0.0069,1.5339,0.0169,0.1826,0.067,0.0059,0.2432,1
8.6,0.0,-1.75,0.4612,0.1515,0.0114,0.0228,0.0,3.8135,0.0096,0.0594,0.0102,0.8672,0.0168,0.1119,0.076,0.0055,0.2679,1
8.6,0.0,-1.5,0.3883,0.1941,0.017,0.0228,0.0,4.7576,0.0085,0.0592,0.0116,0.678,0.0168,0.0917,0.0769,0.0051,0.2629,1
8.7,0.0,-4.0,0.1512,0.0,0.0,0.0213,0.0,0.0027,0.0019,0.0562,0.0,1.7714,0.0161,0.4167,0.0179,0.0,0.0266,1
8.7,0.0,-3.75,0.2195,0.0012,0.0,0.0221,0.0,0.0092,0.003,0.0583,0.0,2.1242,0.0166,0.427,0.0236,0.0,0.0421,1
8.7,0.0,-3.5,0.3089,0.0026,0.0,0.0226,0.0,0.0318,0.0043,0.0595,0.0,2.4662,0.017,0.4159,0.0308,0.0,0.0655,1
8.7,0.0,-3.25,0.4141,0.0052,0.0,0.0229,0.0,0.1014,0.0058,0.0601,0.0,2.6792,0.0171,0.3817,0.0394,0.0,0.0973,1
8.7,0.0,-3.0,0.4973,0.0098,0.0,0.023,0.0,0.2523,0.007,0.0603,0.0015,2.5782,0.0172,0.3236,0.0478,0.0,0.1314,1
8.7,0.0,-2.75,0.5294,0.0163,0.0,0.0231,0.0,0.4809,0.0075,0.0604,0.0021,2.1959,0.0172,0.2553,0.0543,0.0012,0.1599,1
8.7,0.0,-2.5,0.5263,0.0257,0.0,0.0231,0.0,0.7972,0.0076,0.0604,0.0029,1.7495,0.0172,0.1963,0.0604,0.0014,0.185,1
8.7,0.0,-2.25,0.4959,0.0395,0.0013,0.0231,0.0,1.2275,0.0072,0.0604,0.0038,1.3429,0.0172,0.1511,0.0676,0.0016,0.2094,1
8.7,0.0,-2.0,0.4466,0.0589,0.0025,0.0231,0.0,1.783,0.0067,0.0603,0.005,1.0178,0.0171,0.1183,0.0758,0.0017,0.2325,1
8.7,0.0,-1.75,0.3921,0.0844,0.0044,0.023,0.0,2.4566,0.0061,0.0602,0.0064,0.7804,0.0171,0.0951,0.0839,0.0017,0.2504,1
8.7,0.0,-1.5,0.3416,0.1163,0.0072,0.023,0.0,3.2437,0.0055,0.06,0.0078,0.6145,0.017,0.079,0.0902,0.0016,0.2592,1
8.8,0.0,-4.0,0.0541,0.0,0.0,0.0194,0.0,0.002,0.0,0.0515,0.0,0.9927,0.0148,0.1879,0.0085,0.0,0.0219,1
8.8,0.0,-3.75,0.0984,0.0,0.0,0.0219,0.0,0.0035,0.0011,0.058,0.0,1.4475,0.0166,0.2977,0.0132,0.0,0.032,1
8.8,0.0,-3.5,0.1463,0.0,0.0,0.0225,0.0,0.0124,0.0017,0.0595,0.0,1.7298,0.017,0.301,0.0176,0.0,0.0507,1
8.8,0.0,-3.25,0.2078,0.0017,0.0,0.0229,0.0,0.041,0.0024,0.0603,0.0,1.9441,0.0172,0.2859,0.0231,0.0,0.0771,1
8.8,0.0,-3.0,0.2664,0.0033,0.0,0.023,0.0,0.1049,0.0031,0.0607,0.0,1.9384,0.0173,0.2488,0.0283,0.0,0.1056,1
8.8,0.0,-2.75,0.3091,0.0056,0.0,0.0231,0.0,0.2024,0.0036,0.0609,0.001,1.7198,0.0174,0.2,0.0322,0.0,0.1286,1
8.8,0.0,-2.5,0.34,0.0091,0.0,0.0232,0.0,0.3359,0.0039,0.0611,0.0014,1.4154,0.0174,0.1542,0.0351,0.0,0.1459,1
8.8,0.0,-2.25,0.3598,0.0148,0.0,0.0232,0.0,0.5482,0.004,0.0612,0.0019,1.1226,0.0174,0.1197,0.0391,0.0,0.1652,1
8.8,0.0,-2.0,0.3575,0.024,0.0,0.0232,0.0,0.8719,0.0039,0.0612,0.0026,0.8692,0.0174,0.0948,0.0447,0.001,0.1879,1
8.8,0.0,-1.75,0.3291,0.0385,0.0015,0.0232,0.0,1.3402,0.0037,0.0611,0.0035,0.6726,0.0173,0.0778,0.0518,0.0011,0.212,1
8.8,0.0,-1.5,0.2968,0.0594,0.0027,0.0232,0.0,1.9451,0.0034,0.0609,0.0046,0.5337,0.0173,0.066,0.0596,0.0011,0.2332,1
8.9,0.0,-4.0,0.0136,0.0,0.0,0.0116,0.0,0.0,0.0,0.0308,0.0,0.4117,0.0088,0.081,0.0045,0.0,0.0099,1
8.9,0.0,-3.75,0.0204,0.0,0.0,0.0124,0.0,0.0016,0.0,0.033,0.0,0.4974,0.0094,0.0829,0.0063,0.0,0.0169,1
8.9,0.0,-3.5,0.0367,0.0,0.0,0.0198,0.0,0.0073,0.0,0.053,0.0,0.752,0.0154,0.1058,0.0116,0.0,0.0365,1
8.9,0.0,-3.25,0.0524,0.0,0.0,0.0208,0.0,0.0241,0.0,0.0555,0.0,0.7764,0.016,0.0952,0.0157,0.0,0.0559,1
8.9,0.0,-3.0,0.047,0.0,0.0,0.0217,0.0,0.0506,0.0,0.0578,0.0,0.5391,0.0166,0.0649,0.0169,0.0,0.0673,1
8.9,0.0,-2.75,0.0321,0.0,0.0,0.0201,0.0,0.0778,0.0,0.0536,0.0,0.275,0.0155,0.036,0.0156,0.0,0.0669,1
8.9,0.0,-2.5,0.0164,0.0,0.0,0.0169,0.0,0.0847,0.0,0.0452,0.0,0.1133,0.0131,0.0166,0.0123,0.0,0.0557,1
8.9,0.0,-2.25,0.0074,0.0,0.0,0.0127,0.0,0.0762,0.0,0.0338,0.0,0.0433,0.0096,0.007,0.0089,0.0,0.0418,1
8.9,0.0,-2.0,0.0048,0.0011,0.0,0.0133,0.0,0.0919,0.0,0.0353,0.0,0.0244,0.0101,0.0041,0.0092,0.0,0.0431,1
8.9,0.0,-1.75,0.0034,0.0016,0.0,0.0155,0.0,0.1206,0.0,0.0411,0.0,0.0161,0.0118,0.0025,0.0106,0.0,0.0484,1
8.9,0.0,-1.5,0.0028,0.0024,0.0,0.0174,0.0,0.1675,0.0,0.0463,0.0,0.0117,0.0134,0.0,0.0124,0.0,0.0535,1
9.0,0.0,-4.0,0.0,0.0,0.0,0.0096,0.0,0.0,0.0,0.0257,0.0,0.1147,0.0073,0.0248,0.0,0.0,0.0032,1
9.0,0.0,-3.75,0.0013,0.0,0.0,0.0107,0.0,0.0,0.0,0.0285,0.0,0.1491,0.0081,0.0279,0.0014,0.0,0.0058,1
9.0,0.0,-3.5,0.0039,0.0,0.0,0.0115,0.0,0.0,0.0,0.0306,0.0,0.1963,0.0087,0.0309,0.0023,0.0,0.0106,1
9.0,0.0,-3.25,0.0069,0.0,0.0,0.012,0.0,0.0026,0.0,0.0319,0.0,0.2373,0.0091,0.0316,0.0035,0.0,0.018,1
9.0,0.0,-3.0,0.0076,0.0,0.0,0.0128,0.0,0.0065,0.0,0.0339,0.0,0.1964,0.0097,0.0239,0.0041,0.0,0.0239,1
9.0,0.0,-2.75,0.0037,0.0,0.0,0.0135,0.0,0.0077,0.0,0.0358,0.0,0.0929,0.0102,0.0115,0.0032,0.0,0.0215,1
9.0,0.0,-2.5,0.0,0.0,0.0,0.014,0.0,0.0055,0.0,0.0374,0.0,0.032,0.0107,0.0042,0.0019,0.0,0.0152,1
9.0,0.0,-2.25,0.0,0.0,0.0,0.0144,0.0,0.0035,0.0,0.0386,0.0,0.0114,0.011,0.0,0.0011,0.0,0.0102,1
9.0,0.0,-2.0,0.0,0.0,0.0,0.0147,0.0,0.0025,0.0,0.0395,0.0,0.0052,0.0113,0.0,0.0,0.0,0.0075,1
9.0,0.0,-1.75,0.0,0.0,0.0,0.015,0.0,0.0023,0.0,0.0402,0.0,0.0033,0.0115,0.0,0.0,0.0,0.0063,1
9.0,0.0,-1.5,0.0,0.0,0.0,0.0151,0.0,0.0028,0.0,0.0406,0.0,0.0026,0.0116,0.0,0.0,0.0,0.0062,1
9.1,0.0,-4.0,0.0,0.0,0.0,0.0077,0.0,0.0,0.0,0.0207,0.0,0.0138,0.0059,0.0033,0.0,0.0,0.0,1
9.1,0.0,-3.75,0.0,0.0,0.0,0.0089,0.0,0.0,0.0,0.024,0.0,0.0212,0.0069,0.0044,0.0,0.0,0.0011,1
9.1,0.0,-3.5,0.0,0.0,0.0,0.0099,0.0,0.0,0.0,0.0266,0.0,0.0312,0.0076,0.0056,0.0,0.0,0.0022,1
9.1,0.0,-3.25,0.0,0.0,0.0,0.0106,0.0,0.0,0.0,0.0285,0.0,0.0436,0.0081,0.0065,0.0,0.0,0.0042,1
9.1,0.0,-3.0,0.0,0.0,0.0,0.0114,0.0,0.0,0.0,0.0305,0.0,0.0397,0.0087,0.0051,0.0,0.0,0.0058,1
9.1,0.0,-2.75,0.0,0.0,0.0,0.0122,0.0,0.0,0.0,0.0326,0.0,0.0178,0.0093,0.0011,0.0,0.0,0.0045,1
9.1,0.0,-2.5,0.0,0.0,0.0,0.0127,0.0,0.0,0.0,0.0343,0.0,0.0062,0.0098,0.0,0.0,0.0,0.0024,1
9.1,0.0,-2.25,0.0,0.0,0.0,0.0132,0.0,0.0,0.0,0.0356,0.0,0.0033,0.0102,0.0,0.0,0.0,0.0011,1
9.1,0.0,-2.0,0.0,0.0,0.0,0.0135,0.0,0.0,0.0,0.0367,0.0,0.0028,0.0105,0.0,0.0,0.0,0.0,1
9.1,0.0,-1.75,0.0,0.0,0.0,0.0138,0.0,0.0,0.0,0.0375,0.0,0.0026,0.0107,0.0,0.0,0.0,0.0,1
9.1,0.0,-1.5,0.0,0.0,0.0,0.014,0.0,0.0,0.0,0.0382,0.0,0.0026,0.0109,0.0,0.0,0.0,0.0,1
